account_id,account_number,customer_id,branch_id,account_type,account_status,opened_date,current_balance
1,AC00000001,44,4,Fixed Deposit,Closed,2026-01-06,259164.11
2,AC00000002,95,2,saving,Dormant,2026-06-11,447060.38
3,AC00000003,95,3,Current,Inactive,2025-12-31,50549.09
4,AC00000004,42,3,CURRENT,Closed,2026-02-13,422428.01
5,AC00000005,71,3,Current,Closed,2026-04-29,-5000.0
6,AC00000006,81,1,Fixed Deposit,Active,2024-12-10,177993.31
7,AC00000007,69,3,Fixed Deposit,Closed,2023-11-14,47832.6
8,AC00000008,50,1,CURRENT,Closed,2025-10-30,169348.65
9,AC00000009,91,4,UnknownType,Dormant,2022-09-02,97466.88
10,AC00000010,61,1,Savings,Closed,2023-05-16,441316.6
11,AC00000011,79,1,Savings,Active,2024-04-04,310211.63
12,AC00000012,21,4,Fixed Deposit,active,2023-04-24,55859.22
13,AC00000013,33,1,Current,active,2026-08-03,486883.38
14,AC00000014,39,2,Fixed Deposit,Closed,2025-01-16,137750.0
15,AC00000015,69,4,Fixed Deposit,active,2024-09-09,335089.54
16,AC00000016,32,3,CURRENT,Inactive,2023-10-16,78624.02
17,AC00000017,61,3,CURRENT,active,2026-02-18,82947.9
18,AC00000018,46,2,Current,Dormant,2023-08-07,345681.72
19,AC00000019,78,3,Fixed Deposit,Dormant,2024-09-04,481486.45
20,AC00000020,23,3,Fixed Deposit,Dormant,2023-10-25,85708.2
21,AC00000021,43,3,Fixed Deposit,Active,2023-03-05,142595.7
22,AC00000022,70,2,Savings,Dormant,2024-09-15,25726.34
23,AC00000023,73,4,CURRENT,Dormant,2023-04-15,290663.43
24,AC00000024,99,3,CURRENT,active,2023-10-27,144035.48
25,AC00000025,24,3,Savings,Inactive,2025-01-10,472333.6
26,AC00000026,35,1,Fixed Deposit,Active,2026-07-04,238785.78
27,AC00000027,19,2,Fixed Deposit,Inactive,2026-05-13,237699.0
28,AC00000028,48,2,Current,Inactive,2023-03-21,400249.93
29,AC00000029,64,4,CURRENT,Active,2026-01-14,327665.45
30,AC00000030,33,2,CURRENT,active,2023-05-27,194157.56
31,AC00000031,39,4,Savings,Dormant,2023-10-11,460949.62
32,AC00000032,70,4,Savings,Dormant,2026-02-27,103496.48
33,AC00000033,6,1,Current,Active,2024-10-08,92832.98
34,AC00000034,3,2,saving,Active,2023-09-15,28786.38
35,AC00000035,10,2,Fixed Deposit,Dormant,2023-11-24,74383.47
36,AC00000036,61,4,saving,Closed,2023-10-15,477199.98
37,AC00000037,91,4,Savings,Inactive,2024-09-17,137874.31
38,AC00000038,29,3,Savings,Active,2023-10-09,226595.6
39,AC00000039,13,1,saving,Inactive,2025-11-24,390794.05
40,AC00000040,69,4,CURRENT,active,2026-08-07,185967.05
41,AC00000041,6,4,Current,active,2025-05-05,494288.97
42,AC00000042,84,2,Savings,Inactive,2023-10-03,379065.88
43,AC00000043,8,4,CURRENT,Closed,2025-09-12,149173.57
44,AC00000044,4,4,CURRENT,Dormant,2024-04-25,214175.78
45,AC00000045,30,4,Fixed Deposit,Inactive,2023-03-21,73004.03
46,AC00000046,72,1,Current,active,2022-10-29,78102.72
47,AC00000047,71,1,Current,Dormant,2022-09-06,103117.47
48,AC00000048,31,1,Savings,Closed,2025-06-16,281978.9
49,AC00000049,13,4,CURRENT,Active,2025-08-01,311450.82
50,AC00000050,98,4,Current,active,2025-06-08,42775.04
51,AC00000051,58,3,saving,Dormant,2024-12-18,51651.86
52,AC00000052,36,1,CURRENT,Inactive,2024-03-20,90741.58
53,AC00000053,7,1,Current,Active,2022-12-13,175672.2
54,AC00000054,72,2,Fixed Deposit,Active,2025-05-26,462120.23
55,AC00000055,75,4,CURRENT,Closed,2025-12-25,98042.05
56,AC00000056,33,2,Savings,Inactive,2023-05-16,411128.3
57,AC00000057,12,1,Current,Inactive,2025-03-15,117433.88
58,AC00000058,88,2,Fixed Deposit,Active,2025-01-15,163279.08
59,AC00000059,87,1,CURRENT,active,2024-02-13,431290.05
60,AC00000060,64,3,Fixed Deposit,Dormant,2026-03-14,30114.35
61,AC00000061,33,1,saving,active,2024-03-11,211321.11
62,AC00000062,41,2,Savings,Active,2023-01-28,452592.62
63,AC00000063,42,2,CURRENT,Inactive,2025-07-14,303411.6
64,AC00000064,18,2,CURRENT,Inactive,2024-08-08,475269.11
65,AC00000065,28,4,Fixed Deposit,Dormant,2025-12-08,88568.31
66,AC00000066,60,1,Savings,Closed,2024-11-15,312783.23
67,AC00000067,1,4,CURRENT,Closed,2024-07-08,431977.05
68,AC00000068,56,1,Fixed Deposit,Closed,2024-03-08,208140.07
69,AC00000069,59,3,saving,Inactive,2022-10-28,467568.92
70,AC00000070,73,3,Current,Closed,2023-12-15,153062.45
71,AC00000071,23,3,Fixed Deposit,active,2024-09-19,276490.96
72,AC00000072,54,4,Fixed Deposit,active,2026-01-15,498114.13
73,AC00000073,11,1,Savings,active,2023-02-20,324419.81
74,AC00000074,42,3,saving,Closed,2025-01-03,188094.86
75,AC00000075,19,2,CURRENT,Closed,2024-10-05,32881.44
76,AC00000076,72,3,Savings,Inactive,2026-02-06,250216.08
77,AC00000077,43,1,Current,Closed,2024-03-07,219960.96
78,AC00000078,45,2,Savings,active,2022-09-27,126057.54
79,AC00000079,18,2,Fixed Deposit,Closed,2024-12-09,63638.94
80,AC00000080,78,4,Current,Closed,2024-12-29,465795.31
81,AC00000081,98,1,Fixed Deposit,Active,2022-10-22,145254.38
82,AC00000082,36,3,Current,active,2024-02-20,340181.32
83,AC00000083,83,3,CURRENT,active,2024-08-24,174204.25
84,AC00000084,86,2,Savings,active,2023-05-27,476221.29
85,AC00000085,42,1,saving,Active,2026-04-27,265191.93
86,AC00000086,75,2,saving,Dormant,2026-05-05,201412.07
87,AC00000087,93,1,Current,Dormant,2026-06-26,212417.74
88,AC00000088,75,3,saving,Dormant,2025-02-21,14596.86
89,AC00000089,37,2,Savings,Active,2024-05-07,422947.9
90,AC00000090,39,4,Savings,Closed,2026-07-18,427170.52
91,AC00000091,82,2,Savings,Inactive,2022-09-16,139529.93
92,AC00000092,10,2,Savings,Inactive,2025-03-25,191217.59
93,AC00000093,23,2,saving,Closed,2023-01-02,305343.13
94,AC00000094,54,2,CURRENT,Dormant,2023-11-10,499235.15
95,AC00000095,70,2,CURRENT,active,2026-08-03,471313.38
96,AC00000096,85,1,Savings,Active,2025-09-12,348729.38
97,AC00000097,59,3,Current,active,2024-09-12,265365.37
98,AC00000098,34,1,Savings,Active,2023-02-13,219186.51
99,AC00000099,91,2,Savings,Active,2023-09-21,366110.3
100,AC00000100,94,2,Savings,active,2025-09-14,80575.6
101,AC00000101,18,1,Fixed Deposit,Closed,2023-03-24,334496.19
102,AC00000102,100,1,Fixed Deposit,Dormant,2025-01-20,489953.61
103,AC00000103,84,4,Savings,Closed,2025-01-26,405492.51
104,AC00000104,63,1,saving,Inactive,2025-02-13,55575.93
105,AC00000105,18,4,saving,Closed,2024-03-08,360255.5
106,AC00000106,16,4,CURRENT,Closed,2022-09-25,300273.38
107,AC00000107,11,3,Savings,Closed,2025-12-08,266614.08
108,AC00000108,82,3,Current,Closed,2023-12-27,92708.92
109,AC00000109,14,2,CURRENT,Active,2025-07-22,98280.12
110,AC00000110,70,3,Fixed Deposit,Active,2026-05-08,264319.06
111,AC00000111,92,3,saving,active,2025-02-10,373103.52
112,AC00000112,53,4,Savings,Dormant,2024-06-15,335201.14
113,AC00000113,27,2,Fixed Deposit,active,2024-07-29,57585.74
114,AC00000114,81,4,CURRENT,Dormant,2023-01-03,307960.3
115,AC00000115,84,2,Savings,Dormant,2023-09-23,402356.78
116,AC00000116,38,3,CURRENT,Inactive,2023-10-20,348240.41
117,AC00000117,84,2,Current,Active,2025-11-07,259522.15
118,AC00000118,59,3,Savings,Closed,2026-05-25,463807.07
119,AC00000119,28,2,Fixed Deposit,Closed,2024-11-22,120600.91
120,AC00000120,85,1,Fixed Deposit,Dormant,2024-06-01,438953.27
121,AC00000121,71,1,Fixed Deposit,Active,2025-11-02,408117.22
122,AC00000122,92,3,Current,Closed,2022-09-23,448183.47
123,AC00000123,99,3,saving,Inactive,2023-08-17,392274.16
124,AC00000124,82,1,CURRENT,Closed,2023-05-05,300080.72
125,AC00000125,79,4,Current,Closed,2024-01-11,461830.94
126,AC00000126,31,2,saving,active,2026-03-20,329025.31
127,AC00000127,79,3,saving,Closed,2025-07-20,41332.65
128,AC00000128,38,4,saving,Inactive,2025-02-27,347559.95
129,AC00000129,87,2,saving,Inactive,2024-01-24,244954.14
130,AC00000130,62,2,Current,Inactive,2024-12-21,396815.22
131,AC00000131,27,2,Savings,active,2024-02-14,179839.96
132,AC00000132,85,4,Savings,Dormant,2023-02-25,337515.09
133,AC00000133,57,3,Current,Closed,2023-04-30,230544.98
134,AC00000134,16,4,saving,Inactive,2024-12-21,238283.62
135,AC00000135,81,2,Current,Dormant,2025-08-16,134877.35
136,AC00000136,60,3,Savings,Closed,2023-02-26,427410.45
137,AC00000137,5,1,saving,Active,2024-10-20,87666.76
138,AC00000138,18,1,Savings,Inactive,2025-01-05,362782.73
139,AC00000139,46,4,saving,Closed,2023-04-17,253699.92
140,AC00000140,62,3,Fixed Deposit,Active,2024-01-25,31280.56
141,AC00000141,39,2,CURRENT,active,2022-12-10,102339.41
142,AC00000142,80,2,saving,Inactive,2025-11-23,413692.37
143,AC00000143,19,1,Fixed Deposit,Active,2023-04-23,78116.78
144,AC00000144,8,3,Savings,Inactive,2022-09-01,316056.88
145,AC00000145,55,2,Savings,Inactive,2026-03-01,365222.44
146,AC00000146,22,4,saving,active,2024-01-16,487472.17
147,AC00000147,68,1,Current,Closed,2024-07-14,156131.43
148,AC00000148,60,2,CURRENT,Closed,2023-06-28,18184.4
149,AC00000149,16,3,CURRENT,Active,2025-12-13,243060.49
150,AC00000150,73,4,Fixed Deposit,Dormant,2025-01-23,417708.6
151,AC00000151,10,2,CURRENT,Active,2024-08-13,490456.72
152,AC00000152,47,1,CURRENT,Active,2025-04-15,71327.76
153,AC00000153,71,3,Savings,Dormant,2024-02-24,354648.65
154,AC00000154,97,4,Current,Dormant,2025-01-06,302469.3
155,AC00000155,10,1,Fixed Deposit,Active,2024-10-21,272155.53
156,AC00000156,18,4,Current,Active,2023-06-27,164561.84
157,AC00000157,57,1,Fixed Deposit,Closed,2022-10-29,487381.63
158,AC00000158,26,2,CURRENT,Active,2024-08-27,224574.62
159,AC00000159,76,1,Fixed Deposit,Closed,2023-05-02,495118.49
160,AC00000160,61,2,saving,Dormant,2023-02-19,466706.6
161,AC00000161,15,2,Current,Dormant,2022-09-22,12724.04
162,AC00000162,11,1,CURRENT,Closed,2026-04-07,185323.83
163,AC00000163,22,3,CURRENT,Active,2026-07-23,159307.3
164,AC00000164,92,1,Fixed Deposit,Active,2023-08-19,276827.28
165,AC00000165,12,1,Current,Inactive,2023-04-15,381862.2
166,AC00000166,26,2,Current,Inactive,2023-06-27,471654.35
167,AC00000167,45,2,CURRENT,Closed,2026-02-08,488875.07
168,AC00000168,82,4,CURRENT,Inactive,2024-11-09,194999.65
169,AC00000169,66,4,saving,Closed,2024-08-19,5726.58
170,AC00000170,26,1,CURRENT,Dormant,2022-12-10,475888.66
171,AC00000171,36,3,CURRENT,Closed,2024-02-11,108486.71
172,AC00000172,70,2,Fixed Deposit,Dormant,2026-01-21,452225.54
173,AC00000173,34,2,CURRENT,Active,2023-01-11,58895.86
174,AC00000174,99,1,CURRENT,Active,2023-11-19,336341.33
175,AC00000175,71,1,saving,active,2025-06-06,94002.66
176,AC00000176,13,2,saving,Inactive,2024-04-21,328324.35
177,AC00000177,86,1,Current,Inactive,2024-12-04,442624.6
178,AC00000178,81,1,Fixed Deposit,Active,2023-01-29,100892.74
179,AC00000179,2,2,Current,Closed,2023-03-28,336229.21
180,AC00000180,84,3,Savings,Inactive,2025-07-20,226718.77
181,AC00000181,93,1,saving,Closed,2023-12-25,105292.64
182,AC00000182,79,1,Current,Inactive,2024-10-27,10464.51
183,AC00000183,61,3,Current,Closed,2025-06-06,396189.75
184,AC00000184,91,2,Fixed Deposit,Dormant,2022-10-13,415013.62
185,AC00000185,95,2,Fixed Deposit,Closed,2023-08-09,441402.81
186,AC00000186,86,2,Fixed Deposit,Active,2024-12-22,441762.72
187,AC00000187,96,3,Savings,Dormant,2026-03-01,120140.15
188,AC00000188,27,2,Savings,Dormant,2023-02-17,40828.65
189,AC00000189,76,1,Fixed Deposit,Dormant,2022-12-19,112092.43
190,AC00000190,24,1,Current,Active,2023-04-30,59720.56
191,AC00000191,90,4,Savings,Closed,2024-05-23,385826.82
192,AC00000192,43,2,Current,Dormant,2026-03-09,106474.89
193,AC00000193,68,1,Current,Dormant,2023-12-07,237823.36
194,AC00000194,59,1,saving,Inactive,2024-06-30,298592.04
195,AC00000195,63,1,Current,active,2024-06-23,5503.87
196,AC00000196,91,3,Fixed Deposit,Inactive,2024-07-20,174580.43
197,AC00000197,6,2,Savings,Closed,2023-09-20,203218.0
198,AC00000198,18,4,Current,Inactive,2024-05-03,340559.17
199,AC00000199,28,3,Current,Active,2024-04-13,377971.38
200,AC00000200,78,4,Current,Dormant,2023-11-19,15030.91
201,AC00000201,92,3,CURRENT,Active,2022-08-29,499145.6
202,AC00000202,8,4,Savings,active,2024-05-05,31310.92
203,AC00000203,72,2,Fixed Deposit,Closed,2024-01-01,315701.09
204,AC00000204,6,4,Fixed Deposit,Active,2026-06-29,435432.29
205,AC00000205,40,3,CURRENT,Active,2026-03-28,422639.32
206,AC00000206,77,3,Fixed Deposit,Dormant,2024-02-12,372283.56
207,AC00000207,26,3,Fixed Deposit,Dormant,2025-06-18,288658.55
208,AC00000208,96,3,saving,Closed,2026-02-22,142355.07
209,AC00000209,87,3,saving,Closed,2025-11-11,245933.39
210,AC00000210,33,2,Fixed Deposit,Closed,2025-06-07,112054.1
211,AC00000211,79,2,Savings,Active,2025-09-24,118905.22
212,AC00000212,69,1,Savings,Closed,2023-04-14,275317.25
213,AC00000213,67,3,Fixed Deposit,Active,2025-03-21,424863.77
214,AC00000214,57,4,saving,Inactive,2023-10-10,63400.47
215,AC00000215,48,3,CURRENT,Closed,2025-06-21,112423.83
216,AC00000216,95,2,Savings,Closed,2026-03-08,371680.17
217,AC00000217,3,4,Savings,Inactive,2023-01-10,326953.46
218,AC00000218,85,4,saving,active,2024-09-03,159320.05
219,AC00000219,62,1,Savings,Inactive,2025-05-29,234778.24
220,AC00000220,61,4,CURRENT,active,2026-06-30,283250.9
221,AC00000221,37,4,saving,Inactive,2026-06-13,79897.61
222,AC00000222,88,1,Current,Closed,2025-07-29,387186.69
223,AC00000223,56,3,Savings,Closed,2025-08-13,327063.43
224,AC00000224,59,4,saving,Active,2026-05-11,406882.67
225,AC00000225,63,4,CURRENT,Active,2024-02-07,43988.11
226,AC00000226,21,3,Current,Dormant,2023-09-02,273986.58
227,AC00000227,52,2,Fixed Deposit,Dormant,2023-04-24,135580.63
228,AC00000228,85,4,saving,Closed,2023-04-18,38100.19
229,AC00000229,96,4,saving,Closed,2023-12-14,173936.31
230,AC00000230,100,3,Savings,Dormant,2024-12-06,359256.48
231,AC00000231,16,3,Savings,Inactive,2024-04-14,229854.06
232,AC00000232,53,3,saving,Closed,2022-09-06,366489.23
233,AC00000233,54,1,CURRENT,Active,2023-04-23,177524.24
234,AC00000234,72,2,Fixed Deposit,Active,2026-05-04,138846.42
235,AC00000235,16,2,saving,Inactive,2025-05-27,428296.37
236,AC00000236,49,1,Current,Active,2025-01-26,89897.48
237,AC00000237,27,2,Fixed Deposit,Active,2024-06-27,454388.02
238,AC00000238,54,1,CURRENT,active,2024-01-30,211417.55
239,AC00000239,85,3,Fixed Deposit,Inactive,2025-01-24,265366.02
240,AC00000240,32,1,Current,Inactive,2025-05-05,206599.1
241,AC00000241,83,2,saving,Closed,2023-09-02,103741.56
242,AC00000242,70,2,CURRENT,Closed,2024-03-20,429838.21
243,AC00000243,75,4,Current,Active,2025-05-07,194596.53
244,AC00000244,5,3,Savings,Inactive,2024-01-17,369303.87
245,AC00000245,54,4,Current,Inactive,2023-05-03,281293.58
246,AC00000246,80,1,Savings,Closed,2023-08-25,431155.7
247,AC00000247,34,4,Savings,Active,2024-02-11,89684.98
248,AC00000248,9,2,CURRENT,Dormant,2023-09-16,491287.87
249,AC00000249,44,3,Fixed Deposit,Dormant,2022-09-22,374647.64
250,AC00000250,29,2,Savings,Dormant,2022-09-21,315750.44
251,AC00000251,40,2,CURRENT,Inactive,2025-12-22,317744.96
252,AC00000252,69,4,saving,Active,2025-02-01,35705.92
253,AC00000253,72,2,Savings,Dormant,2024-11-14,87683.26
254,AC00000254,83,2,saving,Closed,2023-07-11,370781.33
255,AC00000255,86,3,saving,Inactive,2025-02-14,354111.79
256,AC00000256,68,1,Current,Inactive,2024-10-18,384933.98
257,AC00000257,50,2,Savings,active,2023-04-15,496834.93
258,AC00000258,23,4,Fixed Deposit,Active,2024-02-08,143498.38
259,AC00000259,68,1,Savings,Active,2025-07-05,283221.38
260,AC00000260,69,2,Savings,Closed,2023-10-21,374302.85
261,AC00000261,79,2,saving,Closed,2025-02-14,398311.27
262,AC00000262,58,2,Savings,Dormant,2024-03-22,419684.66
263,AC00000263,80,4,CURRENT,Dormant,2023-09-25,460845.22
264,AC00000264,52,2,Fixed Deposit,Inactive,2026-02-19,450771.09
265,AC00000265,94,4,Fixed Deposit,Dormant,2022-09-28,80652.66
266,AC00000266,74,1,Current,active,2024-09-24,490049.43
267,AC00000267,16,1,CURRENT,active,2024-12-29,89669.63
268,AC00000268,92,4,saving,Inactive,2023-09-23,14581.83
269,AC00000269,78,4,Fixed Deposit,Dormant,2025-08-04,446331.3
270,AC00000270,1,2,Current,Closed,2022-12-27,148644.6
271,AC00000271,18,4,Savings,Dormant,2022-11-28,473758.57
272,AC00000272,65,2,Current,active,2023-08-24,428815.04
273,AC00000273,14,3,Current,active,2024-05-02,24973.65
274,AC00000274,65,4,Current,Closed,2025-04-11,323970.61
275,AC00000275,58,1,saving,Dormant,2025-12-20,312007.17
276,AC00000276,43,3,Current,Closed,2023-07-08,215275.95
277,AC00000277,79,3,Current,Active,2024-11-13,236416.08
278,AC00000278,12,2,saving,Dormant,2024-09-28,131781.45
279,AC00000279,16,4,CURRENT,Inactive,2023-12-17,236890.22
280,AC00000280,93,1,saving,Closed,2022-11-11,102592.26
281,AC00000281,63,4,Fixed Deposit,active,2025-06-12,169122.58
282,AC00000282,12,2,Fixed Deposit,Dormant,2024-08-19,261071.66
283,AC00000283,31,4,Current,Dormant,2026-05-13,422363.75
284,AC00000284,80,1,Fixed Deposit,Inactive,2023-02-14,419515.82
285,AC00000285,17,4,Fixed Deposit,Inactive,2024-02-17,276440.86
286,AC00000286,18,1,CURRENT,Dormant,2025-04-15,205697.06
287,AC00000287,11,1,CURRENT,Closed,2023-10-28,395201.91
288,AC00000288,15,1,Current,Active,2024-12-05,57615.11
289,AC00000289,21,2,Current,Dormant,2026-07-13,22262.6
290,AC00000290,82,4,Current,active,2025-10-24,148949.48
291,AC00000291,85,4,CURRENT,Active,2026-06-28,274671.15
292,AC00000292,25,1,saving,Dormant,2023-09-15,3696.94
293,AC00000293,72,1,CURRENT,active,2025-11-28,118776.5
294,AC00000294,56,3,Savings,Active,2025-01-23,376214.91
295,AC00000295,41,3,CURRENT,active,2022-12-11,13736.62
296,AC00000296,39,2,Current,Inactive,2025-06-19,171960.86
297,AC00000297,34,2,Savings,Inactive,2023-07-12,258570.65
298,AC00000298,15,1,Fixed Deposit,active,2024-10-08,492800.41
299,AC00000299,10,4,saving,Dormant,2024-07-08,188219.75
300,AC00000300,94,1,Savings,active,2023-06-23,282417.86
301,AC00000301,57,2,saving,Dormant,2026-03-16,403265.25
302,AC00000302,16,1,CURRENT,Inactive,2024-12-09,172066.26
303,AC00000303,72,3,Current,Inactive,2024-03-09,180026.91
304,AC00000304,97,2,Fixed Deposit,Active,2025-07-05,135233.15
305,AC00000305,66,1,Savings,Inactive,2023-07-18,234151.58
306,AC00000306,28,1,Current,Dormant,2023-04-15,369843.65
307,AC00000307,53,2,CURRENT,Inactive,2026-05-18,495943.35
308,AC00000308,68,1,Savings,Dormant,2026-05-22,395713.34
309,AC00000309,7,2,saving,Active,2024-09-07,91172.13
310,AC00000310,63,4,CURRENT,Closed,2025-04-21,495808.75
311,AC00000311,60,2,saving,Inactive,2022-11-18,466517.47
312,AC00000312,59,3,saving,Inactive,2025-06-19,170265.39
313,AC00000313,41,3,Savings,Inactive,2023-09-16,428533.19
314,AC00000314,56,2,CURRENT,Closed,2025-06-15,102078.54
315,AC00000315,93,1,Fixed Deposit,Dormant,2024-01-15,210556.99
316,AC00000316,9,2,Current,active,2025-12-14,321493.54
317,AC00000317,75,3,CURRENT,Closed,2026-03-01,349111.35
318,AC00000318,81,4,Current,Closed,2026-05-13,388154.0
319,AC00000319,95,4,Fixed Deposit,Active,2026-02-08,45077.33
320,AC00000320,40,1,Savings,active,2024-07-05,26732.89
321,AC00000321,43,1,Savings,Active,2023-02-18,299914.18
322,AC00000322,28,3,saving,Active,2026-05-25,277330.05
323,AC00000323,58,4,saving,Inactive,2025-12-04,268534.33
324,AC00000324,24,2,Current,Active,2025-02-07,376163.43
325,AC00000325,100,4,CURRENT,Closed,2025-02-13,37433.04
326,AC00000326,10,4,Current,Closed,2023-01-06,96400.19
327,AC00000327,83,1,Fixed Deposit,Inactive,2023-07-04,402999.71
328,AC00000328,17,3,Current,active,2022-11-13,176826.22
329,AC00000329,17,3,Fixed Deposit,active,2026-04-07,70448.53
330,AC00000330,35,4,CURRENT,active,2025-01-20,370654.33
331,AC00000331,85,4,Fixed Deposit,Dormant,2023-10-13,99505.75
332,AC00000332,33,2,Savings,active,2025-01-28,70527.67
333,AC00000333,82,4,Current,Inactive,2023-05-20,216329.37
334,AC00000334,44,1,Savings,Active,2025-01-30,486883.88
335,AC00000335,3,3,CURRENT,Active,2025-05-19,278882.66
336,AC00000336,29,1,Fixed Deposit,Closed,2023-11-07,73280.03
337,AC00000337,20,3,Current,Active,2025-10-22,334716.59
338,AC00000338,17,3,Current,Dormant,2024-11-21,113045.38
339,AC00000339,38,4,CURRENT,Closed,2024-01-06,356237.76
340,AC00000340,6,3,Fixed Deposit,Inactive,2022-08-21,353335.16
341,AC00000341,6,3,saving,Active,2025-08-19,480529.36
342,AC00000342,19,1,saving,Closed,2025-05-06,477199.03
343,AC00000343,43,2,Current,Active,2026-03-28,196741.77
344,AC00000344,72,3,CURRENT,Inactive,2023-07-10,169905.4
345,AC00000345,28,1,Savings,Closed,2026-08-02,48499.03
346,AC00000346,4,3,Fixed Deposit,Closed,2024-09-14,12484.53
347,AC00000347,30,1,CURRENT,Inactive,2023-02-21,368512.6
348,AC00000348,73,4,Savings,Active,2023-03-01,217581.97
349,AC00000349,87,4,Current,active,2026-04-13,261096.47
350,AC00000350,66,4,Savings,Dormant,2024-12-13,445442.4
351,AC00000351,92,1,saving,Dormant,2025-02-26,201251.82
352,AC00000352,28,3,Current,Active,2023-03-05,161175.7
353,AC00000353,16,2,saving,Dormant,2025-03-05,297443.9
354,AC00000354,74,4,CURRENT,Dormant,2022-09-04,337499.9
355,AC00000355,32,4,Savings,Closed,2022-08-29,102889.34
356,AC00000356,43,2,Savings,Inactive,2025-02-04,156996.95
357,AC00000357,1,1,saving,Closed,2024-12-24,474744.19
358,AC00000358,52,3,CURRENT,active,2025-03-17,494349.99
359,AC00000359,60,3,saving,Active,2023-11-06,354205.07
360,AC00000360,35,2,Fixed Deposit,Active,2024-04-23,396962.45
361,AC00000361,94,4,saving,active,2025-08-09,160985.46
362,AC00000362,77,4,Fixed Deposit,Closed,2023-10-28,244898.97
363,AC00000363,18,4,CURRENT,Active,2022-11-11,23552.96
364,AC00000364,40,3,CURRENT,Dormant,2023-02-21,262240.01
365,AC00000365,60,3,Savings,Active,2024-01-25,301155.6
366,AC00000366,47,3,CURRENT,active,2026-05-14,490102.09
367,AC00000367,47,1,Fixed Deposit,Active,2025-01-11,254603.73
368,AC00000368,30,2,Savings,active,2024-12-22,213442.06
369,AC00000369,27,4,CURRENT,Inactive,2023-01-25,448231.1
370,AC00000370,90,4,Fixed Deposit,Inactive,2024-05-31,31355.37
371,AC00000371,97,2,saving,Active,2026-02-11,246331.27
372,AC00000372,62,3,saving,active,2026-03-02,447166.68
373,AC00000373,75,2,Savings,Closed,2024-12-28,296183.27
374,AC00000374,21,3,Savings,Inactive,2023-03-14,167011.52
375,AC00000375,97,2,saving,Dormant,2025-11-09,439070.68
376,AC00000376,70,1,CURRENT,Closed,2025-02-13,490833.07
377,AC00000377,96,4,saving,active,2026-06-29,39529.55
378,AC00000378,67,1,CURRENT,Dormant,2025-11-04,464978.34
379,AC00000379,68,1,saving,Dormant,2025-12-13,145056.15
380,AC00000380,20,3,Fixed Deposit,active,2025-10-08,392188.65
381,AC00000381,54,4,CURRENT,Closed,2022-09-06,468464.44
382,AC00000382,36,1,Fixed Deposit,Closed,2022-08-26,327396.88
383,AC00000383,53,3,CURRENT,Active,2024-04-24,461968.33
384,AC00000384,66,3,Fixed Deposit,Dormant,2026-06-07,365846.93
385,AC00000385,82,4,Current,Active,2024-10-17,443358.44
386,AC00000386,57,1,Savings,Inactive,2023-09-16,241844.75
387,AC00000387,6,2,Fixed Deposit,Closed,2025-07-07,23322.09
388,AC00000388,85,2,Fixed Deposit,Dormant,2024-11-20,415202.55
389,AC00000389,5,2,CURRENT,Inactive,2024-11-06,458016.9
390,AC00000390,54,3,Savings,Active,2025-11-13,279449.63
391,AC00000391,82,4,Current,active,2024-04-18,133423.52
392,AC00000392,6,1,Savings,Inactive,2026-07-15,316952.9
393,AC00000393,45,1,saving,Inactive,2023-04-27,118603.6
394,AC00000394,57,1,CURRENT,Closed,2023-11-12,355104.49
395,AC00000395,24,2,CURRENT,Inactive,2023-06-21,391143.34
396,AC00000396,41,1,Fixed Deposit,Active,2022-12-29,14090.61
397,AC00000397,98,2,saving,active,2022-12-25,465823.05
398,AC00000398,82,3,Fixed Deposit,Closed,2023-05-21,354216.42
399,AC00000399,36,2,CURRENT,active,2026-05-29,148848.88
400,AC00000400,60,3,Current,active,2026-02-12,450853.32
401,AC00000401,79,2,Fixed Deposit,active,2025-08-14,5572.28
402,AC00000402,15,4,saving,active,2022-11-06,330001.61
403,AC00000403,61,2,Savings,Active,2024-09-03,350030.27
404,AC00000404,64,1,CURRENT,Closed,2026-07-05,495229.36
405,AC00000405,18,3,saving,active,2024-11-01,309142.38
406,AC00000406,58,3,Fixed Deposit,Active,2024-10-24,90145.79
407,AC00000407,65,3,CURRENT,Active,2025-12-12,306493.53
408,AC00000408,51,4,Fixed Deposit,Active,2022-11-22,359838.64
409,AC00000409,34,2,Savings,Active,2024-07-02,371791.59
410,AC00000410,76,2,Current,Dormant,2023-08-03,43446.28
411,AC00000411,35,2,saving,Active,2023-06-24,383079.61
412,AC00000412,21,4,saving,Inactive,2025-08-17,259379.15
413,AC00000413,77,3,CURRENT,active,2025-05-13,115337.84
414,AC00000414,38,4,Fixed Deposit,active,2024-10-19,245891.48
415,AC00000415,37,4,CURRENT,Inactive,2026-01-24,165202.38
416,AC00000416,100,2,Current,Closed,2025-08-13,427057.08
417,AC00000417,57,4,Savings,active,2023-04-16,428466.37
418,AC00000418,66,3,Fixed Deposit,Inactive,2023-03-06,357309.87
419,AC00000419,34,2,Fixed Deposit,Closed,2023-12-04,400209.01
420,AC00000420,17,4,CURRENT,Inactive,2025-09-24,126057.78
421,AC00000421,50,1,CURRENT,Active,2022-10-15,235087.7
422,AC00000422,75,2,saving,Inactive,2025-05-20,413415.67
423,AC00000423,29,2,CURRENT,Inactive,2025-08-26,377571.61
424,AC00000424,59,1,Savings,Inactive,2024-09-30,30155.32
425,AC00000425,79,3,saving,Dormant,2025-07-01,498877.28
426,AC00000426,66,1,Current,Dormant,2023-10-03,408743.67
427,AC00000427,80,3,Current,Closed,2025-04-13,16741.24
428,AC00000428,32,4,Current,Closed,2026-07-21,347358.41
429,AC00000429,21,2,CURRENT,Active,2025-08-31,437864.89
430,AC00000430,69,4,Current,Active,2024-03-29,269550.48
431,AC00000431,51,2,saving,Inactive,2025-05-25,207559.51
432,AC00000432,2,4,saving,Dormant,2023-12-27,59816.17
433,AC00000433,19,2,Current,Closed,2025-02-24,95101.83
434,AC00000434,1,4,CURRENT,Inactive,2023-06-07,53408.68
435,AC00000435,47,3,Savings,Active,2023-09-06,309782.87
436,AC00000436,45,3,Current,Active,2025-09-29,312582.36
437,AC00000437,12,2,Current,Inactive,2025-07-11,58162.47
438,AC00000438,22,2,saving,active,2022-10-27,449369.98
439,AC00000439,59,2,Savings,Active,2023-12-04,428163.3
440,AC00000440,37,1,saving,Closed,2024-09-18,267434.26
441,AC00000441,31,1,Fixed Deposit,Inactive,2024-03-13,143689.94
442,AC00000442,72,4,Current,Dormant,2023-10-01,414080.91
443,AC00000443,32,2,Current,Active,2025-02-12,31343.23
444,AC00000444,35,4,CURRENT,Active,2022-12-21,295776.65
445,AC00000445,40,1,Fixed Deposit,Closed,2024-10-29,442732.07
446,AC00000446,59,2,saving,Dormant,2026-03-04,132095.07
447,AC00000447,68,3,saving,Inactive,2025-09-23,362266.28
448,AC00000448,83,3,Fixed Deposit,active,2026-05-26,311220.81
449,AC00000449,69,2,saving,Inactive,2025-01-28,137680.84
450,AC00000450,33,4,Fixed Deposit,active,2026-07-01,34399.44
451,AC00000451,63,3,Fixed Deposit,active,2025-05-26,345569.19
452,AC00000452,9,4,CURRENT,Inactive,2026-06-24,157299.25
453,AC00000453,5,1,Fixed Deposit,Closed,2026-07-16,97341.4
454,AC00000454,46,1,Savings,Closed,2023-06-29,381666.33
455,AC00000455,8,2,saving,active,2025-08-01,24424.27
456,AC00000456,56,2,CURRENT,Active,2024-10-26,419885.41
457,AC00000457,80,3,saving,Active,2024-10-30,28442.74
458,AC00000458,99,2,saving,Inactive,2026-01-04,262918.87
459,AC00000459,62,1,Current,Active,2022-10-19,104867.49
460,AC00000460,83,2,saving,active,2025-07-11,42738.32
461,AC00000461,17,3,CURRENT,Inactive,2025-08-14,397910.81
462,AC00000462,44,4,Fixed Deposit,Inactive,2024-09-01,83227.7
463,AC00000463,91,2,Savings,Active,2026-06-15,312264.47
464,AC00000464,62,2,saving,Active,2024-06-20,326412.41
465,AC00000465,21,4,CURRENT,Active,2023-05-30,46546.69
466,AC00000466,61,4,saving,active,2025-07-24,161458.14
467,AC00000467,92,3,saving,Inactive,2024-05-15,336713.13
468,AC00000468,87,4,Current,active,2025-03-25,197827.48
469,AC00000469,13,4,Savings,Active,2025-05-08,237331.82
470,AC00000470,58,1,Fixed Deposit,Inactive,2026-02-21,254931.83
471,AC00000471,39,2,Savings,Dormant,2025-07-24,462928.76
472,AC00000472,56,4,Savings,active,2024-08-10,230444.97
473,AC00000473,18,3,saving,Active,2023-09-16,195165.85
474,AC00000474,3,1,CURRENT,active,2024-10-09,474355.51
475,AC00000475,87,4,CURRENT,Closed,2025-12-01,259172.26
476,AC00000476,33,2,Current,Active,2025-11-09,380495.99
477,AC00000477,66,4,CURRENT,Dormant,2025-10-02,211979.12
478,AC00000478,90,2,Savings,Active,2023-04-03,451735.24
479,AC00000479,25,4,saving,Inactive,2024-09-28,33119.0
480,AC00000480,67,1,Savings,active,2024-01-20,432744.56
481,AC00000481,18,3,CURRENT,Active,2025-09-07,438865.78
482,AC00000482,31,4,Current,Closed,2025-10-25,399057.62
483,AC00000483,12,3,Savings,Inactive,2023-11-04,78925.32
484,AC00000484,42,2,saving,Closed,2025-04-14,185781.96
485,AC00000485,62,3,saving,active,2023-01-24,384444.75
486,AC00000486,35,1,Savings,Dormant,2025-01-26,287874.23
487,AC00000487,63,3,Fixed Deposit,Inactive,2026-01-23,439087.9
488,AC00000488,81,4,saving,active,2024-12-24,82265.4
489,AC00000489,50,4,saving,active,2023-02-16,160916.11
490,AC00000490,20,4,Fixed Deposit,Inactive,2022-09-12,277848.0
491,AC00000491,55,4,CURRENT,Active,2024-05-15,287009.98
492,AC00000492,98,4,Fixed Deposit,Dormant,2024-09-07,407121.26
493,AC00000493,84,1,CURRENT,active,2024-01-22,482686.25
494,AC00000494,10,1,Savings,Dormant,2023-06-30,210614.68
495,AC00000495,34,2,Savings,Dormant,2023-03-16,428629.97
496,AC00000496,31,1,saving,Closed,2024-06-17,35851.76
497,AC00000497,52,3,Savings,active,2023-07-24,416126.77
498,AC00000498,97,3,Savings,Active,2024-03-01,278662.53
499,AC00000499,92,3,Savings,Inactive,2025-10-29,466147.67
500,AC00000500,46,4,Fixed Deposit,Closed,2023-02-17,497165.99
501,AC00000501,66,1,Fixed Deposit,Closed,2024-05-23,302980.11
502,AC00000502,23,3,Fixed Deposit,Active,2023-12-04,361390.67
503,AC00000503,11,1,Savings,Inactive,2022-11-13,467071.41
504,AC00000504,45,4,Savings,Dormant,2025-06-09,196918.52
505,AC00000505,90,1,Savings,Closed,2024-08-05,478264.6
506,AC00000506,56,4,Savings,Closed,2023-05-19,182899.64
507,AC00000507,48,4,Savings,Closed,2026-03-30,206738.65
508,AC00000508,76,3,saving,active,2022-10-25,195444.79
509,AC00000509,88,3,Current,Active,2023-06-27,333456.19
510,AC00000510,67,1,saving,Dormant,2024-09-06,408673.33
511,AC00000511,98,2,saving,Dormant,2022-12-21,319692.34
512,AC00000512,65,2,Current,Closed,2025-08-03,6845.61
513,AC00000513,64,2,Current,Closed,2026-03-15,1928.49
514,AC00000514,92,1,CURRENT,active,2025-09-08,241556.1
515,AC00000515,70,3,saving,Active,2023-03-26,282407.66
516,AC00000516,65,4,Savings,Active,2023-06-25,220544.04
517,AC00000517,59,1,Savings,Inactive,2022-10-25,99309.93
518,AC00000518,82,3,CURRENT,Active,2026-07-01,257430.39
519,AC00000519,70,4,Fixed Deposit,Active,2024-04-21,375719.33
520,AC00000520,100,4,Savings,Closed,2023-10-11,347991.39
521,AC00000521,72,4,Fixed Deposit,active,2025-03-23,331620.1
522,AC00000522,41,2,Current,Closed,2025-05-31,176874.32
523,AC00000523,71,2,saving,Dormant,2023-11-06,288059.67
524,AC00000524,75,3,Fixed Deposit,Closed,2024-06-12,257692.18
525,AC00000525,30,1,Current,Closed,2026-01-11,337319.78
526,AC00000526,20,3,Fixed Deposit,Dormant,2025-09-24,250709.58
527,AC00000527,68,4,saving,Active,2025-10-18,107035.33
528,AC00000528,16,3,Fixed Deposit,Active,2026-04-09,319617.28
529,AC00000529,40,3,saving,active,2023-04-16,317208.92
530,AC00000530,85,1,Current,Inactive,2025-07-03,471540.45
531,AC00000531,45,1,Current,Inactive,2023-10-28,264524.86
532,AC00000532,85,2,Savings,Dormant,2026-05-07,392631.83
533,AC00000533,83,1,saving,active,2025-12-26,237075.33
534,AC00000534,72,2,Fixed Deposit,Closed,2022-08-24,69206.95
535,AC00000535,27,1,saving,Active,2024-11-01,19882.65
536,AC00000536,11,1,Fixed Deposit,active,2026-01-08,326726.97
537,AC00000537,41,2,saving,Inactive,2024-03-04,451774.2
538,AC00000538,97,3,CURRENT,Active,2022-09-07,208594.18
539,AC00000539,30,1,CURRENT,active,2025-03-15,116095.51
540,AC00000540,18,4,Fixed Deposit,Inactive,2025-05-20,62583.39
541,AC00000541,50,4,Savings,Closed,2024-09-19,378589.46
542,AC00000542,47,1,Fixed Deposit,Active,2026-07-10,418475.31
543,AC00000543,61,1,Current,Active,2022-12-08,130290.24
544,AC00000544,83,4,Current,active,2024-06-22,361241.12
545,AC00000545,68,3,Current,active,2024-11-08,234499.06
546,AC00000546,25,2,CURRENT,Active,2023-11-15,414167.04
547,AC00000547,34,4,CURRENT,Closed,2023-05-08,34363.08
548,AC00000548,72,3,Fixed Deposit,active,2023-01-29,264544.68
549,AC00000549,55,2,CURRENT,active,2024-07-28,221091.97
550,AC00000550,40,3,Savings,Closed,2026-03-30,157087.83
551,AC00000551,41,2,saving,Inactive,2025-11-03,113701.06
552,AC00000552,38,2,Current,Closed,2022-11-22,227936.75
553,AC00000553,59,1,Current,Inactive,2023-05-11,180836.02
554,AC00000554,98,4,saving,Closed,2025-03-21,366234.86
555,AC00000555,7,2,CURRENT,Dormant,2025-07-25,238974.7
556,AC00000556,76,4,Savings,Dormant,2022-12-19,334522.07
557,AC00000557,8,4,Savings,Active,2024-03-09,132882.84
558,AC00000558,1,4,Current,Dormant,2022-11-17,369648.73
559,AC00000559,98,2,Savings,Closed,2024-07-03,370577.51
560,AC00000560,76,1,Savings,Dormant,2023-07-10,282635.12
561,AC00000561,55,3,CURRENT,Inactive,2023-08-03,329811.35
562,AC00000562,2,2,Current,Dormant,2024-09-08,169440.54
563,AC00000563,13,1,Current,Active,2023-07-26,446014.21
564,AC00000564,37,1,Fixed Deposit,Active,2024-02-21,86687.9
565,AC00000565,47,1,saving,Closed,2024-06-05,195107.72
566,AC00000566,78,3,saving,active,2025-05-29,225631.16
567,AC00000567,21,4,Savings,active,2023-07-11,435541.42
568,AC00000568,27,3,Savings,Closed,2025-06-06,234428.39
569,AC00000569,21,1,CURRENT,Dormant,2026-05-27,444577.36
570,AC00000570,41,1,Fixed Deposit,active,2025-12-23,281506.7
571,AC00000571,89,4,Current,Inactive,2026-01-09,157707.73
572,AC00000572,73,4,saving,Active,2024-01-28,355747.38
573,AC00000573,54,2,Current,Closed,2023-10-10,446245.51
574,AC00000574,53,3,Fixed Deposit,Inactive,2025-04-10,132197.26
575,AC00000575,73,4,Fixed Deposit,Closed,2026-02-23,267106.55
576,AC00000576,3,2,Savings,active,2023-06-15,100908.59
577,AC00000577,85,3,Savings,Closed,2024-03-18,493548.32
578,AC00000578,27,1,CURRENT,Active,2026-05-11,258847.85
579,AC00000579,46,1,saving,Closed,2025-07-16,464118.89
580,AC00000580,64,3,Fixed Deposit,active,2023-07-22,289590.05
581,AC00000581,59,2,Savings,Active,2025-02-09,404631.96
582,AC00000582,75,1,CURRENT,Dormant,2022-11-12,321444.3
583,AC00000583,79,3,CURRENT,Inactive,2024-02-17,353326.33
584,AC00000584,100,1,Fixed Deposit,Dormant,2023-05-04,259827.12
585,AC00000585,69,3,saving,active,2025-05-21,199759.36
586,AC00000586,53,2,saving,Inactive,2025-06-30,332653.39
587,AC00000587,82,3,Savings,Closed,2025-05-19,223498.4
588,AC00000588,56,4,CURRENT,Inactive,2026-05-19,236866.43
589,AC00000589,58,3,saving,Inactive,2026-04-22,285192.29
590,AC00000590,94,3,Current,Inactive,2025-04-13,463183.33
591,AC00000591,71,1,CURRENT,Dormant,2024-09-12,152027.94
592,AC00000592,6,1,Fixed Deposit,Closed,2022-11-23,106454.18
593,AC00000593,35,1,Fixed Deposit,Dormant,2023-03-09,349459.32
594,AC00000594,25,4,Fixed Deposit,Active,2023-12-15,187284.64
595,AC00000595,37,4,CURRENT,Closed,2025-08-30,284738.7
596,AC00000596,66,2,Savings,Dormant,2024-10-25,466766.49
597,AC00000597,10,4,CURRENT,Active,2026-05-19,41291.95
598,AC00000598,27,2,Fixed Deposit,active,2023-05-28,221965.32
599,AC00000599,14,3,CURRENT,Active,2026-05-26,453665.49
600,AC00000600,81,4,CURRENT,active,2023-01-10,361081.39
601,AC00000601,11,2,CURRENT,active,2024-10-28,425324.89
602,AC00000602,86,3,saving,Closed,2025-08-12,128104.17
603,AC00000603,89,1,Fixed Deposit,Inactive,2022-12-04,348398.32
604,AC00000604,56,3,Savings,Closed,2024-09-11,402840.8
605,AC00000605,83,1,Current,Dormant,2022-09-24,427668.15
606,AC00000606,81,2,Current,active,2025-02-27,314430.49
607,AC00000607,93,1,Current,Closed,2023-01-30,295229.35
608,AC00000608,51,3,Current,active,2025-06-20,451756.18
609,AC00000609,21,3,CURRENT,active,2023-09-06,13391.0
610,AC00000610,41,1,CURRENT,active,2024-01-06,70029.98
611,AC00000611,31,3,Fixed Deposit,Dormant,2025-01-13,64593.54
612,AC00000612,89,2,Savings,Closed,2023-12-15,273860.51
613,AC00000613,61,4,Fixed Deposit,active,2024-12-01,50280.27
614,AC00000614,82,1,saving,active,2023-12-12,373333.87
615,AC00000615,1,2,CURRENT,active,2022-09-25,45496.01
616,AC00000616,59,4,Current,Inactive,2025-10-22,251886.46
617,AC00000617,48,4,Fixed Deposit,Inactive,2026-05-31,349819.41
618,AC00000618,94,3,CURRENT,Inactive,2023-03-11,71662.42
619,AC00000619,14,1,CURRENT,Closed,2026-04-23,448317.99
620,AC00000620,28,4,Current,Inactive,2022-12-11,171680.61
621,AC00000621,85,1,CURRENT,Dormant,2026-04-12,11592.76
622,AC00000622,35,4,CURRENT,active,2025-05-07,134629.68
623,AC00000623,58,4,Savings,active,2025-01-01,98941.97
624,AC00000624,73,3,Fixed Deposit,Active,2024-03-31,389176.64
625,AC00000625,63,4,saving,Closed,2024-08-12,310321.34
626,AC00000626,61,4,saving,Inactive,2023-06-30,95904.76
627,AC00000627,57,3,Current,Inactive,2023-10-31,171589.7
628,AC00000628,99,2,Current,Closed,2023-12-09,400466.48
629,AC00000629,50,2,saving,Inactive,2025-05-10,429491.13
630,AC00000630,52,1,saving,Dormant,2023-06-23,13091.33
631,AC00000631,95,1,Fixed Deposit,Inactive,2023-08-10,176002.7
632,AC00000632,74,4,Current,active,2024-10-27,291416.29
633,AC00000633,74,2,Savings,Inactive,2026-01-31,152670.09
634,AC00000634,14,2,Fixed Deposit,Dormant,2024-10-24,301391.4
635,AC00000635,20,2,Savings,Active,2025-02-27,240037.41
636,AC00000636,57,4,Fixed Deposit,Dormant,2025-07-07,212085.66
637,AC00000637,74,3,Current,Closed,2026-07-23,340561.3
638,AC00000638,93,1,Fixed Deposit,Dormant,2025-11-29,85623.35
639,AC00000639,10,3,CURRENT,Inactive,2025-03-30,466981.26
640,AC00000640,56,2,CURRENT,Closed,2023-01-09,218163.84
641,AC00000641,44,3,CURRENT,Active,2026-03-27,317772.99
642,AC00000642,25,4,Fixed Deposit,Closed,2025-09-14,215666.79
643,AC00000643,90,3,CURRENT,Inactive,2023-01-31,414310.67
644,AC00000644,57,4,saving,Inactive,2026-04-03,94898.88
645,AC00000645,2,2,Current,Active,2024-08-05,492753.96
646,AC00000646,76,4,CURRENT,Closed,2023-09-28,452766.08
647,AC00000647,58,2,Fixed Deposit,Inactive,2022-09-25,67171.49
648,AC00000648,79,2,CURRENT,active,2024-10-18,346437.13
649,AC00000649,82,2,Savings,Inactive,2024-06-12,5788.54
650,AC00000650,83,2,saving,Active,2023-09-12,142105.7
651,AC00000651,19,2,Current,active,2024-01-11,345612.76
652,AC00000652,75,1,Fixed Deposit,active,2023-11-22,155163.68
653,AC00000653,41,3,saving,Closed,2025-01-16,321150.4
654,AC00000654,99,1,Savings,active,2022-11-22,39974.61
655,AC00000655,82,2,saving,Closed,2026-05-26,95574.75
656,AC00000656,71,2,CURRENT,active,2025-05-13,143621.36
657,AC00000657,94,4,saving,Inactive,2023-11-03,408409.64
658,AC00000658,15,2,Fixed Deposit,active,2025-10-17,435168.08
659,AC00000659,63,1,saving,Closed,2023-12-14,416165.65
660,AC00000660,53,3,Savings,Inactive,2024-02-14,307143.22
661,AC00000661,38,2,CURRENT,Closed,2026-01-28,184146.6
662,AC00000662,68,4,Current,Closed,2026-06-22,349948.61
663,AC00000663,26,4,CURRENT,Dormant,2024-05-31,168914.53
664,AC00000664,77,4,Savings,Dormant,2026-07-10,322267.53
665,AC00000665,84,2,Fixed Deposit,Dormant,2022-10-06,169375.57
666,AC00000666,67,4,Savings,Active,2022-12-29,202965.44
667,AC00000667,57,3,Current,Inactive,2025-01-23,242813.93
668,AC00000668,61,1,Current,Dormant,2023-02-11,319902.24
669,AC00000669,13,4,Current,Active,2022-09-18,322114.08
670,AC00000670,61,1,Fixed Deposit,Dormant,2026-02-06,206597.57
671,AC00000671,36,3,Fixed Deposit,active,2026-01-17,22239.74
672,AC00000672,43,3,Savings,Inactive,2022-08-28,469056.23
673,AC00000673,19,4,Savings,Inactive,2026-06-18,141764.03
674,AC00000674,41,4,Current,Inactive,2022-08-26,281496.07
675,AC00000675,91,4,Savings,Closed,2023-03-03,381367.51
676,AC00000676,93,2,Savings,Active,2023-10-11,320565.04
677,AC00000677,97,1,CURRENT,Active,2024-06-30,385415.2
678,AC00000678,44,2,CURRENT,Active,2026-06-13,284376.01
679,AC00000679,2,1,Fixed Deposit,Closed,2024-12-21,476616.81
680,AC00000680,3,1,Fixed Deposit,Closed,2024-03-13,418573.18
681,AC00000681,46,3,Fixed Deposit,Closed,2024-09-16,122585.77
682,AC00000682,3,4,Fixed Deposit,Closed,2024-11-09,182795.28
683,AC00000683,41,3,Current,Active,2023-12-24,160597.6
684,AC00000684,80,3,Current,active,2024-07-05,390481.29
685,AC00000685,39,3,CURRENT,active,2024-04-01,402536.03
686,AC00000686,42,3,Current,active,2023-10-30,320302.43
687,AC00000687,12,3,Savings,Dormant,2024-02-06,154551.08
688,AC00000688,89,4,CURRENT,active,2025-06-21,64371.64
689,AC00000689,25,3,saving,active,2023-01-18,401428.99
690,AC00000690,27,1,CURRENT,Closed,2025-03-27,261499.41
691,AC00000691,90,4,CURRENT,active,2025-03-19,328819.08
692,AC00000692,99,1,Current,Closed,2025-01-14,391135.4
693,AC00000693,39,2,saving,Inactive,2025-10-11,443478.0
694,AC00000694,75,3,CURRENT,Closed,2026-04-26,108248.26
695,AC00000695,45,2,Fixed Deposit,Active,2025-04-04,67767.04
696,AC00000696,97,2,CURRENT,Inactive,2024-07-02,193999.08
697,AC00000697,77,2,Fixed Deposit,Dormant,2022-09-13,230932.32
698,AC00000698,18,2,saving,Inactive,2023-12-04,490295.94
699,AC00000699,95,2,Fixed Deposit,Active,2024-11-19,160925.04
700,AC00000700,79,2,Current,Dormant,2026-04-14,274384.06
701,AC00000701,60,3,CURRENT,Dormant,2026-02-21,244095.2
702,AC00000702,1,1,CURRENT,Dormant,2025-02-05,425718.18
703,AC00000703,46,2,saving,Dormant,2023-11-29,259814.4
704,AC00000704,19,1,Current,Dormant,2025-12-02,61730.19
705,AC00000705,74,3,Savings,Inactive,2025-08-30,337867.69
706,AC00000706,73,2,saving,Inactive,2026-05-15,177057.06
707,AC00000707,32,3,Current,active,2023-06-13,480325.26
708,AC00000708,21,3,CURRENT,Active,2025-03-29,370428.19
709,AC00000709,71,2,Current,active,2022-08-19,172479.41
710,AC00000710,33,1,CURRENT,Closed,2022-10-22,480967.61
711,AC00000711,98,3,Fixed Deposit,Dormant,2025-01-20,493056.62
712,AC00000712,34,1,Savings,Closed,2023-01-08,465941.82
713,AC00000713,72,4,saving,Dormant,2022-10-25,236597.34
714,AC00000714,44,2,saving,Closed,2025-08-19,285689.5
715,AC00000715,69,4,Fixed Deposit,Closed,2024-08-15,393430.33
716,AC00000716,2,4,Fixed Deposit,Active,2024-10-31,18166.38
717,AC00000717,64,2,Current,Inactive,2025-07-13,495138.7
718,AC00000718,27,2,Current,active,2023-06-18,51792.64
719,AC00000719,43,2,Fixed Deposit,Active,2025-10-05,131016.66
720,AC00000720,44,3,Fixed Deposit,Active,2024-11-05,104933.4
721,AC00000721,42,3,Savings,Inactive,2023-11-01,385339.55
722,AC00000722,43,4,saving,Inactive,2024-04-18,392218.12
723,AC00000723,46,4,Fixed Deposit,Inactive,2024-06-10,328669.95
724,AC00000724,86,3,Fixed Deposit,Inactive,2024-09-07,231590.49
725,AC00000725,77,1,Savings,Dormant,2024-07-23,147332.03
726,AC00000726,70,3,Fixed Deposit,active,2024-02-27,149121.47
727,AC00000727,29,2,Current,Inactive,2023-03-26,455174.66
728,AC00000728,41,1,saving,Dormant,2024-12-14,172686.13
729,AC00000729,86,4,CURRENT,Active,2024-12-11,473610.71
730,AC00000730,23,4,Current,active,2025-10-22,21469.91
731,AC00000731,96,1,Current,active,2024-06-05,158144.66
732,AC00000732,70,1,saving,Active,2025-01-13,452905.84
733,AC00000733,62,1,CURRENT,Dormant,2026-04-14,267347.61
734,AC00000734,91,3,Savings,active,2022-09-10,477594.89
735,AC00000735,39,1,Current,Dormant,2023-10-10,355402.78
736,AC00000736,92,1,CURRENT,Closed,2026-07-11,428681.02
737,AC00000737,91,3,CURRENT,Inactive,2023-07-26,143019.61
738,AC00000738,14,1,Current,Dormant,2025-07-15,25066.15
739,AC00000739,3,1,CURRENT,Inactive,2022-09-24,28474.42
740,AC00000740,97,4,CURRENT,Dormant,2025-07-07,449807.66
741,AC00000741,93,3,Current,active,2023-12-28,37781.02
742,AC00000742,77,2,Current,Dormant,2025-07-05,320352.58
743,AC00000743,53,2,Fixed Deposit,Dormant,2025-10-14,5775.67
744,AC00000744,87,3,saving,Dormant,2022-09-25,200487.44
745,AC00000745,27,2,Savings,active,2024-11-28,194515.87
746,AC00000746,59,2,CURRENT,Closed,2026-06-19,329062.46
747,AC00000747,61,2,Current,Closed,2023-02-05,236768.17
748,AC00000748,91,3,Current,active,2025-09-20,360388.93
749,AC00000749,20,2,CURRENT,Dormant,2025-07-17,97180.21
750,AC00000750,28,4,Savings,Active,2025-01-06,184485.39
751,AC00000751,90,1,Fixed Deposit,Closed,2024-02-23,319255.45
752,AC00000752,11,2,Current,Closed,2025-07-24,238721.48
753,AC00000753,77,1,CURRENT,Dormant,2024-08-06,276756.81
754,AC00000754,22,3,Savings,Inactive,2026-02-12,356220.06
755,AC00000755,45,1,CURRENT,Active,2024-10-31,438132.79
756,AC00000756,84,2,Current,Inactive,2024-04-07,258303.35
757,AC00000757,31,1,saving,Closed,2026-05-06,238141.53
758,AC00000758,84,4,Savings,Dormant,2023-05-23,285097.38
759,AC00000759,10,2,Fixed Deposit,Dormant,2023-11-03,258159.21
760,AC00000760,58,3,Fixed Deposit,Inactive,2025-05-25,91567.38
761,AC00000761,34,4,CURRENT,Dormant,2024-04-14,75516.26
762,AC00000762,54,1,Savings,Inactive,2023-02-05,462274.68
763,AC00000763,67,2,CURRENT,Closed,2024-12-15,413936.98
764,AC00000764,47,4,Fixed Deposit,Dormant,2023-07-01,395476.87
765,AC00000765,44,2,Savings,active,2025-09-26,69894.37
766,AC00000766,3,3,Fixed Deposit,Active,2023-11-29,54142.4
767,AC00000767,85,2,saving,active,2023-11-23,82633.41
768,AC00000768,70,1,Savings,Dormant,2024-04-16,465632.11
769,AC00000769,54,1,Current,active,2025-12-06,415038.13
770,AC00000770,46,1,Savings,Active,2024-07-07,190514.1
771,AC00000771,9,1,Current,Dormant,2026-02-20,440520.35
772,AC00000772,34,4,Fixed Deposit,Inactive,2025-04-22,149010.85
773,AC00000773,72,1,Fixed Deposit,Dormant,2025-08-12,199967.99
774,AC00000774,14,3,Savings,active,2026-03-18,108587.83
775,AC00000775,27,1,CURRENT,Closed,2024-07-30,394224.9
776,AC00000776,25,3,Fixed Deposit,Closed,2023-01-11,378118.47
777,AC00000777,58,4,Fixed Deposit,active,2024-09-11,196192.17
778,AC00000778,56,2,Fixed Deposit,Active,2024-08-07,64185.03
779,AC00000779,75,3,saving,Closed,2024-12-23,411213.84
780,AC00000780,80,4,CURRENT,active,2023-12-09,121044.36
781,AC00000781,59,3,Fixed Deposit,Closed,2025-07-01,203963.31
782,AC00000782,26,4,Fixed Deposit,Active,2023-03-04,340353.06
783,AC00000783,24,1,saving,active,2026-06-28,31202.28
784,AC00000784,17,4,saving,Closed,2024-04-24,58558.04
785,AC00000785,68,1,CURRENT,Dormant,2023-09-25,344103.88
786,AC00000786,26,4,Fixed Deposit,Closed,2025-02-17,336971.96
787,AC00000787,27,4,Savings,Active,2025-08-29,145799.15
788,AC00000788,93,2,saving,Active,2024-10-27,350794.41
789,AC00000789,30,4,Savings,Closed,2023-04-30,338063.22
790,AC00000790,7,4,Savings,Inactive,2023-03-26,494899.03
791,AC00000791,95,1,Current,Closed,2026-04-28,359305.39
792,AC00000792,18,4,Savings,active,2025-12-31,18599.04
793,AC00000793,61,2,Savings,Closed,2025-12-02,333718.06
794,AC00000794,8,4,Fixed Deposit,Closed,2023-11-13,327582.97
795,AC00000795,34,4,Savings,Active,2024-08-13,317445.83
796,AC00000796,55,4,Fixed Deposit,Dormant,2025-09-10,395796.49
797,AC00000797,50,4,CURRENT,Inactive,2024-04-21,149128.96
798,AC00000798,70,4,saving,Active,2022-12-26,73307.18
799,AC00000799,87,4,Current,Active,2023-03-04,25211.37
800,AC00000800,77,2,Fixed Deposit,Inactive,2023-07-12,83275.65
801,AC00000801,12,4,Current,Inactive,2023-06-22,409750.81
802,AC00000802,12,2,saving,Active,2024-08-22,206406.87
803,AC00000803,11,3,Current,Active,2023-06-28,438959.2
804,AC00000804,8,2,Savings,Inactive,2026-02-28,80376.23
805,AC00000805,70,1,saving,Dormant,2023-12-27,179130.99
806,AC00000806,43,4,CURRENT,active,2024-01-17,431283.77
807,AC00000807,52,4,Current,Dormant,2023-10-07,140541.16
808,AC00000808,68,2,Current,Dormant,2023-01-30,359089.62
809,AC00000809,19,2,Fixed Deposit,Dormant,2026-05-05,177258.87
810,AC00000810,87,1,Savings,Active,2024-06-07,472674.43
811,AC00000811,43,4,saving,Dormant,2022-11-22,137511.01
812,AC00000812,85,3,CURRENT,Dormant,2023-08-22,257412.29
813,AC00000813,41,4,Fixed Deposit,active,2025-01-25,217703.42
814,AC00000814,12,1,CURRENT,Active,2023-02-06,159040.59
815,AC00000815,77,4,saving,Dormant,2023-02-24,283496.12
816,AC00000816,53,1,Fixed Deposit,Closed,2024-02-09,87153.45
817,AC00000817,87,2,Fixed Deposit,active,2025-02-03,20467.08
818,AC00000818,99,2,CURRENT,active,2023-05-24,277841.57
819,AC00000819,8,2,Current,Closed,2022-09-17,381743.25
820,AC00000820,15,1,Savings,Inactive,2024-03-08,390616.92
821,AC00000821,55,4,CURRENT,Active,2023-02-17,138946.9
822,AC00000822,68,4,Current,Active,2023-02-07,285514.15
823,AC00000823,66,4,CURRENT,active,2022-11-17,6929.51
824,AC00000824,70,2,CURRENT,Dormant,2025-05-01,223800.11
825,AC00000825,63,3,Fixed Deposit,Inactive,2025-06-28,118654.6
826,AC00000826,44,3,Fixed Deposit,Dormant,2024-03-11,316102.49
827,AC00000827,11,1,Fixed Deposit,Closed,2026-02-11,30804.72
828,AC00000828,15,4,CURRENT,Active,2023-06-11,334728.32
829,AC00000829,64,3,Current,Dormant,2022-09-25,232094.2
830,AC00000830,53,4,Savings,Inactive,2023-04-18,380977.44
831,AC00000831,56,4,Fixed Deposit,Inactive,2026-02-16,491069.63
832,AC00000832,10,1,saving,Inactive,2026-04-09,405570.22
833,AC00000833,9,4,Fixed Deposit,Active,2025-06-22,187941.33
834,AC00000834,61,4,Current,Closed,2024-10-16,325182.27
835,AC00000835,21,4,Savings,Active,2023-03-17,164956.54
836,AC00000836,61,3,Fixed Deposit,Inactive,2024-06-25,274348.06
837,AC00000837,100,4,Fixed Deposit,Closed,2026-03-28,243252.79
838,AC00000838,6,2,Current,Closed,2024-12-21,272799.95
839,AC00000839,11,2,saving,Inactive,2024-05-24,120242.16
840,AC00000840,93,1,Savings,Inactive,2025-05-17,323078.03
841,AC00000841,72,1,Current,Active,2025-09-07,262069.52
842,AC00000842,40,2,Current,Active,2024-05-11,261985.03
843,AC00000843,63,3,Current,Closed,2026-07-15,303214.95
844,AC00000844,75,3,Current,active,2026-06-02,421040.8
845,AC00000845,57,1,CURRENT,Active,2022-12-05,152532.21
846,AC00000846,99,1,Current,Dormant,2024-01-11,478217.99
847,AC00000847,10,4,Current,Inactive,2025-05-21,37493.54
848,AC00000848,69,3,saving,Active,2024-11-17,281884.94
849,AC00000849,89,2,Current,Closed,2024-07-01,428832.81
850,AC00000850,77,1,saving,active,2026-03-28,279657.04
851,AC00000851,90,3,Current,Inactive,2023-04-03,273797.2
852,AC00000852,39,2,Current,Dormant,2023-08-02,263886.8
853,AC00000853,15,1,Current,Inactive,2025-03-31,412729.38
854,AC00000854,59,1,Savings,active,2024-07-07,28544.43
855,AC00000855,48,4,Fixed Deposit,active,2023-11-12,430589.51
856,AC00000856,32,4,Current,active,2022-09-01,163376.18
857,AC00000857,1,1,Fixed Deposit,Inactive,2023-12-05,331724.85
858,AC00000858,19,4,Fixed Deposit,Active,2025-01-16,423960.82
859,AC00000859,40,3,Fixed Deposit,Inactive,2024-06-21,308928.53
860,AC00000860,61,2,Current,active,2022-10-21,272733.27
861,AC00000861,23,1,saving,Inactive,2025-02-10,307688.85
862,AC00000862,100,2,Savings,Inactive,2025-08-29,149450.47
863,AC00000863,95,4,Current,Inactive,2026-03-10,100348.8
864,AC00000864,37,1,Current,Inactive,2026-06-12,388600.14
865,AC00000865,5,2,Fixed Deposit,Active,2025-10-15,109133.9
866,AC00000866,63,2,Current,active,2025-02-26,399169.55
867,AC00000867,34,2,Savings,Inactive,2023-12-19,182385.07
868,AC00000868,41,4,Savings,Inactive,2026-02-17,321652.12
869,AC00000869,73,4,Current,active,2022-09-03,204210.41
870,AC00000870,62,1,Savings,Closed,2023-11-13,143399.83
871,AC00000871,37,2,saving,Closed,2025-11-08,294176.49
872,AC00000872,18,4,saving,Closed,2025-08-17,416180.05
873,AC00000873,65,3,saving,Inactive,2025-07-24,410100.45
874,AC00000874,1,4,Fixed Deposit,Active,2025-04-29,294299.64
875,AC00000875,47,4,CURRENT,Closed,2023-07-05,460147.24
876,AC00000876,94,4,CURRENT,Closed,2024-11-09,211919.68
877,AC00000877,41,4,saving,active,2023-04-03,222931.12
878,AC00000878,83,4,Current,Closed,2026-03-03,260287.44
879,AC00000879,26,4,CURRENT,active,2023-06-11,209534.14
880,AC00000880,88,2,Savings,Inactive,2022-09-30,36534.89
881,AC00000881,38,4,Savings,Inactive,2022-11-24,287741.59
882,AC00000882,32,3,Fixed Deposit,Active,2024-04-13,224729.03
883,AC00000883,35,4,saving,Inactive,2024-05-05,416171.25
884,AC00000884,78,1,CURRENT,active,2023-04-19,53913.79
885,AC00000885,4,1,saving,active,2026-04-13,374262.26
886,AC00000886,11,2,saving,Active,2025-07-16,122418.64
887,AC00000887,11,3,Fixed Deposit,Closed,2025-07-29,28047.72
888,AC00000888,95,4,Current,Dormant,2026-06-16,144172.01
889,AC00000889,7,4,Savings,Dormant,2023-02-10,148140.84
890,AC00000890,67,2,saving,active,2023-01-24,488571.8
891,AC00000891,77,1,CURRENT,Active,2023-08-17,174347.95
892,AC00000892,100,4,Savings,Active,2023-03-11,13922.11
893,AC00000893,67,4,saving,Active,2025-05-02,18155.3
894,AC00000894,71,2,Savings,active,2024-10-06,225052.97
895,AC00000895,52,2,CURRENT,Dormant,2025-02-17,175990.41
896,AC00000896,89,3,Fixed Deposit,Active,2023-02-11,344193.72
897,AC00000897,95,2,saving,Inactive,2023-06-27,473784.21
898,AC00000898,17,3,CURRENT,Dormant,2026-05-10,51393.85
899,AC00000899,14,4,Savings,active,2024-04-06,40771.2
900,AC00000900,74,1,Fixed Deposit,Closed,2025-11-16,402559.18
901,AC00000901,89,3,saving,active,2023-01-18,139742.6
902,AC00000902,13,3,Current,Dormant,2023-10-22,480799.28
903,AC00000903,63,4,Savings,Dormant,2026-01-20,170340.28
904,AC00000904,35,2,Fixed Deposit,Dormant,2024-10-20,372578.53
905,AC00000905,93,4,Current,Active,2025-07-20,396955.24
906,AC00000906,77,1,saving,Inactive,2026-04-13,95408.86
907,AC00000907,32,1,Fixed Deposit,Closed,2023-07-02,34509.72
908,AC00000908,46,3,Savings,Inactive,2024-02-17,465580.96
909,AC00000909,11,2,Fixed Deposit,Inactive,2026-03-06,54705.5
910,AC00000910,71,1,CURRENT,Dormant,2024-11-03,288329.2
911,AC00000911,22,4,Fixed Deposit,active,2024-06-03,373362.07
912,AC00000912,26,3,CURRENT,active,2024-01-22,469730.52
913,AC00000913,83,3,Fixed Deposit,Closed,2024-10-03,176471.55
914,AC00000914,62,1,Savings,Closed,2025-04-01,122234.33
915,AC00000915,45,2,Fixed Deposit,active,2022-09-28,216684.89
916,AC00000916,84,1,saving,Inactive,2023-05-10,29640.45
917,AC00000917,85,2,CURRENT,Closed,2025-06-06,384216.76
918,AC00000918,14,3,Current,Closed,2022-12-29,476724.36
919,AC00000919,91,1,Savings,Closed,2022-09-10,377643.68
920,AC00000920,78,3,Current,active,2024-05-23,126626.34
921,AC00000921,89,1,saving,Dormant,2023-08-24,183270.1
922,AC00000922,98,4,CURRENT,Dormant,2023-06-09,488857.06
923,AC00000923,93,3,CURRENT,Dormant,2023-01-16,318256.7
924,AC00000924,88,1,CURRENT,Inactive,2026-05-25,366427.14
925,AC00000925,33,3,Savings,Closed,2026-05-30,387601.77
926,AC00000926,24,3,Current,Closed,2023-11-23,196313.79
927,AC00000927,4,2,saving,Dormant,2024-07-16,113863.89
928,AC00000928,64,4,Savings,Active,2023-12-11,62618.04
929,AC00000929,35,1,Fixed Deposit,active,2024-07-27,493418.42
930,AC00000930,47,3,Savings,active,2024-02-09,117856.62
931,AC00000931,59,4,Current,Active,2023-08-13,63704.02
932,AC00000932,93,1,CURRENT,Active,2026-01-17,13875.18
933,AC00000933,53,1,saving,Closed,2022-10-26,82454.36
934,AC00000934,17,2,Savings,active,2023-01-30,140307.18
935,AC00000935,62,2,Current,Inactive,2026-05-21,370555.95
936,AC00000936,21,4,Savings,Inactive,2022-09-25,105742.66
937,AC00000937,20,3,Current,Inactive,2026-07-11,86133.13
938,AC00000938,4,2,saving,Active,2026-01-02,352126.43
939,AC00000939,67,4,CURRENT,Active,2025-07-13,386931.55
940,AC00000940,5,4,Current,Closed,2024-09-28,382891.59
941,AC00000941,18,1,Savings,Closed,2025-08-19,391194.02
942,AC00000942,66,3,saving,Dormant,2023-07-08,296785.88
943,AC00000943,5,4,saving,Dormant,2023-04-08,151165.88
944,AC00000944,88,4,Savings,Active,2023-07-24,431663.12
945,AC00000945,68,2,Savings,active,2024-10-10,351150.35
946,AC00000946,19,3,Fixed Deposit,Dormant,2026-04-16,471240.13
947,AC00000947,70,1,Fixed Deposit,active,2024-02-09,16319.79
948,AC00000948,61,1,Current,Dormant,2023-05-12,147862.99
949,AC00000949,20,4,Fixed Deposit,active,2025-08-19,283520.34
950,AC00000950,96,4,Savings,Inactive,2025-03-01,191721.63
951,AC00000951,13,2,Fixed Deposit,Closed,2025-09-22,374013.99
952,AC00000952,71,2,Savings,Active,2025-01-10,374658.94
953,AC00000953,78,3,Fixed Deposit,Inactive,2022-12-06,134969.52
954,AC00000954,66,4,CURRENT,Active,2022-10-31,157217.42
955,AC00000955,5,3,saving,Active,2024-09-11,150444.49
956,AC00000956,97,4,Current,Active,2024-06-26,258773.76
957,AC00000957,75,2,Fixed Deposit,Dormant,2024-04-23,238220.78
958,AC00000958,75,4,Fixed Deposit,Active,2026-06-03,302782.64
959,AC00000959,70,4,Fixed Deposit,active,2023-09-08,279379.66
960,AC00000960,18,2,Fixed Deposit,Dormant,2024-08-18,491296.34
961,AC00000961,5,2,Fixed Deposit,Active,2025-08-27,43087.96
962,AC00000962,88,1,CURRENT,Closed,2026-01-16,389519.9
963,AC00000963,23,4,Current,Dormant,2026-07-23,266916.59
964,AC00000964,52,4,saving,Dormant,2025-09-27,50424.97
965,AC00000965,28,1,Current,Dormant,2024-02-11,48646.0
966,AC00000966,89,2,CURRENT,Inactive,2022-11-02,387114.58
967,AC00000967,17,4,CURRENT,active,2024-10-24,441945.91
968,AC00000968,63,2,Savings,Active,2025-01-18,162618.4
969,AC00000969,62,2,Savings,Dormant,2024-03-08,187488.19
970,AC00000970,73,3,Fixed Deposit,active,2023-10-22,28279.58
971,AC00000971,77,1,Savings,Active,2025-10-24,234962.82
972,AC00000972,22,2,CURRENT,active,2022-08-24,110453.42
973,AC00000973,77,3,Current,Dormant,2026-05-02,292541.79
974,AC00000974,48,3,Fixed Deposit,active,2023-02-09,291664.49
975,AC00000975,11,1,Fixed Deposit,Closed,2022-10-03,185485.95
976,AC00000976,93,1,Fixed Deposit,Dormant,2025-07-24,295429.95
977,AC00000977,54,1,Fixed Deposit,Dormant,2023-09-16,319539.68
978,AC00000978,5,3,CURRENT,Active,2024-01-25,335715.05
979,AC00000979,72,3,Savings,Inactive,2024-10-15,337200.64
980,AC00000980,85,4,Fixed Deposit,Active,2023-04-28,467782.58
981,AC00000981,34,2,Current,Inactive,2023-11-07,97508.64
982,AC00000982,41,4,Fixed Deposit,Active,2025-03-31,260234.44
983,AC00000983,93,2,CURRENT,Dormant,2023-08-09,313537.97
984,AC00000984,92,2,Fixed Deposit,Active,2024-10-05,112843.15
985,AC00000985,31,2,CURRENT,Dormant,2026-05-28,499489.67
986,AC00000986,61,4,Current,Active,2024-07-25,483972.62
987,AC00000987,63,2,Current,Dormant,2026-03-09,346742.86
988,AC00000988,2,1,Fixed Deposit,Dormant,2023-02-17,407873.5
989,AC00000989,68,1,CURRENT,Active,2025-01-07,257193.36
990,AC00000990,72,3,Current,Closed,2024-02-06,148578.82
991,AC00000991,92,3,Savings,Inactive,2023-09-02,434679.93
992,AC00000992,89,3,Savings,active,2023-09-06,474066.81
993,AC00000993,34,2,Savings,Closed,2022-08-26,467739.5
994,AC00000994,26,2,Fixed Deposit,Active,2025-12-10,304543.13
995,AC00000995,78,1,Savings,Closed,2025-01-11,371435.39
996,AC00000996,87,4,Current,Active,2023-04-01,348406.67
997,AC00000997,77,4,Current,Dormant,2023-08-02,164089.23
998,AC00000998,95,1,Savings,Active,2025-05-23,431087.7
999,AC00000999,15,2,Savings,Inactive,2024-01-04,160180.57
1000,AC00001000,5,2,Fixed Deposit,active,2023-05-06,430548.05
1001,AC00001001,28,3,Fixed Deposit,Closed,2023-12-01,115954.45
1002,AC00001002,16,2,Current,Dormant,2024-08-30,56001.46
1003,AC00001003,6,2,Savings,Active,2023-07-09,192755.78
1004,AC00001004,65,3,CURRENT,Dormant,2022-10-12,16672.9
1005,AC00001005,33,3,saving,Closed,2023-10-03,263806.19
1006,AC00001006,56,1,Fixed Deposit,Closed,2026-01-11,159386.48
1007,AC00001007,73,2,Fixed Deposit,Dormant,2024-11-24,483358.41
1008,AC00001008,41,4,Savings,Active,2026-07-21,305253.99
1009,AC00001009,97,1,Savings,Active,2025-03-05,269533.38
1010,AC00001010,82,4,Fixed Deposit,Dormant,2022-11-16,428484.93
1011,AC00001011,68,1,Savings,Dormant,2026-04-15,130882.2
1012,AC00001012,26,1,Savings,Inactive,2024-04-03,74860.1
1013,AC00001013,5,2,Current,Closed,2024-05-02,677.61
1014,AC00001014,28,1,Fixed Deposit,Active,2023-11-17,214087.64
1015,AC00001015,93,3,saving,Inactive,2022-12-31,108169.43
1016,AC00001016,85,3,Fixed Deposit,active,2024-06-01,447662.44
1017,AC00001017,47,4,Savings,Inactive,2023-10-31,104424.36
1018,AC00001018,81,2,CURRENT,Dormant,2025-10-13,7676.52
1019,AC00001019,20,4,Fixed Deposit,Closed,2026-06-26,46310.22
1020,AC00001020,41,3,Savings,Closed,2023-08-09,216965.67
1021,AC00001021,33,3,Savings,Closed,2023-07-08,412147.23
1022,AC00001022,14,4,Savings,Active,2025-07-17,353341.37
1023,AC00001023,56,3,saving,Dormant,2025-02-02,386298.85
1024,AC00001024,94,4,Fixed Deposit,Closed,2023-04-18,271113.6
1025,AC00001025,75,4,Current,Active,2023-11-20,451943.91
1026,AC00001026,35,1,Fixed Deposit,active,2025-11-14,446568.93
1027,AC00001027,39,2,Fixed Deposit,Dormant,2023-10-23,377812.16
1028,AC00001028,78,4,Fixed Deposit,Active,2025-01-31,319238.28
1029,AC00001029,26,4,CURRENT,Active,2026-02-08,371430.68
1030,AC00001030,84,2,Savings,active,2026-05-24,1386.52
1031,AC00001031,22,2,Fixed Deposit,Active,2024-03-01,155395.5
1032,AC00001032,9,4,Current,Dormant,2025-07-04,489078.48
1033,AC00001033,63,1,CURRENT,Inactive,2024-01-19,126489.95
1034,AC00001034,67,1,CURRENT,Dormant,2026-07-22,308716.61
1035,AC00001035,5,2,saving,active,2023-03-29,104562.71
1036,AC00001036,53,2,Current,Dormant,2023-12-29,111229.57
1037,AC00001037,87,3,CURRENT,Closed,2023-02-15,165624.1
1038,AC00001038,68,2,Savings,active,2024-11-16,421172.47
1039,AC00001039,93,3,Savings,Active,2026-05-18,182142.34
1040,AC00001040,87,1,Current,Active,2023-08-30,273471.07
1041,AC00001041,88,3,Fixed Deposit,Closed,2026-06-24,491853.86
1042,AC00001042,92,3,CURRENT,Dormant,2023-04-08,35666.44
1043,AC00001043,29,4,Savings,Active,2025-09-08,254625.5
1044,AC00001044,44,2,Current,Closed,2024-07-09,169046.9
1045,AC00001045,46,1,Fixed Deposit,Inactive,2024-12-27,71136.76
1046,AC00001046,10,3,saving,Closed,2025-12-10,88996.11
1047,AC00001047,18,2,Current,Closed,2025-11-15,40768.45
1048,AC00001048,68,2,Savings,Dormant,2025-09-16,233842.81
1049,AC00001049,16,4,CURRENT,Dormant,2025-06-26,476911.33
1050,AC00001050,60,3,CURRENT,Dormant,2026-07-28,36222.81
1051,AC00001051,69,1,saving,Active,2023-07-26,103358.53
1052,AC00001052,25,4,Savings,Closed,2023-08-30,37878.43
1053,AC00001053,92,1,Fixed Deposit,Active,2025-11-17,171908.88
1054,AC00001054,16,2,Fixed Deposit,Inactive,2025-10-23,297682.93
1055,AC00001055,69,4,Current,Dormant,2025-11-12,374942.97
1056,AC00001056,78,4,Current,Closed,2024-02-11,295649.42
1057,AC00001057,40,4,Savings,active,2025-12-18,138743.46
1058,AC00001058,66,4,Savings,Active,2024-08-18,101464.94
1059,AC00001059,45,1,Savings,Active,2022-09-02,430216.45
1060,AC00001060,28,1,Savings,Inactive,2023-03-29,95353.08
1061,AC00001061,73,4,Current,Inactive,2023-03-22,155248.18
1062,AC00001062,1,2,CURRENT,Active,2023-03-27,492804.83
1063,AC00001063,35,1,Savings,Dormant,2024-03-01,497924.54
1064,AC00001064,11,3,Savings,Dormant,2025-02-12,228335.1
1065,AC00001065,78,1,Savings,Closed,2022-11-20,480556.05
1066,AC00001066,73,2,Savings,Dormant,2024-09-15,340563.5
1067,AC00001067,19,3,Fixed Deposit,Active,2024-06-04,47623.06
1068,AC00001068,26,3,saving,Active,2026-06-28,159323.25
1069,AC00001069,69,3,Fixed Deposit,Inactive,2025-01-16,126764.54
1070,AC00001070,4,2,Fixed Deposit,Inactive,2025-12-08,280257.14
1071,AC00001071,60,1,Savings,Closed,2024-11-30,284662.53
1072,AC00001072,92,4,Savings,Dormant,2023-09-11,279438.6
1073,AC00001073,81,3,saving,Closed,2026-06-07,183691.86
1074,AC00001074,84,1,saving,active,2025-07-07,291566.5
1075,AC00001075,91,2,saving,Active,2025-02-16,298676.85
1076,AC00001076,33,1,CURRENT,Inactive,2025-03-04,224350.03
1077,AC00001077,21,2,Savings,Dormant,2022-11-26,363429.51
1078,AC00001078,27,3,Savings,Closed,2023-12-24,158763.46
1079,AC00001079,78,3,Current,Dormant,2023-09-17,71731.02
1080,AC00001080,63,2,Current,Inactive,2022-08-20,190710.93
1081,AC00001081,5,2,Fixed Deposit,Closed,2026-05-11,447919.3
1082,AC00001082,20,4,Fixed Deposit,Closed,2025-02-12,347426.91
1083,AC00001083,95,4,Fixed Deposit,Dormant,2025-12-09,415341.45
1084,AC00001084,86,4,CURRENT,Inactive,2024-04-03,431222.4
1085,AC00001085,74,2,saving,Active,2024-09-10,105335.77
1086,AC00001086,72,1,Current,active,2022-08-24,459142.37
1087,AC00001087,6,4,Fixed Deposit,Inactive,2022-11-25,78475.24
1088,AC00001088,28,4,Savings,Closed,2025-11-30,370308.95
1089,AC00001089,6,3,Current,Inactive,2025-08-21,123533.23
1090,AC00001090,27,2,CURRENT,Dormant,2025-03-21,312596.38
1091,AC00001091,18,3,saving,Inactive,2025-12-24,425854.2
1092,AC00001092,28,4,Fixed Deposit,active,2024-07-12,294965.69
1093,AC00001093,87,4,Current,Dormant,2023-12-09,439229.63
1094,AC00001094,23,4,Current,Active,2025-10-03,443067.46
1095,AC00001095,95,4,Current,active,2022-11-24,96994.82
1096,AC00001096,78,2,saving,active,2025-02-18,496762.18
1097,AC00001097,66,4,Fixed Deposit,Active,2025-04-26,145667.18
1098,AC00001098,81,3,saving,Dormant,2024-07-18,194255.38
1099,AC00001099,37,3,Current,Inactive,2022-10-14,477946.53
1100,AC00001100,93,4,Savings,Active,2022-12-23,377978.42
1101,AC00001101,97,3,Current,Dormant,2022-09-30,352390.22
1102,AC00001102,25,3,saving,Inactive,2024-04-22,92671.77
1103,AC00001103,77,3,CURRENT,Closed,2025-10-21,51947.78
1104,AC00001104,13,4,CURRENT,Dormant,2026-02-25,46791.88
1105,AC00001105,94,1,Current,Active,2023-09-29,65094.98
1106,AC00001106,10,4,Fixed Deposit,Active,2025-06-22,73725.35
1107,AC00001107,93,1,Savings,Inactive,2023-09-01,186425.76
1108,AC00001108,34,4,Current,Closed,2025-09-30,342270.01
1109,AC00001109,35,1,Current,Active,2025-09-29,56202.11
1110,AC00001110,87,4,Savings,Active,2023-06-15,116986.6
1111,AC00001111,58,4,Current,Inactive,2025-11-08,77092.78
1112,AC00001112,13,1,Fixed Deposit,active,2025-04-13,39245.01
1113,AC00001113,62,4,Savings,Closed,2023-04-07,186474.39
1114,AC00001114,17,3,CURRENT,Dormant,2024-04-06,23296.88
1115,AC00001115,20,2,Savings,Closed,2024-07-04,145334.27
1116,AC00001116,23,3,CURRENT,Active,2025-08-14,105006.6
1117,AC00001117,58,1,Savings,active,2026-01-28,13294.96
1118,AC00001118,76,1,CURRENT,Active,2025-10-14,133664.04
1119,AC00001119,31,2,saving,Closed,2024-03-09,235060.96
1120,AC00001120,41,3,Savings,Active,2022-10-28,457700.63
1121,AC00001121,65,4,Current,Inactive,2025-10-01,490383.32
1122,AC00001122,96,3,saving,Dormant,2023-01-15,1551.42
1123,AC00001123,9,1,Savings,Inactive,2026-02-08,245153.12
1124,AC00001124,55,4,CURRENT,active,2024-12-02,473379.41
1125,AC00001125,46,4,Savings,Dormant,2024-12-11,448030.88
1126,AC00001126,16,3,Fixed Deposit,Inactive,2023-04-27,281780.49
1127,AC00001127,60,1,Current,Active,2022-10-18,404274.42
1128,AC00001128,43,4,saving,Active,2025-04-23,264938.59
1129,AC00001129,13,2,CURRENT,Active,2024-04-20,420815.21
1130,AC00001130,26,1,CURRENT,Inactive,2025-07-27,302820.7
1131,AC00001131,83,3,Current,Active,2023-02-25,53672.76
1132,AC00001132,39,2,Current,Active,2025-06-17,8180.71
1133,AC00001133,72,2,CURRENT,Inactive,2025-02-24,498080.25
1134,AC00001134,5,3,Savings,Closed,2024-07-18,61753.05
1135,AC00001135,81,2,Savings,Inactive,2025-09-05,446842.18
1136,AC00001136,19,1,CURRENT,Closed,2024-03-12,449298.92
1137,AC00001137,2,3,CURRENT,active,2023-04-18,149647.37
1138,AC00001138,77,1,Current,Dormant,2024-05-12,204129.78
1139,AC00001139,47,4,Current,Closed,2025-09-01,406379.66
1140,AC00001140,98,1,Savings,Closed,2026-06-04,92943.83
1141,AC00001141,36,4,Fixed Deposit,active,2023-01-18,400156.17
1142,AC00001142,29,1,Savings,Closed,2022-10-20,376110.87
1143,AC00001143,52,3,CURRENT,Closed,2024-12-08,251790.36
1144,AC00001144,6,1,Fixed Deposit,Dormant,2026-04-30,152236.71
1145,AC00001145,83,3,Savings,Dormant,2023-09-21,61345.09
1146,AC00001146,34,4,Current,active,2023-10-05,64366.43
1147,AC00001147,26,1,Current,Dormant,2022-12-04,363108.18
1148,AC00001148,25,4,saving,Active,2022-10-12,288861.5
1149,AC00001149,12,3,saving,Closed,2025-07-22,382715.22
1150,AC00001150,25,3,Savings,Dormant,2025-11-18,385996.02
1151,AC00001151,80,4,Current,Closed,2025-05-20,116751.12
1152,AC00001152,9,3,Savings,active,2024-01-16,152253.32
1153,AC00001153,33,1,saving,Inactive,2024-11-20,76550.41
1154,AC00001154,85,2,Savings,active,2024-09-06,233717.61
1155,AC00001155,48,3,saving,Dormant,2022-12-30,288524.16
1156,AC00001156,86,1,CURRENT,Active,2024-04-03,252488.29
1157,AC00001157,1,3,Fixed Deposit,Closed,2024-03-22,404553.07
1158,AC00001158,33,3,Fixed Deposit,Active,2023-10-07,245916.86
1159,AC00001159,68,1,Current,active,2024-09-14,83262.86
1160,AC00001160,56,4,Current,active,2026-02-09,280062.68
1161,AC00001161,21,4,CURRENT,Inactive,2024-02-20,448515.83
1162,AC00001162,53,2,Savings,Closed,2023-03-08,14309.25
1163,AC00001163,2,1,saving,Inactive,2025-08-02,237390.38
1164,AC00001164,39,1,CURRENT,active,2024-11-13,110289.58
1165,AC00001165,62,2,Savings,Active,2025-08-24,106677.35
1166,AC00001166,5,4,Current,Active,2024-04-26,363163.5
1167,AC00001167,72,4,saving,Closed,2023-07-08,217636.7
1168,AC00001168,68,1,saving,Dormant,2026-02-12,296581.87
1169,AC00001169,65,2,Current,active,2023-08-24,58757.55
1170,AC00001170,71,4,Savings,Active,2024-04-21,422427.42
1171,AC00001171,31,3,Current,Active,2024-05-13,455854.29
1172,AC00001172,15,2,CURRENT,Dormant,2025-03-14,273795.59
1173,AC00001173,79,1,saving,Active,2026-03-05,400162.62
1174,AC00001174,38,3,CURRENT,Closed,2023-10-11,495921.55
1175,AC00001175,72,2,Current,Dormant,2025-12-01,26458.59
1176,AC00001176,50,4,Current,Closed,2026-07-15,24961.6
1177,AC00001177,51,4,saving,Closed,2022-11-10,446333.55
1178,AC00001178,96,1,Savings,Active,2023-05-04,257802.1
1179,AC00001179,47,1,Fixed Deposit,Dormant,2024-04-13,30117.03
1180,AC00001180,95,2,Fixed Deposit,Dormant,2026-02-15,142612.6
1181,AC00001181,44,1,CURRENT,active,2026-04-20,319670.44
1182,AC00001182,85,2,CURRENT,Inactive,2023-03-04,390414.24
1183,AC00001183,95,1,Savings,Closed,2023-07-11,267757.29
1184,AC00001184,43,2,Fixed Deposit,active,2025-07-11,295610.92
1185,AC00001185,34,2,saving,Closed,2024-12-29,74025.31
1186,AC00001186,33,2,saving,Closed,2024-08-17,46626.46
1187,AC00001187,51,3,saving,Active,2024-04-11,58255.1
1188,AC00001188,54,1,Savings,Dormant,2023-10-22,145837.2
1189,AC00001189,34,1,Savings,active,2022-12-13,375659.92
1190,AC00001190,39,4,Fixed Deposit,Active,2024-06-05,328570.31
1191,AC00001191,30,1,Fixed Deposit,Closed,2023-03-30,270061.5
1192,AC00001192,84,2,saving,Inactive,2024-12-08,247861.43
1193,AC00001193,4,3,Current,Closed,2024-04-02,430955.73
1194,AC00001194,89,1,Fixed Deposit,Active,2026-04-05,409609.18
1195,AC00001195,66,2,Fixed Deposit,Closed,2023-01-29,224243.0
1196,AC00001196,2,1,Fixed Deposit,Dormant,2025-03-26,57366.27
1197,AC00001197,19,1,Fixed Deposit,Dormant,2026-02-25,69666.89
1198,AC00001198,36,3,Fixed Deposit,Inactive,2026-04-16,11235.16
1199,AC00001199,16,3,Current,Active,2024-05-26,133941.76
1200,AC00001200,65,2,Fixed Deposit,Active,2025-05-18,55028.51
1201,AC00001201,89,1,Current,Closed,2023-03-09,414670.87
1202,AC00001202,17,4,saving,Closed,2026-04-05,34266.65
1203,AC00001203,79,4,CURRENT,active,2022-10-06,332243.51
1204,AC00001204,62,3,Fixed Deposit,Dormant,2024-11-07,227828.12
1205,AC00001205,86,3,Savings,Active,2025-01-17,250464.19
1206,AC00001206,46,3,Fixed Deposit,active,2025-07-08,445439.06
1207,AC00001207,42,1,Fixed Deposit,Inactive,2025-12-25,407702.81
1208,AC00001208,41,4,Savings,Inactive,2026-06-27,283829.43
1209,AC00001209,49,1,CURRENT,Closed,2025-04-22,449324.09
1210,AC00001210,75,4,CURRENT,Closed,2026-03-22,150996.86
1211,AC00001211,25,2,Savings,Closed,2024-09-30,81902.81
1212,AC00001212,16,2,Savings,Active,2022-10-26,125760.02
1213,AC00001213,26,3,Fixed Deposit,Inactive,2023-08-29,189217.03
1214,AC00001214,62,2,CURRENT,Closed,2023-01-30,8502.87
1215,AC00001215,38,3,saving,Closed,2025-09-14,464984.31
1216,AC00001216,59,3,saving,Active,2022-11-06,157305.86
1217,AC00001217,95,2,CURRENT,active,2025-04-01,443103.48
1218,AC00001218,57,2,Savings,Active,2024-07-26,107193.54
1219,AC00001219,99,2,Fixed Deposit,Closed,2024-03-13,169039.82
1220,AC00001220,6,2,Fixed Deposit,Inactive,2024-10-28,147206.81
1221,AC00001221,14,1,Savings,Closed,2024-03-29,463399.43
1222,AC00001222,93,3,CURRENT,active,2022-11-19,482033.99
1223,AC00001223,88,4,CURRENT,Dormant,2023-09-30,377133.63
1224,AC00001224,47,3,saving,active,2026-04-14,156135.03
1225,AC00001225,61,2,Fixed Deposit,Inactive,2025-01-04,374930.11
1226,AC00001226,82,1,Current,Dormant,2025-07-22,350169.68
1227,AC00001227,83,2,saving,Dormant,2024-12-28,133086.15
1228,AC00001228,90,1,CURRENT,active,2025-08-18,108950.91
1229,AC00001229,58,4,Current,Closed,2025-03-13,300294.72
1230,AC00001230,7,2,saving,active,2024-02-23,263924.09
1231,AC00001231,68,3,Savings,Dormant,2026-07-08,121019.19
1232,AC00001232,94,1,CURRENT,Dormant,2023-08-10,1098.1
1233,AC00001233,86,4,Current,active,2025-03-01,257313.81
1234,AC00001234,68,2,Fixed Deposit,Inactive,2026-01-01,251995.63
1235,AC00001235,78,1,Fixed Deposit,Dormant,2025-10-03,184688.38
1236,AC00001236,61,3,Savings,Closed,2023-05-11,448830.31
1237,AC00001237,82,1,saving,active,2026-06-01,262794.17
1238,AC00001238,51,2,CURRENT,Closed,2025-04-12,331786.61
1239,AC00001239,68,4,saving,Active,2024-11-12,261773.31
1240,AC00001240,59,4,CURRENT,Active,2023-12-07,196234.26
1241,AC00001241,15,1,saving,Active,2024-11-15,367247.82
1242,AC00001242,60,1,Savings,Closed,2023-04-21,299213.16
1243,AC00001243,40,4,CURRENT,Dormant,2026-06-30,51224.87
1244,AC00001244,66,4,Current,Closed,2026-07-13,191290.29
1245,AC00001245,65,3,Current,active,2023-09-30,418624.74
1246,AC00001246,51,3,CURRENT,Closed,2023-02-14,368600.94
1247,AC00001247,55,1,Fixed Deposit,Inactive,2024-04-24,399427.01
1248,AC00001248,85,3,saving,Inactive,2025-04-25,64020.64
1249,AC00001249,44,4,saving,active,2022-11-28,156607.51
1250,AC00001250,11,3,saving,Closed,2024-05-29,102148.84
1251,AC00001251,78,4,Savings,Dormant,2025-12-05,479853.65
1252,AC00001252,47,1,saving,Active,2025-04-09,273612.22
1253,AC00001253,71,1,CURRENT,Dormant,2022-10-26,499594.99
1254,AC00001254,27,3,saving,Inactive,2025-06-22,12832.88
1255,AC00001255,71,1,CURRENT,Dormant,2024-10-02,151243.04
1256,AC00001256,43,4,Current,Dormant,2026-03-03,74242.28
1257,AC00001257,35,1,saving,active,2026-05-02,12734.97
1258,AC00001258,21,3,Savings,Inactive,2023-02-06,130331.23
1259,AC00001259,83,1,CURRENT,Active,2024-01-02,247023.72
1260,AC00001260,67,4,saving,Inactive,2023-11-10,198768.57
1261,AC00001261,7,1,CURRENT,active,2026-02-22,472182.08
1262,AC00001262,75,4,Current,Dormant,2026-01-14,58288.4
1263,AC00001263,66,4,Current,Dormant,2026-02-11,52235.85
1264,AC00001264,82,3,saving,Dormant,2025-03-25,101955.12
1265,AC00001265,60,4,CURRENT,Closed,2022-11-12,123795.42
1266,AC00001266,7,3,Fixed Deposit,active,2026-02-10,355358.71
1267,AC00001267,35,4,Fixed Deposit,Closed,2024-04-10,100482.43
1268,AC00001268,10,1,Fixed Deposit,Dormant,2023-07-08,99547.38
1269,AC00001269,9,2,Savings,Dormant,2025-07-16,208010.45
1270,AC00001270,84,2,Savings,Inactive,2024-12-04,459388.72
1271,AC00001271,78,1,Current,Inactive,2025-11-27,101423.89
1272,AC00001272,46,4,Fixed Deposit,active,2025-11-02,182389.55
1273,AC00001273,30,4,CURRENT,Inactive,2026-06-02,427324.16
1274,AC00001274,54,3,Savings,Inactive,2024-12-30,477699.62
1275,AC00001275,72,1,saving,Inactive,2023-02-04,236250.04
1276,AC00001276,27,2,Fixed Deposit,Closed,2026-05-10,462108.01
1277,AC00001277,57,3,Fixed Deposit,Inactive,2024-10-30,441715.14
1278,AC00001278,92,4,Savings,active,2023-07-01,437787.14
1279,AC00001279,49,3,Savings,active,2025-10-05,92919.23
1280,AC00001280,90,4,Fixed Deposit,Active,2025-01-29,462480.05
1281,AC00001281,2,2,saving,Active,2026-06-13,243008.92
1282,AC00001282,80,2,Fixed Deposit,active,2022-10-01,236642.25
1283,AC00001283,24,4,Savings,Closed,2025-12-16,219265.35
1284,AC00001284,48,3,Fixed Deposit,Closed,2026-02-02,88464.57
1285,AC00001285,69,2,CURRENT,Dormant,2024-03-15,107475.19
1286,AC00001286,62,4,Fixed Deposit,active,2023-08-08,210617.73
1287,AC00001287,89,1,Fixed Deposit,Active,2024-10-18,197623.25
1288,AC00001288,3,3,saving,Inactive,2024-04-25,334050.79
1289,AC00001289,38,2,Fixed Deposit,Inactive,2022-10-14,7656.46
1290,AC00001290,21,1,saving,Active,2024-03-01,150324.03
1291,AC00001291,77,3,saving,Dormant,2025-05-19,266961.41
1292,AC00001292,29,2,Fixed Deposit,Active,2023-10-13,192381.77
1293,AC00001293,50,4,CURRENT,Closed,2024-07-17,193104.0
1294,AC00001294,21,4,saving,Inactive,2023-02-10,71929.05
1295,AC00001295,71,4,saving,Closed,2026-07-20,392490.73
1296,AC00001296,24,1,Savings,Dormant,2024-09-04,293279.18
1297,AC00001297,89,1,Fixed Deposit,Dormant,2024-06-17,491809.43
1298,AC00001298,22,3,Fixed Deposit,Inactive,2024-02-18,211812.21
1299,AC00001299,60,1,saving,Dormant,2024-07-03,269775.61
1300,AC00001300,86,2,Fixed Deposit,Dormant,2023-07-25,65211.63
1301,AC00001301,85,1,saving,Active,2025-09-23,285814.41
1302,AC00001302,11,1,Savings,Inactive,2023-12-25,25620.0
1303,AC00001303,48,2,saving,Dormant,2025-07-17,498824.67
1304,AC00001304,24,4,Fixed Deposit,Active,2025-01-14,258877.48
1305,AC00001305,92,4,CURRENT,active,2025-09-08,1495.51
1306,AC00001306,6,3,Current,active,2023-05-25,305118.12
1307,AC00001307,3,3,Current,Active,2025-07-27,99371.55
1308,AC00001308,11,4,Fixed Deposit,Closed,2026-05-17,385014.1
1309,AC00001309,79,3,Fixed Deposit,active,2024-10-04,91130.52
1310,AC00001310,94,4,Fixed Deposit,Inactive,2024-09-18,214298.81
1311,AC00001311,83,2,Current,Inactive,2023-04-19,15285.14
1312,AC00001312,94,3,Fixed Deposit,active,2023-12-30,283363.48
1313,AC00001313,94,1,saving,Closed,2023-03-25,450489.2
1314,AC00001314,96,3,saving,Active,2026-07-13,293317.24
1315,AC00001315,28,4,CURRENT,Active,2025-07-01,445000.67
1316,AC00001316,47,1,saving,Dormant,2024-03-27,237534.27
1317,AC00001317,57,3,CURRENT,Active,2024-08-20,370925.45
1318,AC00001318,51,2,Current,Closed,2022-09-18,290633.72
1319,AC00001319,43,2,CURRENT,active,2023-02-27,144522.54
1320,AC00001320,12,4,Current,active,2026-06-12,494201.43
1321,AC00001321,90,1,Fixed Deposit,active,2025-11-22,77266.09
1322,AC00001322,100,4,Current,active,2023-06-02,480994.12
1323,AC00001323,97,3,Savings,Closed,2025-12-29,498258.4
1324,AC00001324,31,1,saving,Inactive,2024-05-21,377471.51
1325,AC00001325,24,3,Fixed Deposit,Inactive,2026-08-08,484353.38
1326,AC00001326,19,1,Fixed Deposit,Dormant,2024-07-12,237089.39
1327,AC00001327,30,3,CURRENT,Inactive,2024-07-15,450781.64
1328,AC00001328,15,3,Fixed Deposit,active,2025-07-02,392116.94
1329,AC00001329,98,1,saving,Dormant,2026-04-13,370625.67
1330,AC00001330,43,2,saving,active,2025-10-13,146892.89
1331,AC00001331,10,4,CURRENT,active,2022-09-10,298250.55
1332,AC00001332,21,4,Fixed Deposit,Closed,2025-08-14,269685.61
1333,AC00001333,52,2,Current,Inactive,2026-03-20,56205.76
1334,AC00001334,3,2,CURRENT,Dormant,2024-09-06,234910.55
1335,AC00001335,31,4,Current,Inactive,2025-04-14,486959.23
1336,AC00001336,71,1,Savings,Dormant,2026-01-27,206870.19
1337,AC00001337,42,1,CURRENT,Closed,2024-08-18,85867.74
1338,AC00001338,90,1,CURRENT,active,2025-03-11,201321.12
1339,AC00001339,13,1,Current,Inactive,2025-11-17,329566.55
1340,AC00001340,24,1,Fixed Deposit,active,2026-04-05,217262.09
1341,AC00001341,44,4,Current,Active,2025-08-28,101925.09
1342,AC00001342,21,1,CURRENT,Inactive,2023-03-14,46715.84
1343,AC00001343,41,3,Fixed Deposit,active,2023-02-04,467320.51
1344,AC00001344,66,2,Current,active,2024-12-26,161898.42
1345,AC00001345,18,3,saving,Active,2024-04-17,487557.84
1346,AC00001346,46,2,CURRENT,Active,2025-03-29,126932.65
1347,AC00001347,56,2,saving,Inactive,2026-04-27,89988.07
1348,AC00001348,33,3,Fixed Deposit,active,2023-10-11,296524.26
1349,AC00001349,64,1,Savings,Closed,2026-03-28,485664.93
1350,AC00001350,69,2,saving,Dormant,2025-11-02,32023.35
1351,AC00001351,13,4,Fixed Deposit,Active,2023-02-16,375871.39
1352,AC00001352,96,4,saving,Dormant,2026-06-09,137547.97
1353,AC00001353,53,2,Current,Closed,2025-01-25,409876.94
1354,AC00001354,18,3,CURRENT,Closed,2025-09-15,266617.52
1355,AC00001355,26,3,Fixed Deposit,Inactive,2023-06-28,179947.98
1356,AC00001356,89,4,Current,Active,2024-02-26,145532.26
1357,AC00001357,52,3,saving,Active,2024-04-30,245052.66
1358,AC00001358,25,4,CURRENT,active,2025-03-27,29062.53
1359,AC00001359,50,2,CURRENT,Dormant,2026-01-07,265027.62
1360,AC00001360,52,4,Savings,Inactive,2024-12-16,124218.31
1361,AC00001361,92,4,CURRENT,Inactive,2024-03-23,19126.1
1362,AC00001362,28,1,saving,Closed,2024-02-12,239451.38
1363,AC00001363,32,2,CURRENT,active,2023-04-09,118449.76
1364,AC00001364,67,1,saving,Closed,2026-01-27,272010.91
1365,AC00001365,3,1,saving,Active,2022-09-23,190363.11
1366,AC00001366,30,4,Current,Closed,2022-10-15,102878.84
1367,AC00001367,61,1,Fixed Deposit,Closed,2024-12-19,56196.27
1368,AC00001368,58,2,CURRENT,Active,2022-12-19,263515.35
1369,AC00001369,14,1,saving,Dormant,2024-12-01,445206.19
1370,AC00001370,8,1,saving,Closed,2024-07-09,367303.58
1371,AC00001371,37,3,CURRENT,Closed,2026-07-17,199961.99
1372,AC00001372,4,1,Current,Inactive,2023-06-27,108910.83
1373,AC00001373,48,1,Savings,Inactive,2023-12-16,18379.64
1374,AC00001374,98,4,Savings,active,2023-04-23,138830.31
1375,AC00001375,64,4,saving,Closed,2026-03-19,316180.92
1376,AC00001376,59,4,Fixed Deposit,active,2024-11-16,479801.38
1377,AC00001377,26,1,Current,active,2024-12-13,372223.75
1378,AC00001378,86,4,saving,Dormant,2024-02-14,484809.46
1379,AC00001379,35,2,saving,Active,2024-10-31,378227.6
1380,AC00001380,4,2,Savings,Dormant,2024-02-11,431758.91
1381,AC00001381,89,1,saving,Inactive,2025-10-03,181646.41
1382,AC00001382,19,2,CURRENT,Active,2025-12-15,432588.53
1383,AC00001383,45,1,Fixed Deposit,active,2025-02-12,419962.12
1384,AC00001384,63,3,Current,Dormant,2024-10-03,61684.76
1385,AC00001385,81,4,Current,Inactive,2024-06-04,104240.19
1386,AC00001386,99,4,Fixed Deposit,Inactive,2025-04-02,27413.09
1387,AC00001387,8,4,CURRENT,Closed,2023-10-03,258891.36
1388,AC00001388,23,3,Fixed Deposit,Closed,2024-01-07,368028.96
1389,AC00001389,27,2,Savings,active,2025-12-21,285186.08
1390,AC00001390,78,2,Savings,Closed,2026-08-07,306471.57
1391,AC00001391,65,3,CURRENT,Inactive,2025-09-28,331097.07
1392,AC00001392,68,3,CURRENT,Inactive,2026-05-11,291635.37
1393,AC00001393,95,3,saving,active,2023-02-28,285269.0
1394,AC00001394,37,2,Current,Inactive,2022-10-15,307782.58
1395,AC00001395,6,4,Fixed Deposit,active,2024-08-10,381572.98
1396,AC00001396,17,3,CURRENT,active,2024-06-20,490185.49
1397,AC00001397,98,4,CURRENT,Active,2024-04-26,47027.55
1398,AC00001398,91,2,Fixed Deposit,Closed,2023-07-31,436614.73
1399,AC00001399,45,2,Current,Active,2025-03-11,143441.39
1400,AC00001400,43,2,Fixed Deposit,Inactive,2024-06-20,252805.03
1401,AC00001401,32,1,Fixed Deposit,Active,2024-08-11,293567.01
1402,AC00001402,57,4,CURRENT,Dormant,2025-06-17,1405.07
1403,AC00001403,66,2,saving,Inactive,2023-07-17,301535.76
1404,AC00001404,96,1,saving,active,2023-06-22,255059.74
1405,AC00001405,20,3,saving,Inactive,2025-03-26,150056.53
1406,AC00001406,43,3,Fixed Deposit,Dormant,2025-10-06,471532.7
1407,AC00001407,51,1,Savings,active,2023-02-25,189703.72
1408,AC00001408,13,4,Fixed Deposit,Closed,2023-08-01,412340.56
1409,AC00001409,2,4,Fixed Deposit,Closed,2025-01-26,57531.64
1410,AC00001410,99,4,Fixed Deposit,active,2024-11-02,126733.39
1411,AC00001411,49,1,Fixed Deposit,Closed,2026-01-22,28225.63
1412,AC00001412,91,3,Fixed Deposit,Active,2026-06-02,425280.73
1413,AC00001413,47,2,Fixed Deposit,active,2026-05-14,403363.53
1414,AC00001414,33,2,CURRENT,Closed,2023-06-12,135014.75
1415,AC00001415,72,2,Savings,Closed,2023-10-17,355928.95
1416,AC00001416,98,3,saving,Inactive,2026-04-17,455837.76
1417,AC00001417,54,4,Fixed Deposit,Closed,2024-08-16,297570.03
1418,AC00001418,61,4,Fixed Deposit,Active,2023-07-14,243642.42
1419,AC00001419,27,1,saving,Closed,2022-08-30,30800.12
1420,AC00001420,76,3,Savings,active,2025-10-30,272973.3
1421,AC00001421,74,3,Fixed Deposit,active,2023-07-28,485850.31
1422,AC00001422,11,1,Current,Closed,2026-04-27,55032.87
1423,AC00001423,16,3,CURRENT,Closed,2023-03-20,373085.17
1424,AC00001424,69,1,saving,Inactive,2022-11-06,205060.37
1425,AC00001425,97,4,Savings,Closed,2024-09-06,220517.87
1426,AC00001426,1,3,Savings,Active,2023-10-29,294158.35
1427,AC00001427,65,1,Savings,active,2025-05-26,398827.22
1428,AC00001428,99,3,CURRENT,active,2026-04-18,393483.67
1429,AC00001429,96,2,Current,Inactive,2023-07-23,309651.96
1430,AC00001430,48,4,Fixed Deposit,active,2025-08-28,169498.57
1431,AC00001431,32,1,Savings,active,2022-12-22,66091.63
1432,AC00001432,19,2,CURRENT,active,2022-12-29,240690.72
1433,AC00001433,73,2,Fixed Deposit,active,2025-10-02,488795.15
1434,AC00001434,5,1,saving,Closed,2024-11-14,348386.05
1435,AC00001435,22,1,CURRENT,Inactive,2025-10-28,185253.53
1436,AC00001436,81,4,CURRENT,Inactive,2025-09-21,307237.27
1437,AC00001437,44,4,saving,Inactive,2025-01-02,78108.28
1438,AC00001438,8,1,Fixed Deposit,Inactive,2024-02-22,115990.75
1439,AC00001439,52,2,CURRENT,Dormant,2025-07-20,497142.32
1440,AC00001440,18,3,Current,Closed,2023-01-08,340523.82
1441,AC00001441,67,2,Fixed Deposit,Closed,2024-04-27,456545.85
1442,AC00001442,8,4,saving,active,2026-04-21,298569.17
1443,AC00001443,90,1,Savings,active,2025-03-30,420799.56
1444,AC00001444,10,1,Current,active,2024-11-02,230888.36
1445,AC00001445,70,4,Current,Closed,2024-04-04,396214.91
1446,AC00001446,98,4,Fixed Deposit,Closed,2024-04-10,428457.0
1447,AC00001447,14,4,Current,Inactive,2025-09-11,449544.52
1448,AC00001448,41,4,Current,Dormant,2023-10-08,49604.58
1449,AC00001449,19,4,Current,Active,2025-01-16,436926.28
1450,AC00001450,88,3,Savings,Inactive,2026-05-29,298680.54
1451,AC00001451,73,2,Savings,Active,2024-12-08,365522.24
1452,AC00001452,34,2,saving,active,2025-06-10,172420.26
1453,AC00001453,69,3,Savings,Dormant,2025-02-01,68878.19
1454,AC00001454,12,1,CURRENT,Inactive,2025-06-28,422708.19
1455,AC00001455,42,3,saving,Inactive,2023-04-21,134394.31
1456,AC00001456,74,4,saving,Active,2024-09-14,126631.39
1457,AC00001457,76,3,saving,Inactive,2024-10-12,180810.49
1458,AC00001458,40,2,Fixed Deposit,Closed,2022-12-09,202388.99
1459,AC00001459,89,3,saving,active,2026-05-18,80600.98
1460,AC00001460,86,1,saving,Closed,2022-11-17,17586.68
1461,AC00001461,82,4,CURRENT,Inactive,2026-02-06,51284.1
1462,AC00001462,5,4,Savings,Inactive,2026-03-19,457017.69
1463,AC00001463,64,1,Fixed Deposit,Inactive,2024-05-10,179109.53
1464,AC00001464,40,4,Fixed Deposit,Closed,2025-08-25,212540.34
1465,AC00001465,13,1,saving,Inactive,2023-12-09,323632.18
1466,AC00001466,74,2,CURRENT,Active,2022-10-04,215204.66
1467,AC00001467,20,2,Savings,Active,2024-01-14,326486.79
1468,AC00001468,14,1,Fixed Deposit,active,2023-08-18,189588.81
1469,AC00001469,42,2,Fixed Deposit,active,2022-12-19,89834.51
1470,AC00001470,97,2,Fixed Deposit,Inactive,2026-06-06,78526.46
1471,AC00001471,90,3,Fixed Deposit,Active,2023-07-27,95112.12
1472,AC00001472,64,2,Current,Active,2022-09-13,147744.58
1473,AC00001473,3,4,CURRENT,active,2024-04-20,256733.92
1474,AC00001474,4,2,Current,Active,2024-03-12,127812.83
1475,AC00001475,20,2,Current,Closed,2023-12-01,234681.46
1476,AC00001476,6,3,Current,Active,2023-06-18,312762.68
1477,AC00001477,69,1,Fixed Deposit,Dormant,2024-05-28,280051.0
1478,AC00001478,86,2,CURRENT,Inactive,2025-07-24,87422.13
1479,AC00001479,62,4,saving,Inactive,2026-02-19,151974.62
1480,AC00001480,77,2,saving,Closed,2024-05-05,145131.14
1481,AC00001481,22,2,CURRENT,Dormant,2024-11-13,362045.68
1482,AC00001482,1,2,CURRENT,Dormant,2023-06-21,38306.09
1483,AC00001483,44,2,Fixed Deposit,Dormant,2022-10-13,257118.42
1484,AC00001484,98,3,CURRENT,active,2026-01-07,395333.27
1485,AC00001485,95,3,saving,Closed,2025-12-16,458923.77
1486,AC00001486,4,2,Savings,Inactive,2024-10-08,90520.23
1487,AC00001487,64,3,Fixed Deposit,Inactive,2023-08-23,232102.77
1488,AC00001488,66,2,Savings,Closed,2026-02-15,273096.57
1489,AC00001489,26,4,Current,Dormant,2025-08-24,146441.18
1490,AC00001490,47,3,Current,Dormant,2024-08-11,448335.78
1491,AC00001491,49,4,Current,Dormant,2025-09-05,238287.72
1492,AC00001492,14,4,Savings,Dormant,2023-09-10,215783.31
1493,AC00001493,33,4,Current,Active,2023-03-13,448813.65
1494,AC00001494,82,3,Current,Closed,2026-01-17,474348.33
1495,AC00001495,39,3,Savings,active,2025-10-20,493864.31
1496,AC00001496,5,1,CURRENT,Active,2024-12-09,293011.8
1497,AC00001497,10,2,Savings,Dormant,2023-06-19,375403.94
1498,AC00001498,96,3,Savings,Closed,2023-01-06,109846.75
1499,AC00001499,54,2,CURRENT,active,2022-09-01,231340.98
1500,AC00001500,95,2,Fixed Deposit,active,2022-12-04,277471.04
1501,AC00001501,50,3,Current,Closed,2024-07-12,242244.34
1502,AC00001502,68,1,Savings,active,2023-09-26,4241.99
1503,AC00001503,96,4,Current,Active,2025-07-22,307230.73
1504,AC00001504,42,1,Current,Active,2023-12-19,113454.09
1505,AC00001505,28,4,Fixed Deposit,Active,2023-08-30,90518.54
1506,AC00001506,53,4,Fixed Deposit,Closed,2024-01-01,349222.11
1507,AC00001507,3,3,Current,Active,2025-03-01,330925.23
1508,AC00001508,87,3,CURRENT,Active,2025-05-14,346917.9
1509,AC00001509,36,2,CURRENT,Dormant,2025-04-04,210781.39
1510,AC00001510,69,4,saving,Inactive,2024-05-12,339861.57
1511,AC00001511,90,1,Fixed Deposit,active,2024-07-15,482009.63
1512,AC00001512,27,2,saving,Dormant,2023-12-06,418150.94
1513,AC00001513,46,1,Current,Inactive,2022-10-14,287219.28
1514,AC00001514,5,1,saving,Active,2022-11-10,158658.48
1515,AC00001515,56,1,Current,Closed,2023-12-23,51499.79
1516,AC00001516,94,2,saving,Active,2023-09-09,68660.56
1517,AC00001517,45,1,Savings,Active,2026-06-07,267009.4
1518,AC00001518,75,2,saving,Inactive,2025-07-05,380396.14
1519,AC00001519,100,1,Fixed Deposit,Dormant,2025-11-19,19753.38
1520,AC00001520,74,4,Savings,Inactive,2023-03-24,38135.05
1521,AC00001521,98,3,Savings,active,2024-11-13,366314.83
1522,AC00001522,38,4,Fixed Deposit,active,2025-07-30,173182.86
1523,AC00001523,90,1,saving,Inactive,2025-01-04,363062.13
1524,AC00001524,65,1,Fixed Deposit,Closed,2023-09-08,174622.95
1525,AC00001525,56,3,Fixed Deposit,Closed,2025-05-13,292795.37
1526,AC00001526,88,3,Current,Closed,2026-06-04,207592.28
1527,AC00001527,61,3,CURRENT,Inactive,2022-12-15,100082.2
1528,AC00001528,77,3,saving,Closed,2023-07-06,225503.04
1529,AC00001529,73,4,Fixed Deposit,Dormant,2026-07-25,397770.94
1530,AC00001530,12,3,Fixed Deposit,Closed,2023-07-18,13468.03
1531,AC00001531,15,1,Savings,active,2025-01-03,179766.91
1532,AC00001532,7,1,Fixed Deposit,Dormant,2024-08-24,232687.94
1533,AC00001533,82,3,CURRENT,Inactive,2023-12-23,295653.4
1534,AC00001534,87,4,Current,active,2023-03-08,123260.4
1535,AC00001535,84,3,Current,Active,2023-05-02,54160.35
1536,AC00001536,43,4,saving,Closed,2024-03-27,441120.16
1537,AC00001537,14,4,Current,Active,2024-10-13,231052.96
1538,AC00001538,31,2,Savings,active,2024-10-11,273335.26
1539,AC00001539,46,3,Current,Inactive,2024-07-18,482493.14
1540,AC00001540,13,1,Fixed Deposit,active,2022-11-25,287054.9
1541,AC00001541,51,4,saving,active,2024-11-28,355755.65
1542,AC00001542,66,2,Savings,Inactive,2026-05-07,355224.01
1543,AC00001543,37,4,Current,Dormant,2026-06-09,366248.58
1544,AC00001544,15,2,Savings,Inactive,2024-10-04,109314.26
1545,AC00001545,81,3,Current,Active,2026-02-19,212739.84
1546,AC00001546,69,2,Savings,Dormant,2022-12-16,135026.61
1547,AC00001547,88,2,Fixed Deposit,Closed,2023-06-17,395169.52
1548,AC00001548,96,2,saving,Dormant,2024-04-24,38119.33
1549,AC00001549,93,4,CURRENT,Dormant,2025-09-11,171164.95
1550,AC00001550,38,4,saving,Dormant,2023-02-11,49277.61
1551,AC00001551,75,3,Savings,Dormant,2026-04-21,47866.33
1552,AC00001552,78,3,Current,active,2025-02-13,34878.9
1553,AC00001553,3,2,Current,Inactive,2023-10-29,407705.91
1554,AC00001554,5,2,CURRENT,Dormant,2024-09-14,333917.3
1555,AC00001555,44,1,Savings,Active,2023-12-02,211367.88
1556,AC00001556,69,1,saving,Closed,2025-05-24,120506.87
1557,AC00001557,88,1,Fixed Deposit,active,2023-10-09,451795.83
1558,AC00001558,38,3,CURRENT,Dormant,2024-08-21,142367.47
1559,AC00001559,27,2,Current,active,2025-06-18,446797.62
1560,AC00001560,15,4,saving,Inactive,2026-02-04,141399.06
1561,AC00001561,59,3,CURRENT,Dormant,2023-10-09,229384.69
1562,AC00001562,34,1,Savings,Dormant,2024-08-17,86822.64
1563,AC00001563,92,2,Fixed Deposit,active,2024-04-02,346037.06
1564,AC00001564,48,3,saving,Active,2022-11-14,28170.43
1565,AC00001565,10,1,saving,Active,2026-03-05,481189.39
1566,AC00001566,59,3,saving,Dormant,2023-07-30,163229.67
1567,AC00001567,70,4,Fixed Deposit,Inactive,2023-04-26,153103.87
1568,AC00001568,11,3,CURRENT,Inactive,2024-01-12,203754.94
1569,AC00001569,70,4,saving,Closed,2026-07-15,337962.98
1570,AC00001570,93,3,Current,active,2022-10-01,304040.86
1571,AC00001571,11,2,saving,Dormant,2023-06-29,493512.66
1572,AC00001572,18,4,Current,active,2025-07-14,92495.44
1573,AC00001573,39,3,saving,Active,2026-06-29,364983.36
1574,AC00001574,80,1,CURRENT,Closed,2023-07-16,359217.08
1575,AC00001575,95,4,CURRENT,Dormant,2023-01-13,43798.99
1576,AC00001576,94,1,Savings,Inactive,2024-06-30,7055.33
1577,AC00001577,29,2,CURRENT,Inactive,2023-05-12,398822.59
1578,AC00001578,11,4,Current,Active,2026-03-14,96964.46
1579,AC00001579,11,2,saving,Active,2025-03-07,336783.43
1580,AC00001580,16,2,Fixed Deposit,Dormant,2024-02-10,424334.67
1581,AC00001581,99,4,CURRENT,Dormant,2024-12-23,171988.41
1582,AC00001582,5,1,Fixed Deposit,active,2022-09-05,849.98
1583,AC00001583,75,3,saving,active,2025-09-13,412100.25
1584,AC00001584,21,4,CURRENT,Inactive,2026-02-21,307164.24
1585,AC00001585,2,2,CURRENT,Inactive,2025-06-23,34428.34
1586,AC00001586,36,4,CURRENT,Inactive,2022-09-03,465356.34
1587,AC00001587,83,4,Current,Inactive,2023-05-05,248992.56
1588,AC00001588,6,4,saving,Inactive,2023-08-16,371034.81
1589,AC00001589,81,1,saving,Dormant,2023-03-19,179073.43
1590,AC00001590,69,3,CURRENT,Inactive,2023-05-01,302707.8
1591,AC00001591,81,3,CURRENT,Dormant,2024-06-21,446848.21
1592,AC00001592,67,1,Fixed Deposit,Dormant,2026-05-25,207314.37
1593,AC00001593,28,4,CURRENT,Closed,2024-11-10,470378.25
1594,AC00001594,21,4,Current,active,2023-02-22,223513.37
1595,AC00001595,51,3,Fixed Deposit,active,2024-12-19,323407.08
1596,AC00001596,88,4,Savings,Active,2025-04-15,332661.24
1597,AC00001597,16,4,Fixed Deposit,Inactive,2024-09-29,406678.33
1598,AC00001598,37,1,CURRENT,Inactive,2022-12-26,401574.75
1599,AC00001599,93,2,Fixed Deposit,Closed,2023-03-10,416464.29
1600,AC00001600,96,2,Fixed Deposit,Dormant,2025-11-29,491100.85
1601,AC00001601,57,1,CURRENT,Dormant,2024-02-25,149559.83
1602,AC00001602,65,4,saving,Closed,2022-09-20,230994.2
1603,AC00001603,46,1,Fixed Deposit,Inactive,2024-09-01,438256.86
1604,AC00001604,63,2,Current,active,2025-08-31,379355.99
1605,AC00001605,45,1,Fixed Deposit,Inactive,2026-05-31,365436.6
1606,AC00001606,93,2,Current,Closed,2022-08-31,247589.68
1607,AC00001607,23,1,saving,Inactive,2024-10-25,438499.43
1608,AC00001608,70,3,Current,active,2026-08-02,242332.49
1609,AC00001609,30,4,CURRENT,Inactive,2024-05-19,493819.62
1610,AC00001610,13,4,Current,Closed,2022-11-27,342704.24
1611,AC00001611,14,2,CURRENT,Closed,2024-03-14,396450.34
1612,AC00001612,50,2,Savings,Dormant,2023-12-24,243747.65
1613,AC00001613,83,2,Current,Closed,2025-03-02,368136.75
1614,AC00001614,84,2,CURRENT,Closed,2022-10-04,306067.7
1615,AC00001615,6,2,saving,Closed,2025-08-04,415618.19
1616,AC00001616,35,3,Fixed Deposit,Dormant,2025-04-03,128706.63
1617,AC00001617,21,4,saving,active,2026-06-15,37672.89
1618,AC00001618,70,1,Current,Closed,2025-11-18,16600.88
1619,AC00001619,15,2,Savings,Closed,2024-06-17,320914.41
1620,AC00001620,38,3,Fixed Deposit,Active,2025-07-30,35516.26
1621,AC00001621,68,1,CURRENT,Closed,2024-10-05,274689.22
1622,AC00001622,9,1,Savings,Inactive,2024-10-07,210589.93
1623,AC00001623,42,3,CURRENT,Active,2025-08-30,422154.42
1624,AC00001624,55,3,Current,Closed,2024-07-08,164763.36
1625,AC00001625,45,4,Current,Dormant,2024-01-02,398267.96
1626,AC00001626,54,1,Current,Inactive,2024-02-14,130775.63
1627,AC00001627,37,3,saving,Active,2026-04-27,142307.2
1628,AC00001628,62,2,Fixed Deposit,Inactive,2023-01-11,334813.81
1629,AC00001629,32,2,saving,active,2024-07-27,443438.76
1630,AC00001630,82,2,Fixed Deposit,Inactive,2024-03-05,248452.69
1631,AC00001631,68,3,Current,Dormant,2026-07-23,324019.09
1632,AC00001632,74,4,Savings,Active,2025-03-17,162811.25
1633,AC00001633,87,1,Savings,Dormant,2025-08-26,491737.74
1634,AC00001634,37,2,Current,Active,2023-07-11,362394.9
1635,AC00001635,29,1,saving,Dormant,2026-04-13,220516.19
1636,AC00001636,66,4,CURRENT,Inactive,2024-11-24,497293.96
1637,AC00001637,79,2,Fixed Deposit,Closed,2024-11-18,309125.57
1638,AC00001638,88,3,Current,Dormant,2025-06-22,474863.19
1639,AC00001639,7,4,CURRENT,active,2026-01-21,17723.5
1640,AC00001640,78,4,saving,Active,2023-06-19,193498.68
1641,AC00001641,93,3,saving,Active,2025-10-02,12254.3
1642,AC00001642,8,2,Savings,active,2024-07-08,218865.46
1643,AC00001643,92,4,CURRENT,Active,2023-11-25,269568.26
1644,AC00001644,64,1,saving,Dormant,2026-07-30,427547.3
1645,AC00001645,85,2,saving,Inactive,2023-10-26,490769.59
1646,AC00001646,55,1,Savings,Dormant,2022-12-29,383312.57
1647,AC00001647,67,4,Fixed Deposit,Active,2026-02-06,195006.86
1648,AC00001648,42,1,Savings,active,2024-04-19,180813.96
1649,AC00001649,23,3,Savings,Active,2022-09-16,133771.66
1650,AC00001650,27,3,saving,active,2025-05-09,322518.01
1651,AC00001651,88,3,Savings,active,2023-07-26,350376.03
1652,AC00001652,21,2,CURRENT,active,2024-04-06,334270.24
1653,AC00001653,59,3,saving,Inactive,2025-10-19,476092.05
1654,AC00001654,36,1,saving,Active,2024-12-07,116579.79
1655,AC00001655,32,1,saving,Inactive,2026-02-14,211618.55
1656,AC00001656,84,1,saving,Dormant,2026-04-11,257777.52
1657,AC00001657,25,2,saving,Active,2023-12-26,415825.46
1658,AC00001658,51,3,Current,Dormant,2024-06-06,29846.07
1659,AC00001659,65,4,Savings,Dormant,2024-06-29,107350.56
1660,AC00001660,79,4,Current,active,2023-08-28,269209.18
1661,AC00001661,79,3,Current,Active,2025-12-06,310563.12
1662,AC00001662,40,4,Current,active,2023-08-17,98337.96
1663,AC00001663,24,3,Fixed Deposit,Dormant,2023-01-17,190289.14
1664,AC00001664,40,1,saving,Active,2025-06-16,412349.54
1665,AC00001665,23,3,saving,Active,2023-04-29,487579.66
1666,AC00001666,49,3,CURRENT,Active,2026-02-21,155960.16
1667,AC00001667,45,4,Current,Inactive,2026-05-09,185204.15
1668,AC00001668,29,3,Current,active,2023-10-09,197990.35
1669,AC00001669,34,2,Savings,Closed,2023-05-02,3979.47
1670,AC00001670,68,3,Fixed Deposit,active,2026-01-06,122618.48
1671,AC00001671,66,1,Current,active,2024-09-06,305065.01
1672,AC00001672,5,3,saving,active,2026-07-22,325438.97
1673,AC00001673,81,4,saving,Active,2025-06-23,399647.31
1674,AC00001674,47,3,Current,Closed,2026-04-11,193980.67
1675,AC00001675,48,1,CURRENT,Dormant,2023-08-13,187213.98
1676,AC00001676,61,4,CURRENT,Inactive,2026-03-26,86194.77
1677,AC00001677,21,1,Fixed Deposit,Inactive,2023-03-17,273993.55
1678,AC00001678,32,4,CURRENT,Inactive,2025-09-07,447607.09
1679,AC00001679,36,1,saving,Dormant,2024-05-19,162596.82
1680,AC00001680,11,2,Current,Dormant,2024-12-19,141228.51
1681,AC00001681,55,3,CURRENT,active,2023-04-18,367379.25
1682,AC00001682,46,2,saving,active,2024-05-17,218513.16
1683,AC00001683,90,1,saving,Inactive,2024-08-03,416631.02
1684,AC00001684,18,1,Current,Active,2024-12-31,341333.71
1685,AC00001685,94,2,Current,Active,2024-01-16,261609.9
1686,AC00001686,43,1,Fixed Deposit,Inactive,2026-06-12,306345.12
1687,AC00001687,6,4,saving,Closed,2025-12-12,111162.69
1688,AC00001688,23,4,CURRENT,active,2024-06-14,150176.8
1689,AC00001689,17,3,Current,Active,2022-12-20,433284.95
1690,AC00001690,91,4,Current,Closed,2022-09-26,266577.12
1691,AC00001691,81,4,Current,Inactive,2025-11-13,406499.11
1692,AC00001692,95,2,Savings,Dormant,2025-05-04,241866.78
1693,AC00001693,69,2,saving,Dormant,2023-08-01,99724.99
1694,AC00001694,77,4,Current,Active,2025-08-29,285205.49
1695,AC00001695,13,4,Savings,Active,2024-11-25,374992.09
1696,AC00001696,46,1,Savings,active,2025-07-21,423964.63
1697,AC00001697,97,4,Savings,Dormant,2025-12-01,332772.87
1698,AC00001698,43,1,Savings,active,2024-09-14,243673.86
1699,AC00001699,37,1,Current,Inactive,2023-02-20,124599.78
1700,AC00001700,80,3,Current,active,2024-04-13,428225.26
1701,AC00001701,92,1,CURRENT,active,2026-08-06,442240.73
1702,AC00001702,31,1,CURRENT,Inactive,2024-08-12,448772.08
1703,AC00001703,65,1,saving,Inactive,2025-11-23,173557.68
1704,AC00001704,2,4,CURRENT,Active,2026-05-20,184992.75
1705,AC00001705,80,2,Fixed Deposit,active,2024-07-03,108237.08
1706,AC00001706,14,2,CURRENT,active,2026-01-26,160881.42
1707,AC00001707,65,4,saving,Inactive,2023-05-28,136451.48
1708,AC00001708,4,4,saving,active,2024-10-17,64209.99
1709,AC00001709,79,2,Fixed Deposit,Dormant,2026-07-25,53912.8
1710,AC00001710,3,3,Current,Dormant,2026-04-21,213023.11
1711,AC00001711,90,3,CURRENT,Inactive,2025-02-16,39017.04
1712,AC00001712,77,4,Fixed Deposit,Closed,2023-12-09,135945.89
1713,AC00001713,79,1,Savings,Closed,2023-01-11,17668.03
1714,AC00001714,63,3,Savings,active,2024-04-19,131149.51
1715,AC00001715,78,4,Fixed Deposit,Closed,2025-02-27,459906.51
1716,AC00001716,29,4,CURRENT,Dormant,2026-05-23,443061.89
1717,AC00001717,4,3,CURRENT,Active,2025-12-27,272200.48
1718,AC00001718,72,1,Savings,Closed,2022-10-01,111403.12
1719,AC00001719,99,3,saving,Inactive,2023-03-05,114090.22
1720,AC00001720,55,3,CURRENT,active,2024-05-03,395853.99
1721,AC00001721,44,4,CURRENT,Dormant,2025-03-26,16410.6
1722,AC00001722,69,1,Savings,active,2023-08-04,325191.24
1723,AC00001723,55,1,Savings,Active,2023-06-01,192290.75
1724,AC00001724,39,1,Savings,Inactive,2023-03-27,162854.66
1725,AC00001725,83,3,Fixed Deposit,Dormant,2024-04-15,172650.79
1726,AC00001726,62,4,Fixed Deposit,Active,2024-07-02,229551.93
1727,AC00001727,67,4,CURRENT,active,2024-12-17,52451.9
1728,AC00001728,95,3,CURRENT,Closed,2024-07-17,171298.27
1729,AC00001729,2,4,Current,Closed,2023-04-27,447543.05
1730,AC00001730,85,2,CURRENT,Dormant,2025-01-25,387983.87
1731,AC00001731,16,2,Current,Closed,2025-09-29,46221.66
1732,AC00001732,27,4,CURRENT,active,2023-05-31,82111.15
1733,AC00001733,69,3,Current,Closed,2023-04-18,126321.78
1734,AC00001734,4,4,Savings,Closed,2024-11-05,399769.19
1735,AC00001735,90,4,Current,Closed,2026-08-04,16039.0
1736,AC00001736,31,2,Current,Dormant,2023-11-26,19300.94
1737,AC00001737,94,3,saving,Inactive,2023-01-26,46254.5
1738,AC00001738,31,1,Savings,Inactive,2024-06-14,185928.48
1739,AC00001739,13,2,saving,Inactive,2022-10-23,378462.12
1740,AC00001740,85,4,CURRENT,active,2024-06-24,163392.35
1741,AC00001741,32,2,Fixed Deposit,Closed,2022-09-01,51808.53
1742,AC00001742,96,2,Fixed Deposit,active,2024-09-03,95375.39
1743,AC00001743,91,1,CURRENT,Inactive,2023-06-14,106848.1
1744,AC00001744,77,4,CURRENT,Inactive,2024-04-15,30871.49
1745,AC00001745,83,4,saving,active,2025-03-14,210866.88
1746,AC00001746,29,4,CURRENT,active,2026-01-07,425096.29
1747,AC00001747,100,3,Savings,active,2023-12-13,181797.58
1748,AC00001748,10,2,CURRENT,Active,2023-05-15,197388.45
1749,AC00001749,30,3,Fixed Deposit,Inactive,2023-04-30,8285.46
1750,AC00001750,57,4,CURRENT,Active,2024-10-24,392427.55
1751,AC00001751,83,4,Savings,active,2026-06-08,403320.33
1752,AC00001752,77,4,Savings,Active,2024-08-10,351774.02
1753,AC00001753,96,2,CURRENT,active,2022-12-29,368560.19
1754,AC00001754,54,1,Savings,active,2023-03-06,163701.52
1755,AC00001755,43,3,Current,Active,2022-10-29,305660.22
1756,AC00001756,16,2,Current,Inactive,2023-01-05,273426.79
1757,AC00001757,52,2,Fixed Deposit,Active,2024-04-02,66683.46
1758,AC00001758,87,4,Savings,Active,2023-10-21,229266.59
1759,AC00001759,94,1,CURRENT,active,2026-06-27,207450.89
1760,AC00001760,99,1,Fixed Deposit,active,2023-11-25,166537.08
1761,AC00001761,5,1,CURRENT,Dormant,2024-07-07,27305.12
1762,AC00001762,36,3,saving,Active,2026-04-12,446701.65
1763,AC00001763,32,4,Savings,Closed,2024-10-27,309468.9
1764,AC00001764,21,2,saving,Closed,2025-05-15,36802.71
1765,AC00001765,24,2,Savings,Dormant,2025-01-13,397483.05
1766,AC00001766,72,1,CURRENT,active,2024-10-03,205185.44
1767,AC00001767,33,2,Fixed Deposit,Closed,2025-12-06,487098.89
1768,AC00001768,58,4,CURRENT,Closed,2025-11-28,178064.31
1769,AC00001769,38,2,Fixed Deposit,Inactive,2023-05-04,412512.34
1770,AC00001770,80,3,Fixed Deposit,Inactive,2024-11-04,196985.08
1771,AC00001771,60,3,Current,active,2023-05-22,451647.61
1772,AC00001772,14,3,CURRENT,Closed,2026-05-05,279174.19
1773,AC00001773,45,1,Savings,active,2025-06-21,323352.45
1774,AC00001774,23,2,Savings,Active,2025-03-28,165812.0
1775,AC00001775,29,4,saving,Dormant,2025-01-22,252536.09
1776,AC00001776,23,4,CURRENT,Dormant,2025-08-12,463492.63
1777,AC00001777,63,4,CURRENT,Active,2022-09-08,156740.41
1778,AC00001778,22,1,saving,active,2024-04-07,156374.34
1779,AC00001779,30,4,Savings,Dormant,2024-11-18,63861.69
1780,AC00001780,82,4,Current,Inactive,2024-11-25,445766.61
1781,AC00001781,94,3,CURRENT,Dormant,2023-06-29,348033.65
1782,AC00001782,14,4,saving,Closed,2024-07-23,106498.86
1783,AC00001783,72,4,Fixed Deposit,Active,2025-08-10,127988.12
1784,AC00001784,72,2,CURRENT,Inactive,2022-11-15,261485.47
1785,AC00001785,71,4,Current,Dormant,2025-11-30,121899.17
1786,AC00001786,81,4,CURRENT,Inactive,2025-08-22,271291.62
1787,AC00001787,35,3,Fixed Deposit,Inactive,2023-12-02,355734.09
1788,AC00001788,26,4,Fixed Deposit,Inactive,2023-05-25,418206.87
1789,AC00001789,30,1,CURRENT,Active,2025-01-14,264525.23
1790,AC00001790,43,4,saving,Inactive,2023-05-06,49427.8
1791,AC00001791,44,3,Current,Active,2022-10-11,413655.51
1792,AC00001792,3,2,Savings,Active,2025-03-09,77112.74
1793,AC00001793,46,1,CURRENT,Active,2024-12-20,81717.33
1794,AC00001794,27,1,CURRENT,Inactive,2026-08-05,494327.46
1795,AC00001795,28,2,Fixed Deposit,active,2024-02-01,185465.78
1796,AC00001796,24,1,Fixed Deposit,Inactive,2025-12-23,377273.22
1797,AC00001797,86,4,CURRENT,Closed,2024-07-21,429405.07
1798,AC00001798,47,1,CURRENT,Closed,2024-10-05,323911.81
1799,AC00001799,3,2,saving,Inactive,2026-07-13,295113.18
1800,AC00001800,55,3,Savings,Dormant,2025-10-06,290082.67
1801,AC00001801,30,2,CURRENT,Inactive,2024-10-23,414249.5
1802,AC00001802,20,1,Fixed Deposit,Dormant,2026-01-15,317914.27
1803,AC00001803,66,4,Current,Active,2024-12-27,244344.36
1804,AC00001804,34,2,saving,Dormant,2023-11-16,261516.41
1805,AC00001805,100,1,Fixed Deposit,Active,2023-05-08,81230.71
1806,AC00001806,38,1,Current,Dormant,2024-11-21,248727.87
1807,AC00001807,88,1,Savings,active,2024-11-22,122908.2
1808,AC00001808,79,4,Savings,Active,2025-12-30,13265.36
1809,AC00001809,7,3,saving,Dormant,2023-09-11,94187.36
1810,AC00001810,85,1,Current,active,2024-08-03,408211.07
1811,AC00001811,94,2,Fixed Deposit,Closed,2024-04-12,399718.42
1812,AC00001812,67,1,CURRENT,Inactive,2024-05-25,300365.34
1813,AC00001813,19,1,CURRENT,Active,2026-01-11,295046.94
1814,AC00001814,40,2,CURRENT,active,2023-06-17,191134.14
1815,AC00001815,59,2,Fixed Deposit,Active,2024-08-17,487551.3
1816,AC00001816,90,1,Current,active,2024-01-28,417832.61
1817,AC00001817,16,2,saving,Active,2026-05-19,444865.13
1818,AC00001818,52,4,CURRENT,Closed,2025-01-17,409269.79
1819,AC00001819,1,4,Fixed Deposit,Closed,2025-05-26,179954.51
1820,AC00001820,69,3,Savings,Dormant,2025-05-16,206540.6
1821,AC00001821,94,3,CURRENT,active,2024-08-26,391502.48
1822,AC00001822,12,2,CURRENT,active,2023-03-04,467593.47
1823,AC00001823,64,2,Savings,Dormant,2026-03-19,333466.42
1824,AC00001824,86,3,saving,Closed,2023-05-29,472352.89
1825,AC00001825,7,3,Fixed Deposit,Dormant,2023-08-27,184832.43
1826,AC00001826,10,2,saving,Dormant,2023-10-05,182517.67
1827,AC00001827,87,4,saving,Dormant,2025-10-30,260957.1
1828,AC00001828,2,2,Current,Inactive,2023-11-05,391743.78
1829,AC00001829,50,3,Savings,Closed,2026-01-20,161257.58
1830,AC00001830,30,3,Savings,Inactive,2026-03-12,325083.23
1831,AC00001831,1,2,CURRENT,Dormant,2026-07-02,258267.98
1832,AC00001832,4,3,CURRENT,Dormant,2025-01-30,111070.83
1833,AC00001833,89,3,Savings,Closed,2024-07-01,110092.59
1834,AC00001834,1,3,Fixed Deposit,Inactive,2024-04-07,33217.69
1835,AC00001835,82,1,Savings,Inactive,2026-06-29,33011.05
1836,AC00001836,26,2,saving,active,2025-05-16,272250.44
1837,AC00001837,95,1,CURRENT,active,2024-04-03,353639.05
1838,AC00001838,46,3,Current,Active,2026-02-15,15089.15
1839,AC00001839,60,2,saving,Inactive,2024-02-21,161262.77
1840,AC00001840,10,2,Current,Dormant,2023-01-23,338569.65
1841,AC00001841,55,1,Savings,active,2022-12-11,159970.35
1842,AC00001842,90,3,Current,Dormant,2023-03-25,202718.91
1843,AC00001843,3,2,Savings,Inactive,2025-04-08,171890.55
1844,AC00001844,21,4,Savings,Inactive,2023-10-16,77291.72
1845,AC00001845,15,2,CURRENT,Inactive,2023-07-29,37135.21
1846,AC00001846,96,2,CURRENT,Closed,2025-09-05,485388.1
1847,AC00001847,45,1,Savings,active,2024-11-29,55178.88
1848,AC00001848,31,4,saving,active,2022-11-14,428170.56
1849,AC00001849,22,2,CURRENT,Inactive,2022-10-11,135085.25
1850,AC00001850,98,3,CURRENT,active,2025-01-02,182233.84
1851,AC00001851,20,1,Savings,Dormant,2023-06-28,108015.35
1852,AC00001852,41,4,Fixed Deposit,active,2023-01-22,368688.51
1853,AC00001853,27,1,Fixed Deposit,Dormant,2023-12-21,160915.4
1854,AC00001854,97,2,saving,Closed,2026-04-28,455662.24
1855,AC00001855,30,3,saving,Closed,2024-05-05,436298.36
1856,AC00001856,48,2,Fixed Deposit,Active,2025-05-20,345357.42
1857,AC00001857,9,3,Savings,Closed,2025-09-04,309299.9
1858,AC00001858,97,2,CURRENT,Closed,2023-10-13,245331.8
1859,AC00001859,56,3,CURRENT,active,2025-08-25,194691.68
1860,AC00001860,41,1,CURRENT,active,2026-04-05,358505.92
1861,AC00001861,1,3,Fixed Deposit,Inactive,2025-04-12,435545.78
1862,AC00001862,52,3,Savings,Dormant,2023-08-09,419156.71
1863,AC00001863,71,2,Fixed Deposit,Closed,2023-12-31,198576.27
1864,AC00001864,39,4,saving,active,2025-12-20,216645.48
1865,AC00001865,48,2,Fixed Deposit,Active,2025-07-05,82789.85
1866,AC00001866,11,1,Fixed Deposit,Closed,2023-10-31,329361.45
1867,AC00001867,1,3,CURRENT,Dormant,2026-04-30,414319.37
1868,AC00001868,91,3,CURRENT,Dormant,2023-03-01,331791.44
1869,AC00001869,16,2,Savings,Inactive,2025-03-23,133868.67
1870,AC00001870,2,4,Savings,active,2023-02-09,122233.43
1871,AC00001871,8,4,Savings,Inactive,2026-05-28,485308.17
1872,AC00001872,50,4,Fixed Deposit,Active,2026-01-13,28306.21
1873,AC00001873,55,2,Fixed Deposit,Closed,2023-06-28,82196.06
1874,AC00001874,54,2,Savings,Dormant,2023-07-15,480535.89
1875,AC00001875,19,3,Savings,active,2023-08-25,324229.36
1876,AC00001876,1,4,Current,Active,2022-11-09,82785.94
1877,AC00001877,57,2,Current,Inactive,2024-05-03,20901.03
1878,AC00001878,18,3,CURRENT,active,2026-05-16,416755.49
1879,AC00001879,52,4,Fixed Deposit,Inactive,2026-07-29,209608.53
1880,AC00001880,9,2,saving,Dormant,2024-07-02,378576.62
1881,AC00001881,47,4,Current,active,2025-10-09,418823.15
1882,AC00001882,80,3,Savings,Dormant,2026-06-17,309049.63
1883,AC00001883,3,4,saving,Active,2025-03-09,490259.35
1884,AC00001884,43,1,CURRENT,Inactive,2024-03-04,295378.97
1885,AC00001885,19,3,Savings,Dormant,2026-05-05,199420.78
1886,AC00001886,64,3,Fixed Deposit,Inactive,2023-04-22,188929.76
1887,AC00001887,61,1,Current,active,2022-10-16,17236.06
1888,AC00001888,84,2,Fixed Deposit,Inactive,2025-04-25,32873.19
1889,AC00001889,88,3,Current,Closed,2025-10-14,15060.44
1890,AC00001890,66,2,Fixed Deposit,Active,2024-01-06,256202.94
1891,AC00001891,27,3,Fixed Deposit,active,2025-03-18,490635.07
1892,AC00001892,5,2,Fixed Deposit,Closed,2025-04-13,112433.82
1893,AC00001893,95,4,Savings,Inactive,2026-07-22,83378.68
1894,AC00001894,83,1,CURRENT,Active,2025-06-03,351004.27
1895,AC00001895,2,4,saving,Active,2026-07-30,442281.68
1896,AC00001896,65,3,saving,Dormant,2024-02-08,389951.18
1897,AC00001897,61,1,saving,Dormant,2025-12-06,6239.81
1898,AC00001898,95,1,Fixed Deposit,Closed,2024-06-22,66488.92
1899,AC00001899,86,1,Fixed Deposit,active,2022-09-27,389352.47
1900,AC00001900,72,4,Fixed Deposit,Dormant,2025-04-05,320194.16
1901,AC00001901,3,1,CURRENT,Dormant,2023-07-28,125557.35
1902,AC00001902,67,4,saving,Active,2026-01-07,87733.4
1903,AC00001903,85,3,CURRENT,active,2025-02-09,487434.13
1904,AC00001904,58,2,Current,Dormant,2024-02-08,71666.48
1905,AC00001905,88,2,Current,Inactive,2024-01-01,44528.6
1906,AC00001906,61,2,saving,Inactive,2026-05-10,448214.43
1907,AC00001907,98,3,Fixed Deposit,Dormant,2024-10-17,438976.54
1908,AC00001908,52,4,Current,Closed,2025-11-01,432316.08
1909,AC00001909,59,4,Fixed Deposit,active,2024-10-14,32702.81
1910,AC00001910,38,3,CURRENT,active,2025-05-27,498670.55
1911,AC00001911,50,2,Savings,Dormant,2022-10-20,367001.62
1912,AC00001912,12,1,Current,Closed,2026-05-23,74973.82
1913,AC00001913,15,2,Current,Closed,2023-12-07,31775.18
1914,AC00001914,37,1,CURRENT,Closed,2026-01-12,462311.57
1915,AC00001915,12,3,saving,Dormant,2024-08-29,259585.54
1916,AC00001916,73,3,saving,Closed,2022-10-26,232309.44
1917,AC00001917,76,2,Fixed Deposit,active,2025-05-21,45240.78
1918,AC00001918,73,2,Current,Active,2025-07-24,133286.07
1919,AC00001919,52,3,Savings,Closed,2025-07-04,115959.11
1920,AC00001920,48,1,saving,active,2026-04-21,13513.09
1921,AC00001921,47,2,saving,Inactive,2024-07-14,111722.62
1922,AC00001922,24,2,saving,active,2026-08-06,394200.01
1923,AC00001923,97,1,CURRENT,Active,2026-01-08,65556.18
1924,AC00001924,91,2,CURRENT,Active,2026-06-02,472547.18
1925,AC00001925,41,3,CURRENT,Inactive,2023-10-02,1230.87
1926,AC00001926,86,4,Savings,active,2025-01-10,175676.11
1927,AC00001927,50,4,Fixed Deposit,Inactive,2024-02-16,450622.18
1928,AC00001928,47,3,Fixed Deposit,Dormant,2023-09-03,95615.9
1929,AC00001929,26,3,saving,Active,2024-01-27,115878.85
1930,AC00001930,100,1,Current,Closed,2025-04-13,185705.66
1931,AC00001931,95,3,Current,Closed,2025-08-23,95134.13
1932,AC00001932,28,1,Fixed Deposit,Closed,2023-10-10,8138.17
1933,AC00001933,71,4,Fixed Deposit,Inactive,2024-02-07,244768.13
1934,AC00001934,36,1,saving,Closed,2023-07-27,68028.86
1935,AC00001935,8,4,Current,Inactive,2024-03-03,98211.9
1936,AC00001936,39,1,Savings,Closed,2024-04-02,163332.75
1937,AC00001937,4,4,Savings,Closed,2023-03-28,264136.87
1938,AC00001938,27,3,saving,active,2024-02-25,357183.45
1939,AC00001939,65,2,Current,Dormant,2025-05-06,261114.54
1940,AC00001940,19,4,Current,Dormant,2026-08-06,223119.25
1941,AC00001941,49,4,CURRENT,Dormant,2024-02-26,351343.95
1942,AC00001942,81,2,CURRENT,active,2025-08-26,19707.51
1943,AC00001943,54,2,Current,Active,2023-03-03,134395.79
1944,AC00001944,20,4,Fixed Deposit,Active,2024-05-12,450863.97
1945,AC00001945,42,2,Savings,Closed,2026-06-25,166529.51
1946,AC00001946,86,2,Savings,Inactive,2025-03-01,76572.26
1947,AC00001947,74,3,Current,Active,2024-10-22,260648.79
1948,AC00001948,7,2,CURRENT,Active,2023-08-04,492446.22
1949,AC00001949,95,1,CURRENT,Closed,2026-04-16,389758.86
1950,AC00001950,86,1,CURRENT,Closed,2025-12-30,157590.13
1951,AC00001951,58,4,saving,Dormant,2024-06-22,312740.05
1952,AC00001952,23,4,Fixed Deposit,Closed,2025-04-06,294560.29
1953,AC00001953,41,4,Current,Dormant,2022-12-27,415372.44
1954,AC00001954,31,1,Current,active,2024-10-25,365039.83
1955,AC00001955,23,2,saving,active,2022-12-18,293132.46
1956,AC00001956,50,4,Fixed Deposit,Dormant,2024-08-01,341508.01
1957,AC00001957,31,2,saving,active,2026-02-18,480344.1
1958,AC00001958,83,3,CURRENT,Dormant,2026-02-03,367166.72
1959,AC00001959,47,1,saving,Active,2023-12-29,144843.16
1960,AC00001960,22,3,CURRENT,active,2025-11-20,8900.93
1961,AC00001961,85,1,Savings,Inactive,2023-11-03,371531.24
1962,AC00001962,40,2,Fixed Deposit,Active,2023-08-26,465903.48
1963,AC00001963,5,3,Fixed Deposit,Closed,2025-06-01,316725.9
1964,AC00001964,38,3,Fixed Deposit,Closed,2023-01-19,174272.09
1965,AC00001965,19,2,saving,active,2025-01-12,149231.07
1966,AC00001966,8,1,Savings,Inactive,2024-02-21,354000.27
1967,AC00001967,41,4,saving,Active,2023-01-08,390291.77
1968,AC00001968,66,3,Savings,Inactive,2024-12-31,90650.36
1969,AC00001969,70,1,Current,Active,2024-01-28,362274.5
1970,AC00001970,71,4,Fixed Deposit,Dormant,2026-08-01,266916.61
1971,AC00001971,88,2,saving,active,2024-09-20,107572.81
1972,AC00001972,4,4,Savings,Inactive,2023-10-08,8195.71
1973,AC00001973,54,2,saving,Active,2025-05-23,476138.55
1974,AC00001974,22,2,Current,Dormant,2022-10-02,159848.51
1975,AC00001975,67,1,Fixed Deposit,Dormant,2023-10-21,449258.78
1976,AC00001976,16,1,Current,Inactive,2023-02-23,289664.57
1977,AC00001977,2,3,Savings,Closed,2025-03-13,262103.02
1978,AC00001978,53,2,Fixed Deposit,Closed,2024-07-20,108596.66
1979,AC00001979,84,3,saving,Active,2024-03-23,596.93
1980,AC00001980,85,3,CURRENT,Closed,2023-12-25,246321.09
1981,AC00001981,70,3,Current,Inactive,2024-12-30,312636.55
1982,AC00001982,34,2,saving,Dormant,2024-04-16,168232.12
1983,AC00001983,63,4,Savings,Inactive,2024-12-24,54273.61
1984,AC00001984,90,4,saving,Dormant,2024-04-29,267878.96
1985,AC00001985,62,3,Fixed Deposit,Active,2024-09-01,155084.48
1986,AC00001986,14,1,saving,Inactive,2025-01-21,7616.13
1987,AC00001987,34,3,saving,Inactive,2024-06-13,92024.79
1988,AC00001988,3,4,Fixed Deposit,active,2025-07-02,378490.48
1989,AC00001989,21,4,Savings,active,2022-10-15,158693.17
1990,AC00001990,43,2,Current,Dormant,2023-09-25,302432.29
1991,AC00001991,81,4,CURRENT,Active,2026-03-04,319125.83
1992,AC00001992,63,1,Current,Closed,2024-06-15,275202.91
1993,AC00001993,24,4,CURRENT,Inactive,2026-07-09,412942.86
1994,AC00001994,100,1,CURRENT,Closed,2024-12-31,309018.7
1995,AC00001995,88,1,Fixed Deposit,Dormant,2025-03-10,217026.62
1996,AC00001996,77,4,Savings,Dormant,2025-05-27,114790.15
1997,AC00001997,50,1,CURRENT,Active,2025-03-06,398718.68
1998,AC00001998,47,3,Fixed Deposit,Inactive,2026-07-08,391174.38
1999,AC00001999,77,3,Fixed Deposit,Dormant,2023-09-03,354735.34
2000,AC00002000,86,2,Savings,Active,2023-12-07,235660.23
2001,AC00002001,55,4,Current,active,2024-01-23,118605.61
2002,AC00002002,7,4,CURRENT,Active,2022-11-13,484814.21
2003,AC00002003,89,2,Savings,Inactive,2026-06-06,261320.23
2004,AC00002004,80,4,Current,Dormant,2026-01-11,443450.52
2005,AC00002005,74,4,Fixed Deposit,Closed,2024-06-28,182857.17
2006,AC00002006,41,4,CURRENT,Active,2026-05-13,484897.53
2007,AC00002007,26,4,Fixed Deposit,active,2025-01-15,450368.92
2008,AC00002008,39,1,Fixed Deposit,Inactive,2024-06-23,63316.47
2009,AC00002009,52,4,saving,Dormant,2024-02-19,66223.95
2010,AC00002010,7,4,saving,Active,2025-11-24,128246.2
2011,AC00002011,23,2,Savings,Closed,2024-12-26,303547.22
2012,AC00002012,14,2,Savings,Inactive,2025-08-25,299724.27
2013,AC00002013,60,3,CURRENT,Active,2024-09-16,83571.14
2014,AC00002014,98,2,Savings,Closed,2024-09-23,326300.0
2015,AC00002015,13,1,CURRENT,Dormant,2023-05-24,402813.66
2016,AC00002016,59,4,saving,Active,2023-01-08,299789.75
2017,AC00002017,10,1,Current,Inactive,2023-06-14,330103.67
2018,AC00002018,30,4,saving,Active,2023-04-02,291034.78
2019,AC00002019,38,2,saving,active,2023-07-13,169203.55
2020,AC00002020,28,1,Fixed Deposit,Dormant,2025-03-26,242793.27
2021,AC00002021,48,4,saving,Closed,2025-11-25,361431.66
2022,AC00002022,97,2,Fixed Deposit,Dormant,2024-01-08,72818.21
2023,AC00002023,72,2,saving,Dormant,2025-05-15,293460.93
2024,AC00002024,98,3,saving,active,2024-08-31,306965.84
2025,AC00002025,29,2,Savings,Dormant,2024-08-31,268532.62
2026,AC00002026,28,1,Fixed Deposit,Inactive,2023-11-27,85587.24
2027,AC00002027,100,4,Current,active,2024-06-15,358499.39
2028,AC00002028,5,2,Savings,Active,2023-08-09,108073.39
2029,AC00002029,31,2,Current,Closed,2025-07-28,299622.14
2030,AC00002030,1,4,Current,Dormant,2023-06-12,249507.23
2031,AC00002031,79,2,Fixed Deposit,Inactive,2023-11-01,289681.04
2032,AC00002032,62,3,Fixed Deposit,Inactive,2023-08-18,385500.74
2033,AC00002033,82,3,Fixed Deposit,Dormant,2022-09-18,216413.62
2034,AC00002034,75,3,CURRENT,Active,2025-10-27,389216.17
2035,AC00002035,11,3,CURRENT,Dormant,2024-08-10,345485.0
2036,AC00002036,4,3,Current,Active,2024-06-10,233655.35
2037,AC00002037,22,1,saving,active,2024-12-04,366212.78
2038,AC00002038,68,3,CURRENT,Dormant,2026-04-17,131502.04
2039,AC00002039,42,1,Fixed Deposit,Inactive,2024-02-25,178980.81
2040,AC00002040,23,3,Savings,Closed,2024-06-14,426072.32
2041,AC00002041,21,1,Savings,Closed,2024-07-02,113088.01
2042,AC00002042,35,1,Current,active,2025-03-14,287574.89
2043,AC00002043,56,3,Fixed Deposit,active,2023-08-28,164966.9
2044,AC00002044,83,2,Fixed Deposit,Inactive,2022-10-08,379774.26
2045,AC00002045,48,3,Current,Active,2024-01-24,133265.98
2046,AC00002046,35,3,Savings,Inactive,2026-03-11,327075.34
2047,AC00002047,63,4,saving,active,2025-04-22,360849.19
2048,AC00002048,42,4,Fixed Deposit,Dormant,2025-01-05,34413.8
2049,AC00002049,66,4,saving,active,2025-12-19,110111.71
2050,AC00002050,82,1,saving,Closed,2023-06-06,466076.78
2051,AC00002051,63,2,saving,Dormant,2025-07-14,464016.14
2052,AC00002052,5,4,CURRENT,Active,2023-06-23,149707.85
2053,AC00002053,73,3,saving,Dormant,2024-07-13,416450.49
2054,AC00002054,70,4,Savings,Active,2026-06-06,276660.93
2055,AC00002055,79,4,saving,Active,2024-11-09,135734.23
2056,AC00002056,88,3,Fixed Deposit,Closed,2024-09-13,398790.15
2057,AC00002057,95,2,Current,Closed,2022-09-26,426096.29
2058,AC00002058,25,4,saving,active,2023-12-31,91252.6
2059,AC00002059,83,1,Savings,Closed,2024-05-25,378716.52
2060,AC00002060,55,3,Savings,Closed,2022-12-13,144905.37
2061,AC00002061,87,3,Savings,Active,2022-09-23,370477.85
2062,AC00002062,100,3,Fixed Deposit,Inactive,2026-04-25,472369.42
2063,AC00002063,50,3,saving,active,2023-01-11,66592.13
2064,AC00002064,4,4,Savings,Closed,2024-04-13,315015.34
2065,AC00002065,12,2,Fixed Deposit,Active,2025-07-07,259192.76
2066,AC00002066,23,2,Savings,active,2026-04-01,172998.71
2067,AC00002067,58,3,Current,Dormant,2024-06-06,280140.81
2068,AC00002068,55,1,Current,Closed,2022-08-21,458628.97
2069,AC00002069,50,2,CURRENT,Dormant,2026-01-14,481703.58
2070,AC00002070,21,2,Savings,Active,2024-07-11,389494.73
2071,AC00002071,98,3,Current,Closed,2026-06-25,83297.3
2072,AC00002072,71,1,Savings,active,2025-06-05,107684.85
2073,AC00002073,17,3,Current,Inactive,2025-04-30,380133.04
2074,AC00002074,25,2,Fixed Deposit,active,2023-05-26,252922.39
2075,AC00002075,40,3,Current,active,2025-12-04,56624.65
2076,AC00002076,80,2,CURRENT,active,2023-06-28,46283.47
2077,AC00002077,46,4,Fixed Deposit,active,2024-12-26,485421.78
2078,AC00002078,85,3,Fixed Deposit,Dormant,2024-01-17,440249.54
2079,AC00002079,9,4,Fixed Deposit,Closed,2024-10-12,18878.16
2080,AC00002080,72,4,Current,Closed,2023-10-31,372001.89
2081,AC00002081,60,2,CURRENT,Active,2026-01-23,201002.95
2082,AC00002082,11,1,saving,Inactive,2024-04-08,10996.35
2083,AC00002083,86,3,Fixed Deposit,Inactive,2024-01-30,453099.84
2084,AC00002084,95,2,Fixed Deposit,Active,2022-09-20,276072.43
2085,AC00002085,79,4,CURRENT,Closed,2023-12-25,64109.09
2086,AC00002086,15,4,Fixed Deposit,Inactive,2023-05-21,242914.43
2087,AC00002087,32,3,CURRENT,active,2025-02-11,158892.98
2088,AC00002088,2,4,Savings,Dormant,2025-05-17,30855.67
2089,AC00002089,30,3,Savings,Closed,2023-02-25,458334.98
2090,AC00002090,49,3,Fixed Deposit,Active,2023-09-09,489743.69
2091,AC00002091,50,2,saving,active,2023-01-06,295432.55
2092,AC00002092,59,1,Savings,Dormant,2023-02-08,241682.51
2093,AC00002093,41,1,Savings,active,2023-03-14,468670.45
2094,AC00002094,72,2,CURRENT,Active,2023-01-17,163489.79
2095,AC00002095,22,3,Current,Active,2024-04-29,474509.9
2096,AC00002096,19,2,saving,active,2025-07-31,269107.27
2097,AC00002097,64,3,Current,Closed,2025-02-28,229848.36
2098,AC00002098,88,3,Savings,Inactive,2023-03-15,57008.79
2099,AC00002099,9,2,saving,Active,2024-01-03,338100.68
2100,AC00002100,13,2,CURRENT,Inactive,2024-05-31,475414.75
2101,AC00002101,71,4,Current,Active,2026-06-04,204297.65
2102,AC00002102,55,3,Savings,Closed,2025-01-02,147031.28
2103,AC00002103,92,3,Fixed Deposit,Closed,2023-04-06,131508.82
2104,AC00002104,32,3,Current,Inactive,2022-10-16,192230.75
2105,AC00002105,80,2,Savings,active,2023-10-19,287504.95
2106,AC00002106,85,2,CURRENT,Closed,2026-01-27,327330.72
2107,AC00002107,31,1,CURRENT,Dormant,2024-12-02,258417.35
2108,AC00002108,84,1,saving,Dormant,2025-05-07,449919.07
2109,AC00002109,27,3,Fixed Deposit,Dormant,2024-06-02,226095.24
2110,AC00002110,76,3,Fixed Deposit,Dormant,2024-04-14,45128.57
2111,AC00002111,13,2,CURRENT,Dormant,2022-09-12,335612.73
2112,AC00002112,53,4,saving,active,2024-07-08,77683.96
2113,AC00002113,87,2,saving,Closed,2024-10-01,411195.07
2114,AC00002114,50,3,Current,Inactive,2025-08-10,163886.7
2115,AC00002115,50,2,saving,Inactive,2024-01-19,467217.6
2116,AC00002116,52,3,CURRENT,Active,2022-12-31,256635.89
2117,AC00002117,69,3,Fixed Deposit,Dormant,2026-07-12,129841.36
2118,AC00002118,87,3,Savings,Dormant,2023-01-17,130342.41
2119,AC00002119,95,4,saving,active,2025-09-06,15828.67
2120,AC00002120,58,2,Savings,Active,2026-01-26,270881.39
2121,AC00002121,25,1,Savings,Active,2025-04-06,72133.52
2122,AC00002122,80,3,Current,Inactive,2022-09-05,288115.84
2123,AC00002123,67,2,Savings,Inactive,2026-04-27,4449.84
2124,AC00002124,7,2,Savings,Closed,2024-01-23,64363.83
2125,AC00002125,99,2,saving,Closed,2023-06-17,45731.14
2126,AC00002126,96,4,Fixed Deposit,Closed,2026-07-26,448819.73
2127,AC00002127,34,4,Savings,Active,2024-12-10,103706.22
2128,AC00002128,60,2,Fixed Deposit,Active,2024-08-12,400783.47
2129,AC00002129,44,2,saving,active,2025-06-19,346182.03
2130,AC00002130,25,4,Current,Closed,2022-12-30,496884.85
2131,AC00002131,38,1,Current,active,2023-11-06,440974.55
2132,AC00002132,64,4,CURRENT,active,2025-08-06,129152.08
2133,AC00002133,69,3,Fixed Deposit,Active,2023-02-28,2222.65
2134,AC00002134,2,3,CURRENT,Dormant,2024-05-29,432204.62
2135,AC00002135,78,4,Savings,active,2023-08-15,29789.94
2136,AC00002136,97,4,Savings,Active,2024-02-10,106829.25
2137,AC00002137,100,4,Fixed Deposit,Inactive,2022-12-31,482634.47
2138,AC00002138,85,3,Current,Closed,2026-05-19,167445.36
2139,AC00002139,30,4,saving,Closed,2024-02-13,214173.22
2140,AC00002140,28,4,CURRENT,Inactive,2026-04-25,430920.02
2141,AC00002141,11,4,CURRENT,Active,2023-01-02,464600.22
2142,AC00002142,22,2,Fixed Deposit,Dormant,2025-06-12,276260.62
2143,AC00002143,43,2,Fixed Deposit,Dormant,2026-06-05,337485.45
2144,AC00002144,10,3,saving,Closed,2026-05-31,32073.4
2145,AC00002145,8,3,Current,Dormant,2024-08-25,51646.36
2146,AC00002146,65,3,saving,Active,2023-05-14,229177.0
2147,AC00002147,72,3,Fixed Deposit,Dormant,2026-04-30,288001.06
2148,AC00002148,19,1,Current,active,2023-12-31,187833.77
2149,AC00002149,66,3,Fixed Deposit,active,2024-07-10,254177.04
2150,AC00002150,29,2,Fixed Deposit,Closed,2023-01-06,449563.33
2151,AC00002151,83,4,Fixed Deposit,Dormant,2026-01-10,328789.12
2152,AC00002152,62,1,Savings,Closed,2023-05-13,151720.05
2153,AC00002153,5,2,saving,Active,2023-05-27,333925.31
2154,AC00002154,97,1,Fixed Deposit,active,2024-09-04,220171.29
2155,AC00002155,25,2,CURRENT,Dormant,2025-05-12,834.34
2156,AC00002156,13,4,saving,Active,2026-06-09,42831.48
2157,AC00002157,15,1,CURRENT,Dormant,2025-01-11,119126.38
2158,AC00002158,37,4,Current,Inactive,2024-02-05,157043.05
2159,AC00002159,91,1,CURRENT,Closed,2022-12-14,493453.48
2160,AC00002160,96,3,Savings,Active,2024-02-26,272100.21
2161,AC00002161,91,1,Current,Inactive,2025-03-21,147048.05
2162,AC00002162,59,4,CURRENT,Active,2025-04-01,188568.67
2163,AC00002163,99,2,saving,Closed,2025-10-31,308155.82
2164,AC00002164,31,2,CURRENT,active,2025-09-28,372775.89
2165,AC00002165,92,3,Current,Closed,2024-03-23,384885.47
2166,AC00002166,45,2,Savings,Active,2023-04-28,458070.12
2167,AC00002167,66,1,Current,Dormant,2026-05-01,63728.05
2168,AC00002168,11,4,CURRENT,Active,2023-12-13,5255.82
2169,AC00002169,43,1,saving,Closed,2024-06-21,6798.91
2170,AC00002170,80,3,saving,active,2026-06-26,452591.8
2171,AC00002171,43,3,Current,Dormant,2022-09-04,109165.65
2172,AC00002172,42,3,CURRENT,Closed,2023-09-29,409251.72
2173,AC00002173,14,1,saving,Active,2022-12-30,84922.15
2174,AC00002174,30,1,CURRENT,active,2025-06-08,374558.3
2175,AC00002175,96,4,CURRENT,active,2025-10-31,117849.6
2176,AC00002176,48,4,saving,active,2025-09-16,180368.75
2177,AC00002177,65,1,CURRENT,Closed,2025-12-09,389342.28
2178,AC00002178,86,3,saving,Active,2023-09-09,264261.08
2179,AC00002179,20,3,saving,Dormant,2024-07-02,403382.36
2180,AC00002180,49,4,saving,Inactive,2023-06-14,219338.22
2181,AC00002181,62,1,CURRENT,active,2025-04-21,69330.13
2182,AC00002182,36,3,CURRENT,active,2023-03-15,118419.36
2183,AC00002183,81,3,Fixed Deposit,Active,2024-05-29,2920.66
2184,AC00002184,37,2,Savings,Active,2023-10-21,391843.34
2185,AC00002185,35,1,Current,Inactive,2023-09-08,259890.78
2186,AC00002186,2,3,CURRENT,Inactive,2026-06-27,254077.48
2187,AC00002187,70,3,saving,active,2023-04-15,261846.44
2188,AC00002188,54,4,Current,Active,2024-06-09,44360.17
2189,AC00002189,67,2,Savings,Inactive,2026-06-12,61370.8
2190,AC00002190,8,3,CURRENT,Active,2022-11-14,276925.96
2191,AC00002191,70,1,Current,Active,2022-11-14,39241.49
2192,AC00002192,41,4,Fixed Deposit,active,2024-07-13,267640.78
2193,AC00002193,2,4,CURRENT,Inactive,2023-01-19,214501.06
2194,AC00002194,8,3,Savings,Inactive,2025-07-26,382233.99
2195,AC00002195,49,3,saving,Active,2022-09-16,376340.94
2196,AC00002196,9,4,Savings,Dormant,2022-11-10,163319.43
2197,AC00002197,19,4,CURRENT,active,2024-04-07,290236.27
2198,AC00002198,96,3,Current,Active,2026-01-20,463537.89
2199,AC00002199,58,2,CURRENT,Dormant,2026-01-07,361262.53
2200,AC00002200,14,3,CURRENT,active,2026-03-08,351846.99
2201,AC00002201,43,2,Fixed Deposit,Active,2023-05-07,394531.86
2202,AC00002202,86,1,CURRENT,Dormant,2025-11-25,477789.95
2203,AC00002203,8,1,Savings,Dormant,2024-09-30,416654.62
2204,AC00002204,85,3,saving,Inactive,2023-11-03,475934.46
2205,AC00002205,8,3,CURRENT,Dormant,2023-04-05,377240.52
2206,AC00002206,86,1,Current,Inactive,2025-10-30,125193.97
2207,AC00002207,41,3,saving,Inactive,2022-11-24,104606.72
2208,AC00002208,80,4,CURRENT,Inactive,2024-01-12,48442.23
2209,AC00002209,9,4,Savings,Closed,2024-02-06,232328.95
2210,AC00002210,26,2,Savings,Dormant,2024-02-17,335177.69
2211,AC00002211,28,1,Savings,Inactive,2026-04-21,101050.3
2212,AC00002212,71,3,Fixed Deposit,active,2025-10-08,173876.82
2213,AC00002213,50,4,Savings,active,2025-03-05,489105.2
2214,AC00002214,9,1,Fixed Deposit,active,2025-02-01,114709.92
2215,AC00002215,94,4,CURRENT,Active,2025-10-27,359206.36
2216,AC00002216,32,2,Fixed Deposit,Dormant,2024-04-03,4555.09
2217,AC00002217,24,1,Savings,Closed,2023-01-16,494904.1
2218,AC00002218,35,4,CURRENT,Closed,2023-12-29,121506.86
2219,AC00002219,57,3,Fixed Deposit,Inactive,2025-03-01,381038.53
2220,AC00002220,84,1,saving,Inactive,2022-11-07,375931.06
2221,AC00002221,33,1,CURRENT,active,2023-01-22,139545.76
2222,AC00002222,71,2,saving,Closed,2025-04-23,63404.61
2223,AC00002223,16,1,Savings,Inactive,2023-11-13,181164.91
2224,AC00002224,50,1,Savings,active,2025-06-15,125643.03
2225,AC00002225,4,1,Fixed Deposit,Active,2024-12-13,413512.0
2226,AC00002226,7,4,CURRENT,Active,2022-09-17,55356.09
2227,AC00002227,98,2,CURRENT,active,2025-02-09,186207.05
2228,AC00002228,98,4,Fixed Deposit,Closed,2022-11-16,172844.88
2229,AC00002229,41,4,CURRENT,Closed,2025-02-25,124565.31
2230,AC00002230,79,2,Current,Active,2025-10-27,138225.22
2231,AC00002231,17,3,Savings,active,2023-11-24,447911.27
2232,AC00002232,52,3,Savings,Dormant,2023-03-11,146213.23
2233,AC00002233,97,4,CURRENT,Inactive,2024-04-09,200396.5
2234,AC00002234,43,1,Savings,Inactive,2023-04-02,161963.9
2235,AC00002235,4,4,Fixed Deposit,Active,2023-06-27,339116.18
2236,AC00002236,22,1,Fixed Deposit,Dormant,2024-03-17,366307.33
2237,AC00002237,48,4,CURRENT,Dormant,2026-03-01,482428.81
2238,AC00002238,13,2,saving,Inactive,2023-09-27,234494.6
2239,AC00002239,59,3,CURRENT,Inactive,2025-01-24,104138.94
2240,AC00002240,79,4,saving,active,2025-06-12,310073.69
2241,AC00002241,95,2,Fixed Deposit,Dormant,2025-02-09,164193.34
2242,AC00002242,62,1,Savings,Inactive,2024-06-06,130255.67
2243,AC00002243,17,2,Savings,Closed,2025-09-14,137536.06
2244,AC00002244,21,1,Savings,Closed,2026-05-09,461116.35
2245,AC00002245,83,2,Current,Inactive,2026-01-21,441181.29
2246,AC00002246,91,3,Fixed Deposit,active,2023-03-07,260352.49
2247,AC00002247,36,4,Current,active,2024-05-20,493033.18
2248,AC00002248,29,1,Fixed Deposit,Active,2025-04-11,293148.16
2249,AC00002249,10,4,Current,Closed,2024-03-04,134262.13
2250,AC00002250,73,2,Fixed Deposit,Active,2023-04-15,318360.19
2251,AC00002251,96,1,Savings,active,2023-06-19,496487.08
2252,AC00002252,93,2,saving,Active,2023-09-16,193906.06
2253,AC00002253,88,1,saving,Inactive,2022-10-14,53142.96
2254,AC00002254,11,3,Current,active,2023-11-20,85942.81
2255,AC00002255,53,4,Current,Closed,2025-09-23,276794.1
2256,AC00002256,47,4,CURRENT,active,2024-10-28,99912.06
2257,AC00002257,87,1,Fixed Deposit,Inactive,2023-10-10,245421.13
2258,AC00002258,81,3,saving,Inactive,2022-09-11,102826.58
2259,AC00002259,70,3,CURRENT,active,2025-05-13,280807.27
2260,AC00002260,8,1,Savings,Closed,2025-12-22,330031.97
2261,AC00002261,27,4,CURRENT,Inactive,2022-10-08,197049.13
2262,AC00002262,44,2,Current,active,2024-10-25,278434.31
2263,AC00002263,61,1,CURRENT,Active,2023-05-15,53862.77
2264,AC00002264,82,2,CURRENT,active,2024-03-20,199764.34
2265,AC00002265,48,1,CURRENT,Inactive,2025-03-22,481395.15
2266,AC00002266,37,3,Current,Dormant,2024-09-07,249401.06
2267,AC00002267,9,1,CURRENT,Dormant,2025-06-20,113951.08
2268,AC00002268,41,1,Fixed Deposit,Closed,2024-06-05,58386.31
2269,AC00002269,25,1,CURRENT,Dormant,2023-03-15,88905.3
2270,AC00002270,95,4,saving,Closed,2025-01-30,442539.57
2271,AC00002271,97,1,saving,Inactive,2024-12-30,319866.64
2272,AC00002272,54,4,Savings,active,2025-10-03,35748.52
2273,AC00002273,70,1,Current,Inactive,2023-04-11,362829.95
2274,AC00002274,28,2,Fixed Deposit,Closed,2023-02-04,132564.58
2275,AC00002275,54,4,Current,Closed,2025-04-21,185483.3
2276,AC00002276,73,4,Savings,Active,2023-10-24,22535.68
2277,AC00002277,87,2,Savings,Inactive,2024-09-10,75778.05
2278,AC00002278,95,2,saving,Inactive,2025-07-25,363214.01
2279,AC00002279,8,2,Fixed Deposit,Closed,2024-08-18,331606.42
2280,AC00002280,10,3,CURRENT,Dormant,2024-10-18,229849.07
2281,AC00002281,22,1,CURRENT,Closed,2023-07-12,242751.53
2282,AC00002282,35,1,Current,Active,2023-06-02,67837.45
2283,AC00002283,22,2,Savings,Inactive,2024-02-02,171833.82
2284,AC00002284,82,2,CURRENT,Active,2026-05-07,494523.24
2285,AC00002285,52,1,CURRENT,Closed,2023-03-25,274816.67
2286,AC00002286,80,4,Savings,Dormant,2026-07-04,121421.65
2287,AC00002287,57,1,Savings,Inactive,2026-08-01,482940.73
2288,AC00002288,23,3,Savings,Dormant,2024-05-20,61878.56
2289,AC00002289,95,2,saving,Dormant,2025-04-01,316723.98
2290,AC00002290,44,4,Savings,active,2026-01-24,30275.73
2291,AC00002291,9,4,Fixed Deposit,Inactive,2023-04-02,475549.03
2292,AC00002292,18,3,saving,active,2024-12-23,455628.1
2293,AC00002293,40,4,Savings,Closed,2024-04-02,128701.4
2294,AC00002294,55,4,Current,Inactive,2024-10-07,268723.97
2295,AC00002295,28,3,Savings,Active,2024-02-18,202500.22
2296,AC00002296,88,2,CURRENT,Closed,2022-09-16,477156.41
2297,AC00002297,45,4,Current,Active,2023-06-11,49140.98
2298,AC00002298,22,2,Savings,Closed,2025-07-09,308608.13
2299,AC00002299,21,4,CURRENT,Active,2024-02-03,261811.62
2300,AC00002300,24,2,CURRENT,active,2025-03-27,294413.94
2301,AC00002301,83,4,Fixed Deposit,Closed,2025-08-23,125687.82
2302,AC00002302,13,1,saving,Inactive,2024-02-26,335356.28
2303,AC00002303,19,1,CURRENT,Dormant,2024-06-26,255892.92
2304,AC00002304,1,1,Fixed Deposit,Inactive,2024-03-22,115060.65
2305,AC00002305,7,3,CURRENT,Inactive,2024-06-19,352323.75
2306,AC00002306,7,1,saving,Dormant,2023-08-19,106741.01
2307,AC00002307,30,2,CURRENT,Dormant,2024-09-25,81776.2
2308,AC00002308,76,2,Current,active,2023-03-27,272978.86
2309,AC00002309,39,3,Savings,Dormant,2023-07-04,35310.83
2310,AC00002310,84,3,saving,Closed,2024-10-17,452515.16
2311,AC00002311,2,1,Fixed Deposit,Inactive,2022-11-12,453519.92
2312,AC00002312,45,3,Fixed Deposit,Active,2024-01-02,491419.89
2313,AC00002313,33,4,saving,Closed,2025-02-22,394197.81
2314,AC00002314,72,4,Savings,active,2024-05-01,163547.65
2315,AC00002315,8,2,Fixed Deposit,Closed,2023-09-17,417001.31
2316,AC00002316,30,1,saving,Inactive,2025-07-30,292997.02
2317,AC00002317,95,1,CURRENT,Inactive,2025-08-30,287140.98
2318,AC00002318,13,4,Current,Dormant,2024-01-04,230996.49
2319,AC00002319,49,2,saving,Inactive,2024-05-15,336754.55
2320,AC00002320,77,4,CURRENT,active,2025-01-15,291398.66
2321,AC00002321,22,2,Fixed Deposit,Active,2024-10-15,408203.42
2322,AC00002322,70,2,saving,Inactive,2022-09-15,355266.45
2323,AC00002323,11,1,CURRENT,Inactive,2025-10-28,49783.62
2324,AC00002324,49,4,CURRENT,Active,2022-12-02,394172.9
2325,AC00002325,44,4,CURRENT,Closed,2025-03-02,437196.24
2326,AC00002326,58,4,saving,Active,2023-08-06,46568.99
2327,AC00002327,43,2,Savings,Closed,2026-01-27,447034.33
2328,AC00002328,54,2,CURRENT,Inactive,2024-12-08,114203.49
2329,AC00002329,93,1,Fixed Deposit,active,2024-09-13,351332.77
2330,AC00002330,55,2,Fixed Deposit,Closed,2022-11-20,353154.78
2331,AC00002331,93,3,Fixed Deposit,Inactive,2025-07-28,386656.14
2332,AC00002332,33,3,CURRENT,active,2024-02-19,13168.04
2333,AC00002333,63,1,Savings,Active,2023-06-14,233678.29
2334,AC00002334,44,4,Savings,Active,2025-02-05,305222.41
2335,AC00002335,69,1,Current,active,2024-11-14,353642.21
2336,AC00002336,81,4,CURRENT,active,2023-07-21,38328.59
2337,AC00002337,70,3,Fixed Deposit,Inactive,2022-10-30,145913.59
2338,AC00002338,41,3,saving,Active,2025-03-03,445481.91
2339,AC00002339,8,2,saving,Closed,2023-07-03,17291.46
2340,AC00002340,20,1,Current,active,2025-02-06,288859.76
2341,AC00002341,84,1,saving,Closed,2022-10-30,349568.98
2342,AC00002342,91,4,Savings,Closed,2025-01-03,144708.92
2343,AC00002343,46,3,Current,Inactive,2025-07-02,76199.87
2344,AC00002344,19,4,Fixed Deposit,Closed,2026-02-28,331401.16
2345,AC00002345,79,1,CURRENT,Closed,2023-12-26,405068.44
2346,AC00002346,84,4,Fixed Deposit,Closed,2025-12-18,315693.25
2347,AC00002347,11,1,CURRENT,Closed,2023-05-27,455706.0
2348,AC00002348,32,2,saving,Active,2023-12-13,52054.93
2349,AC00002349,74,3,saving,Inactive,2026-07-07,30836.03
2350,AC00002350,34,1,CURRENT,Active,2025-06-29,67859.26
2351,AC00002351,99,3,saving,Inactive,2025-11-15,37778.26
2352,AC00002352,100,4,saving,Closed,2023-08-28,353727.64
2353,AC00002353,33,1,saving,active,2024-01-14,443785.59
2354,AC00002354,7,1,Fixed Deposit,Inactive,2023-11-29,294023.71
2355,AC00002355,27,1,saving,Inactive,2023-06-23,185600.8
2356,AC00002356,84,4,Current,Closed,2025-05-22,120221.41
2357,AC00002357,55,1,Current,active,2022-11-17,29626.37
2358,AC00002358,67,1,Savings,Closed,2022-12-07,447584.09
2359,AC00002359,41,3,saving,Inactive,2023-12-14,22358.69
2360,AC00002360,3,4,CURRENT,Closed,2025-06-24,244117.72
2361,AC00002361,83,4,Current,active,2023-04-25,467673.71
2362,AC00002362,76,3,saving,Dormant,2025-05-07,71393.14
2363,AC00002363,13,4,Savings,Active,2025-08-22,369282.93
2364,AC00002364,73,4,CURRENT,Inactive,2024-11-17,123811.25
2365,AC00002365,90,4,Current,Active,2024-07-25,193501.1
2366,AC00002366,53,3,Savings,active,2025-08-15,178622.97
2367,AC00002367,32,2,saving,Active,2025-06-04,348999.37
2368,AC00002368,9,2,Fixed Deposit,Inactive,2025-03-27,341083.87
2369,AC00002369,60,1,Fixed Deposit,Closed,2024-02-19,171147.11
2370,AC00002370,93,1,saving,Inactive,2023-01-23,373524.6
2371,AC00002371,14,4,saving,active,2025-09-17,400491.89
2372,AC00002372,71,3,Savings,Closed,2026-07-06,292533.17
2373,AC00002373,14,3,Savings,Inactive,2026-01-21,420223.42
2374,AC00002374,99,4,Fixed Deposit,Dormant,2026-04-15,307683.18
2375,AC00002375,67,1,saving,active,2026-01-26,130096.61
2376,AC00002376,1,3,Savings,Inactive,2025-06-15,484070.32
2377,AC00002377,3,4,Savings,Active,2026-07-25,125128.64
2378,AC00002378,99,1,Current,Closed,2025-10-05,314154.43
2379,AC00002379,26,2,saving,Active,2024-03-10,33551.38
2380,AC00002380,6,1,Savings,active,2024-04-03,104012.65
2381,AC00002381,98,4,Savings,Active,2025-07-18,427589.17
2382,AC00002382,26,3,saving,Dormant,2023-09-28,64875.7
2383,AC00002383,9,4,CURRENT,active,2022-09-29,185789.32
2384,AC00002384,85,4,Current,Inactive,2023-08-30,370616.42
2385,AC00002385,23,4,Current,Dormant,2023-07-29,489525.73
2386,AC00002386,78,1,CURRENT,active,2026-03-21,154613.04
2387,AC00002387,86,4,Fixed Deposit,Dormant,2022-12-03,177625.19
2388,AC00002388,18,3,Current,active,2023-08-02,447168.61
2389,AC00002389,40,4,Current,Dormant,2023-03-11,162831.56
2390,AC00002390,91,1,saving,Dormant,2026-07-10,420216.36
2391,AC00002391,74,2,Current,Active,2023-03-12,412870.92
2392,AC00002392,40,2,Current,Dormant,2025-10-17,38174.84
2393,AC00002393,90,3,Fixed Deposit,Active,2026-06-23,739.69
2394,AC00002394,22,2,Savings,active,2023-06-04,186988.83
2395,AC00002395,1,3,Savings,active,2022-08-25,10464.0
2396,AC00002396,91,2,Savings,Inactive,2024-04-01,141094.88
2397,AC00002397,9,3,CURRENT,Dormant,2024-02-17,77859.74
2398,AC00002398,66,2,saving,Active,2025-12-26,113405.08
2399,AC00002399,74,4,Fixed Deposit,active,2022-10-29,147065.89
2400,AC00002400,11,2,Savings,Inactive,2026-06-16,482681.17
2401,AC00002401,45,1,CURRENT,Closed,2026-06-18,164128.22
2402,AC00002402,36,1,Savings,active,2024-02-27,483846.04
2403,AC00002403,21,1,CURRENT,active,2026-01-22,201634.15
2404,AC00002404,98,2,saving,Dormant,2026-01-24,128529.13
2405,AC00002405,83,4,saving,Closed,2026-02-24,26802.45
2406,AC00002406,77,4,Current,Inactive,2025-09-04,217110.63
2407,AC00002407,79,3,Current,Closed,2022-09-12,337953.61
2408,AC00002408,99,4,Savings,Dormant,2024-04-14,267062.34
2409,AC00002409,4,4,Current,Inactive,2024-12-01,238834.89
2410,AC00002410,80,4,Savings,Inactive,2025-09-08,248287.56
2411,AC00002411,51,4,Fixed Deposit,active,2023-10-10,235545.31
2412,AC00002412,100,3,Fixed Deposit,Dormant,2026-06-11,464539.51
2413,AC00002413,98,4,Savings,active,2024-01-05,321426.7
2414,AC00002414,38,1,Current,Inactive,2023-06-11,205466.39
2415,AC00002415,63,2,saving,active,2023-04-28,468231.15
2416,AC00002416,31,3,Current,Closed,2026-02-22,356359.73
2417,AC00002417,37,2,saving,Closed,2025-01-08,99724.04
2418,AC00002418,46,1,Savings,Inactive,2023-10-19,238405.06
2419,AC00002419,75,1,CURRENT,Closed,2023-05-05,94940.23
2420,AC00002420,75,4,Current,Active,2024-09-28,231726.36
2421,AC00002421,77,3,CURRENT,active,2025-07-29,7841.15
2422,AC00002422,96,4,Savings,Closed,2024-12-25,486935.59
2423,AC00002423,59,4,CURRENT,active,2022-12-24,409181.82
2424,AC00002424,2,2,Savings,Dormant,2024-01-24,419650.4
2425,AC00002425,18,3,CURRENT,Inactive,2025-02-22,60003.07
2426,AC00002426,73,2,Fixed Deposit,Closed,2022-12-19,79565.02
2427,AC00002427,47,1,Savings,Active,2024-02-26,491156.57
2428,AC00002428,21,4,Savings,Active,2024-09-01,319856.29
2429,AC00002429,4,3,CURRENT,Inactive,2026-01-26,11151.86
2430,AC00002430,94,1,Fixed Deposit,Closed,2026-05-15,499564.53
2431,AC00002431,91,3,Current,Closed,2023-09-02,249254.08
2432,AC00002432,12,4,Fixed Deposit,Active,2024-05-18,494392.02
2433,AC00002433,52,2,Fixed Deposit,Active,2026-03-28,207842.19
2434,AC00002434,33,4,saving,active,2026-04-10,418861.8
2435,AC00002435,25,1,Fixed Deposit,Active,2026-04-27,459060.21
2436,AC00002436,74,2,Current,Inactive,2025-03-23,298473.32
2437,AC00002437,50,3,saving,Active,2025-09-03,108555.05
2438,AC00002438,32,4,saving,Inactive,2023-05-26,116396.58
2439,AC00002439,37,2,saving,Closed,2024-12-03,246285.94
2440,AC00002440,79,2,CURRENT,Closed,2025-08-26,415698.04
2441,AC00002441,98,1,Fixed Deposit,Dormant,2024-02-16,74562.99
2442,AC00002442,54,4,Fixed Deposit,Active,2025-07-28,414445.2
2443,AC00002443,40,2,Current,Active,2026-04-14,493696.42
2444,AC00002444,35,2,Savings,Active,2022-09-10,376249.68
2445,AC00002445,100,4,saving,Closed,2026-03-31,452072.65
2446,AC00002446,30,2,Savings,Active,2024-06-03,120941.35
2447,AC00002447,56,2,Current,Closed,2025-10-10,95193.31
2448,AC00002448,100,4,Fixed Deposit,Inactive,2024-02-10,453952.32
2449,AC00002449,48,1,Savings,Closed,2025-04-18,184264.31
2450,AC00002450,95,3,Savings,active,2022-12-14,41043.44
2451,AC00002451,75,3,Current,Closed,2022-10-19,191385.04
2452,AC00002452,100,3,saving,active,2025-12-15,357633.54
2453,AC00002453,89,3,CURRENT,Closed,2023-06-04,318913.79
2454,AC00002454,42,2,Savings,active,2024-11-13,117533.93
2455,AC00002455,87,3,saving,Dormant,2025-11-06,50288.47
2456,AC00002456,54,4,Fixed Deposit,Closed,2023-12-06,86619.89
2457,AC00002457,44,4,CURRENT,Closed,2024-10-10,200570.96
2458,AC00002458,83,3,Fixed Deposit,Closed,2023-06-30,97128.44
2459,AC00002459,35,1,Savings,Closed,2024-07-07,180612.69
2460,AC00002460,6,3,Fixed Deposit,Closed,2023-01-06,238531.97
2461,AC00002461,90,2,saving,Closed,2025-05-17,405133.14
2462,AC00002462,12,1,CURRENT,Inactive,2024-03-02,245125.66
2463,AC00002463,38,3,Savings,Closed,2026-04-13,434571.1
2464,AC00002464,47,1,Fixed Deposit,Inactive,2023-07-29,25115.96
2465,AC00002465,15,4,CURRENT,Inactive,2023-10-22,173765.56
2466,AC00002466,52,2,Current,Inactive,2023-06-10,235273.88
2467,AC00002467,18,2,saving,active,2024-01-27,210345.46
2468,AC00002468,9,4,Savings,Dormant,2023-03-24,440747.66
2469,AC00002469,79,1,CURRENT,active,2026-02-19,130365.53
2470,AC00002470,45,1,CURRENT,active,2022-10-04,179619.58
2471,AC00002471,87,1,saving,Active,2023-09-18,142140.3
2472,AC00002472,16,2,CURRENT,Active,2026-03-04,319177.88
2473,AC00002473,7,4,Fixed Deposit,Closed,2024-05-26,44060.35
2474,AC00002474,25,3,CURRENT,Inactive,2023-09-04,429526.19
2475,AC00002475,1,1,Savings,Inactive,2022-08-28,188751.29
2476,AC00002476,17,1,Savings,Inactive,2024-08-24,333566.74
2477,AC00002477,44,1,Savings,Closed,2023-10-16,166821.03
2478,AC00002478,97,2,Current,Closed,2024-09-01,55896.28
2479,AC00002479,96,1,Current,Inactive,2023-11-03,456062.55
2480,AC00002480,1,4,Savings,Dormant,2026-02-02,8816.82
2481,AC00002481,32,1,CURRENT,Closed,2025-09-27,462068.38
2482,AC00002482,99,4,Savings,Closed,2023-01-17,103233.42
2483,AC00002483,66,2,saving,Active,2024-03-21,384843.5
2484,AC00002484,39,1,saving,active,2024-04-23,220997.68
2485,AC00002485,31,1,saving,active,2024-02-06,11872.83
2486,AC00002486,5,2,saving,Active,2026-05-20,479753.17
2487,AC00002487,18,1,Fixed Deposit,Inactive,2023-10-22,69061.36
2488,AC00002488,28,1,Current,Closed,2024-01-31,114616.55
2489,AC00002489,5,1,Current,active,2024-02-08,442935.41
2490,AC00002490,79,4,Savings,Active,2026-03-06,334275.73
2491,AC00002491,93,2,CURRENT,Active,2026-05-11,223234.65
2492,AC00002492,57,3,Fixed Deposit,Closed,2026-03-30,712.85
2493,AC00002493,75,2,CURRENT,Dormant,2024-10-15,475811.86
2494,AC00002494,37,1,CURRENT,Inactive,2025-06-23,314398.04
2495,AC00002495,35,3,Savings,Dormant,2024-08-22,92707.11
2496,AC00002496,13,1,saving,Inactive,2023-07-08,231939.3
2497,AC00002497,78,2,Fixed Deposit,Inactive,2024-05-03,89510.63
2498,AC00002498,13,4,Current,Dormant,2022-09-23,120152.61
2499,AC00002499,25,2,Current,Inactive,2023-04-05,113401.56
2500,AC00002500,19,2,Current,Active,2024-08-22,294741.74
2501,AC00002501,93,3,Savings,Inactive,2024-11-16,459328.92
2502,AC00002502,69,3,CURRENT,Dormant,2026-04-23,228510.56
2503,AC00002503,5,4,CURRENT,Dormant,2025-02-01,74111.74
2504,AC00002504,77,2,Savings,Active,2025-03-31,441440.03
2505,AC00002505,11,4,CURRENT,Active,2025-07-22,416714.92
2506,AC00002506,86,2,saving,Inactive,2022-11-27,451369.3
2507,AC00002507,9,2,CURRENT,Inactive,2025-06-30,449972.31
2508,AC00002508,73,2,Fixed Deposit,active,2023-11-29,265251.73
2509,AC00002509,49,2,Savings,Active,2026-07-12,98222.4
2510,AC00002510,51,4,Fixed Deposit,active,2024-09-23,25200.59
2511,AC00002511,25,2,Current,active,2026-02-26,239384.21
2512,AC00002512,67,4,Fixed Deposit,Active,2025-06-27,413784.2
2513,AC00002513,80,4,CURRENT,Closed,2025-06-09,65241.8
2514,AC00002514,85,3,Current,Inactive,2024-06-30,307268.83
2515,AC00002515,81,1,saving,Inactive,2024-11-01,222320.03
2516,AC00002516,4,2,Current,Dormant,2022-10-13,191140.3
2517,AC00002517,3,3,Savings,active,2025-10-15,279893.03
2518,AC00002518,29,3,Fixed Deposit,Dormant,2022-12-09,407873.19
2519,AC00002519,45,1,CURRENT,Dormant,2024-02-17,125554.99
2520,AC00002520,53,4,CURRENT,Closed,2024-06-09,436873.91
2521,AC00002521,19,4,Current,Dormant,2026-02-04,289136.23
2522,AC00002522,36,2,Savings,Active,2022-09-18,179573.48
2523,AC00002523,34,4,Fixed Deposit,Dormant,2025-10-30,437587.18
2524,AC00002524,45,3,CURRENT,Dormant,2025-04-15,256508.87
2525,AC00002525,69,1,Current,Dormant,2025-06-01,3298.33
2526,AC00002526,7,4,Savings,Dormant,2024-12-25,317399.07
2527,AC00002527,73,2,Savings,Closed,2025-01-05,445055.04
2528,AC00002528,91,4,CURRENT,Active,2023-03-26,475542.92
2529,AC00002529,7,4,saving,Dormant,2024-05-28,353303.15
2530,AC00002530,45,3,Fixed Deposit,Inactive,2023-12-11,32311.93
2531,AC00002531,9,2,CURRENT,Closed,2024-05-19,286780.78
2532,AC00002532,17,1,saving,Closed,2025-11-21,332891.6
2533,AC00002533,29,1,Current,active,2026-01-05,491956.42
2534,AC00002534,3,3,saving,Inactive,2023-11-26,289909.14
2535,AC00002535,12,3,CURRENT,active,2025-08-22,302508.76
2536,AC00002536,47,2,Fixed Deposit,Dormant,2023-03-05,347177.57
2537,AC00002537,36,2,saving,Inactive,2022-10-12,313318.84
2538,AC00002538,17,4,CURRENT,active,2024-08-31,410696.72
2539,AC00002539,17,1,CURRENT,Active,2025-05-28,99059.9
2540,AC00002540,74,3,saving,active,2023-08-07,471203.18
2541,AC00002541,80,3,Fixed Deposit,Closed,2023-03-30,352378.45
2542,AC00002542,23,2,saving,Closed,2024-03-23,62459.4
2543,AC00002543,78,3,saving,Inactive,2022-10-13,286850.94
2544,AC00002544,65,3,Fixed Deposit,Inactive,2023-03-31,470512.48
2545,AC00002545,40,4,saving,Inactive,2026-03-24,315269.34
2546,AC00002546,31,1,CURRENT,Active,2024-01-24,207536.08
2547,AC00002547,8,1,CURRENT,Closed,2022-09-02,259607.22
2548,AC00002548,86,2,Savings,Inactive,2025-01-05,8607.93
2549,AC00002549,2,4,saving,Closed,2025-04-23,326746.09
2550,AC00002550,29,3,CURRENT,Active,2025-04-11,200018.42
2551,AC00002551,75,1,Savings,Closed,2023-05-20,246893.81
2552,AC00002552,69,2,Fixed Deposit,active,2025-02-20,264119.91
2553,AC00002553,35,4,Savings,Inactive,2026-04-02,326215.03
2554,AC00002554,56,3,Fixed Deposit,Active,2025-10-20,79389.7
2555,AC00002555,9,4,Current,active,2024-08-18,40575.5
2556,AC00002556,54,2,Fixed Deposit,Active,2025-02-07,289256.13
2557,AC00002557,64,4,Fixed Deposit,active,2024-04-09,438283.87
2558,AC00002558,22,2,Current,Inactive,2026-03-30,306847.42
2559,AC00002559,91,4,Current,Closed,2022-08-29,383718.81
2560,AC00002560,87,2,CURRENT,Dormant,2022-10-10,75159.14
2561,AC00002561,17,1,Savings,Active,2022-12-09,174465.23
2562,AC00002562,71,3,CURRENT,Closed,2023-04-22,358099.02
2563,AC00002563,49,2,CURRENT,Active,2023-08-04,126398.9
2564,AC00002564,65,4,saving,Active,2023-05-09,459898.49
2565,AC00002565,44,1,Fixed Deposit,Dormant,2025-06-15,38671.02
2566,AC00002566,54,3,CURRENT,Inactive,2024-12-28,481017.03
2567,AC00002567,22,2,Current,Dormant,2023-12-12,380611.35
2568,AC00002568,52,4,CURRENT,Closed,2024-08-04,432348.92
2569,AC00002569,69,1,Fixed Deposit,Active,2024-01-25,381766.87
2570,AC00002570,54,3,CURRENT,active,2025-07-07,285504.33
2571,AC00002571,74,4,Savings,Inactive,2022-12-16,234069.43
2572,AC00002572,34,1,Current,Active,2023-09-18,131197.01
2573,AC00002573,18,1,Savings,Active,2024-10-01,380415.64
2574,AC00002574,82,4,CURRENT,active,2023-10-19,189083.68
2575,AC00002575,90,2,CURRENT,Closed,2022-10-24,321794.92
2576,AC00002576,79,4,Current,Active,2025-02-23,175355.47
2577,AC00002577,100,3,saving,Dormant,2026-05-30,81110.3
2578,AC00002578,4,1,Savings,Inactive,2023-06-17,239700.15
2579,AC00002579,65,1,Savings,Dormant,2023-06-13,405936.6
2580,AC00002580,82,4,Current,Active,2025-11-21,471158.06
2581,AC00002581,13,4,Savings,Inactive,2025-11-09,314058.52
2582,AC00002582,13,4,saving,Closed,2025-03-19,172472.85
2583,AC00002583,89,1,saving,Inactive,2025-06-20,44993.77
2584,AC00002584,84,1,Fixed Deposit,Dormant,2026-01-07,11279.53
2585,AC00002585,46,2,Fixed Deposit,Closed,2026-04-09,103635.46
2586,AC00002586,1,3,Current,Dormant,2024-03-23,358069.61
2587,AC00002587,73,3,Current,Inactive,2023-11-16,421153.48
2588,AC00002588,32,3,Savings,Inactive,2022-10-25,4461.92
2589,AC00002589,24,4,CURRENT,Closed,2023-07-29,373505.43
2590,AC00002590,8,1,saving,Inactive,2023-08-04,176161.29
2591,AC00002591,54,3,saving,Active,2025-03-08,257692.29
2592,AC00002592,31,1,Savings,Closed,2025-03-01,98522.13
2593,AC00002593,95,4,Current,Active,2023-05-16,415279.8
2594,AC00002594,65,2,CURRENT,active,2022-10-20,461490.93
2595,AC00002595,11,1,CURRENT,active,2023-04-07,458384.47
2596,AC00002596,11,1,Savings,active,2023-05-08,399821.5
2597,AC00002597,3,1,Savings,Active,2025-10-14,68819.85
2598,AC00002598,67,4,Fixed Deposit,active,2024-03-05,154276.98
2599,AC00002599,64,4,saving,Active,2024-06-26,377989.71
2600,AC00002600,79,1,Current,Active,2026-02-24,45936.99
2601,AC00002601,88,1,Current,Active,2025-02-02,489533.66
2602,AC00002602,22,3,Current,active,2026-05-16,426648.64
2603,AC00002603,44,2,Current,Inactive,2025-04-14,173074.09
2604,AC00002604,68,4,saving,Closed,2025-10-19,484236.45
2605,AC00002605,32,1,Current,Active,2023-05-19,16786.22
2606,AC00002606,57,3,CURRENT,Dormant,2026-02-25,401560.4
2607,AC00002607,31,3,Current,Active,2025-08-06,241303.93
2608,AC00002608,86,1,Current,Dormant,2024-10-26,293277.59
2609,AC00002609,100,4,Fixed Deposit,active,2022-09-02,27131.3
2610,AC00002610,26,1,CURRENT,Active,2025-06-30,262415.68
2611,AC00002611,2,1,Savings,active,2026-07-18,479719.0
2612,AC00002612,48,1,saving,Inactive,2026-07-28,148551.29
2613,AC00002613,7,3,Current,Active,2026-04-08,82695.96
2614,AC00002614,40,3,Current,Active,2023-12-20,195689.79
2615,AC00002615,12,1,Current,Closed,2023-11-17,106813.7
2616,AC00002616,54,3,saving,Closed,2025-12-18,340407.1
2617,AC00002617,26,1,Current,Dormant,2025-11-29,485932.01
2618,AC00002618,17,2,saving,Active,2023-12-31,399963.66
2619,AC00002619,39,1,CURRENT,Dormant,2026-07-17,122350.46
2620,AC00002620,23,4,saving,active,2024-05-01,395901.04
2621,AC00002621,46,1,saving,Dormant,2022-09-26,299542.75
2622,AC00002622,41,4,Savings,active,2024-12-25,283756.76
2623,AC00002623,36,4,Fixed Deposit,Dormant,2026-07-01,92286.12
2624,AC00002624,82,4,saving,active,2026-07-15,272799.08
2625,AC00002625,78,3,Fixed Deposit,Inactive,2023-04-10,15162.3
2626,AC00002626,88,2,Savings,Inactive,2023-03-20,46950.41
2627,AC00002627,39,2,Savings,Dormant,2026-05-08,303875.97
2628,AC00002628,41,2,saving,Inactive,2023-06-19,253846.38
2629,AC00002629,41,1,saving,Inactive,2026-04-01,152542.86
2630,AC00002630,82,1,Fixed Deposit,Inactive,2023-12-07,72551.75
2631,AC00002631,99,4,Fixed Deposit,Active,2024-10-27,155241.65
2632,AC00002632,64,4,Savings,active,2026-02-06,4595.36
2633,AC00002633,16,2,Fixed Deposit,Closed,2025-09-10,277748.22
2634,AC00002634,48,2,saving,active,2023-09-22,105236.98
2635,AC00002635,74,1,Savings,active,2025-01-21,448057.58
2636,AC00002636,89,2,Fixed Deposit,Active,2026-07-23,145765.87
2637,AC00002637,13,4,CURRENT,Active,2025-11-15,222709.79
2638,AC00002638,49,1,CURRENT,active,2023-11-21,213400.54
2639,AC00002639,65,3,saving,Closed,2025-11-08,389424.8
2640,AC00002640,47,3,Current,Inactive,2025-12-30,123889.05
2641,AC00002641,45,4,CURRENT,Active,2023-08-24,276638.3
2642,AC00002642,18,2,Savings,active,2025-06-20,370226.75
2643,AC00002643,46,2,Fixed Deposit,Active,2026-01-08,409836.87
2644,AC00002644,80,2,saving,active,2025-11-30,94940.52
2645,AC00002645,71,3,Fixed Deposit,Active,2022-10-04,178440.04
2646,AC00002646,12,3,saving,Active,2026-01-28,244651.96
2647,AC00002647,60,2,Current,Dormant,2024-02-13,490505.86
2648,AC00002648,25,1,Fixed Deposit,Inactive,2024-07-17,487572.12
2649,AC00002649,79,4,Savings,Inactive,2024-01-19,3991.72
2650,AC00002650,49,3,Savings,Dormant,2024-05-20,41113.13
2651,AC00002651,42,3,Fixed Deposit,Inactive,2025-02-17,157398.96
2652,AC00002652,89,2,CURRENT,Active,2024-02-26,99700.35
2653,AC00002653,57,2,Current,Closed,2023-11-24,169706.99
2654,AC00002654,38,4,saving,Inactive,2023-12-04,101995.15
2655,AC00002655,66,4,Current,Active,2025-11-04,494416.24
2656,AC00002656,20,1,Savings,active,2025-03-27,126727.82
2657,AC00002657,87,1,CURRENT,Inactive,2026-01-20,369122.67
2658,AC00002658,13,3,Fixed Deposit,Inactive,2024-09-23,258125.64
2659,AC00002659,65,2,Current,Dormant,2025-07-25,391878.04
2660,AC00002660,95,4,Fixed Deposit,Inactive,2024-09-22,313903.55
2661,AC00002661,7,2,saving,Dormant,2023-11-18,187621.63
2662,AC00002662,69,1,CURRENT,active,2023-01-02,158068.22
2663,AC00002663,17,4,Current,active,2025-06-18,257475.57
2664,AC00002664,66,3,Savings,active,2025-05-12,199395.66
2665,AC00002665,77,1,Current,Active,2024-07-31,206754.15
2666,AC00002666,47,2,Current,active,2025-11-15,140736.78
2667,AC00002667,42,4,saving,Active,2024-04-08,116909.75
2668,AC00002668,69,3,Current,Dormant,2023-08-30,4148.49
2669,AC00002669,33,4,CURRENT,Active,2024-02-28,138544.2
2670,AC00002670,24,2,Fixed Deposit,Closed,2023-05-29,492854.27
2671,AC00002671,4,3,CURRENT,Active,2025-03-20,271264.72
2672,AC00002672,71,2,saving,active,2024-06-16,468769.89
2673,AC00002673,83,2,Fixed Deposit,Active,2025-10-22,104992.6
2674,AC00002674,68,4,Fixed Deposit,Inactive,2025-09-08,445181.91
2675,AC00002675,19,2,Savings,Active,2026-01-05,256940.13
2676,AC00002676,100,1,Current,Active,2023-10-26,341600.57
2677,AC00002677,97,3,Savings,active,2026-07-07,99505.38
2678,AC00002678,7,1,Fixed Deposit,Inactive,2026-04-24,27317.35
2679,AC00002679,76,2,saving,Closed,2023-06-14,460493.59
2680,AC00002680,45,1,CURRENT,Inactive,2025-01-01,157602.87
2681,AC00002681,42,1,Current,active,2022-11-16,25938.51
2682,AC00002682,54,1,CURRENT,Active,2024-04-22,402294.37
2683,AC00002683,27,2,CURRENT,Active,2023-05-12,316447.06
2684,AC00002684,62,2,Current,Inactive,2024-07-08,133929.06
2685,AC00002685,50,4,Savings,Closed,2026-02-24,268912.93
2686,AC00002686,50,3,Current,active,2026-02-02,218301.07
2687,AC00002687,74,3,Fixed Deposit,Inactive,2024-09-15,382427.4
2688,AC00002688,40,4,CURRENT,Dormant,2023-06-16,170346.73
2689,AC00002689,21,1,Fixed Deposit,Active,2025-05-02,289664.95
2690,AC00002690,37,3,saving,Active,2024-05-24,449559.64
2691,AC00002691,99,4,Fixed Deposit,Inactive,2022-11-21,372349.45
2692,AC00002692,1,3,CURRENT,Dormant,2023-04-12,296566.47
2693,AC00002693,60,3,Current,Dormant,2023-04-17,213296.77
2694,AC00002694,89,1,Current,Closed,2025-08-05,139461.82
2695,AC00002695,82,2,Savings,Closed,2026-02-10,369176.89
2696,AC00002696,54,1,Current,Active,2025-01-22,238872.94
2697,AC00002697,93,4,Fixed Deposit,Dormant,2026-07-29,262502.03
2698,AC00002698,93,2,saving,Dormant,2025-11-03,334936.32
2699,AC00002699,51,1,Current,active,2025-10-12,338450.93
2700,AC00002700,45,4,saving,Dormant,2025-07-18,430927.09
2701,AC00002701,73,1,CURRENT,Active,2026-01-18,282561.17
2702,AC00002702,8,2,Savings,Dormant,2025-03-06,204865.06
2703,AC00002703,3,1,Current,Inactive,2023-11-03,464279.41
2704,AC00002704,99,1,CURRENT,Closed,2023-05-21,326796.44
2705,AC00002705,2,4,Savings,Closed,2025-04-20,128947.12
2706,AC00002706,41,4,Savings,Inactive,2025-06-03,331341.44
2707,AC00002707,91,1,Savings,Dormant,2023-02-12,394149.36
2708,AC00002708,59,2,Savings,active,2024-07-22,228420.22
2709,AC00002709,71,1,CURRENT,Active,2023-01-04,118151.67
2710,AC00002710,30,1,Fixed Deposit,Inactive,2024-06-15,108271.9
2711,AC00002711,88,3,CURRENT,Inactive,2023-11-20,363897.22
2712,AC00002712,89,3,Savings,active,2023-07-20,63834.39
2713,AC00002713,39,4,Current,Active,2025-01-27,423524.56
2714,AC00002714,42,1,CURRENT,active,2022-09-23,102622.97
2715,AC00002715,21,1,Savings,Inactive,2025-10-25,302352.22
2716,AC00002716,35,1,CURRENT,Closed,2025-02-06,60774.29
2717,AC00002717,46,2,saving,Closed,2026-07-08,430897.58
2718,AC00002718,24,1,Current,Closed,2023-06-24,59093.24
2719,AC00002719,81,1,Fixed Deposit,Closed,2024-12-03,116959.43
2720,AC00002720,71,3,Fixed Deposit,Active,2023-10-17,239687.61
2721,AC00002721,27,2,Savings,active,2023-12-19,116072.68
2722,AC00002722,16,1,Savings,Closed,2023-05-09,354548.27
2723,AC00002723,96,1,Savings,Active,2025-05-03,214413.52
2724,AC00002724,44,1,saving,Inactive,2025-10-22,319456.9
2725,AC00002725,63,4,CURRENT,active,2023-11-04,235673.59
2726,AC00002726,17,1,Savings,Dormant,2024-10-16,375508.22
2727,AC00002727,82,2,saving,active,2023-06-18,430311.43
2728,AC00002728,23,3,CURRENT,Closed,2024-05-06,132750.41
2729,AC00002729,30,4,Fixed Deposit,Active,2025-06-12,204887.16
2730,AC00002730,32,1,Savings,Closed,2025-02-03,360447.23
2731,AC00002731,26,3,Current,Active,2024-01-07,99812.75
2732,AC00002732,72,3,CURRENT,Active,2026-07-22,37718.84
2733,AC00002733,95,3,Fixed Deposit,Closed,2025-01-27,196106.71
2734,AC00002734,5,4,Current,active,2022-09-03,157805.67
2735,AC00002735,91,1,Current,active,2023-04-13,79690.66
2736,AC00002736,42,2,Fixed Deposit,active,2024-07-13,55111.16
2737,AC00002737,67,1,Fixed Deposit,Inactive,2026-02-27,91372.45
2738,AC00002738,26,3,Current,Dormant,2026-01-15,382278.09
2739,AC00002739,77,3,Fixed Deposit,Dormant,2025-11-20,446202.42
2740,AC00002740,20,4,Current,active,2026-05-21,40590.49
2741,AC00002741,35,4,Current,Closed,2023-09-17,119780.57
2742,AC00002742,87,2,Savings,Active,2023-05-17,241032.97
2743,AC00002743,3,4,saving,Active,2026-06-19,280549.5
2744,AC00002744,32,3,Fixed Deposit,Active,2024-09-15,55026.87
2745,AC00002745,61,1,Savings,Closed,2023-11-30,8887.58
2746,AC00002746,66,1,Savings,Closed,2024-01-17,83122.22
2747,AC00002747,39,3,saving,Closed,2025-04-07,72815.38
2748,AC00002748,76,4,Current,Dormant,2026-06-23,150776.99
2749,AC00002749,20,1,Savings,Closed,2024-03-24,454530.69
2750,AC00002750,13,2,CURRENT,Inactive,2024-01-30,154436.53
2751,AC00002751,71,4,Savings,Active,2024-10-21,364865.89
2752,AC00002752,26,2,CURRENT,Active,2024-05-02,254505.59
2753,AC00002753,82,1,Fixed Deposit,active,2025-10-03,72641.37
2754,AC00002754,74,2,CURRENT,active,2025-06-19,111170.47
2755,AC00002755,77,1,CURRENT,Closed,2024-12-24,247361.81
2756,AC00002756,46,4,CURRENT,Closed,2024-10-26,321019.86
2757,AC00002757,26,4,Savings,Closed,2023-05-24,434642.56
2758,AC00002758,93,4,saving,active,2025-01-07,13902.61
2759,AC00002759,93,1,Savings,Inactive,2024-02-11,52991.78
2760,AC00002760,100,4,Current,Active,2023-09-19,78434.86
2761,AC00002761,81,1,Savings,Closed,2025-08-09,496719.16
2762,AC00002762,80,2,Fixed Deposit,Closed,2026-01-26,30476.16
2763,AC00002763,86,1,CURRENT,Dormant,2026-08-02,154587.34
2764,AC00002764,97,1,Savings,Active,2025-10-22,401250.09
2765,AC00002765,15,1,Savings,Inactive,2022-08-21,14746.16
2766,AC00002766,7,4,CURRENT,Dormant,2026-02-17,469279.39
2767,AC00002767,10,1,saving,Active,2023-01-14,422578.1
2768,AC00002768,100,3,Current,active,2023-04-01,345482.25
2769,AC00002769,91,3,Savings,Closed,2025-01-09,40804.79
2770,AC00002770,65,2,Current,Closed,2024-04-13,323906.32
2771,AC00002771,59,2,Current,active,2023-09-11,444619.72
2772,AC00002772,88,2,CURRENT,Active,2023-04-06,384177.8
2773,AC00002773,94,3,Savings,active,2022-10-02,166310.74
2774,AC00002774,85,4,Savings,Inactive,2025-01-31,14433.19
2775,AC00002775,56,2,Fixed Deposit,Closed,2026-05-30,288971.45
2776,AC00002776,87,1,Current,Dormant,2024-11-24,46168.46
2777,AC00002777,71,3,Fixed Deposit,Dormant,2023-09-11,455691.85
2778,AC00002778,94,1,Savings,Dormant,2026-02-05,255312.42
2779,AC00002779,21,4,saving,Closed,2025-09-01,54024.41
2780,AC00002780,91,4,CURRENT,active,2025-05-02,27829.39
2781,AC00002781,100,3,Current,Inactive,2025-01-10,112420.65
2782,AC00002782,23,2,saving,Dormant,2023-06-28,419951.79
2783,AC00002783,47,4,CURRENT,Inactive,2022-09-14,165894.7
2784,AC00002784,27,3,Fixed Deposit,Active,2025-03-23,378623.07
2785,AC00002785,62,1,saving,Closed,2022-08-21,62251.46
2786,AC00002786,59,1,Current,active,2023-11-28,481293.99
2787,AC00002787,99,2,Current,Closed,2024-09-07,495149.44
2788,AC00002788,89,3,CURRENT,Dormant,2024-04-21,268424.03
2789,AC00002789,70,3,Fixed Deposit,Active,2024-06-16,18346.77
2790,AC00002790,29,2,Fixed Deposit,Dormant,2023-11-20,127673.45
2791,AC00002791,95,3,CURRENT,Closed,2024-05-19,189619.05
2792,AC00002792,50,4,Current,Closed,2025-12-26,341341.61
2793,AC00002793,16,3,CURRENT,active,2024-09-22,188898.23
2794,AC00002794,37,4,Fixed Deposit,active,2023-01-14,492249.94
2795,AC00002795,37,3,CURRENT,Active,2026-02-23,133506.42
2796,AC00002796,50,3,Current,active,2025-10-31,169073.13
2797,AC00002797,47,2,Fixed Deposit,Active,2023-10-13,38826.82
2798,AC00002798,47,2,saving,Inactive,2022-09-06,460149.85
2799,AC00002799,3,1,saving,Active,2023-12-13,399388.2
2800,AC00002800,92,1,Fixed Deposit,Closed,2026-05-14,492220.76
2801,AC00002801,82,1,saving,Active,2023-07-01,431264.59
2802,AC00002802,11,3,Savings,Dormant,2024-07-07,64190.77
2803,AC00002803,23,3,CURRENT,active,2023-04-26,128689.34
2804,AC00002804,43,4,saving,Closed,2023-02-05,371948.25
2805,AC00002805,31,4,saving,Active,2025-04-08,190763.15
2806,AC00002806,3,2,CURRENT,Closed,2026-07-06,167294.34
2807,AC00002807,6,1,CURRENT,Active,2024-10-27,33668.84
2808,AC00002808,88,4,Fixed Deposit,Dormant,2025-10-18,415633.27
2809,AC00002809,76,1,Savings,Active,2022-10-10,283212.14
2810,AC00002810,98,3,Fixed Deposit,active,2024-01-08,240899.74
2811,AC00002811,75,1,Fixed Deposit,Active,2026-05-01,59464.9
2812,AC00002812,45,4,Current,Inactive,2025-12-06,345133.26
2813,AC00002813,5,1,CURRENT,active,2026-03-12,433506.97
2814,AC00002814,83,2,saving,Inactive,2025-08-13,414696.86
2815,AC00002815,85,1,Fixed Deposit,Active,2026-04-22,101893.26
2816,AC00002816,45,3,CURRENT,Closed,2025-05-03,244338.13
2817,AC00002817,5,3,Fixed Deposit,Dormant,2024-05-07,94151.12
2818,AC00002818,17,4,saving,Inactive,2024-03-15,104234.84
2819,AC00002819,1,1,Savings,Active,2025-01-07,140101.8
2820,AC00002820,80,4,CURRENT,Dormant,2025-05-20,164382.83
2821,AC00002821,92,2,CURRENT,Closed,2025-01-15,16033.63
2822,AC00002822,32,2,Current,Closed,2023-12-13,204601.8
2823,AC00002823,33,4,Savings,Inactive,2024-01-11,241409.45
2824,AC00002824,30,3,saving,Active,2025-05-25,352998.29
2825,AC00002825,10,1,saving,Inactive,2023-05-26,422820.0
2826,AC00002826,96,2,saving,Dormant,2026-01-11,264734.79
2827,AC00002827,26,4,Savings,Inactive,2025-03-21,469876.03
2828,AC00002828,83,1,Savings,Active,2022-09-02,396063.77
2829,AC00002829,21,1,Fixed Deposit,active,2025-01-08,298291.62
2830,AC00002830,55,1,Current,Active,2025-01-22,95913.67
2831,AC00002831,93,3,CURRENT,Dormant,2024-03-04,209868.26
2832,AC00002832,8,2,Current,Dormant,2024-05-19,251725.86
2833,AC00002833,31,2,Current,Inactive,2022-08-23,3259.71
2834,AC00002834,28,2,CURRENT,Dormant,2024-08-09,252869.71
2835,AC00002835,44,2,Savings,active,2023-12-23,390217.78
2836,AC00002836,93,4,Fixed Deposit,Active,2024-07-25,109958.21
2837,AC00002837,63,2,Savings,Closed,2023-07-29,349137.08
2838,AC00002838,21,4,Savings,Inactive,2025-11-05,495782.2
2839,AC00002839,81,4,Current,Active,2024-04-05,422726.59
2840,AC00002840,50,2,CURRENT,Active,2023-06-02,254443.08
2841,AC00002841,80,2,CURRENT,Dormant,2025-09-11,450098.74
2842,AC00002842,61,1,saving,Active,2024-08-25,240987.54
2843,AC00002843,41,4,Fixed Deposit,Active,2024-03-03,69679.31
2844,AC00002844,41,2,Current,Active,2024-05-19,84551.11
2845,AC00002845,91,3,saving,active,2022-10-31,223522.2
2846,AC00002846,45,3,CURRENT,Inactive,2022-12-22,50850.12
2847,AC00002847,29,2,Current,Closed,2026-04-18,415245.1
2848,AC00002848,99,1,Current,active,2024-03-31,257527.12
2849,AC00002849,17,3,Current,Dormant,2023-07-29,454574.17
2850,AC00002850,64,3,Fixed Deposit,Dormant,2024-03-09,113760.21
2851,AC00002851,95,3,Savings,active,2022-10-04,244327.43
2852,AC00002852,2,1,saving,Dormant,2025-07-13,192776.66
2853,AC00002853,49,1,Fixed Deposit,Active,2024-01-28,51492.84
2854,AC00002854,79,1,Fixed Deposit,Inactive,2022-12-11,193730.73
2855,AC00002855,24,4,Current,Closed,2023-01-26,167020.7
2856,AC00002856,28,3,Savings,active,2026-06-23,222156.79
2857,AC00002857,86,4,Fixed Deposit,active,2025-02-24,266270.68
2858,AC00002858,57,1,Current,Inactive,2025-09-26,59466.76
2859,AC00002859,75,2,Current,Dormant,2022-09-30,456716.06
2860,AC00002860,66,1,Savings,Inactive,2025-12-26,466192.43
2861,AC00002861,46,1,CURRENT,active,2026-04-07,397374.03
2862,AC00002862,86,3,saving,active,2025-06-07,67371.68
2863,AC00002863,87,4,saving,active,2026-06-24,134499.3
2864,AC00002864,1,4,saving,active,2025-05-02,285469.95
2865,AC00002865,66,4,saving,Inactive,2025-02-03,127521.94
2866,AC00002866,39,3,Savings,Closed,2025-01-09,420227.45
2867,AC00002867,65,4,Savings,active,2023-08-20,308823.58
2868,AC00002868,74,3,Current,Active,2023-10-24,318017.92
2869,AC00002869,1,4,Fixed Deposit,Dormant,2023-02-25,224837.71
2870,AC00002870,40,4,Fixed Deposit,Active,2022-08-31,154607.6
2871,AC00002871,6,4,CURRENT,Closed,2023-07-01,13191.58
2872,AC00002872,27,1,saving,Dormant,2023-07-24,486801.34
2873,AC00002873,39,1,Savings,Dormant,2026-02-10,87113.84
2874,AC00002874,77,1,CURRENT,Dormant,2022-10-17,92875.45
2875,AC00002875,33,4,Fixed Deposit,Closed,2026-03-11,449441.0
2876,AC00002876,69,2,CURRENT,Dormant,2023-05-26,483886.26
2877,AC00002877,24,2,Savings,Dormant,2023-08-24,252693.99
2878,AC00002878,41,1,Savings,Active,2025-11-12,223672.11
2879,AC00002879,9,2,Current,Dormant,2024-12-18,166544.9
2880,AC00002880,61,1,CURRENT,Dormant,2025-11-02,308986.15
2881,AC00002881,49,2,Current,Dormant,2024-07-07,311556.99
2882,AC00002882,22,3,saving,active,2023-04-01,417267.79
2883,AC00002883,2,1,Fixed Deposit,Active,2025-10-10,404834.51
2884,AC00002884,25,1,Savings,active,2025-10-22,370657.71
2885,AC00002885,83,2,Savings,Dormant,2024-04-02,397120.63
2886,AC00002886,9,4,Savings,Inactive,2022-12-23,437260.81
2887,AC00002887,55,2,Savings,Closed,2024-11-01,314787.38
2888,AC00002888,85,1,CURRENT,Active,2024-01-04,153473.72
2889,AC00002889,24,2,saving,Active,2024-08-27,208323.18
2890,AC00002890,79,1,Savings,active,2026-05-28,451265.11
2891,AC00002891,9,1,Fixed Deposit,Inactive,2024-02-03,315033.76
2892,AC00002892,74,2,CURRENT,active,2025-10-01,474457.09
2893,AC00002893,54,3,Fixed Deposit,active,2025-01-04,160041.78
2894,AC00002894,95,1,Current,active,2026-03-04,161572.0
2895,AC00002895,39,3,Savings,Inactive,2025-11-15,377526.37
2896,AC00002896,48,4,Current,active,2025-08-09,48413.92
2897,AC00002897,29,3,Current,Active,2026-06-14,476982.97
2898,AC00002898,2,4,CURRENT,Closed,2024-01-12,472720.3
2899,AC00002899,38,2,Current,Closed,2025-10-13,53791.89
2900,AC00002900,34,2,CURRENT,Closed,2026-07-23,247197.05
2901,AC00002901,62,1,CURRENT,Dormant,2024-03-26,188714.52
2902,AC00002902,61,2,CURRENT,Closed,2022-12-23,147620.06
2903,AC00002903,20,1,Current,Active,2023-02-21,20465.96
2904,AC00002904,30,2,Current,Closed,2023-06-17,152033.18
2905,AC00002905,68,4,CURRENT,Closed,2026-01-05,484388.45
2906,AC00002906,55,1,Savings,Closed,2023-06-24,71606.72
2907,AC00002907,72,4,Current,active,2024-11-08,483137.27
2908,AC00002908,51,1,Current,Active,2025-12-09,315891.2
2909,AC00002909,93,4,CURRENT,Inactive,2022-11-19,240901.92
2910,AC00002910,21,1,saving,Closed,2023-08-22,118581.1
2911,AC00002911,36,2,Current,Dormant,2023-10-14,457950.85
2912,AC00002912,24,2,CURRENT,Active,2024-03-02,277983.18
2913,AC00002913,27,1,CURRENT,active,2024-11-27,223162.38
2914,AC00002914,63,2,saving,Closed,2025-06-23,285612.88
2915,AC00002915,61,2,CURRENT,Active,2023-01-24,238108.8
2916,AC00002916,65,2,CURRENT,Dormant,2026-01-12,22234.2
2917,AC00002917,30,1,Savings,active,2024-08-02,281893.41
2918,AC00002918,49,4,CURRENT,Closed,2025-12-28,496345.2
2919,AC00002919,47,3,Current,Dormant,2024-06-22,390490.33
2920,AC00002920,58,2,Current,Closed,2023-11-11,299498.93
2921,AC00002921,64,2,Current,Dormant,2026-02-22,51023.26
2922,AC00002922,68,1,Savings,Inactive,2022-09-20,405182.63
2923,AC00002923,5,4,Savings,active,2023-02-07,350493.36
2924,AC00002924,24,2,Current,active,2022-11-13,265219.17
2925,AC00002925,12,2,Fixed Deposit,Active,2023-11-01,32959.93
2926,AC00002926,10,2,CURRENT,Closed,2026-07-04,343316.85
2927,AC00002927,81,1,Savings,Dormant,2023-07-29,197278.43
2928,AC00002928,23,3,CURRENT,active,2023-01-30,268105.46
2929,AC00002929,8,2,Current,Inactive,2025-10-04,397877.66
2930,AC00002930,67,1,saving,Active,2023-06-19,121497.2
2931,AC00002931,44,3,Fixed Deposit,active,2024-02-12,32185.83
2932,AC00002932,91,3,Savings,active,2023-08-24,67714.73
2933,AC00002933,26,1,Current,Inactive,2026-01-23,154804.64
2934,AC00002934,11,4,Current,Active,2023-01-03,264453.48
2935,AC00002935,48,3,CURRENT,Active,2022-09-11,203492.72
2936,AC00002936,70,3,Fixed Deposit,Active,2022-12-20,438329.3
2937,AC00002937,31,2,Fixed Deposit,active,2023-11-21,275243.23
2938,AC00002938,39,4,CURRENT,Closed,2025-05-19,397881.92
2939,AC00002939,100,2,CURRENT,Dormant,2025-07-22,343329.2
2940,AC00002940,53,4,CURRENT,Dormant,2025-06-16,207534.46
2941,AC00002941,44,4,saving,Inactive,2022-12-03,359512.43
2942,AC00002942,78,4,Current,active,2022-11-09,246794.01
2943,AC00002943,64,3,CURRENT,Closed,2023-01-12,459691.17
2944,AC00002944,85,2,Savings,Dormant,2023-10-14,259386.12
2945,AC00002945,20,3,Savings,Active,2023-08-09,462014.18
2946,AC00002946,5,4,Current,Inactive,2023-03-14,451060.46
2947,AC00002947,93,1,Fixed Deposit,Closed,2025-03-07,31271.42
2948,AC00002948,30,4,Fixed Deposit,Dormant,2025-01-13,304358.23
2949,AC00002949,9,3,Savings,Inactive,2026-05-08,21769.47
2950,AC00002950,79,4,saving,Active,2022-09-24,69121.64
2951,AC00002951,88,1,CURRENT,Dormant,2024-11-27,408727.45
2952,AC00002952,52,3,Savings,Active,2024-03-25,277861.57
2953,AC00002953,16,1,Savings,Inactive,2023-04-17,349029.03
2954,AC00002954,30,2,Savings,Active,2025-11-08,74150.54
2955,AC00002955,19,2,CURRENT,Dormant,2025-03-20,210158.39
2956,AC00002956,24,2,CURRENT,active,2025-03-06,63737.95
2957,AC00002957,31,4,Fixed Deposit,Dormant,2023-07-06,167176.29
2958,AC00002958,90,2,CURRENT,Closed,2023-04-15,499784.93
2959,AC00002959,33,2,Savings,Active,2026-06-13,21520.25
2960,AC00002960,50,3,Fixed Deposit,active,2024-04-27,83498.55
2961,AC00002961,86,3,saving,Dormant,2025-10-22,274574.29
2962,AC00002962,69,3,Fixed Deposit,Inactive,2024-11-18,213106.75
2963,AC00002963,56,1,Savings,Dormant,2025-08-20,109680.68
2964,AC00002964,59,2,CURRENT,Dormant,2025-11-17,99822.01
2965,AC00002965,28,2,Fixed Deposit,Inactive,2022-11-12,281405.69
2966,AC00002966,2,2,Current,Inactive,2023-06-19,279848.41
2967,AC00002967,57,2,saving,Closed,2026-06-20,436645.62
2968,AC00002968,61,4,Fixed Deposit,active,2023-08-08,366430.6
2969,AC00002969,69,2,CURRENT,Inactive,2023-12-07,308849.01
2970,AC00002970,100,1,saving,active,2024-04-23,488244.01
2971,AC00002971,1,3,CURRENT,Closed,2025-03-23,96614.34
2972,AC00002972,68,1,Current,Closed,2024-07-16,355416.05
2973,AC00002973,80,3,Savings,active,2025-12-25,357542.85
2974,AC00002974,75,4,Savings,active,2023-07-07,122386.25
2975,AC00002975,92,4,Savings,Active,2026-07-28,242569.02
2976,AC00002976,69,4,CURRENT,active,2024-09-18,256199.8
2977,AC00002977,81,2,Savings,Inactive,2025-05-19,449849.8
2978,AC00002978,83,2,Fixed Deposit,Inactive,2026-07-25,93736.67
2979,AC00002979,39,4,Current,Active,2023-12-21,440170.15
2980,AC00002980,26,2,Current,Dormant,2023-05-23,294745.04
2981,AC00002981,47,2,saving,Inactive,2023-05-28,201275.96
2982,AC00002982,59,3,Savings,Active,2022-09-22,480925.42
2983,AC00002983,91,2,saving,Dormant,2023-03-18,57943.73
2984,AC00002984,86,4,Fixed Deposit,active,2025-01-04,443000.37
2985,AC00002985,16,1,saving,Inactive,2025-08-20,200606.66
2986,AC00002986,41,4,Savings,Closed,2025-08-25,363364.96
2987,AC00002987,20,4,CURRENT,Active,2025-03-22,276462.03
2988,AC00002988,6,3,Savings,active,2024-05-23,184635.15
2989,AC00002989,68,1,Current,Active,2024-03-29,52374.26
2990,AC00002990,68,3,Current,Inactive,2024-02-14,283752.81
2991,AC00002991,41,4,Fixed Deposit,Dormant,2025-03-22,190208.19
2992,AC00002992,86,3,CURRENT,Active,2023-02-21,146300.57
2993,AC00002993,30,2,Fixed Deposit,active,2023-07-07,192526.3
2994,AC00002994,11,1,Current,active,2023-07-30,47750.72
2995,AC00002995,77,1,CURRENT,active,2024-11-29,222812.61
2996,AC00002996,32,4,CURRENT,active,2025-02-07,133808.07
2997,AC00002997,31,3,Savings,Dormant,2023-09-05,24063.86
2998,AC00002998,86,3,CURRENT,Dormant,2023-09-26,212836.04
2999,AC00002999,93,4,saving,Inactive,2023-10-20,375042.41
3000,AC00003000,53,2,saving,Active,2026-04-01,161705.18
3001,AC00003001,64,2,Current,Closed,2024-03-29,112326.48
3002,AC00003002,32,3,CURRENT,active,2023-12-02,113184.75
3003,AC00003003,67,4,Savings,active,2025-09-17,209153.03
3004,AC00003004,9,2,Current,Dormant,2022-11-06,94317.13
3005,AC00003005,84,1,CURRENT,Active,2023-11-15,489619.13
3006,AC00003006,99,1,Current,Inactive,2023-12-18,344100.66
3007,AC00003007,62,3,Savings,Dormant,2024-01-02,6679.85
3008,AC00003008,20,2,Current,active,2025-07-27,437095.38
3009,AC00003009,44,4,Current,Active,2025-08-11,61600.5
3010,AC00003010,61,1,Savings,Closed,2025-10-19,135103.71
3011,AC00003011,77,1,Fixed Deposit,Active,2026-01-27,373007.55
3012,AC00003012,44,2,saving,active,2026-07-22,189395.2
3013,AC00003013,29,4,CURRENT,Active,2025-12-04,451769.66
3014,AC00003014,22,1,CURRENT,Dormant,2025-09-16,20989.08
3015,AC00003015,79,3,CURRENT,Closed,2026-02-14,471926.64
3016,AC00003016,74,2,Savings,Inactive,2025-12-15,199044.23
3017,AC00003017,54,4,Fixed Deposit,Active,2026-07-30,357462.15
3018,AC00003018,66,4,saving,Active,2024-02-07,55558.99
3019,AC00003019,6,4,Current,active,2025-07-16,201931.61
3020,AC00003020,24,3,Fixed Deposit,Inactive,2025-09-11,249261.0
3021,AC00003021,3,3,saving,Closed,2024-12-02,458408.44
3022,AC00003022,61,4,Savings,Dormant,2024-11-18,397769.79
3023,AC00003023,80,4,Fixed Deposit,Closed,2023-05-09,372021.87
3024,AC00003024,30,2,saving,active,2023-05-10,437884.37
3025,AC00003025,71,3,Savings,Active,2022-10-06,68367.8
3026,AC00003026,55,2,Savings,Dormant,2022-12-07,285027.78
3027,AC00003027,88,2,Savings,Inactive,2024-03-10,94836.49
3028,AC00003028,63,3,saving,Dormant,2025-08-02,196894.51
3029,AC00003029,70,4,saving,Dormant,2023-11-04,260411.46
3030,AC00003030,23,1,CURRENT,Dormant,2023-02-01,252247.3
3031,AC00003031,95,3,Fixed Deposit,active,2024-05-29,240414.34
3032,AC00003032,9,4,Current,Active,2025-04-14,465733.18
3033,AC00003033,72,1,saving,Closed,2023-12-04,207371.51
3034,AC00003034,32,4,CURRENT,active,2025-01-14,435253.97
3035,AC00003035,22,4,CURRENT,Inactive,2024-01-12,470187.74
3036,AC00003036,4,2,Current,active,2022-11-06,334017.39
3037,AC00003037,33,4,Savings,Closed,2025-03-10,418827.38
3038,AC00003038,93,3,CURRENT,Dormant,2023-07-15,484021.07
3039,AC00003039,91,1,CURRENT,Inactive,2023-01-09,209164.76
3040,AC00003040,73,4,Current,Dormant,2023-02-19,251460.85
3041,AC00003041,71,4,Savings,active,2025-08-16,421287.47
3042,AC00003042,8,1,Fixed Deposit,Closed,2023-11-26,271433.26
3043,AC00003043,83,1,Fixed Deposit,Inactive,2024-01-22,48274.26
3044,AC00003044,9,2,CURRENT,Inactive,2023-10-05,296893.5
3045,AC00003045,65,4,saving,Active,2022-09-04,187011.59
3046,AC00003046,44,2,CURRENT,Closed,2026-02-03,435659.71
3047,AC00003047,58,3,CURRENT,active,2023-03-09,303877.42
3048,AC00003048,20,1,Current,Inactive,2023-12-04,199710.43
3049,AC00003049,4,4,saving,Closed,2023-08-18,468785.54
3050,AC00003050,44,4,CURRENT,Closed,2024-12-25,392965.42
3051,AC00003051,69,3,Fixed Deposit,Active,2026-07-17,464835.47
3052,AC00003052,65,2,CURRENT,Inactive,2025-09-20,445438.09
3053,AC00003053,15,1,Savings,Active,2026-05-23,8702.74
3054,AC00003054,6,1,saving,active,2025-12-06,482391.82
3055,AC00003055,13,3,saving,Closed,2024-07-24,112198.63
3056,AC00003056,58,1,CURRENT,Closed,2024-03-27,154831.44
3057,AC00003057,6,4,Current,Dormant,2026-07-01,300996.36
3058,AC00003058,50,2,Current,Active,2025-09-24,420445.32
3059,AC00003059,12,4,CURRENT,Dormant,2026-03-30,218420.8
3060,AC00003060,3,2,saving,Dormant,2025-06-11,416549.8
3061,AC00003061,21,3,CURRENT,Closed,2025-10-26,111514.32
3062,AC00003062,90,1,saving,Closed,2024-03-05,70231.85
3063,AC00003063,62,4,Savings,active,2022-10-11,42035.1
3064,AC00003064,18,2,Fixed Deposit,Closed,2022-11-17,241286.05
3065,AC00003065,46,3,saving,Inactive,2023-05-11,470902.49
3066,AC00003066,4,1,saving,Inactive,2023-06-18,408021.92
3067,AC00003067,66,1,saving,Active,2023-11-04,431935.38
3068,AC00003068,31,3,Current,active,2026-01-07,410701.29
3069,AC00003069,93,4,saving,Inactive,2025-07-07,249208.63
3070,AC00003070,85,1,CURRENT,Closed,2023-06-21,47468.91
3071,AC00003071,76,2,Fixed Deposit,Closed,2023-07-18,138779.18
3072,AC00003072,58,3,CURRENT,active,2025-08-28,375254.29
3073,AC00003073,20,3,Savings,Closed,2025-07-07,405873.51
3074,AC00003074,59,1,Fixed Deposit,Active,2025-04-24,191521.91
3075,AC00003075,16,3,saving,Inactive,2024-01-11,188560.33
3076,AC00003076,83,2,Savings,Inactive,2025-12-25,495291.22
3077,AC00003077,30,2,Current,Closed,2023-09-13,72381.18
3078,AC00003078,91,4,Fixed Deposit,Inactive,2023-07-31,233261.62
3079,AC00003079,80,1,Current,Dormant,2024-01-09,120029.78
3080,AC00003080,4,2,Current,Closed,2022-11-05,166739.5
3081,AC00003081,64,1,Fixed Deposit,Inactive,2026-06-15,412520.75
3082,AC00003082,47,2,Fixed Deposit,Dormant,2026-05-26,14128.91
3083,AC00003083,72,1,Savings,Active,2024-11-02,435684.52
3084,AC00003084,26,1,saving,Active,2025-04-26,185731.06
3085,AC00003085,17,4,Fixed Deposit,Active,2023-11-02,322888.39
3086,AC00003086,5,2,Current,Inactive,2025-05-25,475781.2
3087,AC00003087,42,4,Current,Closed,2025-01-02,308765.49
3088,AC00003088,32,2,CURRENT,Dormant,2023-02-19,161278.43
3089,AC00003089,33,1,saving,Active,2026-02-19,144215.49
3090,AC00003090,100,2,Savings,Dormant,2023-11-23,388855.27
3091,AC00003091,68,1,Current,Closed,2022-10-05,307537.49
3092,AC00003092,38,2,CURRENT,Inactive,2025-11-08,219859.0
3093,AC00003093,79,2,CURRENT,Active,2026-03-14,262663.87
3094,AC00003094,96,3,Fixed Deposit,Dormant,2022-12-04,188431.73
3095,AC00003095,78,1,CURRENT,Inactive,2022-09-21,205304.12
3096,AC00003096,91,1,Savings,active,2023-07-10,436518.85
3097,AC00003097,22,1,saving,Inactive,2025-07-11,249253.73
3098,AC00003098,34,1,Current,active,2022-11-19,265708.23
3099,AC00003099,12,2,Current,active,2022-11-11,272989.53
3100,AC00003100,96,3,Savings,Closed,2023-11-02,420058.1
3101,AC00003101,93,1,CURRENT,Dormant,2026-06-12,329776.57
3102,AC00003102,27,2,Savings,Inactive,2023-10-12,262479.64
3103,AC00003103,17,3,saving,Closed,2025-03-27,178116.03
3104,AC00003104,9,3,Fixed Deposit,Inactive,2024-05-19,331493.13
3105,AC00003105,22,1,Fixed Deposit,Dormant,2024-01-06,290472.66
3106,AC00003106,89,4,CURRENT,Closed,2024-12-22,440376.49
3107,AC00003107,5,2,CURRENT,active,2022-09-01,330871.12
3108,AC00003108,55,1,Current,Closed,2023-05-04,146373.67
3109,AC00003109,50,1,Current,Closed,2024-10-17,237168.91
3110,AC00003110,29,4,Current,active,2026-01-10,277788.17
3111,AC00003111,41,4,Current,Inactive,2024-02-26,484781.13
3112,AC00003112,84,1,CURRENT,Active,2025-11-18,423527.35
3113,AC00003113,61,3,saving,Dormant,2025-06-26,405085.42
3114,AC00003114,70,4,Fixed Deposit,Inactive,2023-10-28,29934.67
3115,AC00003115,93,2,Fixed Deposit,Active,2023-12-14,208922.43
3116,AC00003116,4,3,Savings,Inactive,2026-03-25,237555.65
3117,AC00003117,39,1,Savings,Inactive,2023-10-03,45874.24
3118,AC00003118,20,1,CURRENT,active,2026-06-23,471915.22
3119,AC00003119,39,3,CURRENT,Dormant,2023-02-24,489392.11
3120,AC00003120,47,3,Fixed Deposit,Dormant,2024-05-02,496424.39
3121,AC00003121,37,3,CURRENT,active,2024-06-10,39944.6
3122,AC00003122,36,1,saving,Dormant,2023-02-26,488843.81
3123,AC00003123,79,2,saving,Inactive,2025-01-22,364351.17
3124,AC00003124,25,3,saving,Active,2024-05-03,245564.19
3125,AC00003125,24,1,Savings,Closed,2025-12-05,69422.79
3126,AC00003126,21,1,CURRENT,Inactive,2025-04-11,124997.61
3127,AC00003127,29,1,Fixed Deposit,Dormant,2023-08-14,103997.56
3128,AC00003128,69,1,saving,Dormant,2022-11-25,377751.44
3129,AC00003129,55,2,Savings,Closed,2024-07-03,365521.89
3130,AC00003130,81,3,CURRENT,Active,2024-04-15,323764.72
3131,AC00003131,77,3,Fixed Deposit,Active,2023-04-16,482231.94
3132,AC00003132,22,2,Fixed Deposit,Active,2024-10-23,129788.76
3133,AC00003133,89,2,Fixed Deposit,Active,2025-02-05,122683.23
3134,AC00003134,58,2,saving,Dormant,2026-02-26,461379.62
3135,AC00003135,72,4,Current,Inactive,2024-12-20,214166.85
3136,AC00003136,96,4,saving,Active,2025-04-17,166091.74
3137,AC00003137,43,2,Fixed Deposit,Inactive,2025-03-12,35821.24
3138,AC00003138,45,4,CURRENT,Inactive,2023-12-02,104577.09
3139,AC00003139,80,2,Fixed Deposit,Inactive,2023-04-17,51907.01
3140,AC00003140,29,2,CURRENT,Dormant,2025-04-11,454898.98
3141,AC00003141,11,1,Savings,Inactive,2025-08-31,339735.1
3142,AC00003142,68,1,CURRENT,Closed,2024-07-05,339879.09
3143,AC00003143,2,4,Current,Active,2024-02-04,96714.54
3144,AC00003144,12,2,Fixed Deposit,Closed,2024-06-06,418905.37
3145,AC00003145,32,4,Savings,Closed,2022-10-21,453723.94
3146,AC00003146,8,1,Savings,Closed,2023-10-02,410408.62
3147,AC00003147,87,1,saving,Dormant,2023-03-06,274790.28
3148,AC00003148,92,3,Fixed Deposit,Active,2025-06-06,273155.08
3149,AC00003149,34,2,Current,Inactive,2025-12-19,456665.7
3150,AC00003150,73,4,Savings,Dormant,2023-03-31,368229.91
3151,AC00003151,67,1,Fixed Deposit,Active,2026-01-12,374601.85
3152,AC00003152,71,2,Fixed Deposit,Inactive,2024-06-29,434012.5
3153,AC00003153,53,1,CURRENT,Inactive,2025-07-24,70409.06
3154,AC00003154,17,3,CURRENT,active,2023-05-01,101791.11
3155,AC00003155,80,3,Savings,Inactive,2023-05-17,19465.83
3156,AC00003156,16,1,Savings,active,2024-11-14,164544.17
3157,AC00003157,37,3,CURRENT,active,2026-04-13,291813.89
3158,AC00003158,42,1,Savings,Inactive,2022-12-11,481515.93
3159,AC00003159,73,2,Current,Dormant,2022-10-12,212383.35
3160,AC00003160,96,2,Current,Active,2025-07-01,189805.83
3161,AC00003161,46,3,Fixed Deposit,Active,2025-04-29,201181.74
3162,AC00003162,43,4,Savings,Closed,2023-11-20,361844.53
3163,AC00003163,17,3,CURRENT,Closed,2026-07-31,177342.71
3164,AC00003164,73,2,Current,Closed,2025-03-28,397067.63
3165,AC00003165,97,1,Fixed Deposit,Inactive,2023-02-24,75883.38
3166,AC00003166,48,3,saving,active,2024-07-24,236427.18
3167,AC00003167,88,3,Current,active,2025-10-23,3091.06
3168,AC00003168,64,1,CURRENT,Active,2025-06-26,428570.67
3169,AC00003169,64,1,Savings,active,2023-07-22,306661.07
3170,AC00003170,76,1,saving,Closed,2023-09-03,428207.43
3171,AC00003171,85,2,saving,active,2026-07-21,63220.0
3172,AC00003172,14,1,Fixed Deposit,active,2025-08-25,140527.42
3173,AC00003173,32,2,CURRENT,active,2025-01-24,272098.18
3174,AC00003174,53,3,Fixed Deposit,active,2024-01-12,447492.77
3175,AC00003175,29,2,Fixed Deposit,active,2024-07-27,489456.73
3176,AC00003176,85,2,CURRENT,Active,2023-02-09,46140.88
3177,AC00003177,77,2,Current,active,2026-02-22,347552.76
3178,AC00003178,52,3,Current,active,2025-11-18,97451.78
3179,AC00003179,19,2,Current,Inactive,2025-10-25,220036.45
3180,AC00003180,26,3,Current,Active,2023-02-03,146523.64
3181,AC00003181,14,2,Current,active,2023-03-20,476181.41
3182,AC00003182,100,2,Fixed Deposit,Active,2026-04-08,150688.67
3183,AC00003183,90,1,Fixed Deposit,Active,2026-03-27,288447.61
3184,AC00003184,6,3,saving,Closed,2025-01-19,178850.91
3185,AC00003185,57,4,saving,Inactive,2024-04-20,125284.3
3186,AC00003186,89,2,Current,Inactive,2023-09-11,331808.83
3187,AC00003187,91,2,saving,active,2026-05-10,212929.37
3188,AC00003188,19,2,CURRENT,active,2025-09-16,388019.18
3189,AC00003189,67,2,saving,active,2023-05-19,372700.66
3190,AC00003190,79,4,Current,active,2023-11-28,185663.1
3191,AC00003191,49,4,saving,active,2023-02-05,27488.34
3192,AC00003192,30,4,Fixed Deposit,Dormant,2023-12-14,442892.45
3193,AC00003193,47,4,CURRENT,Dormant,2025-03-10,249857.89
3194,AC00003194,85,2,Savings,Active,2024-04-27,189826.33
3195,AC00003195,23,1,Savings,Inactive,2026-05-04,7302.17
3196,AC00003196,54,3,CURRENT,active,2024-09-16,428558.55
3197,AC00003197,22,2,Current,active,2023-06-15,10612.72
3198,AC00003198,15,1,CURRENT,Closed,2026-01-08,325343.88
3199,AC00003199,21,1,Fixed Deposit,Dormant,2024-11-05,289820.43
3200,AC00003200,98,1,saving,Closed,2024-08-10,265309.77
3201,AC00003201,76,2,Savings,Closed,2025-05-13,79027.27
3202,AC00003202,100,3,Savings,Active,2023-03-30,497342.94
3203,AC00003203,17,4,Savings,Inactive,2024-03-20,39139.11
3204,AC00003204,60,4,Savings,Active,2022-11-23,126155.43
3205,AC00003205,30,4,Fixed Deposit,active,2025-06-13,478184.06
3206,AC00003206,37,4,Fixed Deposit,Inactive,2023-10-05,128844.17
3207,AC00003207,6,2,Fixed Deposit,Closed,2023-03-31,475146.95
3208,AC00003208,44,4,Fixed Deposit,Active,2026-07-30,201804.86
3209,AC00003209,80,3,Current,Closed,2023-05-06,87032.11
3210,AC00003210,69,4,Savings,Dormant,2024-05-27,202493.81
3211,AC00003211,31,4,CURRENT,Dormant,2025-01-13,51437.12
3212,AC00003212,59,3,saving,active,2024-09-16,36088.34
3213,AC00003213,54,3,Savings,active,2025-10-08,337522.61
3214,AC00003214,9,2,Current,Closed,2023-11-03,12625.18
3215,AC00003215,26,3,CURRENT,Inactive,2024-03-29,256635.31
3216,AC00003216,1,3,saving,Dormant,2024-07-14,356379.62
3217,AC00003217,7,4,CURRENT,Dormant,2024-12-27,261108.89
3218,AC00003218,77,1,Current,Active,2024-03-29,413104.95
3219,AC00003219,17,1,Fixed Deposit,active,2025-04-08,301409.78
3220,AC00003220,10,4,Fixed Deposit,active,2024-04-19,437726.94
3221,AC00003221,98,3,saving,active,2025-04-04,299532.62
3222,AC00003222,7,1,Savings,Inactive,2024-01-20,156603.53
3223,AC00003223,13,3,Fixed Deposit,active,2023-09-28,17827.64
3224,AC00003224,100,1,Savings,Inactive,2023-08-21,69377.43
3225,AC00003225,26,3,Fixed Deposit,active,2024-09-09,976.26
3226,AC00003226,43,3,Savings,Closed,2023-02-21,157650.75
3227,AC00003227,41,1,Current,Closed,2024-05-12,491765.59
3228,AC00003228,42,2,CURRENT,Active,2024-02-10,410235.79
3229,AC00003229,13,3,CURRENT,Active,2024-11-19,26108.14
3230,AC00003230,6,2,Current,Inactive,2023-04-28,446951.47
3231,AC00003231,31,1,Current,Dormant,2024-12-21,410572.3
3232,AC00003232,32,1,CURRENT,Closed,2023-01-09,203621.7
3233,AC00003233,19,1,Current,Active,2025-02-28,50625.39
3234,AC00003234,76,1,saving,Active,2022-12-27,462636.63
3235,AC00003235,44,2,Fixed Deposit,Inactive,2023-09-02,267787.93
3236,AC00003236,15,4,saving,Active,2023-12-05,329153.0
3237,AC00003237,60,1,Savings,Inactive,2026-01-14,484955.71
3238,AC00003238,84,4,saving,Active,2023-02-02,50529.88
3239,AC00003239,54,3,Fixed Deposit,Closed,2023-10-12,12075.7
3240,AC00003240,18,4,Fixed Deposit,Dormant,2023-05-09,342336.08
3241,AC00003241,51,2,CURRENT,Closed,2024-09-24,229641.95
3242,AC00003242,64,3,saving,Inactive,2026-03-08,284283.69
3243,AC00003243,2,3,CURRENT,Closed,2025-02-03,142777.53
3244,AC00003244,4,1,CURRENT,Dormant,2024-11-29,312963.89
3245,AC00003245,45,1,saving,Closed,2022-10-26,304570.67
3246,AC00003246,46,1,CURRENT,Active,2024-09-11,264522.88
3247,AC00003247,84,1,Current,Dormant,2025-06-16,28977.03
3248,AC00003248,93,2,Fixed Deposit,Dormant,2023-12-09,466426.0
3249,AC00003249,71,3,CURRENT,Closed,2026-02-04,169142.27
3250,AC00003250,34,1,CURRENT,Closed,2026-02-11,73886.33
3251,AC00003251,66,3,CURRENT,Dormant,2024-04-20,204989.4
3252,AC00003252,42,2,Savings,Closed,2022-12-26,351169.31
3253,AC00003253,94,4,Current,active,2023-01-11,25291.33
3254,AC00003254,42,2,CURRENT,Closed,2024-08-22,282301.84
3255,AC00003255,59,3,Fixed Deposit,Inactive,2024-08-23,57280.09
3256,AC00003256,50,2,Savings,Active,2024-06-21,485766.75
3257,AC00003257,35,3,saving,Inactive,2023-01-08,383221.56
3258,AC00003258,26,1,Current,active,2024-09-01,78325.95
3259,AC00003259,19,2,Fixed Deposit,Closed,2025-03-21,459075.55
3260,AC00003260,41,2,CURRENT,active,2023-07-15,163830.11
3261,AC00003261,58,3,CURRENT,Dormant,2025-05-02,230720.35
3262,AC00003262,89,2,Fixed Deposit,Closed,2026-01-30,390603.47
3263,AC00003263,86,2,CURRENT,Inactive,2025-06-07,108504.09
3264,AC00003264,67,2,saving,Dormant,2024-03-19,333575.0
3265,AC00003265,81,4,Current,Dormant,2022-12-24,438016.36
3266,AC00003266,5,3,saving,Inactive,2024-06-29,83622.6
3267,AC00003267,38,1,CURRENT,Active,2024-11-09,54277.87
3268,AC00003268,13,1,Fixed Deposit,active,2024-07-08,1614.81
3269,AC00003269,99,2,saving,Active,2026-07-08,265007.07
3270,AC00003270,47,2,Savings,Inactive,2025-03-03,91398.59
3271,AC00003271,44,2,CURRENT,Inactive,2023-04-06,349347.59
3272,AC00003272,75,2,Savings,active,2025-10-09,318742.53
3273,AC00003273,98,3,Savings,Dormant,2026-03-31,406566.21
3274,AC00003274,9,1,CURRENT,Active,2024-02-11,113939.2
3275,AC00003275,8,3,Current,Active,2025-12-18,454963.75
3276,AC00003276,30,1,saving,Closed,2025-08-19,201373.59
3277,AC00003277,82,1,Savings,Inactive,2023-12-09,174632.96
3278,AC00003278,66,1,Fixed Deposit,Closed,2026-07-09,167734.79
3279,AC00003279,51,1,Current,Closed,2024-02-19,163615.49
3280,AC00003280,90,1,CURRENT,Inactive,2023-11-24,150500.78
3281,AC00003281,35,2,saving,Closed,2024-01-08,173351.23
3282,AC00003282,65,2,Savings,Active,2024-03-19,343163.71
3283,AC00003283,79,4,saving,active,2024-08-02,139050.53
3284,AC00003284,5,4,saving,Active,2025-01-12,329477.86
3285,AC00003285,49,4,Fixed Deposit,Inactive,2023-07-21,388720.02
3286,AC00003286,26,2,Savings,Closed,2024-04-12,247333.02
3287,AC00003287,19,4,Fixed Deposit,Inactive,2026-07-22,446258.82
3288,AC00003288,69,2,CURRENT,Inactive,2025-05-24,166029.97
3289,AC00003289,96,3,saving,Dormant,2025-05-12,160938.89
3290,AC00003290,47,4,saving,active,2023-03-26,106601.69
3291,AC00003291,58,2,Current,active,2025-03-27,177489.61
3292,AC00003292,18,1,Savings,Closed,2024-05-19,170836.35
3293,AC00003293,73,2,Current,Active,2025-05-10,141390.34
3294,AC00003294,46,4,saving,active,2023-05-12,462260.63
3295,AC00003295,75,2,saving,Inactive,2024-11-24,221112.3
3296,AC00003296,7,4,Fixed Deposit,Active,2026-02-24,191408.01
3297,AC00003297,29,3,Savings,Closed,2023-04-13,170939.51
3298,AC00003298,13,1,Current,active,2023-08-29,280787.06
3299,AC00003299,26,2,Current,Dormant,2024-09-26,377085.22
3300,AC00003300,92,4,Savings,Dormant,2025-12-10,133667.82
3301,AC00003301,62,4,saving,Closed,2024-01-06,192662.24
3302,AC00003302,60,1,Fixed Deposit,Active,2025-10-18,435180.86
3303,AC00003303,98,4,Current,Inactive,2023-12-27,100048.81
3304,AC00003304,19,1,Fixed Deposit,Active,2025-06-04,7395.01
3305,AC00003305,4,1,CURRENT,active,2024-04-13,72656.81
3306,AC00003306,21,4,Fixed Deposit,Active,2025-03-04,457882.0
3307,AC00003307,19,4,Current,Closed,2023-10-09,35547.24
3308,AC00003308,9,2,Fixed Deposit,Closed,2024-09-15,93949.03
3309,AC00003309,66,1,Savings,Inactive,2025-04-05,280348.44
3310,AC00003310,80,2,Current,Active,2024-04-24,363126.33
3311,AC00003311,22,1,CURRENT,Inactive,2023-08-16,387103.44
3312,AC00003312,3,3,Current,Inactive,2025-10-18,76562.82
3313,AC00003313,65,2,Fixed Deposit,Inactive,2025-09-14,442549.56
3314,AC00003314,100,2,Current,Inactive,2023-05-31,251012.6
3315,AC00003315,96,2,Fixed Deposit,Inactive,2022-10-10,48286.05
3316,AC00003316,62,2,Fixed Deposit,active,2024-07-30,480638.11
3317,AC00003317,39,4,Current,Inactive,2024-05-28,358308.85
3318,AC00003318,7,3,CURRENT,Active,2023-12-22,320133.52
3319,AC00003319,70,2,saving,Inactive,2025-04-08,262660.35
3320,AC00003320,72,3,Fixed Deposit,active,2023-05-10,159034.69
3321,AC00003321,39,4,CURRENT,Dormant,2026-05-23,419340.58
3322,AC00003322,54,4,CURRENT,Active,2025-03-14,381773.75
3323,AC00003323,82,1,Current,Dormant,2024-08-26,364221.86
3324,AC00003324,15,1,Savings,Closed,2023-07-18,90724.33
3325,AC00003325,12,1,Current,Dormant,2024-04-10,328530.91
3326,AC00003326,12,1,Current,Dormant,2024-04-20,267311.07
3327,AC00003327,92,3,Fixed Deposit,active,2026-03-02,349569.94
3328,AC00003328,98,2,Savings,Inactive,2022-10-25,188641.2
3329,AC00003329,51,2,CURRENT,Active,2023-02-04,170487.32
3330,AC00003330,22,3,Fixed Deposit,Dormant,2026-07-10,255813.89
3331,AC00003331,20,3,Current,Closed,2023-07-05,58983.28
3332,AC00003332,8,4,CURRENT,Active,2024-12-10,422345.94
3333,AC00003333,49,2,CURRENT,Closed,2023-01-27,473596.04
3334,AC00003334,33,3,Current,Inactive,2024-10-10,407056.59
3335,AC00003335,86,4,Savings,Dormant,2024-09-25,121685.08
3336,AC00003336,55,2,CURRENT,Dormant,2025-06-20,390611.42
3337,AC00003337,8,2,saving,active,2025-04-20,226166.85
3338,AC00003338,20,1,CURRENT,Inactive,2024-01-16,94988.4
3339,AC00003339,34,1,CURRENT,Closed,2023-12-30,404980.62
3340,AC00003340,84,1,Fixed Deposit,Active,2024-03-27,387934.72
3341,AC00003341,34,1,CURRENT,Closed,2026-05-10,98575.07
3342,AC00003342,6,1,CURRENT,active,2025-09-28,214767.78
3343,AC00003343,26,4,CURRENT,Active,2025-06-13,330460.93
3344,AC00003344,65,4,CURRENT,Active,2023-03-31,378630.15
3345,AC00003345,22,3,Current,Closed,2024-03-11,247721.03
3346,AC00003346,78,4,Fixed Deposit,active,2023-07-12,388111.14
3347,AC00003347,96,1,CURRENT,active,2024-06-10,370354.04
3348,AC00003348,75,2,CURRENT,Dormant,2025-08-17,383316.44
3349,AC00003349,56,3,CURRENT,Closed,2025-12-29,435192.71
3350,AC00003350,52,2,Current,Dormant,2024-03-16,16131.47
3351,AC00003351,20,4,CURRENT,Dormant,2025-08-30,499921.83
3352,AC00003352,30,1,Savings,Dormant,2024-02-26,483415.43
3353,AC00003353,15,3,Savings,active,2022-11-04,271947.55
3354,AC00003354,52,3,CURRENT,Active,2026-07-21,214698.4
3355,AC00003355,77,4,CURRENT,Dormant,2024-02-26,102046.34
3356,AC00003356,73,3,CURRENT,Dormant,2025-01-08,176592.0
3357,AC00003357,93,4,Savings,Active,2023-04-07,152850.66
3358,AC00003358,90,4,Current,Dormant,2026-08-01,244099.41
3359,AC00003359,53,1,Savings,Inactive,2024-08-17,30643.04
3360,AC00003360,38,4,Fixed Deposit,Active,2024-10-06,372589.16
3361,AC00003361,68,1,Fixed Deposit,Inactive,2023-03-19,446538.49
3362,AC00003362,71,2,Savings,Closed,2025-08-20,154562.37
3363,AC00003363,20,2,CURRENT,Closed,2023-11-13,468278.67
3364,AC00003364,64,3,saving,Closed,2025-02-16,472920.91
3365,AC00003365,42,3,CURRENT,Active,2023-01-29,394771.52
3366,AC00003366,47,1,saving,active,2024-04-29,342902.74
3367,AC00003367,4,2,Current,Active,2025-05-14,298969.48
3368,AC00003368,77,2,CURRENT,Inactive,2025-01-10,463885.98
3369,AC00003369,15,3,Savings,Closed,2023-07-05,443417.72
3370,AC00003370,78,3,CURRENT,active,2023-06-28,301663.01
3371,AC00003371,45,1,Current,Inactive,2022-11-29,112351.53
3372,AC00003372,41,3,Current,Dormant,2025-12-18,259350.29
3373,AC00003373,47,4,CURRENT,Active,2023-08-03,308332.21
3374,AC00003374,1,1,CURRENT,active,2022-12-31,31511.81
3375,AC00003375,23,3,saving,Dormant,2024-09-13,466171.33
3376,AC00003376,88,2,CURRENT,active,2023-05-22,44704.06
3377,AC00003377,34,1,Current,Active,2026-03-14,164790.11
3378,AC00003378,10,3,Current,Dormant,2025-08-06,461417.14
3379,AC00003379,42,3,Current,Dormant,2024-09-28,417285.52
3380,AC00003380,26,2,Savings,active,2023-06-16,143257.79
3381,AC00003381,65,4,CURRENT,Dormant,2024-10-31,405433.48
3382,AC00003382,52,3,Fixed Deposit,Active,2023-02-17,120124.98
3383,AC00003383,63,1,Current,Dormant,2025-09-10,236128.14
3384,AC00003384,53,2,Savings,active,2022-12-23,200337.42
3385,AC00003385,69,4,Current,Dormant,2025-03-16,495050.68
3386,AC00003386,42,4,Current,Dormant,2023-10-28,133127.46
3387,AC00003387,50,4,saving,active,2026-01-09,430029.58
3388,AC00003388,97,1,CURRENT,Dormant,2022-09-11,456731.01
3389,AC00003389,85,4,Fixed Deposit,Inactive,2026-03-20,388570.42
3390,AC00003390,91,2,Savings,Closed,2026-06-26,332043.1
3391,AC00003391,40,2,Savings,active,2025-10-16,31335.14
3392,AC00003392,5,4,CURRENT,Inactive,2024-07-23,94613.78
3393,AC00003393,49,4,Fixed Deposit,Active,2025-09-22,467475.17
3394,AC00003394,81,1,saving,Active,2025-03-01,312523.6
3395,AC00003395,63,1,saving,Inactive,2024-06-11,382478.57
3396,AC00003396,6,4,Current,Inactive,2023-06-03,499053.55
3397,AC00003397,29,1,saving,active,2025-11-19,297062.29
3398,AC00003398,67,3,CURRENT,Active,2023-09-17,469103.71
3399,AC00003399,31,4,CURRENT,Inactive,2024-04-06,65458.63
3400,AC00003400,95,1,Current,Active,2023-10-02,393020.31
3401,AC00003401,49,2,Savings,active,2026-04-17,308810.89
3402,AC00003402,39,2,Fixed Deposit,Inactive,2025-01-10,127968.63
3403,AC00003403,15,2,Fixed Deposit,Closed,2024-11-30,124718.33
3404,AC00003404,51,2,saving,Dormant,2026-05-27,311755.29
3405,AC00003405,22,4,Current,active,2024-11-09,213600.38
3406,AC00003406,15,2,CURRENT,Inactive,2025-01-07,322822.62
3407,AC00003407,38,4,Fixed Deposit,Active,2024-07-23,471239.57
3408,AC00003408,6,2,Fixed Deposit,active,2026-01-19,319877.1
3409,AC00003409,48,1,saving,Inactive,2023-02-23,115531.84
3410,AC00003410,44,1,saving,Active,2026-01-31,293463.04
3411,AC00003411,56,4,Current,Dormant,2025-08-06,113570.14
3412,AC00003412,35,4,Fixed Deposit,Closed,2023-12-09,46069.41
3413,AC00003413,5,1,saving,Dormant,2024-10-25,320638.7
3414,AC00003414,54,1,Current,active,2023-10-02,277255.8
3415,AC00003415,80,3,Fixed Deposit,Closed,2022-10-12,101721.6
3416,AC00003416,85,1,Savings,active,2025-09-29,68330.04
3417,AC00003417,74,1,Fixed Deposit,active,2023-04-22,452831.15
3418,AC00003418,92,2,Fixed Deposit,Active,2025-09-13,366462.68
3419,AC00003419,47,4,Current,Active,2023-10-21,126079.3
3420,AC00003420,21,1,CURRENT,active,2024-05-23,100423.79
3421,AC00003421,24,3,Fixed Deposit,Active,2025-12-26,435905.58
3422,AC00003422,62,4,CURRENT,active,2024-01-05,478984.78
3423,AC00003423,52,2,saving,Closed,2025-03-03,138368.72
3424,AC00003424,72,4,Savings,Dormant,2025-06-07,425946.33
3425,AC00003425,69,2,Fixed Deposit,Closed,2024-03-13,8770.04
3426,AC00003426,35,1,Current,Active,2023-06-08,86653.65
3427,AC00003427,42,4,CURRENT,Active,2026-01-05,197695.52
3428,AC00003428,29,2,CURRENT,active,2023-11-07,442503.86
3429,AC00003429,8,2,Current,active,2026-07-16,383004.13
3430,AC00003430,8,2,CURRENT,Dormant,2023-06-06,234897.07
3431,AC00003431,3,1,CURRENT,Active,2022-09-24,312076.84
3432,AC00003432,49,4,Savings,Inactive,2024-03-16,230502.63
3433,AC00003433,93,2,CURRENT,Active,2023-07-17,169648.37
3434,AC00003434,87,2,CURRENT,Dormant,2025-05-31,340214.79
3435,AC00003435,64,4,Current,active,2024-07-20,248277.39
3436,AC00003436,7,2,Fixed Deposit,Closed,2023-06-10,168643.64
3437,AC00003437,98,3,Fixed Deposit,Active,2024-09-02,126791.47
3438,AC00003438,30,1,CURRENT,active,2024-05-02,174487.33
3439,AC00003439,77,3,Savings,Inactive,2026-06-21,496870.58
3440,AC00003440,48,3,Current,Inactive,2025-02-12,263578.92
3441,AC00003441,24,1,Fixed Deposit,Dormant,2024-11-19,403251.55
3442,AC00003442,69,1,saving,Inactive,2025-06-21,46205.88
3443,AC00003443,79,1,CURRENT,Dormant,2025-07-15,235901.59
3444,AC00003444,38,3,Current,Inactive,2025-01-19,185208.58
3445,AC00003445,53,2,Fixed Deposit,Closed,2025-06-20,95362.9
3446,AC00003446,75,4,Savings,Dormant,2022-09-06,471818.99
3447,AC00003447,18,1,Current,active,2026-05-08,161596.64
3448,AC00003448,83,3,Current,Closed,2026-07-06,25627.49
3449,AC00003449,27,2,Savings,Dormant,2025-04-14,310474.82
3450,AC00003450,1,2,Current,Closed,2023-02-20,245162.17
3451,AC00003451,90,2,Fixed Deposit,Closed,2026-01-13,475238.88
3452,AC00003452,76,1,Savings,active,2023-03-14,184907.79
3453,AC00003453,39,3,CURRENT,active,2024-11-10,312239.64
3454,AC00003454,81,1,Fixed Deposit,Dormant,2024-01-12,472484.56
3455,AC00003455,30,4,Fixed Deposit,Closed,2022-12-27,285119.57
3456,AC00003456,47,2,CURRENT,Inactive,2026-06-23,178094.87
3457,AC00003457,7,3,CURRENT,active,2023-05-27,469421.61
3458,AC00003458,73,1,saving,Dormant,2024-10-06,86674.14
3459,AC00003459,11,4,Current,Active,2026-06-06,46417.56
3460,AC00003460,50,2,Current,Closed,2024-12-08,233150.3
3461,AC00003461,60,3,saving,Active,2023-05-18,334277.82
3462,AC00003462,84,3,Fixed Deposit,Active,2025-03-02,453807.14
3463,AC00003463,33,2,saving,Closed,2025-01-12,468044.88
3464,AC00003464,69,2,Fixed Deposit,Active,2023-08-03,237425.02
3465,AC00003465,96,4,Fixed Deposit,Closed,2023-07-14,365614.71
3466,AC00003466,33,3,Savings,active,2023-12-14,20826.56
3467,AC00003467,58,1,CURRENT,active,2024-03-27,3709.21
3468,AC00003468,37,4,Current,Active,2024-09-21,35853.43
3469,AC00003469,29,3,Fixed Deposit,active,2024-10-31,191510.77
3470,AC00003470,48,4,saving,active,2024-01-17,196220.43
3471,AC00003471,42,3,saving,Inactive,2026-01-23,349897.24
3472,AC00003472,38,2,saving,Inactive,2025-10-14,247700.32
3473,AC00003473,2,3,Savings,Dormant,2025-03-05,261957.74
3474,AC00003474,6,4,saving,Dormant,2024-12-11,161280.39
3475,AC00003475,17,2,saving,Closed,2023-03-15,112377.85
3476,AC00003476,16,4,saving,Closed,2025-02-21,239903.2
3477,AC00003477,14,3,Savings,Dormant,2025-04-15,465846.19
3478,AC00003478,24,2,CURRENT,active,2026-06-27,23567.33
3479,AC00003479,31,3,saving,active,2025-04-05,142855.6
3480,AC00003480,64,1,CURRENT,active,2025-11-23,414813.88
3481,AC00003481,83,4,Fixed Deposit,Closed,2024-11-27,251210.34
3482,AC00003482,21,1,Fixed Deposit,Active,2023-05-19,185222.52
3483,AC00003483,86,4,saving,Closed,2026-06-03,180606.78
3484,AC00003484,57,4,Fixed Deposit,active,2024-10-11,497320.2
3485,AC00003485,48,3,Fixed Deposit,Dormant,2026-08-03,490830.28
3486,AC00003486,14,2,Fixed Deposit,active,2025-03-30,49324.78
3487,AC00003487,96,2,Savings,Dormant,2022-10-10,412836.76
3488,AC00003488,98,2,Fixed Deposit,Dormant,2025-08-06,458862.61
3489,AC00003489,78,3,Fixed Deposit,Active,2026-01-22,419846.03
3490,AC00003490,70,1,Savings,Inactive,2024-02-23,143195.55
3491,AC00003491,71,4,Savings,Inactive,2023-06-22,78991.82
3492,AC00003492,69,3,CURRENT,Closed,2022-12-17,73069.83
3493,AC00003493,23,3,Fixed Deposit,Closed,2022-10-09,316988.36
3494,AC00003494,97,1,Current,Active,2024-06-29,280135.93
3495,AC00003495,82,4,saving,Inactive,2026-04-28,361753.24
3496,AC00003496,58,1,Current,Closed,2023-05-02,336605.04
3497,AC00003497,59,2,CURRENT,Dormant,2023-09-15,189267.6
3498,AC00003498,17,2,saving,Active,2024-03-29,489935.33
3499,AC00003499,90,1,Current,active,2023-04-17,345092.82
3500,AC00003500,54,4,saving,Inactive,2026-03-11,262492.47
3501,AC00003501,21,1,Fixed Deposit,Active,2024-10-01,92262.1
3502,AC00003502,11,3,CURRENT,Dormant,2025-12-20,415173.91
3503,AC00003503,58,1,CURRENT,Active,2023-11-22,452651.48
3504,AC00003504,19,2,Fixed Deposit,Closed,2023-05-23,284918.48
3505,AC00003505,78,2,Fixed Deposit,Closed,2023-11-17,202124.97
3506,AC00003506,98,2,Current,Dormant,2025-02-17,33227.99
3507,AC00003507,46,1,saving,Inactive,2023-12-09,383737.49
3508,AC00003508,13,3,CURRENT,Inactive,2026-01-13,177840.44
3509,AC00003509,6,3,Current,Closed,2025-01-29,469601.2
3510,AC00003510,41,3,Savings,active,2023-01-14,316702.84
3511,AC00003511,5,2,Current,active,2024-08-02,111203.18
3512,AC00003512,26,2,saving,Inactive,2025-01-20,493048.9
3513,AC00003513,28,3,Savings,Dormant,2024-02-04,433413.13
3514,AC00003514,19,1,CURRENT,Inactive,2023-07-29,410911.23
3515,AC00003515,70,2,saving,Dormant,2025-02-08,214156.56
3516,AC00003516,21,2,CURRENT,Active,2024-04-19,489232.66
3517,AC00003517,49,3,Savings,Closed,2024-02-15,441069.52
3518,AC00003518,2,3,saving,active,2024-08-21,462343.8
3519,AC00003519,33,4,saving,Dormant,2024-10-26,177296.87
3520,AC00003520,99,2,saving,active,2025-04-16,362796.09
3521,AC00003521,98,1,saving,Inactive,2022-10-03,58240.63
3522,AC00003522,28,4,Savings,Inactive,2024-12-24,187154.94
3523,AC00003523,93,2,Current,Inactive,2023-03-31,195454.81
3524,AC00003524,81,1,Savings,active,2023-11-05,156754.57
3525,AC00003525,95,2,Current,active,2022-11-02,321422.74
3526,AC00003526,90,3,Current,Inactive,2025-06-24,116769.88
3527,AC00003527,21,2,CURRENT,Closed,2024-04-04,446924.59
3528,AC00003528,4,4,Current,active,2024-12-18,426456.38
3529,AC00003529,24,1,saving,Closed,2023-01-27,10163.28
3530,AC00003530,87,1,Savings,Closed,2026-01-14,407241.52
3531,AC00003531,16,3,Current,active,2026-05-01,119080.11
3532,AC00003532,18,2,Fixed Deposit,Active,2023-07-15,171395.07
3533,AC00003533,72,2,CURRENT,Dormant,2024-10-14,335513.43
3534,AC00003534,71,2,CURRENT,active,2024-01-18,11066.25
3535,AC00003535,75,4,CURRENT,Inactive,2025-07-29,462369.66
3536,AC00003536,35,2,Fixed Deposit,Active,2023-06-04,464807.67
3537,AC00003537,32,4,Current,Closed,2022-08-21,394938.97
3538,AC00003538,82,1,CURRENT,Active,2022-12-22,2030.99
3539,AC00003539,56,2,CURRENT,Dormant,2024-01-10,463789.83
3540,AC00003540,85,3,Savings,Dormant,2024-07-02,481485.06
3541,AC00003541,57,4,Fixed Deposit,Closed,2026-05-05,26890.06
3542,AC00003542,53,3,CURRENT,Active,2023-10-16,138311.94
3543,AC00003543,74,1,Fixed Deposit,Inactive,2025-11-11,17686.15
3544,AC00003544,51,3,saving,active,2023-06-29,377108.1
3545,AC00003545,76,1,saving,Inactive,2024-03-18,48075.81
3546,AC00003546,86,2,Fixed Deposit,Closed,2025-09-22,242119.88
3547,AC00003547,55,3,Savings,Dormant,2025-02-25,449460.9
3548,AC00003548,66,3,Savings,Closed,2026-02-02,343523.1
3549,AC00003549,32,4,CURRENT,Active,2023-10-29,355841.13
3550,AC00003550,56,4,saving,Active,2025-08-12,73875.88
3551,AC00003551,8,2,CURRENT,Inactive,2025-12-12,197085.77
3552,AC00003552,11,4,Savings,Inactive,2025-10-05,147417.06
3553,AC00003553,13,1,Fixed Deposit,Closed,2025-01-03,316717.5
3554,AC00003554,9,3,Current,active,2026-01-21,305078.04
3555,AC00003555,84,4,saving,Inactive,2026-02-28,158641.84
3556,AC00003556,66,3,Savings,Active,2023-12-06,153305.2
3557,AC00003557,17,2,Savings,Inactive,2025-03-26,78231.6
3558,AC00003558,39,2,CURRENT,Closed,2024-03-08,49402.72
3559,AC00003559,45,3,Fixed Deposit,Dormant,2025-02-20,138990.56
3560,AC00003560,84,3,Savings,Active,2025-01-27,185463.67
3561,AC00003561,66,4,Fixed Deposit,Inactive,2022-12-13,21813.85
3562,AC00003562,71,1,Current,Dormant,2023-08-05,495240.51
3563,AC00003563,98,1,CURRENT,Active,2026-03-18,325070.95
3564,AC00003564,90,2,Fixed Deposit,Active,2025-06-29,477883.24
3565,AC00003565,19,2,Fixed Deposit,active,2025-04-18,293672.39
3566,AC00003566,96,1,CURRENT,active,2022-10-26,415719.96
3567,AC00003567,69,3,Current,Active,2024-09-04,451518.28
3568,AC00003568,89,4,CURRENT,Closed,2024-04-25,120186.37
3569,AC00003569,25,4,Fixed Deposit,Dormant,2023-04-17,238072.23
3570,AC00003570,17,1,saving,Closed,2024-07-22,48986.76
3571,AC00003571,88,4,saving,active,2022-10-18,31800.7
3572,AC00003572,80,1,saving,Active,2024-02-22,405581.19
3573,AC00003573,24,1,Fixed Deposit,Inactive,2024-11-09,486988.07
3574,AC00003574,97,3,CURRENT,Dormant,2022-10-03,53449.6
3575,AC00003575,22,1,Current,active,2024-07-15,311869.18
3576,AC00003576,80,1,Savings,active,2024-10-24,447150.95
3577,AC00003577,64,4,Current,active,2025-08-22,93101.33
3578,AC00003578,66,3,Savings,Closed,2023-05-04,499183.82
3579,AC00003579,30,1,CURRENT,Closed,2023-03-16,137070.44
3580,AC00003580,43,3,CURRENT,Dormant,2024-10-19,80628.52
3581,AC00003581,94,1,Fixed Deposit,active,2025-09-03,131052.45
3582,AC00003582,85,1,Savings,active,2023-04-05,268289.81
3583,AC00003583,46,3,CURRENT,active,2025-01-11,43552.85
3584,AC00003584,92,3,Fixed Deposit,Closed,2022-11-02,105746.0
3585,AC00003585,62,2,Savings,Active,2022-11-02,51136.29
3586,AC00003586,19,4,Fixed Deposit,Closed,2023-06-22,361850.98
3587,AC00003587,26,4,Savings,Closed,2023-10-12,474529.68
3588,AC00003588,76,2,Savings,Inactive,2023-12-20,13145.99
3589,AC00003589,19,2,CURRENT,Active,2022-10-11,68695.07
3590,AC00003590,84,4,Current,Closed,2026-07-19,220569.31
3591,AC00003591,54,3,Savings,Active,2025-08-07,349875.3
3592,AC00003592,97,1,Savings,Closed,2025-04-30,209751.42
3593,AC00003593,7,2,Current,Closed,2026-02-19,440771.64
3594,AC00003594,63,2,Fixed Deposit,Closed,2025-08-20,294064.76
3595,AC00003595,47,3,Fixed Deposit,Active,2026-01-06,439014.59
3596,AC00003596,55,1,saving,Closed,2024-01-07,91559.89
3597,AC00003597,83,2,saving,active,2023-04-07,366915.31
3598,AC00003598,100,4,CURRENT,active,2024-10-08,284986.89
3599,AC00003599,36,1,Current,Active,2024-10-26,169521.51
3600,AC00003600,71,3,Current,Closed,2024-01-05,111324.69
3601,AC00003601,52,3,Fixed Deposit,Inactive,2026-02-26,37261.44
3602,AC00003602,41,1,saving,active,2024-08-03,381203.15
3603,AC00003603,55,3,Current,Dormant,2026-04-26,228695.28
3604,AC00003604,30,1,Fixed Deposit,Inactive,2023-01-12,373226.72
3605,AC00003605,20,2,Current,Closed,2025-03-19,208385.77
3606,AC00003606,66,2,Current,Dormant,2025-07-16,349483.17
3607,AC00003607,90,4,Current,Inactive,2022-09-28,99819.05
3608,AC00003608,3,2,Savings,Active,2023-08-31,227512.93
3609,AC00003609,86,4,saving,Closed,2024-09-07,132200.35
3610,AC00003610,68,2,saving,Dormant,2025-01-17,5425.69
3611,AC00003611,91,3,Savings,active,2024-01-29,346665.21
3612,AC00003612,21,1,Savings,Closed,2024-03-09,71500.76
3613,AC00003613,20,2,Current,active,2024-06-18,166326.12
3614,AC00003614,83,4,saving,Closed,2023-07-03,498925.49
3615,AC00003615,27,4,saving,active,2026-02-14,380308.5
3616,AC00003616,71,1,saving,active,2026-07-07,233306.45
3617,AC00003617,3,1,Current,Inactive,2024-05-09,37806.61
3618,AC00003618,24,1,Fixed Deposit,Dormant,2023-12-01,274634.66
3619,AC00003619,70,4,Fixed Deposit,Inactive,2026-02-06,492131.38
3620,AC00003620,76,2,Current,Inactive,2022-11-21,430560.46
3621,AC00003621,56,4,Savings,Dormant,2026-04-28,322280.45
3622,AC00003622,94,4,CURRENT,Dormant,2025-09-27,437383.41
3623,AC00003623,4,3,Current,active,2025-07-14,218267.61
3624,AC00003624,34,2,Fixed Deposit,Closed,2023-12-13,407701.76
3625,AC00003625,21,3,CURRENT,Inactive,2025-02-06,168461.96
3626,AC00003626,72,1,Current,active,2023-06-05,161174.43
3627,AC00003627,93,3,Current,Active,2025-05-23,452187.59
3628,AC00003628,43,2,Current,Active,2026-04-26,181103.67
3629,AC00003629,3,1,Savings,Closed,2023-11-28,179177.67
3630,AC00003630,40,1,Savings,Inactive,2023-01-31,61626.26
3631,AC00003631,100,2,Current,active,2023-05-20,295289.98
3632,AC00003632,60,4,saving,active,2025-05-13,21602.5
3633,AC00003633,24,1,Savings,Closed,2024-01-20,276151.26
3634,AC00003634,63,2,Current,Dormant,2023-08-06,81177.41
3635,AC00003635,76,3,saving,Dormant,2025-08-10,435208.13
3636,AC00003636,58,1,saving,active,2023-12-22,347795.75
3637,AC00003637,71,1,CURRENT,Closed,2023-03-14,167537.02
3638,AC00003638,93,2,CURRENT,active,2024-06-15,381913.9
3639,AC00003639,87,1,Current,Closed,2026-06-17,491041.64
3640,AC00003640,67,3,Current,Closed,2024-01-30,89078.97
3641,AC00003641,54,1,saving,Active,2026-05-03,12476.0
3642,AC00003642,64,4,Savings,Inactive,2026-06-28,189829.18
3643,AC00003643,47,4,Fixed Deposit,active,2024-09-24,147193.03
3644,AC00003644,90,1,Fixed Deposit,active,2023-09-26,98192.27
3645,AC00003645,35,4,Fixed Deposit,Active,2023-02-12,44634.29
3646,AC00003646,18,1,saving,Dormant,2024-03-28,461244.76
3647,AC00003647,78,1,saving,Dormant,2024-12-24,428587.28
3648,AC00003648,2,1,Current,Closed,2025-01-08,383668.55
3649,AC00003649,2,2,Fixed Deposit,Inactive,2023-07-25,174440.45
3650,AC00003650,24,2,Current,Dormant,2022-11-17,285623.66
3651,AC00003651,46,2,CURRENT,active,2025-11-25,21664.44
3652,AC00003652,39,1,saving,active,2022-11-01,56382.48
3653,AC00003653,62,4,Fixed Deposit,Active,2023-03-23,123916.33
3654,AC00003654,37,2,Current,Closed,2023-08-23,388226.14
3655,AC00003655,59,3,saving,Dormant,2026-03-27,367339.73
3656,AC00003656,52,2,CURRENT,Inactive,2023-09-19,298052.26
3657,AC00003657,46,2,CURRENT,Inactive,2024-04-01,123640.14
3658,AC00003658,93,2,Fixed Deposit,Closed,2025-11-02,434562.04
3659,AC00003659,6,2,Fixed Deposit,Active,2024-06-03,300716.09
3660,AC00003660,67,3,Fixed Deposit,active,2023-12-27,308528.94
3661,AC00003661,51,3,Current,Active,2023-02-06,308552.77
3662,AC00003662,88,2,Savings,Inactive,2023-05-01,187353.04
3663,AC00003663,36,4,Fixed Deposit,Inactive,2024-07-13,182842.81
3664,AC00003664,74,2,Savings,Dormant,2024-06-12,97357.46
3665,AC00003665,55,4,Savings,Active,2023-08-31,482942.54
3666,AC00003666,12,1,saving,Active,2023-04-03,152048.12
3667,AC00003667,23,4,CURRENT,Active,2025-07-06,66872.28
3668,AC00003668,12,1,Savings,Inactive,2025-06-10,458653.1
3669,AC00003669,30,2,CURRENT,active,2024-08-07,381265.56
3670,AC00003670,66,1,saving,Dormant,2022-12-28,253344.26
3671,AC00003671,13,1,Savings,active,2024-12-14,412150.23
3672,AC00003672,62,4,Savings,Dormant,2023-06-14,94327.47
3673,AC00003673,44,3,Savings,Dormant,2025-11-10,381837.32
3674,AC00003674,63,2,CURRENT,Closed,2023-07-17,44878.27
3675,AC00003675,88,1,saving,Dormant,2023-09-08,18018.07
3676,AC00003676,31,1,Current,active,2025-09-10,271414.31
3677,AC00003677,83,3,Current,active,2023-09-21,61860.72
3678,AC00003678,16,2,saving,Closed,2025-05-12,344573.32
3679,AC00003679,68,3,Current,Dormant,2024-08-25,411180.36
3680,AC00003680,35,3,saving,Closed,2023-10-08,276107.43
3681,AC00003681,72,1,CURRENT,Active,2025-10-21,284661.89
3682,AC00003682,22,4,Savings,Active,2024-05-24,117578.03
3683,AC00003683,1,3,saving,Inactive,2025-09-27,352965.31
3684,AC00003684,78,1,CURRENT,active,2025-02-08,145354.88
3685,AC00003685,75,4,Savings,Inactive,2025-06-17,395594.41
3686,AC00003686,44,3,Savings,Closed,2023-02-03,485482.33
3687,AC00003687,45,4,Current,Closed,2024-03-05,187647.26
3688,AC00003688,15,4,CURRENT,active,2025-05-20,291757.27
3689,AC00003689,76,2,CURRENT,Closed,2023-06-23,27072.03
3690,AC00003690,31,1,Fixed Deposit,Active,2023-10-13,99436.36
3691,AC00003691,2,1,Fixed Deposit,Closed,2024-05-04,321879.04
3692,AC00003692,8,3,Fixed Deposit,Closed,2024-11-03,167722.67
3693,AC00003693,8,2,Savings,Inactive,2025-11-10,163353.79
3694,AC00003694,59,3,Savings,Active,2026-01-11,403711.85
3695,AC00003695,26,1,Current,Closed,2022-11-05,388272.64
3696,AC00003696,39,1,CURRENT,Inactive,2023-05-06,440220.93
3697,AC00003697,53,4,saving,Dormant,2024-07-30,301889.6
3698,AC00003698,43,4,saving,Inactive,2022-10-18,280397.79
3699,AC00003699,22,4,CURRENT,Inactive,2026-03-14,113603.67
3700,AC00003700,10,1,saving,active,2026-06-04,213403.1
3701,AC00003701,49,1,Current,Active,2025-08-30,306991.87
3702,AC00003702,61,1,Savings,Dormant,2024-09-25,342996.7
3703,AC00003703,6,2,Savings,active,2025-06-02,19050.55
3704,AC00003704,54,4,CURRENT,Dormant,2024-02-14,378616.7
3705,AC00003705,2,4,saving,active,2024-11-18,141756.57
3706,AC00003706,49,2,Fixed Deposit,Dormant,2024-01-14,440991.87
3707,AC00003707,73,4,CURRENT,Active,2024-04-29,122676.76
3708,AC00003708,64,2,Fixed Deposit,Active,2025-07-15,196768.89
3709,AC00003709,72,3,saving,Closed,2022-08-29,376513.73
3710,AC00003710,92,2,CURRENT,Dormant,2022-10-08,73338.41
3711,AC00003711,46,1,Fixed Deposit,active,2026-06-15,444591.99
3712,AC00003712,53,3,CURRENT,Inactive,2026-07-30,389113.77
3713,AC00003713,19,3,Fixed Deposit,Dormant,2025-01-22,68037.86
3714,AC00003714,65,3,CURRENT,Dormant,2024-11-07,447313.39
3715,AC00003715,15,1,saving,Closed,2025-12-13,213082.31
3716,AC00003716,7,4,CURRENT,Active,2025-06-24,180051.67
3717,AC00003717,100,1,Savings,Dormant,2024-07-17,156313.19
3718,AC00003718,99,2,saving,Active,2026-05-04,249321.17
3719,AC00003719,3,3,CURRENT,Active,2026-04-03,486599.47
3720,AC00003720,37,3,Savings,active,2024-03-06,232556.65
3721,AC00003721,36,2,saving,Inactive,2024-12-11,242774.58
3722,AC00003722,5,1,Fixed Deposit,Closed,2023-06-01,35503.71
3723,AC00003723,52,3,Fixed Deposit,Dormant,2025-07-27,173801.16
3724,AC00003724,55,3,Fixed Deposit,Dormant,2023-11-29,82605.32
3725,AC00003725,97,4,Current,active,2023-06-25,237308.82
3726,AC00003726,62,3,Fixed Deposit,Closed,2024-03-22,434794.66
3727,AC00003727,21,1,saving,Closed,2023-11-26,436419.99
3728,AC00003728,72,4,Fixed Deposit,Closed,2022-12-12,212204.86
3729,AC00003729,32,1,CURRENT,Closed,2024-03-16,180398.66
3730,AC00003730,100,2,Current,Inactive,2026-02-21,293361.76
3731,AC00003731,32,4,Current,active,2025-11-24,296802.33
3732,AC00003732,52,4,CURRENT,Dormant,2025-08-19,182355.55
3733,AC00003733,42,3,saving,active,2024-03-24,228681.88
3734,AC00003734,33,4,Fixed Deposit,Active,2023-05-05,210670.8
3735,AC00003735,76,1,CURRENT,Closed,2023-01-25,315308.26
3736,AC00003736,44,4,Fixed Deposit,Closed,2024-05-30,371306.6
3737,AC00003737,31,2,Current,active,2024-04-29,295435.97
3738,AC00003738,33,2,Fixed Deposit,Inactive,2024-04-11,386988.27
3739,AC00003739,20,3,CURRENT,Dormant,2025-08-01,485764.61
3740,AC00003740,7,4,Fixed Deposit,Inactive,2026-04-17,495269.48
3741,AC00003741,31,1,Savings,Dormant,2024-05-09,224589.7
3742,AC00003742,37,2,Current,Inactive,2023-06-28,147526.76
3743,AC00003743,69,3,CURRENT,Active,2025-03-18,227434.82
3744,AC00003744,88,1,Current,Inactive,2025-05-05,337218.65
3745,AC00003745,52,3,Current,Inactive,2026-04-18,179898.37
3746,AC00003746,56,2,Savings,Active,2023-02-18,38641.22
3747,AC00003747,21,4,Current,active,2025-10-21,125122.46
3748,AC00003748,56,2,CURRENT,Inactive,2023-09-08,485104.37
3749,AC00003749,42,1,Fixed Deposit,active,2024-07-13,413999.78
3750,AC00003750,72,4,saving,active,2024-05-09,353311.48
3751,AC00003751,61,1,CURRENT,Inactive,2024-12-03,160662.53
3752,AC00003752,71,1,saving,Active,2025-11-19,399315.56
3753,AC00003753,38,1,CURRENT,Inactive,2026-02-02,124133.61
3754,AC00003754,22,3,Savings,Closed,2023-08-03,233390.11
3755,AC00003755,7,4,CURRENT,Dormant,2024-01-15,433125.55
3756,AC00003756,25,4,CURRENT,Active,2023-05-14,252238.7
3757,AC00003757,59,4,Current,active,2024-09-04,281844.28
3758,AC00003758,6,3,Savings,Closed,2023-10-02,10797.05
3759,AC00003759,56,4,Fixed Deposit,Inactive,2024-09-08,12505.3
3760,AC00003760,87,1,CURRENT,Closed,2024-07-04,354990.59
3761,AC00003761,60,1,Current,Inactive,2022-10-21,48704.37
3762,AC00003762,32,1,Fixed Deposit,Active,2024-09-11,69831.93
3763,AC00003763,63,4,CURRENT,active,2025-09-20,479846.64
3764,AC00003764,46,3,Current,Active,2025-09-08,337957.88
3765,AC00003765,69,3,saving,Closed,2024-11-17,251604.39
3766,AC00003766,73,3,Savings,Closed,2023-08-10,82647.39
3767,AC00003767,77,4,saving,Dormant,2023-08-10,1844.81
3768,AC00003768,49,4,Current,Closed,2023-04-26,266853.66
3769,AC00003769,48,3,Current,Closed,2024-01-04,254405.25
3770,AC00003770,55,4,Fixed Deposit,Active,2024-12-13,461809.9
3771,AC00003771,25,3,Current,Closed,2024-06-13,55684.93
3772,AC00003772,39,2,CURRENT,Dormant,2023-11-18,349087.53
3773,AC00003773,53,2,Savings,active,2024-05-19,278922.21
3774,AC00003774,9,3,CURRENT,Active,2022-11-10,6442.48
3775,AC00003775,38,3,Current,Closed,2025-03-18,123169.47
3776,AC00003776,46,3,CURRENT,Dormant,2026-04-29,380216.96
3777,AC00003777,9,4,Fixed Deposit,Closed,2023-05-31,487150.96
3778,AC00003778,58,3,saving,Inactive,2024-09-13,284177.49
3779,AC00003779,6,4,Current,Active,2022-09-04,220328.5
3780,AC00003780,50,1,Fixed Deposit,Inactive,2023-06-20,241980.6
3781,AC00003781,75,3,CURRENT,Active,2024-05-07,400207.57
3782,AC00003782,15,3,Fixed Deposit,Closed,2023-03-13,63784.95
3783,AC00003783,63,1,CURRENT,Inactive,2024-07-14,22901.24
3784,AC00003784,93,3,CURRENT,active,2025-03-29,313883.6
3785,AC00003785,35,1,Savings,Closed,2025-03-22,407987.64
3786,AC00003786,99,3,Savings,Active,2022-10-17,41001.17
3787,AC00003787,85,2,saving,active,2023-08-31,130630.5
3788,AC00003788,63,1,Fixed Deposit,Active,2024-10-11,55692.53
3789,AC00003789,56,4,Current,Dormant,2023-05-23,389877.29
3790,AC00003790,38,3,saving,Active,2025-06-22,95932.36
3791,AC00003791,38,1,Fixed Deposit,Inactive,2026-02-11,278844.1
3792,AC00003792,28,3,saving,Closed,2024-11-06,397317.24
3793,AC00003793,83,1,saving,Dormant,2024-11-17,398165.41
3794,AC00003794,88,4,Fixed Deposit,Active,2025-01-29,419995.56
3795,AC00003795,67,3,Savings,active,2026-06-26,479656.5
3796,AC00003796,61,2,Current,Inactive,2024-01-23,164814.21
3797,AC00003797,59,1,Current,Dormant,2025-11-10,387699.24
3798,AC00003798,74,4,CURRENT,Dormant,2026-03-29,111113.31
3799,AC00003799,93,3,Savings,Inactive,2026-07-18,184234.62
3800,AC00003800,41,1,Savings,Active,2025-09-18,115860.19
3801,AC00003801,89,4,Current,Active,2024-04-26,499189.66
3802,AC00003802,56,4,CURRENT,Closed,2023-07-06,129259.79
3803,AC00003803,74,3,CURRENT,Closed,2025-09-22,176448.7
3804,AC00003804,95,4,Fixed Deposit,Dormant,2025-07-18,42271.9
3805,AC00003805,93,2,Savings,Inactive,2024-01-17,261739.41
3806,AC00003806,80,4,Current,active,2023-10-03,147376.85
3807,AC00003807,33,1,Fixed Deposit,active,2023-09-27,132602.68
3808,AC00003808,59,1,Current,Active,2023-11-04,462917.57
3809,AC00003809,9,3,saving,Closed,2022-11-04,425463.57
3810,AC00003810,50,4,Current,Closed,2023-03-01,372918.64
3811,AC00003811,23,1,CURRENT,active,2022-10-18,467705.62
3812,AC00003812,14,3,saving,Closed,2024-10-04,306400.89
3813,AC00003813,11,1,CURRENT,active,2026-07-15,69456.89
3814,AC00003814,3,1,saving,Inactive,2023-10-23,22585.72
3815,AC00003815,30,4,Fixed Deposit,Active,2024-04-18,457223.19
3816,AC00003816,84,4,saving,Closed,2024-03-19,489243.62
3817,AC00003817,22,4,CURRENT,Active,2023-05-18,335245.46
3818,AC00003818,15,3,Fixed Deposit,Dormant,2025-02-20,186931.97
3819,AC00003819,87,3,Fixed Deposit,Closed,2022-09-24,432583.51
3820,AC00003820,12,3,Fixed Deposit,active,2024-09-13,471379.2
3821,AC00003821,5,2,saving,active,2023-02-03,495137.12
3822,AC00003822,11,1,Fixed Deposit,Dormant,2025-06-05,318165.13
3823,AC00003823,23,4,Current,Active,2026-03-01,351370.88
3824,AC00003824,38,2,Current,active,2024-07-21,110927.85
3825,AC00003825,96,1,saving,Closed,2022-12-02,6416.74
3826,AC00003826,16,1,Savings,Closed,2023-05-06,170395.98
3827,AC00003827,11,1,Savings,Active,2023-12-19,315693.76
3828,AC00003828,65,3,Current,Closed,2025-02-28,34938.04
3829,AC00003829,66,4,Current,Closed,2023-09-07,265532.29
3830,AC00003830,53,4,Savings,Active,2023-04-27,356026.48
3831,AC00003831,34,3,CURRENT,active,2024-05-30,493419.25
3832,AC00003832,64,3,CURRENT,Closed,2024-10-23,273121.4
3833,AC00003833,80,4,saving,Closed,2024-11-28,174969.34
3834,AC00003834,31,2,Current,Closed,2023-03-19,109680.38
3835,AC00003835,2,2,CURRENT,Dormant,2025-05-05,192926.63
3836,AC00003836,91,1,CURRENT,active,2023-06-18,450894.38
3837,AC00003837,40,2,Current,Closed,2023-05-19,359310.93
3838,AC00003838,71,3,saving,Closed,2024-10-10,34573.83
3839,AC00003839,99,2,Fixed Deposit,active,2026-06-27,202758.72
3840,AC00003840,26,3,saving,active,2025-03-15,430529.19
3841,AC00003841,47,1,CURRENT,Dormant,2024-05-25,121064.42
3842,AC00003842,29,2,Fixed Deposit,Inactive,2023-11-03,399007.9
3843,AC00003843,10,3,Current,Active,2023-05-12,385757.74
3844,AC00003844,82,1,saving,Dormant,2024-06-17,367100.04
3845,AC00003845,71,4,Fixed Deposit,Inactive,2024-07-06,443891.83
3846,AC00003846,83,3,Fixed Deposit,Dormant,2023-06-24,285661.1
3847,AC00003847,52,2,Fixed Deposit,Active,2023-05-02,408625.84
3848,AC00003848,6,1,CURRENT,Dormant,2023-04-04,404333.72
3849,AC00003849,5,3,Fixed Deposit,Active,2023-08-04,137182.9
3850,AC00003850,5,1,Savings,Dormant,2025-09-18,226042.48
3851,AC00003851,73,2,Savings,active,2025-06-11,17716.63
3852,AC00003852,54,1,Savings,active,2025-06-12,413500.1
3853,AC00003853,87,3,Savings,Inactive,2026-03-07,199037.73
3854,AC00003854,100,1,Fixed Deposit,Closed,2023-04-02,455502.31
3855,AC00003855,57,2,Savings,Dormant,2025-02-14,18408.68
3856,AC00003856,63,1,saving,Active,2025-08-22,76897.02
3857,AC00003857,10,2,Savings,Dormant,2024-07-05,5888.83
3858,AC00003858,79,3,Fixed Deposit,Closed,2022-10-19,488191.66
3859,AC00003859,14,1,Savings,Inactive,2023-07-20,165956.48
3860,AC00003860,76,4,saving,Dormant,2026-07-16,261817.63
3861,AC00003861,42,4,Fixed Deposit,Dormant,2022-12-05,104548.32
3862,AC00003862,91,3,CURRENT,Dormant,2024-07-23,456960.14
3863,AC00003863,47,4,Savings,Dormant,2025-10-21,72578.21
3864,AC00003864,70,4,Fixed Deposit,Inactive,2026-07-07,370660.43
3865,AC00003865,31,3,Savings,Active,2024-05-10,298961.97
3866,AC00003866,63,3,Fixed Deposit,Inactive,2024-06-01,6990.26
3867,AC00003867,46,3,Fixed Deposit,Dormant,2025-09-26,186159.31
3868,AC00003868,66,2,Current,Closed,2023-07-24,489815.63
3869,AC00003869,54,1,CURRENT,active,2024-02-01,183004.82
3870,AC00003870,11,1,Savings,Inactive,2023-06-07,455807.6
3871,AC00003871,5,4,Current,active,2026-01-20,360606.85
3872,AC00003872,22,1,Current,Active,2023-04-26,182083.18
3873,AC00003873,22,3,Savings,Inactive,2026-03-09,101450.34
3874,AC00003874,31,4,Fixed Deposit,Closed,2024-05-21,230205.33
3875,AC00003875,17,2,saving,Inactive,2024-03-26,92761.08
3876,AC00003876,21,2,Fixed Deposit,Dormant,2023-09-16,380474.69
3877,AC00003877,56,1,saving,Inactive,2024-08-07,261545.12
3878,AC00003878,34,1,CURRENT,Closed,2024-05-07,70783.03
3879,AC00003879,79,1,Fixed Deposit,Dormant,2024-09-22,17440.5
3880,AC00003880,36,1,Fixed Deposit,Inactive,2024-06-21,246017.52
3881,AC00003881,95,1,Fixed Deposit,active,2025-12-11,481254.78
3882,AC00003882,9,4,CURRENT,Dormant,2026-06-09,280251.87
3883,AC00003883,70,2,Current,Dormant,2025-06-02,60664.4
3884,AC00003884,3,1,Current,Closed,2026-06-27,209924.64
3885,AC00003885,57,4,Savings,Active,2024-08-23,336209.05
3886,AC00003886,20,2,saving,Inactive,2025-03-12,243681.0
3887,AC00003887,66,3,Fixed Deposit,Active,2024-07-24,64855.55
3888,AC00003888,92,1,Current,Dormant,2024-09-30,187234.94
3889,AC00003889,33,4,saving,Active,2023-11-23,147075.99
3890,AC00003890,73,3,Fixed Deposit,Inactive,2026-05-12,292702.97
3891,AC00003891,80,1,Fixed Deposit,Inactive,2022-09-06,167187.91
3892,AC00003892,25,2,saving,active,2022-09-04,342149.1
3893,AC00003893,42,1,Current,Closed,2023-08-02,125398.18
3894,AC00003894,42,1,saving,Active,2025-07-23,425172.13
3895,AC00003895,15,2,Current,Dormant,2026-05-13,189018.03
3896,AC00003896,86,1,Fixed Deposit,active,2024-07-18,199541.74
3897,AC00003897,4,2,saving,active,2026-03-15,113357.23
3898,AC00003898,58,3,saving,Dormant,2024-10-21,226788.14
3899,AC00003899,4,3,Current,Inactive,2022-10-19,193775.2
3900,AC00003900,28,3,Fixed Deposit,Active,2023-03-18,493798.44
3901,AC00003901,85,4,saving,Closed,2026-04-06,475520.45
3902,AC00003902,62,3,Fixed Deposit,Dormant,2025-04-16,499386.99
3903,AC00003903,38,2,Fixed Deposit,Closed,2025-04-19,306004.39
3904,AC00003904,77,4,Savings,Active,2025-06-01,246244.6
3905,AC00003905,48,2,saving,Inactive,2025-05-07,243878.06
3906,AC00003906,34,3,saving,Inactive,2023-06-18,490679.5
3907,AC00003907,38,1,Savings,Inactive,2025-03-18,293120.1
3908,AC00003908,93,2,Current,active,2024-06-14,279734.99
3909,AC00003909,80,2,Fixed Deposit,Closed,2023-12-17,122831.3
3910,AC00003910,18,3,Savings,Inactive,2025-04-25,111314.01
3911,AC00003911,89,4,Current,Inactive,2025-09-06,26323.55
3912,AC00003912,1,4,saving,active,2023-04-30,123541.72
3913,AC00003913,50,1,CURRENT,Active,2025-03-05,41835.8
3914,AC00003914,69,1,Current,Inactive,2026-03-01,417641.95
3915,AC00003915,71,1,saving,Closed,2023-11-24,200295.41
3916,AC00003916,32,3,Savings,Closed,2025-06-29,136145.58
3917,AC00003917,7,1,saving,Dormant,2023-03-25,277239.25
3918,AC00003918,14,2,CURRENT,active,2023-07-31,457586.36
3919,AC00003919,36,2,Current,Inactive,2023-02-10,441873.5
3920,AC00003920,5,1,Fixed Deposit,Inactive,2024-01-15,173054.16
3921,AC00003921,60,1,CURRENT,Inactive,2023-04-25,151003.03
3922,AC00003922,57,3,Fixed Deposit,Active,2025-02-28,133660.11
3923,AC00003923,22,4,Fixed Deposit,Closed,2024-12-20,396551.78
3924,AC00003924,94,3,CURRENT,Active,2023-04-09,387890.25
3925,AC00003925,2,1,Fixed Deposit,Inactive,2023-12-20,96351.7
3926,AC00003926,73,4,CURRENT,Active,2024-10-14,269316.83
3927,AC00003927,48,4,saving,Active,2025-05-26,468820.98
3928,AC00003928,36,4,Savings,Dormant,2024-12-25,410115.98
3929,AC00003929,20,3,Fixed Deposit,Inactive,2026-01-29,111272.97
3930,AC00003930,67,3,Fixed Deposit,Inactive,2024-08-21,134425.53
3931,AC00003931,89,4,saving,Closed,2026-07-08,405177.8
3932,AC00003932,20,3,saving,Dormant,2025-05-17,45174.24
3933,AC00003933,94,4,saving,Dormant,2024-06-15,302193.14
3934,AC00003934,72,4,Fixed Deposit,Active,2023-01-01,282946.86
3935,AC00003935,73,1,saving,active,2026-03-10,46062.85
3936,AC00003936,43,3,CURRENT,Dormant,2025-02-11,222637.85
3937,AC00003937,34,2,Current,active,2026-07-16,116036.03
3938,AC00003938,61,1,saving,Closed,2026-04-12,253807.81
3939,AC00003939,66,4,Savings,Dormant,2025-06-14,199006.12
3940,AC00003940,24,3,Fixed Deposit,Dormant,2025-08-24,117231.68
3941,AC00003941,34,2,CURRENT,Closed,2024-09-19,358137.85
3942,AC00003942,11,2,Fixed Deposit,Inactive,2024-06-03,210166.97
3943,AC00003943,48,2,Current,active,2025-01-10,438369.6
3944,AC00003944,18,4,Fixed Deposit,active,2026-04-10,249885.2
3945,AC00003945,49,2,Current,Inactive,2023-03-08,157200.92
3946,AC00003946,90,1,Savings,Active,2026-03-14,377992.78
3947,AC00003947,15,1,saving,Dormant,2023-02-06,19481.53
3948,AC00003948,7,3,saving,Closed,2023-08-23,379894.11
3949,AC00003949,70,3,Fixed Deposit,Dormant,2025-06-19,488985.62
3950,AC00003950,21,3,saving,active,2025-09-19,338192.38
3951,AC00003951,35,2,saving,Active,2022-09-02,264295.64
3952,AC00003952,72,2,Savings,Closed,2024-09-07,124034.63
3953,AC00003953,55,3,CURRENT,Dormant,2025-09-28,168883.9
3954,AC00003954,69,3,Current,Active,2026-05-02,172784.88
3955,AC00003955,79,1,CURRENT,Active,2022-11-16,454138.62
3956,AC00003956,60,2,CURRENT,active,2023-01-26,471810.18
3957,AC00003957,10,3,Fixed Deposit,Dormant,2023-07-08,203151.07
3958,AC00003958,53,1,CURRENT,Closed,2026-06-10,220444.81
3959,AC00003959,20,1,Current,Closed,2022-12-06,147779.83
3960,AC00003960,59,2,Current,Dormant,2025-08-05,382728.3
3961,AC00003961,98,1,Fixed Deposit,Closed,2024-12-26,415332.91
3962,AC00003962,31,1,Current,Dormant,2023-04-29,242921.5
3963,AC00003963,40,3,Fixed Deposit,Dormant,2024-03-07,140628.13
3964,AC00003964,92,2,CURRENT,Closed,2025-01-16,231569.68
3965,AC00003965,22,2,Fixed Deposit,Active,2024-03-16,430056.49
3966,AC00003966,16,1,saving,Inactive,2025-10-26,199189.78
3967,AC00003967,64,4,Fixed Deposit,Closed,2025-09-15,309764.35
3968,AC00003968,9,1,Current,active,2025-02-18,386613.38
3969,AC00003969,73,3,Savings,Active,2023-01-01,485101.37
3970,AC00003970,68,1,Savings,Closed,2025-05-02,89543.18
3971,AC00003971,19,2,saving,Dormant,2022-10-26,313209.03
3972,AC00003972,74,1,saving,active,2026-01-16,242168.86
3973,AC00003973,23,2,Fixed Deposit,Active,2024-09-20,258271.35
3974,AC00003974,75,3,Fixed Deposit,Inactive,2024-05-15,269476.89
3975,AC00003975,87,2,saving,active,2023-04-30,36363.18
3976,AC00003976,4,2,Savings,active,2025-03-10,81168.9
3977,AC00003977,41,3,Fixed Deposit,Inactive,2026-01-31,494229.1
3978,AC00003978,11,1,Fixed Deposit,Active,2024-12-12,489302.86
3979,AC00003979,79,2,saving,Inactive,2023-10-22,237246.1
3980,AC00003980,57,3,Fixed Deposit,active,2024-10-13,444278.13
3981,AC00003981,88,4,saving,Closed,2024-09-27,142977.62
3982,AC00003982,84,4,saving,Active,2024-06-23,306470.28
3983,AC00003983,20,4,Fixed Deposit,Active,2024-11-24,259487.63
3984,AC00003984,90,4,saving,Active,2022-12-13,13946.6
3985,AC00003985,91,3,Current,Inactive,2023-01-16,305008.74
3986,AC00003986,2,4,Current,Closed,2023-06-05,410587.12
3987,AC00003987,12,4,CURRENT,Dormant,2025-10-22,270187.87
3988,AC00003988,42,4,Current,Closed,2026-04-06,352475.16
3989,AC00003989,46,1,saving,Inactive,2022-10-05,134534.07
3990,AC00003990,47,1,CURRENT,Active,2024-05-29,340932.04
3991,AC00003991,62,3,CURRENT,active,2023-04-07,202031.48
3992,AC00003992,36,2,Current,active,2025-07-24,462860.71
3993,AC00003993,70,2,CURRENT,Dormant,2025-02-05,215385.45
3994,AC00003994,66,4,saving,Dormant,2023-07-18,281621.87
3995,AC00003995,28,3,CURRENT,Active,2023-11-13,67168.27
3996,AC00003996,40,4,Savings,Closed,2023-11-30,43358.29
3997,AC00003997,76,3,Fixed Deposit,active,2025-08-29,209887.17
3998,AC00003998,34,3,saving,active,2025-04-04,496684.82
3999,AC00003999,91,4,Current,Dormant,2023-05-08,388884.89
4000,AC00004000,88,4,Current,Closed,2024-02-13,210288.22
4001,AC00004001,29,3,CURRENT,Inactive,2023-04-29,319272.41
4002,AC00004002,39,3,CURRENT,active,2026-02-01,441000.15
4003,AC00004003,100,2,Savings,Closed,2025-11-13,468053.67
4004,AC00004004,6,2,Fixed Deposit,Dormant,2022-10-15,214332.38
4005,AC00004005,60,3,Fixed Deposit,Active,2022-11-17,239466.16
4006,AC00004006,21,2,saving,Closed,2024-09-03,234826.66
4007,AC00004007,18,4,Fixed Deposit,Active,2025-04-06,181155.73
4008,AC00004008,39,3,Fixed Deposit,Closed,2026-01-16,307172.48
4009,AC00004009,5,2,saving,Inactive,2024-03-03,292732.93
4010,AC00004010,60,4,Current,Closed,2023-08-04,114308.3
4011,AC00004011,98,1,Current,Inactive,2025-01-06,182731.68
4012,AC00004012,10,2,saving,Dormant,2023-03-08,496616.94
4013,AC00004013,71,3,Current,active,2024-05-24,207659.66
4014,AC00004014,86,4,saving,Active,2024-03-14,498794.31
4015,AC00004015,71,2,Savings,Inactive,2026-02-18,320122.15
4016,AC00004016,11,4,CURRENT,Dormant,2023-10-01,313240.72
4017,AC00004017,84,3,saving,Dormant,2025-05-04,61885.73
4018,AC00004018,10,2,saving,active,2024-06-03,214186.93
4019,AC00004019,75,4,Fixed Deposit,active,2023-11-25,375258.67
4020,AC00004020,89,4,CURRENT,Closed,2024-06-16,472764.35
4021,AC00004021,57,4,saving,Inactive,2024-04-11,45288.14
4022,AC00004022,32,3,CURRENT,Inactive,2023-02-23,416209.19
4023,AC00004023,50,1,Fixed Deposit,Closed,2023-11-27,333809.18
4024,AC00004024,67,1,Current,Closed,2024-07-21,396050.76
4025,AC00004025,52,1,saving,Inactive,2024-07-06,125346.23
4026,AC00004026,89,2,Current,active,2025-07-02,41473.33
4027,AC00004027,65,1,Fixed Deposit,Active,2022-10-20,455851.2
4028,AC00004028,33,2,Savings,active,2026-02-13,358218.94
4029,AC00004029,24,4,Current,Active,2026-03-15,459279.04
4030,AC00004030,15,3,Current,Closed,2024-02-10,195030.05
4031,AC00004031,49,3,Current,Active,2024-08-21,258103.22
4032,AC00004032,44,3,CURRENT,Active,2026-04-26,205576.68
4033,AC00004033,22,2,Current,Dormant,2023-12-28,481515.78
4034,AC00004034,75,1,Fixed Deposit,Active,2024-04-06,239948.52
4035,AC00004035,92,2,Fixed Deposit,Active,2025-02-20,190542.76
4036,AC00004036,45,1,Fixed Deposit,Active,2022-12-15,71888.01
4037,AC00004037,34,1,CURRENT,Dormant,2023-03-06,69231.93
4038,AC00004038,41,1,Savings,Active,2024-09-27,90153.92
4039,AC00004039,22,3,Current,Active,2025-12-29,425426.89
4040,AC00004040,86,4,Fixed Deposit,active,2025-03-18,283010.67
4041,AC00004041,44,4,Current,Inactive,2023-08-03,174566.28
4042,AC00004042,65,1,saving,Closed,2025-02-18,150735.02
4043,AC00004043,69,2,CURRENT,active,2026-01-11,115185.94
4044,AC00004044,9,4,saving,Closed,2023-11-25,139050.23
4045,AC00004045,32,3,CURRENT,Inactive,2025-10-12,212577.05
4046,AC00004046,97,1,Fixed Deposit,active,2026-06-14,363437.18
4047,AC00004047,45,2,Current,active,2025-10-27,268633.52
4048,AC00004048,76,4,Fixed Deposit,active,2026-04-01,375057.34
4049,AC00004049,10,1,Current,Dormant,2023-03-19,229867.47
4050,AC00004050,65,2,CURRENT,Dormant,2023-10-11,446646.86
4051,AC00004051,36,2,saving,Active,2025-05-17,473989.56
4052,AC00004052,32,3,CURRENT,Dormant,2024-03-31,311374.48
4053,AC00004053,12,3,Savings,Active,2025-03-06,240565.98
4054,AC00004054,10,4,Savings,Closed,2024-10-06,115330.37
4055,AC00004055,87,3,Fixed Deposit,Dormant,2024-07-08,277454.73
4056,AC00004056,62,3,Current,Closed,2024-07-01,290961.99
4057,AC00004057,41,3,saving,active,2026-01-08,432806.58
4058,AC00004058,45,4,Fixed Deposit,Active,2023-01-14,386602.7
4059,AC00004059,61,2,Current,Active,2024-02-15,254661.11
4060,AC00004060,3,1,CURRENT,Closed,2025-07-20,382175.04
4061,AC00004061,96,2,saving,Closed,2024-09-16,397818.08
4062,AC00004062,6,4,Current,Active,2024-08-27,328768.29
4063,AC00004063,12,2,Current,active,2024-07-18,393512.88
4064,AC00004064,31,1,Fixed Deposit,Closed,2025-10-19,300425.69
4065,AC00004065,57,1,Fixed Deposit,Active,2022-12-30,408243.26
4066,AC00004066,26,2,saving,Inactive,2026-03-09,428977.3
4067,AC00004067,53,4,CURRENT,Dormant,2025-02-02,378599.62
4068,AC00004068,79,4,Fixed Deposit,active,2025-07-12,117480.48
4069,AC00004069,91,3,Current,active,2025-08-19,468145.16
4070,AC00004070,83,3,Current,active,2023-12-17,15222.31
4071,AC00004071,71,2,CURRENT,Closed,2025-12-30,14556.79
4072,AC00004072,12,1,Current,Active,2025-11-06,235471.94
4073,AC00004073,8,3,saving,Closed,2023-06-17,68716.47
4074,AC00004074,10,3,saving,Closed,2025-06-19,39806.03
4075,AC00004075,35,1,Fixed Deposit,active,2025-01-15,460676.2
4076,AC00004076,6,4,Fixed Deposit,Inactive,2025-12-30,332853.85
4077,AC00004077,27,1,saving,Closed,2026-07-07,283460.68
4078,AC00004078,56,4,Savings,Closed,2025-05-25,268971.61
4079,AC00004079,10,2,CURRENT,Dormant,2025-03-30,486527.0
4080,AC00004080,6,3,Savings,active,2024-06-26,156890.36
4081,AC00004081,8,2,saving,Dormant,2023-07-30,142802.87
4082,AC00004082,57,2,saving,active,2026-02-05,266209.63
4083,AC00004083,96,3,Fixed Deposit,Active,2023-12-11,135766.37
4084,AC00004084,15,4,saving,Active,2024-06-16,145511.13
4085,AC00004085,40,2,CURRENT,Dormant,2026-04-08,330282.77
4086,AC00004086,32,4,Fixed Deposit,Closed,2024-02-06,94147.79
4087,AC00004087,88,4,Current,Dormant,2022-11-04,203608.5
4088,AC00004088,77,2,saving,Active,2026-07-08,277969.04
4089,AC00004089,70,4,Current,Inactive,2024-02-19,240877.93
4090,AC00004090,27,3,CURRENT,Dormant,2023-08-25,402061.67
4091,AC00004091,38,1,Fixed Deposit,active,2025-07-10,309971.28
4092,AC00004092,64,4,saving,Closed,2025-08-15,326471.48
4093,AC00004093,33,2,Current,Active,2026-07-17,451999.47
4094,AC00004094,62,4,Savings,Active,2025-02-03,148842.86
4095,AC00004095,77,2,Fixed Deposit,Active,2025-06-27,314453.73
4096,AC00004096,49,3,CURRENT,Dormant,2023-08-15,311777.33
4097,AC00004097,58,4,Savings,active,2026-01-31,160617.16
4098,AC00004098,23,3,Savings,Dormant,2024-06-22,36030.37
4099,AC00004099,47,1,CURRENT,active,2024-08-10,291971.5
4100,AC00004100,25,2,Current,active,2023-02-26,221456.46
4101,AC00004101,6,2,Current,Inactive,2022-12-01,47422.66
4102,AC00004102,3,1,Current,active,2025-12-31,344203.03
4103,AC00004103,5,1,saving,Active,2023-11-21,291720.19
4104,AC00004104,20,4,saving,Inactive,2024-12-21,478768.89
4105,AC00004105,47,1,CURRENT,Active,2022-12-06,57768.89
4106,AC00004106,59,1,saving,Inactive,2023-05-13,407308.67
4107,AC00004107,77,2,Fixed Deposit,Inactive,2025-09-06,401238.83
4108,AC00004108,68,2,Fixed Deposit,Inactive,2025-09-15,60591.13
4109,AC00004109,75,1,saving,Closed,2024-01-27,75807.22
4110,AC00004110,98,1,Fixed Deposit,Active,2023-07-23,472015.15
4111,AC00004111,3,1,CURRENT,Inactive,2022-12-21,215028.44
4112,AC00004112,68,3,CURRENT,Active,2023-09-26,236858.67
4113,AC00004113,41,3,Current,Dormant,2023-06-25,140465.87
4114,AC00004114,63,1,saving,Active,2025-12-21,310892.91
4115,AC00004115,60,3,Current,Closed,2026-07-10,209964.77
4116,AC00004116,74,1,saving,Dormant,2023-08-10,196192.36
4117,AC00004117,74,2,Fixed Deposit,Dormant,2025-12-20,162771.02
4118,AC00004118,49,4,Savings,Closed,2025-05-31,145456.46
4119,AC00004119,75,3,Current,Dormant,2025-04-26,197731.58
4120,AC00004120,23,2,saving,Inactive,2024-05-24,324182.02
4121,AC00004121,54,4,saving,Inactive,2023-07-18,352815.92
4122,AC00004122,78,1,saving,Inactive,2022-12-27,104157.61
4123,AC00004123,79,4,Savings,active,2022-10-31,316915.98
4124,AC00004124,93,4,saving,Closed,2022-10-07,226564.41
4125,AC00004125,39,4,Fixed Deposit,Dormant,2024-06-22,263235.02
4126,AC00004126,31,2,saving,Closed,2023-03-12,284272.2
4127,AC00004127,91,1,saving,active,2025-01-17,92957.3
4128,AC00004128,17,4,Fixed Deposit,Active,2023-09-09,320227.27
4129,AC00004129,21,3,saving,Active,2026-05-27,478060.32
4130,AC00004130,80,3,Current,Active,2025-01-14,4724.71
4131,AC00004131,59,2,Fixed Deposit,Dormant,2023-11-02,469596.56
4132,AC00004132,95,2,Savings,active,2024-01-30,162218.74
4133,AC00004133,81,1,Savings,Closed,2024-04-15,37238.08
4134,AC00004134,72,2,Savings,Dormant,2025-11-19,302802.08
4135,AC00004135,24,2,saving,Dormant,2022-12-27,453606.32
4136,AC00004136,13,2,Current,active,2025-10-25,493024.85
4137,AC00004137,30,1,Current,Active,2025-07-22,428710.39
4138,AC00004138,17,3,saving,Dormant,2024-04-05,188953.15
4139,AC00004139,90,4,Current,Active,2023-07-02,368853.77
4140,AC00004140,32,2,Current,Dormant,2023-03-26,276214.02
4141,AC00004141,36,2,saving,Inactive,2025-01-03,467091.52
4142,AC00004142,83,4,Current,Active,2023-09-25,56654.67
4143,AC00004143,100,2,Fixed Deposit,Dormant,2026-04-18,135823.89
4144,AC00004144,21,1,Savings,active,2024-04-25,394269.01
4145,AC00004145,17,1,Savings,Dormant,2024-09-08,184785.47
4146,AC00004146,73,3,CURRENT,Closed,2024-03-07,186741.14
4147,AC00004147,1,2,CURRENT,Active,2023-01-28,427125.35
4148,AC00004148,100,4,CURRENT,active,2022-09-09,289530.68
4149,AC00004149,65,2,Savings,Closed,2025-02-10,498152.36
4150,AC00004150,55,4,Savings,Closed,2022-09-07,376489.53
4151,AC00004151,4,2,Current,Inactive,2023-02-20,300679.73
4152,AC00004152,51,4,Savings,Closed,2022-12-03,94871.63
4153,AC00004153,34,3,Fixed Deposit,Closed,2025-04-29,78697.84
4154,AC00004154,30,1,Savings,Active,2026-01-23,330371.2
4155,AC00004155,71,1,Current,Inactive,2023-11-22,123113.53
4156,AC00004156,73,4,saving,Inactive,2025-12-16,351085.94
4157,AC00004157,60,4,CURRENT,active,2026-02-04,496198.32
4158,AC00004158,83,2,CURRENT,active,2022-11-23,108138.36
4159,AC00004159,58,4,Fixed Deposit,Inactive,2025-05-26,154093.62
4160,AC00004160,62,4,Savings,Closed,2024-07-18,329681.32
4161,AC00004161,32,3,CURRENT,Active,2025-03-18,193596.68
4162,AC00004162,24,3,CURRENT,active,2022-10-20,345717.93
4163,AC00004163,97,3,Savings,active,2026-07-09,406647.03
4164,AC00004164,13,3,CURRENT,Active,2022-08-26,38918.3
4165,AC00004165,25,1,Fixed Deposit,active,2024-04-08,137621.88
4166,AC00004166,76,1,Savings,active,2022-08-22,157357.16
4167,AC00004167,65,4,saving,Closed,2023-04-02,258506.76
4168,AC00004168,66,2,saving,Closed,2022-10-31,465496.47
4169,AC00004169,46,4,Savings,active,2025-10-26,321078.77
4170,AC00004170,27,2,saving,Inactive,2023-05-17,190968.26
4171,AC00004171,68,4,Current,active,2024-03-20,452950.14
4172,AC00004172,4,3,CURRENT,Inactive,2025-05-25,213376.31
4173,AC00004173,91,4,Savings,Closed,2023-08-25,355287.34
4174,AC00004174,74,1,saving,Dormant,2023-07-17,116591.29
4175,AC00004175,91,4,CURRENT,Dormant,2025-03-19,7587.33
4176,AC00004176,65,4,Savings,Inactive,2024-01-27,141373.41
4177,AC00004177,5,1,CURRENT,active,2024-07-24,66584.77
4178,AC00004178,84,4,Savings,Active,2025-10-22,244015.75
4179,AC00004179,72,1,Savings,Closed,2023-06-12,184338.99
4180,AC00004180,93,3,Fixed Deposit,Dormant,2022-10-04,423416.01
4181,AC00004181,37,4,Fixed Deposit,Closed,2026-03-26,198123.54
4182,AC00004182,98,4,Fixed Deposit,Dormant,2023-04-15,239051.13
4183,AC00004183,31,4,Fixed Deposit,Active,2024-10-08,278476.21
4184,AC00004184,41,2,saving,Closed,2025-02-03,45381.62
4185,AC00004185,96,1,Current,Closed,2025-06-08,164787.63
4186,AC00004186,33,1,Current,active,2025-01-26,220079.32
4187,AC00004187,99,3,Savings,active,2024-06-21,280839.88
4188,AC00004188,42,1,CURRENT,Active,2026-07-20,65517.01
4189,AC00004189,36,4,Fixed Deposit,Dormant,2025-09-15,273602.96
4190,AC00004190,72,2,saving,Inactive,2025-05-16,191109.68
4191,AC00004191,77,4,Savings,Closed,2025-12-16,381582.9
4192,AC00004192,8,2,Savings,Dormant,2024-11-22,71813.61
4193,AC00004193,20,4,saving,Closed,2024-03-09,264931.74
4194,AC00004194,98,1,saving,Inactive,2026-01-31,472000.56
4195,AC00004195,51,3,Current,Active,2023-01-08,371470.46
4196,AC00004196,49,1,CURRENT,Active,2025-04-22,414142.63
4197,AC00004197,97,2,Fixed Deposit,Dormant,2022-10-09,161216.5
4198,AC00004198,90,4,Fixed Deposit,active,2023-01-24,109058.9
4199,AC00004199,11,4,saving,Inactive,2026-03-03,448420.1
4200,AC00004200,34,4,Fixed Deposit,Active,2025-09-02,304705.9
4201,AC00004201,38,4,Current,Inactive,2022-11-14,73296.5
4202,AC00004202,82,2,Fixed Deposit,Active,2022-10-29,408289.03
4203,AC00004203,9,1,CURRENT,active,2025-11-19,358920.93
4204,AC00004204,56,4,Savings,active,2024-04-19,491681.78
4205,AC00004205,87,1,saving,Dormant,2025-12-20,363756.21
4206,AC00004206,13,1,CURRENT,Closed,2023-04-06,266605.43
4207,AC00004207,69,4,Savings,active,2025-09-29,252467.22
4208,AC00004208,51,2,saving,Active,2025-08-24,456091.41
4209,AC00004209,36,3,Savings,Inactive,2024-08-19,49029.76
4210,AC00004210,78,3,Current,active,2024-05-14,83347.5
4211,AC00004211,78,4,Savings,Closed,2022-08-23,237080.6
4212,AC00004212,74,4,Savings,active,2025-08-16,157131.01
4213,AC00004213,34,3,saving,active,2023-10-22,469767.21
4214,AC00004214,60,1,CURRENT,Dormant,2024-05-20,335204.59
4215,AC00004215,43,2,Current,Inactive,2026-03-14,313114.73
4216,AC00004216,98,1,Current,Closed,2023-11-21,265182.27
4217,AC00004217,54,1,Savings,Inactive,2026-05-06,4140.74
4218,AC00004218,87,1,Savings,Closed,2022-08-21,471797.85
4219,AC00004219,16,4,saving,active,2024-11-12,330201.86
4220,AC00004220,19,2,CURRENT,active,2025-05-22,427093.48
4221,AC00004221,11,1,Current,active,2026-02-17,487518.37
4222,AC00004222,97,3,Current,active,2023-06-12,287833.64
4223,AC00004223,5,2,CURRENT,Inactive,2024-02-24,122975.74
4224,AC00004224,27,4,Current,Closed,2023-01-06,257744.86
4225,AC00004225,60,3,saving,Inactive,2025-02-11,173563.2
4226,AC00004226,81,3,Fixed Deposit,Active,2024-02-03,349198.03
4227,AC00004227,4,1,Savings,active,2026-07-05,418860.89
4228,AC00004228,6,3,Fixed Deposit,Inactive,2025-09-10,205712.65
4229,AC00004229,97,2,CURRENT,Dormant,2024-07-08,283795.23
4230,AC00004230,75,1,Savings,Dormant,2023-12-15,318204.43
4231,AC00004231,68,3,saving,Dormant,2025-11-02,194259.27
4232,AC00004232,99,3,Current,Active,2024-06-16,51144.44
4233,AC00004233,11,1,CURRENT,Inactive,2022-09-26,311312.61
4234,AC00004234,79,4,saving,Dormant,2026-07-22,117972.37
4235,AC00004235,25,4,saving,Active,2025-08-19,360884.65
4236,AC00004236,91,1,Current,Active,2024-02-16,297111.65
4237,AC00004237,97,1,CURRENT,active,2025-10-14,179916.99
4238,AC00004238,54,4,Savings,Dormant,2025-11-26,417904.18
4239,AC00004239,86,2,Current,Closed,2025-10-29,19869.86
4240,AC00004240,76,1,Savings,Active,2024-01-08,286686.48
4241,AC00004241,11,4,saving,Closed,2024-10-29,111484.77
4242,AC00004242,78,4,Current,Active,2024-08-02,45463.82
4243,AC00004243,48,4,Current,Active,2025-07-28,260337.07
4244,AC00004244,7,3,CURRENT,Closed,2025-03-20,396452.65
4245,AC00004245,16,1,Fixed Deposit,Dormant,2024-10-16,425062.34
4246,AC00004246,13,2,saving,Dormant,2025-11-08,25258.53
4247,AC00004247,48,2,Savings,Inactive,2025-05-23,327597.66
4248,AC00004248,80,1,saving,Closed,2023-10-29,347430.09
4249,AC00004249,70,1,Savings,active,2024-11-22,339785.48
4250,AC00004250,60,1,Fixed Deposit,Closed,2025-03-17,421801.67
4251,AC00004251,4,4,CURRENT,Closed,2024-09-06,9944.21
4252,AC00004252,12,4,Savings,Dormant,2023-09-22,314121.24
4253,AC00004253,49,4,Fixed Deposit,active,2025-06-09,155943.62
4254,AC00004254,31,2,Fixed Deposit,active,2024-04-23,283187.64
4255,AC00004255,88,1,saving,Active,2023-07-11,333195.61
4256,AC00004256,63,2,Fixed Deposit,Closed,2026-05-24,229595.29
4257,AC00004257,46,3,Fixed Deposit,Active,2025-06-30,192667.39
4258,AC00004258,87,2,saving,Closed,2023-04-29,462002.14
4259,AC00004259,62,4,Savings,Inactive,2024-08-07,72465.0
4260,AC00004260,64,1,CURRENT,Closed,2023-07-18,159665.79
4261,AC00004261,22,2,CURRENT,Closed,2022-10-04,192481.89
4262,AC00004262,1,3,saving,Dormant,2025-06-03,149194.95
4263,AC00004263,12,4,Savings,Closed,2025-09-19,131926.91
4264,AC00004264,9,2,Savings,active,2022-09-02,53576.59
4265,AC00004265,74,4,saving,Inactive,2026-03-13,148468.62
4266,AC00004266,64,1,saving,Inactive,2024-07-13,442781.84
4267,AC00004267,5,1,saving,Dormant,2023-08-30,324233.64
4268,AC00004268,6,3,Fixed Deposit,Closed,2024-03-18,220101.94
4269,AC00004269,80,1,Current,Active,2025-05-14,216404.3
4270,AC00004270,33,4,saving,active,2025-01-01,121960.65
4271,AC00004271,17,2,saving,Closed,2023-06-08,246254.56
4272,AC00004272,77,1,Current,Active,2025-04-11,107925.35
4273,AC00004273,32,3,Fixed Deposit,Dormant,2026-08-01,84994.03
4274,AC00004274,21,4,CURRENT,Active,2022-12-13,173370.06
4275,AC00004275,52,3,Current,Dormant,2024-01-01,335078.12
4276,AC00004276,50,1,Fixed Deposit,Dormant,2025-07-23,94404.41
4277,AC00004277,18,3,CURRENT,Active,2025-06-27,296751.8
4278,AC00004278,95,2,Current,active,2025-02-11,371995.05
4279,AC00004279,37,3,Savings,Active,2024-03-27,175497.06
4280,AC00004280,80,4,saving,Active,2025-01-22,102762.41
4281,AC00004281,81,4,CURRENT,Active,2026-02-07,6813.92
4282,AC00004282,2,3,saving,active,2025-06-11,92330.43
4283,AC00004283,49,3,Fixed Deposit,Closed,2023-03-30,44475.45
4284,AC00004284,100,3,Current,Dormant,2023-08-10,106897.32
4285,AC00004285,56,2,Current,Inactive,2025-10-15,53345.57
4286,AC00004286,75,1,Current,Active,2023-12-09,405233.24
4287,AC00004287,46,3,Savings,Active,2023-09-14,98583.94
4288,AC00004288,71,3,CURRENT,Closed,2023-03-01,197669.68
4289,AC00004289,48,1,CURRENT,active,2024-03-24,45461.2
4290,AC00004290,88,4,saving,Closed,2022-11-01,215664.72
4291,AC00004291,51,4,Fixed Deposit,Dormant,2025-05-15,116958.09
4292,AC00004292,64,4,saving,Inactive,2022-11-22,38506.37
4293,AC00004293,90,1,CURRENT,Active,2025-02-21,215127.13
4294,AC00004294,7,2,Fixed Deposit,Inactive,2025-04-04,163885.13
4295,AC00004295,93,1,Current,Dormant,2025-04-15,98140.02
4296,AC00004296,62,3,Fixed Deposit,Closed,2026-01-30,109603.31
4297,AC00004297,11,2,Fixed Deposit,active,2025-04-13,53249.01
4298,AC00004298,74,2,Savings,Dormant,2024-12-12,86356.85
4299,AC00004299,74,3,Savings,Dormant,2026-05-19,22990.01
4300,AC00004300,66,1,saving,Active,2024-06-05,385084.58
4301,AC00004301,5,1,Current,Dormant,2025-01-16,396180.68
4302,AC00004302,2,4,CURRENT,Dormant,2025-10-26,219162.45
4303,AC00004303,88,1,Savings,active,2026-04-26,110915.56
4304,AC00004304,42,3,Current,Dormant,2026-01-22,56740.97
4305,AC00004305,19,4,Current,Active,2024-07-04,219092.86
4306,AC00004306,70,2,Fixed Deposit,Closed,2023-02-26,115714.26
4307,AC00004307,74,2,saving,Active,2024-03-07,196529.21
4308,AC00004308,23,1,saving,Dormant,2025-09-18,35430.53
4309,AC00004309,80,2,CURRENT,Dormant,2022-09-10,486175.78
4310,AC00004310,33,2,saving,Dormant,2025-07-31,414856.6
4311,AC00004311,61,4,saving,Closed,2024-10-10,135939.16
4312,AC00004312,39,1,CURRENT,active,2026-07-28,94372.94
4313,AC00004313,53,1,Fixed Deposit,Dormant,2024-05-01,227048.93
4314,AC00004314,10,4,CURRENT,active,2025-08-23,451382.26
4315,AC00004315,82,1,CURRENT,Closed,2023-08-24,265755.92
4316,AC00004316,8,1,Fixed Deposit,active,2023-01-24,285894.56
4317,AC00004317,59,2,Savings,Dormant,2023-05-25,350207.41
4318,AC00004318,15,3,Current,active,2024-11-26,64719.53
4319,AC00004319,82,4,Savings,Dormant,2026-05-28,278717.88
4320,AC00004320,40,2,Fixed Deposit,active,2024-07-15,145000.17
4321,AC00004321,61,4,saving,Active,2024-12-03,160006.39
4322,AC00004322,43,4,Savings,Dormant,2023-09-19,498220.33
4323,AC00004323,63,3,Savings,Dormant,2022-12-30,244684.86
4324,AC00004324,29,3,Savings,Inactive,2025-10-23,128499.94
4325,AC00004325,37,3,Current,Active,2024-04-09,396572.57
4326,AC00004326,28,4,CURRENT,Dormant,2026-05-23,478223.85
4327,AC00004327,30,4,saving,Active,2026-01-21,105556.4
4328,AC00004328,76,1,saving,Closed,2023-11-02,177433.56
4329,AC00004329,68,4,saving,Closed,2023-04-02,305242.33
4330,AC00004330,22,4,saving,Active,2026-07-27,272963.14
4331,AC00004331,66,2,Current,Closed,2023-06-28,268307.94
4332,AC00004332,35,1,CURRENT,Active,2023-04-12,48707.52
4333,AC00004333,72,1,Current,Active,2025-11-06,380926.45
4334,AC00004334,97,2,Current,Inactive,2026-02-16,474276.33
4335,AC00004335,62,3,Current,Active,2024-12-26,399537.0
4336,AC00004336,45,3,CURRENT,active,2023-02-05,390834.5
4337,AC00004337,16,1,Fixed Deposit,Inactive,2023-08-21,348952.46
4338,AC00004338,40,4,Fixed Deposit,Active,2023-02-27,455669.72
4339,AC00004339,75,2,Fixed Deposit,Dormant,2022-12-01,455203.06
4340,AC00004340,7,3,Savings,Dormant,2024-12-12,284020.12
4341,AC00004341,17,4,Fixed Deposit,active,2024-06-16,425868.42
4342,AC00004342,31,2,CURRENT,Dormant,2023-08-14,269032.04
4343,AC00004343,21,3,CURRENT,active,2023-09-20,128405.95
4344,AC00004344,76,1,CURRENT,Closed,2024-06-12,246928.48
4345,AC00004345,97,3,CURRENT,Dormant,2024-01-31,360520.08
4346,AC00004346,3,2,saving,Active,2023-09-17,26872.1
4347,AC00004347,74,4,saving,active,2025-12-14,98081.71
4348,AC00004348,95,1,saving,Closed,2023-03-20,357675.64
4349,AC00004349,94,1,Fixed Deposit,Dormant,2024-12-08,191039.72
4350,AC00004350,63,4,CURRENT,active,2023-08-22,35090.23
4351,AC00004351,53,4,CURRENT,Closed,2026-03-17,240554.72
4352,AC00004352,58,3,Current,Inactive,2026-03-11,344170.44
4353,AC00004353,88,1,Current,active,2023-05-07,172921.51
4354,AC00004354,42,1,CURRENT,Dormant,2022-08-31,198412.54
4355,AC00004355,17,3,Current,Closed,2025-08-06,337506.33
4356,AC00004356,44,2,Savings,Dormant,2023-05-14,420196.5
4357,AC00004357,14,4,Fixed Deposit,Dormant,2026-07-20,264208.56
4358,AC00004358,83,4,CURRENT,Closed,2026-03-08,491959.69
4359,AC00004359,26,4,Current,Inactive,2025-01-08,189389.74
4360,AC00004360,97,3,Current,Dormant,2023-12-09,159365.26
4361,AC00004361,75,3,Current,Active,2025-08-26,390918.25
4362,AC00004362,36,2,Fixed Deposit,Active,2024-08-04,192763.82
4363,AC00004363,34,2,Fixed Deposit,Closed,2023-02-02,256369.07
4364,AC00004364,75,1,Current,Dormant,2024-06-18,20426.78
4365,AC00004365,22,2,saving,Dormant,2023-01-13,407136.64
4366,AC00004366,11,1,saving,Inactive,2022-12-20,63343.82
4367,AC00004367,90,2,Savings,Inactive,2025-07-01,248798.98
4368,AC00004368,59,4,Current,Closed,2026-07-10,182418.78
4369,AC00004369,28,1,CURRENT,Inactive,2024-03-10,336079.17
4370,AC00004370,14,1,saving,Dormant,2025-12-16,156203.62
4371,AC00004371,34,1,saving,Active,2023-10-27,108173.74
4372,AC00004372,60,2,Current,Dormant,2023-12-22,304704.3
4373,AC00004373,93,3,Fixed Deposit,Closed,2024-05-23,151344.59
4374,AC00004374,64,4,Current,Closed,2026-06-08,241354.5
4375,AC00004375,98,3,CURRENT,Inactive,2023-01-12,148857.48
4376,AC00004376,87,1,Fixed Deposit,Dormant,2024-01-23,438153.81
4377,AC00004377,29,4,saving,Dormant,2026-05-21,84029.17
4378,AC00004378,42,4,Fixed Deposit,Active,2024-04-28,125172.69
4379,AC00004379,39,3,CURRENT,Active,2025-04-23,392322.38
4380,AC00004380,94,3,Current,Active,2025-02-14,204876.86
4381,AC00004381,18,4,Current,active,2026-05-18,121964.2
4382,AC00004382,29,1,Savings,Active,2025-07-26,15683.21
4383,AC00004383,100,2,CURRENT,Dormant,2023-01-23,45623.61
4384,AC00004384,72,1,saving,Dormant,2022-09-25,298162.47
4385,AC00004385,100,2,Fixed Deposit,active,2023-04-22,258854.49
4386,AC00004386,15,4,CURRENT,Active,2022-09-27,288086.09
4387,AC00004387,78,3,CURRENT,Inactive,2023-08-18,410437.16
4388,AC00004388,77,1,Fixed Deposit,active,2023-01-16,18148.94
4389,AC00004389,40,1,Current,Closed,2026-08-07,23232.06
4390,AC00004390,53,2,saving,Dormant,2025-04-29,51137.52
4391,AC00004391,19,2,Savings,Active,2026-04-17,238071.38
4392,AC00004392,9,1,CURRENT,Active,2026-05-13,446946.4
4393,AC00004393,39,4,Current,Active,2024-12-13,354892.43
4394,AC00004394,55,2,Fixed Deposit,Closed,2023-05-01,498243.82
4395,AC00004395,51,1,CURRENT,Dormant,2025-06-11,426874.75
4396,AC00004396,59,2,Current,Active,2025-01-12,28345.44
4397,AC00004397,2,4,CURRENT,active,2026-05-15,29396.25
4398,AC00004398,29,1,Current,Dormant,2024-12-16,469828.03
4399,AC00004399,13,4,Fixed Deposit,Inactive,2022-09-21,411820.92
4400,AC00004400,50,3,CURRENT,active,2023-06-22,244076.55
4401,AC00004401,28,4,CURRENT,Active,2024-08-11,177095.6
4402,AC00004402,81,4,saving,Closed,2023-05-19,389236.48
4403,AC00004403,31,4,CURRENT,Inactive,2024-08-04,97004.09
4404,AC00004404,43,1,Savings,Inactive,2026-08-04,412903.42
4405,AC00004405,21,3,Fixed Deposit,active,2025-07-07,194278.57
4406,AC00004406,99,2,Savings,Closed,2024-12-09,267912.83
4407,AC00004407,13,2,Fixed Deposit,Dormant,2025-08-23,152407.98
4408,AC00004408,26,2,Savings,Closed,2026-03-07,484727.49
4409,AC00004409,49,4,Fixed Deposit,active,2024-01-12,124224.3
4410,AC00004410,12,4,Fixed Deposit,Closed,2022-12-24,5796.66
4411,AC00004411,24,3,Current,active,2025-11-14,298204.97
4412,AC00004412,21,1,Current,Dormant,2023-11-21,332979.0
4413,AC00004413,17,2,Savings,Dormant,2025-01-01,320925.53
4414,AC00004414,68,2,Fixed Deposit,Active,2025-12-16,466211.77
4415,AC00004415,10,4,Current,Dormant,2023-07-09,416448.0
4416,AC00004416,43,2,Current,Closed,2024-11-28,133335.47
4417,AC00004417,59,3,Savings,Closed,2025-03-03,312727.58
4418,AC00004418,91,1,CURRENT,active,2025-02-20,48084.32
4419,AC00004419,23,2,Savings,Dormant,2024-11-08,32078.12
4420,AC00004420,24,1,CURRENT,Closed,2023-08-24,210636.76
4421,AC00004421,55,3,Fixed Deposit,active,2024-02-07,163676.85
4422,AC00004422,70,3,Current,Inactive,2023-03-05,456840.29
4423,AC00004423,78,3,Fixed Deposit,Inactive,2024-03-06,424302.57
4424,AC00004424,92,2,Current,Active,2026-03-07,384878.28
4425,AC00004425,35,4,CURRENT,Closed,2025-08-14,327819.12
4426,AC00004426,8,3,Current,active,2025-01-10,17267.96
4427,AC00004427,61,2,CURRENT,Inactive,2022-11-07,475108.22
4428,AC00004428,49,2,CURRENT,Active,2025-08-08,126606.84
4429,AC00004429,26,2,CURRENT,Inactive,2022-09-25,133787.32
4430,AC00004430,7,3,Savings,Closed,2023-05-10,201806.95
4431,AC00004431,17,3,Savings,Dormant,2024-08-16,495108.5
4432,AC00004432,19,1,CURRENT,Closed,2023-10-22,187646.52
4433,AC00004433,38,2,Current,Dormant,2024-05-23,367782.01
4434,AC00004434,53,2,saving,Inactive,2024-08-10,77833.17
4435,AC00004435,63,1,saving,Active,2026-01-09,457172.25
4436,AC00004436,9,3,Savings,active,2025-11-19,213349.0
4437,AC00004437,14,2,CURRENT,Active,2025-11-10,369929.89
4438,AC00004438,40,3,CURRENT,Inactive,2022-09-25,242823.68
4439,AC00004439,55,4,saving,Closed,2025-03-20,337591.71
4440,AC00004440,46,1,Current,Closed,2023-07-05,119184.55
4441,AC00004441,72,4,Savings,Dormant,2025-12-27,52426.13
4442,AC00004442,13,2,CURRENT,active,2024-11-20,23208.93
4443,AC00004443,17,2,saving,Closed,2024-05-28,271904.53
4444,AC00004444,65,4,saving,Closed,2022-11-20,416782.24
4445,AC00004445,57,1,Savings,active,2023-03-21,350959.58
4446,AC00004446,27,4,Fixed Deposit,Dormant,2025-06-18,303930.67
4447,AC00004447,86,1,CURRENT,Inactive,2024-11-02,446913.71
4448,AC00004448,70,1,Savings,Active,2023-11-30,20076.83
4449,AC00004449,68,4,CURRENT,Closed,2024-03-15,301302.81
4450,AC00004450,69,1,Fixed Deposit,Inactive,2026-03-02,222450.1
4451,AC00004451,9,3,CURRENT,Dormant,2025-01-26,156360.43
4452,AC00004452,84,3,saving,Dormant,2024-10-12,270790.74
4453,AC00004453,49,4,Savings,active,2025-07-10,59635.68
4454,AC00004454,1,3,CURRENT,Closed,2024-01-04,493053.11
4455,AC00004455,91,2,Savings,Active,2024-08-24,266809.03
4456,AC00004456,88,3,Fixed Deposit,Inactive,2026-04-30,499392.45
4457,AC00004457,83,4,Savings,active,2025-06-23,136649.33
4458,AC00004458,93,2,saving,Dormant,2025-05-13,133255.72
4459,AC00004459,9,4,Fixed Deposit,Closed,2023-08-18,182636.58
4460,AC00004460,91,1,Current,Closed,2023-04-12,435379.96
4461,AC00004461,38,3,Current,active,2026-06-01,93725.31
4462,AC00004462,67,4,saving,Dormant,2022-11-12,387600.46
4463,AC00004463,11,4,Fixed Deposit,Active,2023-05-24,74075.81
4464,AC00004464,100,4,Current,Active,2024-02-02,264284.3
4465,AC00004465,70,4,CURRENT,Inactive,2023-06-27,359774.59
4466,AC00004466,54,4,Current,Closed,2025-07-09,201658.83
4467,AC00004467,58,4,Savings,Inactive,2024-02-18,12253.16
4468,AC00004468,69,1,Fixed Deposit,active,2023-10-17,35398.64
4469,AC00004469,69,2,CURRENT,Active,2024-11-09,224036.49
4470,AC00004470,35,2,Current,Closed,2024-09-03,145677.69
4471,AC00004471,59,2,saving,active,2023-02-08,409907.58
4472,AC00004472,90,3,Savings,Active,2025-08-08,91173.37
4473,AC00004473,89,2,Fixed Deposit,Closed,2025-10-27,155096.86
4474,AC00004474,59,4,Current,Active,2023-01-15,73442.81
4475,AC00004475,30,2,CURRENT,active,2022-08-21,365038.44
4476,AC00004476,39,4,Fixed Deposit,active,2024-10-04,313310.49
4477,AC00004477,42,3,Savings,Closed,2022-12-20,31015.59
4478,AC00004478,84,1,saving,Active,2026-01-05,59868.49
4479,AC00004479,14,2,CURRENT,Inactive,2024-10-10,40765.81
4480,AC00004480,35,4,Fixed Deposit,Active,2024-08-16,152574.11
4481,AC00004481,28,1,Current,Dormant,2025-08-31,267374.57
4482,AC00004482,61,2,CURRENT,active,2023-09-30,357993.8
4483,AC00004483,92,4,saving,Inactive,2025-02-20,292116.71
4484,AC00004484,64,3,Fixed Deposit,Dormant,2026-01-04,493277.34
4485,AC00004485,6,1,Savings,Inactive,2024-06-03,73876.81
4486,AC00004486,64,3,Fixed Deposit,Inactive,2026-03-08,6395.63
4487,AC00004487,84,3,CURRENT,Closed,2023-05-21,443245.64
4488,AC00004488,92,2,CURRENT,Dormant,2022-11-07,354260.49
4489,AC00004489,5,4,CURRENT,Dormant,2023-06-04,115663.71
4490,AC00004490,34,1,Savings,Inactive,2024-10-19,347676.77
4491,AC00004491,76,3,saving,active,2022-12-20,3024.57
4492,AC00004492,10,3,Savings,Dormant,2024-11-11,429394.97
4493,AC00004493,89,1,Fixed Deposit,active,2023-09-08,252072.91
4494,AC00004494,38,2,CURRENT,Inactive,2024-09-11,439586.61
4495,AC00004495,17,3,Fixed Deposit,Dormant,2025-03-21,301418.39
4496,AC00004496,49,4,saving,Closed,2024-01-09,452847.48
4497,AC00004497,22,4,saving,Closed,2024-12-05,469242.66
4498,AC00004498,94,4,Current,Active,2023-04-05,30262.41
4499,AC00004499,99,4,saving,Dormant,2026-02-19,205307.55
4500,AC00004500,23,4,Current,Dormant,2023-02-19,253994.4
4501,AC00004501,86,3,saving,Active,2025-12-28,394743.03
4502,AC00004502,4,1,saving,Closed,2024-03-06,453375.84
4503,AC00004503,42,1,saving,Inactive,2024-01-04,201365.73
4504,AC00004504,36,2,Current,active,2024-05-18,336470.06
4505,AC00004505,55,2,Current,Dormant,2024-04-03,433684.35
4506,AC00004506,70,3,saving,Closed,2025-05-22,395764.9
4507,AC00004507,15,1,Fixed Deposit,Dormant,2024-09-14,320387.65
4508,AC00004508,47,1,CURRENT,Dormant,2023-02-24,114128.36
4509,AC00004509,30,2,CURRENT,Active,2025-02-12,174285.72
4510,AC00004510,55,3,saving,Active,2026-06-08,19439.34
4511,AC00004511,90,4,Savings,active,2023-07-26,374599.05
4512,AC00004512,100,1,Fixed Deposit,Active,2023-09-28,497037.1
4513,AC00004513,60,1,saving,Dormant,2022-09-19,8631.71
4514,AC00004514,80,4,Savings,Active,2025-08-03,367897.73
4515,AC00004515,16,4,Current,Dormant,2024-03-11,254991.11
4516,AC00004516,85,2,CURRENT,active,2025-01-20,360259.31
4517,AC00004517,23,1,saving,Inactive,2022-09-09,148283.5
4518,AC00004518,70,1,Current,Dormant,2025-02-21,34253.73
4519,AC00004519,51,1,Fixed Deposit,active,2023-12-27,250164.72
4520,AC00004520,46,4,saving,Active,2023-07-18,9919.78
4521,AC00004521,62,3,Current,Inactive,2026-01-19,409239.6
4522,AC00004522,12,1,CURRENT,Inactive,2022-09-30,437106.89
4523,AC00004523,21,1,Fixed Deposit,Dormant,2023-10-12,471672.84
4524,AC00004524,91,1,Current,Active,2023-12-14,244584.61
4525,AC00004525,3,4,Savings,Active,2025-08-06,452265.6
4526,AC00004526,23,4,CURRENT,Active,2022-09-19,452186.09
4527,AC00004527,29,3,saving,Inactive,2026-06-22,262401.29
4528,AC00004528,36,3,saving,Dormant,2025-07-11,274250.17
4529,AC00004529,73,3,saving,Inactive,2025-09-25,100421.01
4530,AC00004530,8,2,Current,Active,2025-03-23,335599.52
4531,AC00004531,65,4,Savings,active,2023-02-02,453768.77
4532,AC00004532,46,2,Fixed Deposit,Dormant,2024-04-05,86132.62
4533,AC00004533,75,4,Fixed Deposit,Closed,2026-05-31,202530.32
4534,AC00004534,63,1,Current,Dormant,2026-07-22,144323.53
4535,AC00004535,50,3,Current,Inactive,2025-05-31,66874.06
4536,AC00004536,82,2,Fixed Deposit,Inactive,2024-02-27,238521.54
4537,AC00004537,70,3,Current,active,2025-10-25,352007.15
4538,AC00004538,29,1,saving,Dormant,2022-08-25,142580.2
4539,AC00004539,85,3,Fixed Deposit,Dormant,2024-06-02,46539.79
4540,AC00004540,57,2,Savings,Dormant,2025-07-09,117494.49
4541,AC00004541,63,1,Savings,Active,2026-04-23,338536.31
4542,AC00004542,17,4,saving,active,2022-11-15,105432.56
4543,AC00004543,70,4,Fixed Deposit,Inactive,2025-04-26,184132.95
4544,AC00004544,15,1,CURRENT,Dormant,2025-03-30,347555.09
4545,AC00004545,1,1,Fixed Deposit,Active,2025-01-01,138870.05
4546,AC00004546,92,3,Current,active,2025-01-31,146494.84
4547,AC00004547,71,4,CURRENT,Dormant,2025-10-14,247028.82
4548,AC00004548,26,1,Fixed Deposit,Inactive,2022-12-26,355683.52
4549,AC00004549,27,4,CURRENT,Inactive,2024-03-03,197032.01
4550,AC00004550,15,4,CURRENT,Closed,2026-07-24,166422.46
4551,AC00004551,87,4,Savings,active,2025-12-29,315796.91
4552,AC00004552,97,3,saving,Closed,2024-12-04,61113.55
4553,AC00004553,43,1,Current,active,2025-08-13,28203.08
4554,AC00004554,67,1,Savings,Closed,2024-05-20,128490.82
4555,AC00004555,86,1,saving,Closed,2022-10-31,25203.94
4556,AC00004556,28,4,saving,Inactive,2025-11-07,328622.26
4557,AC00004557,28,1,Savings,Closed,2023-09-29,347707.97
4558,AC00004558,8,3,Savings,active,2023-05-19,162472.21
4559,AC00004559,59,4,CURRENT,active,2025-12-25,402602.36
4560,AC00004560,89,4,Savings,active,2026-01-23,157931.78
4561,AC00004561,3,2,Savings,active,2026-05-10,70169.03
4562,AC00004562,69,3,CURRENT,Active,2025-08-13,257553.71
4563,AC00004563,15,4,CURRENT,active,2023-04-30,11441.74
4564,AC00004564,41,4,Current,Active,2025-06-30,10986.7
4565,AC00004565,46,1,Fixed Deposit,Closed,2025-06-27,488376.47
4566,AC00004566,14,2,saving,active,2024-10-20,265568.4
4567,AC00004567,44,4,Savings,Closed,2023-08-10,105118.0
4568,AC00004568,83,3,Current,Active,2026-05-29,336683.8
4569,AC00004569,32,1,Current,Closed,2025-12-20,119688.28
4570,AC00004570,91,3,Fixed Deposit,Dormant,2023-12-27,222464.49
4571,AC00004571,83,1,Current,Active,2025-01-08,250206.61
4572,AC00004572,69,2,Savings,active,2023-10-12,154529.69
4573,AC00004573,1,2,CURRENT,Active,2026-05-18,372219.85
4574,AC00004574,15,2,saving,Closed,2024-01-22,481135.33
4575,AC00004575,14,2,Current,Closed,2026-01-23,459482.11
4576,AC00004576,82,4,CURRENT,Inactive,2025-10-19,58765.89
4577,AC00004577,93,2,Savings,Inactive,2024-01-11,96520.74
4578,AC00004578,85,2,Fixed Deposit,active,2025-10-12,350996.89
4579,AC00004579,96,2,Fixed Deposit,Dormant,2023-03-29,223423.26
4580,AC00004580,81,1,Fixed Deposit,Dormant,2023-10-02,192568.13
4581,AC00004581,76,2,saving,active,2022-09-03,84147.8
4582,AC00004582,20,1,Current,active,2023-05-15,19027.44
4583,AC00004583,11,1,saving,Active,2025-02-14,102433.74
4584,AC00004584,16,3,CURRENT,Dormant,2026-07-05,483775.88
4585,AC00004585,49,2,Savings,active,2022-11-18,368272.63
4586,AC00004586,21,2,Fixed Deposit,active,2023-07-08,444639.46
4587,AC00004587,84,4,CURRENT,Inactive,2025-04-21,181210.02
4588,AC00004588,79,2,Fixed Deposit,Dormant,2022-11-25,4449.61
4589,AC00004589,74,3,saving,active,2025-12-23,384717.49
4590,AC00004590,18,2,Fixed Deposit,Closed,2024-05-04,119955.1
4591,AC00004591,38,4,CURRENT,Inactive,2023-11-10,407781.42
4592,AC00004592,7,1,Current,Inactive,2023-06-13,365967.43
4593,AC00004593,15,1,Savings,Active,2023-07-19,240391.33
4594,AC00004594,82,1,Savings,active,2023-03-25,259151.93
4595,AC00004595,25,3,Savings,Inactive,2023-01-02,212407.21
4596,AC00004596,73,4,CURRENT,Closed,2025-07-30,33047.23
4597,AC00004597,21,3,Current,Active,2023-10-20,155455.25
4598,AC00004598,100,1,Savings,Dormant,2023-09-27,218915.76
4599,AC00004599,2,4,Current,Dormant,2025-08-16,118916.59
4600,AC00004600,31,3,saving,Inactive,2026-03-17,463002.19
4601,AC00004601,50,3,CURRENT,Active,2024-07-01,341703.64
4602,AC00004602,40,1,Savings,Closed,2024-04-17,324907.24
4603,AC00004603,25,2,Current,Active,2025-01-07,194196.58
4604,AC00004604,33,4,Fixed Deposit,Dormant,2025-07-20,31524.18
4605,AC00004605,21,2,Savings,Active,2023-07-25,455020.3
4606,AC00004606,87,3,CURRENT,Inactive,2022-08-29,173769.61
4607,AC00004607,37,4,Current,active,2023-09-20,36303.72
4608,AC00004608,95,4,Current,Dormant,2024-12-14,181916.62
4609,AC00004609,6,4,Current,active,2024-11-26,472724.5
4610,AC00004610,78,1,Savings,Closed,2025-10-12,458099.7
4611,AC00004611,68,2,Savings,Active,2025-05-08,28430.69
4612,AC00004612,8,3,Current,Dormant,2026-04-24,45527.79
4613,AC00004613,84,1,saving,active,2025-10-25,467059.99
4614,AC00004614,11,4,Current,active,2023-03-03,344858.05
4615,AC00004615,30,4,saving,Inactive,2025-08-20,273588.61
4616,AC00004616,94,4,saving,Closed,2025-12-04,98795.73
4617,AC00004617,46,3,Savings,Dormant,2024-01-23,257828.14
4618,AC00004618,86,1,Savings,Dormant,2025-08-22,387747.9
4619,AC00004619,61,4,Fixed Deposit,Inactive,2024-11-13,429958.37
4620,AC00004620,15,3,Fixed Deposit,Dormant,2025-11-10,9386.02
4621,AC00004621,38,3,CURRENT,Closed,2025-09-08,493585.77
4622,AC00004622,51,1,Current,Closed,2025-02-16,383127.09
4623,AC00004623,56,2,Fixed Deposit,Inactive,2023-04-29,132880.17
4624,AC00004624,95,4,CURRENT,active,2023-06-14,321671.85
4625,AC00004625,21,3,saving,Inactive,2023-12-16,304786.49
4626,AC00004626,16,3,saving,Active,2025-06-30,375360.7
4627,AC00004627,67,4,saving,Inactive,2022-11-24,14174.17
4628,AC00004628,39,4,Fixed Deposit,Active,2023-12-29,83348.98
4629,AC00004629,24,2,Fixed Deposit,Closed,2023-10-31,442462.22
4630,AC00004630,8,1,CURRENT,Dormant,2024-05-17,432780.72
4631,AC00004631,74,3,saving,active,2025-08-05,217987.5
4632,AC00004632,40,1,Fixed Deposit,Closed,2023-01-06,364192.91
4633,AC00004633,17,4,CURRENT,Active,2025-08-07,109190.04
4634,AC00004634,60,2,Fixed Deposit,Closed,2023-05-24,441671.55
4635,AC00004635,73,3,Savings,Closed,2023-01-09,361600.62
4636,AC00004636,17,4,Current,Dormant,2023-03-23,80315.26
4637,AC00004637,65,3,Savings,Inactive,2024-06-19,346660.21
4638,AC00004638,32,3,saving,Active,2026-04-15,84562.06
4639,AC00004639,43,1,Current,Closed,2023-07-18,335038.07
4640,AC00004640,35,1,CURRENT,Active,2024-03-04,31467.24
4641,AC00004641,50,1,Fixed Deposit,Dormant,2026-03-20,69124.6
4642,AC00004642,35,2,Fixed Deposit,Closed,2022-12-14,469459.11
4643,AC00004643,67,3,CURRENT,Dormant,2025-09-03,292107.41
4644,AC00004644,56,3,saving,Inactive,2024-04-17,412205.49
4645,AC00004645,100,3,CURRENT,Active,2026-05-11,150103.32
4646,AC00004646,75,2,saving,Active,2024-04-14,242063.35
4647,AC00004647,35,3,Savings,active,2025-01-10,482838.4
4648,AC00004648,44,4,Savings,active,2026-02-12,413087.93
4649,AC00004649,73,1,Savings,active,2023-08-31,333851.67
4650,AC00004650,10,4,Savings,Active,2025-11-01,319904.85
4651,AC00004651,80,1,Savings,Closed,2025-10-30,176689.36
4652,AC00004652,92,1,CURRENT,Active,2024-11-15,161887.76
4653,AC00004653,16,2,Fixed Deposit,Closed,2025-12-11,200435.75
4654,AC00004654,95,1,Fixed Deposit,Inactive,2025-05-19,322176.5
4655,AC00004655,66,2,CURRENT,active,2026-01-26,399285.07
4656,AC00004656,65,3,Savings,Dormant,2023-04-19,75416.88
4657,AC00004657,31,2,Savings,Inactive,2024-02-17,154777.16
4658,AC00004658,11,2,Savings,Closed,2024-09-27,152557.67
4659,AC00004659,78,2,CURRENT,Active,2024-11-25,254847.0
4660,AC00004660,77,3,Current,Active,2023-08-08,484492.02
4661,AC00004661,73,3,Current,active,2025-05-15,254447.76
4662,AC00004662,12,2,Savings,Dormant,2026-02-11,212256.91
4663,AC00004663,74,3,saving,Dormant,2024-10-23,58202.13
4664,AC00004664,88,3,saving,Inactive,2025-06-01,176886.15
4665,AC00004665,66,3,Savings,active,2023-12-15,348640.85
4666,AC00004666,95,2,Fixed Deposit,Active,2025-08-11,92825.2
4667,AC00004667,7,3,CURRENT,Closed,2025-07-12,80522.49
4668,AC00004668,87,3,Current,Active,2026-05-14,294326.84
4669,AC00004669,16,3,Savings,active,2026-03-24,498544.63
4670,AC00004670,75,4,saving,Inactive,2022-12-22,390869.8
4671,AC00004671,7,3,Current,active,2024-01-13,307300.24
4672,AC00004672,24,2,saving,active,2025-10-31,243864.38
4673,AC00004673,30,3,Fixed Deposit,Inactive,2024-12-13,253260.05
4674,AC00004674,94,1,CURRENT,Active,2024-10-12,410720.7
4675,AC00004675,16,4,Savings,Closed,2023-11-23,101667.38
4676,AC00004676,68,3,saving,Inactive,2026-01-05,244587.31
4677,AC00004677,3,4,Fixed Deposit,Inactive,2025-06-15,257658.89
4678,AC00004678,79,1,saving,Closed,2024-11-25,242229.39
4679,AC00004679,24,3,Savings,Closed,2024-03-15,63781.3
4680,AC00004680,41,1,saving,Dormant,2023-07-12,95250.93
4681,AC00004681,63,4,Current,Active,2023-10-13,233771.68
4682,AC00004682,17,3,Current,Closed,2024-09-05,30738.71
4683,AC00004683,10,1,Savings,Active,2024-01-25,180794.33
4684,AC00004684,82,1,CURRENT,Inactive,2022-11-11,333326.26
4685,AC00004685,82,4,Current,active,2024-08-13,252243.87
4686,AC00004686,90,1,CURRENT,Dormant,2026-01-28,360746.84
4687,AC00004687,40,4,CURRENT,active,2024-03-28,60130.53
4688,AC00004688,63,2,Fixed Deposit,Closed,2024-08-28,364539.44
4689,AC00004689,58,3,Savings,Inactive,2025-08-27,473122.3
4690,AC00004690,70,3,saving,Inactive,2022-12-12,127269.63
4691,AC00004691,61,4,Current,active,2024-01-29,255490.92
4692,AC00004692,23,3,Savings,active,2026-01-18,476267.02
4693,AC00004693,18,4,Current,active,2026-01-10,69847.46
4694,AC00004694,81,4,Fixed Deposit,Active,2026-03-23,223572.8
4695,AC00004695,80,2,saving,Active,2023-12-24,435377.66
4696,AC00004696,60,1,Savings,Closed,2023-04-21,116877.67
4697,AC00004697,81,2,Savings,Closed,2025-09-02,127638.97
4698,AC00004698,42,1,saving,Closed,2024-01-03,258079.56
4699,AC00004699,52,1,Current,active,2026-03-19,94606.8
4700,AC00004700,81,1,Current,Active,2025-03-11,246512.27
4701,AC00004701,52,2,Current,Dormant,2026-06-20,122627.88
4702,AC00004702,35,4,Current,active,2024-01-05,66980.86
4703,AC00004703,31,4,Current,Inactive,2023-06-03,219693.71
4704,AC00004704,45,4,saving,Closed,2023-08-06,47858.76
4705,AC00004705,25,3,saving,Active,2022-10-26,169778.44
4706,AC00004706,19,1,CURRENT,Dormant,2024-06-01,487359.8
4707,AC00004707,51,3,saving,Active,2023-06-30,174509.04
4708,AC00004708,71,1,saving,Active,2023-10-17,344758.78
4709,AC00004709,97,3,saving,Closed,2023-06-09,357050.97
4710,AC00004710,55,2,saving,active,2025-02-05,156747.16
4711,AC00004711,48,2,Savings,active,2026-02-02,445567.4
4712,AC00004712,13,2,CURRENT,Dormant,2025-09-26,333021.44
4713,AC00004713,57,3,Current,active,2023-07-04,212163.49
4714,AC00004714,24,4,CURRENT,Dormant,2024-11-20,155895.35
4715,AC00004715,32,2,Savings,Closed,2025-03-11,440640.64
4716,AC00004716,49,1,Fixed Deposit,Active,2025-06-05,33898.55
4717,AC00004717,16,1,Fixed Deposit,Dormant,2023-10-10,370272.42
4718,AC00004718,9,4,saving,Active,2024-10-30,1531.97
4719,AC00004719,17,4,CURRENT,Active,2025-09-08,32774.01
4720,AC00004720,39,1,Savings,active,2023-05-25,342339.96
4721,AC00004721,32,1,saving,Inactive,2025-07-26,99169.53
4722,AC00004722,55,1,Current,Inactive,2024-12-06,256719.47
4723,AC00004723,64,2,Savings,active,2024-07-21,41925.97
4724,AC00004724,67,4,CURRENT,Inactive,2024-05-07,342411.04
4725,AC00004725,38,3,Current,Dormant,2023-05-25,149786.04
4726,AC00004726,79,3,CURRENT,Dormant,2024-04-07,20893.03
4727,AC00004727,7,3,Savings,Closed,2024-03-26,71839.43
4728,AC00004728,93,3,Fixed Deposit,Dormant,2024-02-27,361912.74
4729,AC00004729,50,2,Savings,Closed,2025-04-07,410781.79
4730,AC00004730,16,1,Current,Closed,2024-07-22,352687.16
4731,AC00004731,95,4,saving,active,2023-07-09,177924.56
4732,AC00004732,65,2,CURRENT,Dormant,2024-09-13,498050.58
4733,AC00004733,15,3,saving,Dormant,2024-03-14,173637.44
4734,AC00004734,72,1,Current,Active,2024-01-20,173568.47
4735,AC00004735,29,1,Current,active,2024-01-24,22679.7
4736,AC00004736,33,2,saving,active,2023-06-02,460729.98
4737,AC00004737,25,1,Savings,Closed,2025-12-15,34817.56
4738,AC00004738,98,2,CURRENT,Inactive,2025-09-27,482437.95
4739,AC00004739,85,2,Current,active,2024-05-13,114572.36
4740,AC00004740,29,3,Savings,Dormant,2024-02-17,492155.18
4741,AC00004741,43,2,Savings,Inactive,2026-03-02,215072.23
4742,AC00004742,11,4,CURRENT,Closed,2024-03-23,242307.36
4743,AC00004743,53,1,Fixed Deposit,Active,2025-04-29,145562.46
4744,AC00004744,97,1,Current,Closed,2026-04-25,338629.63
4745,AC00004745,29,1,Fixed Deposit,active,2023-11-07,173861.71
4746,AC00004746,2,3,Fixed Deposit,active,2025-05-15,143043.57
4747,AC00004747,10,1,saving,Closed,2025-07-21,138474.0
4748,AC00004748,74,1,Fixed Deposit,Active,2024-10-22,230718.5
4749,AC00004749,66,2,Savings,Inactive,2024-04-27,251466.22
4750,AC00004750,7,2,saving,active,2025-08-16,263973.79
4751,AC00004751,48,4,Savings,Closed,2024-06-29,308119.39
4752,AC00004752,90,3,CURRENT,Dormant,2022-10-08,266549.36
4753,AC00004753,32,2,CURRENT,Dormant,2026-06-09,85333.56
4754,AC00004754,93,2,saving,Dormant,2023-11-02,106649.99
4755,AC00004755,40,1,Current,Active,2025-09-28,439055.63
4756,AC00004756,4,1,saving,Dormant,2025-01-16,340701.73
4757,AC00004757,88,1,CURRENT,active,2026-03-31,432126.47
4758,AC00004758,44,1,Savings,Dormant,2024-12-29,381256.34
4759,AC00004759,43,3,saving,Inactive,2024-03-06,130412.8
4760,AC00004760,92,4,Savings,Dormant,2025-09-11,495256.46
4761,AC00004761,77,4,Fixed Deposit,Inactive,2024-11-12,93220.26
4762,AC00004762,33,3,CURRENT,Inactive,2023-02-14,208569.53
4763,AC00004763,21,1,saving,Closed,2025-08-25,387503.72
4764,AC00004764,69,1,Current,active,2023-07-28,156481.55
4765,AC00004765,28,3,Fixed Deposit,Closed,2025-11-23,252479.46
4766,AC00004766,27,1,Current,Active,2025-08-11,468592.63
4767,AC00004767,57,1,Current,active,2025-04-22,18333.34
4768,AC00004768,36,4,Fixed Deposit,active,2024-01-09,393054.17
4769,AC00004769,82,3,CURRENT,Closed,2022-10-20,137620.54
4770,AC00004770,37,1,Savings,Dormant,2024-05-16,345241.38
4771,AC00004771,62,1,Current,Inactive,2023-10-22,462039.2
4772,AC00004772,23,3,Fixed Deposit,Closed,2023-05-14,118302.42
4773,AC00004773,9,1,CURRENT,Active,2023-12-08,427981.17
4774,AC00004774,54,3,Fixed Deposit,Active,2026-07-16,31060.93
4775,AC00004775,90,4,Fixed Deposit,Inactive,2025-03-24,443427.33
4776,AC00004776,82,4,Fixed Deposit,active,2023-08-10,99168.7
4777,AC00004777,17,3,saving,Closed,2024-10-08,354547.35
4778,AC00004778,19,1,Current,Active,2023-04-10,384363.21
4779,AC00004779,57,3,saving,active,2023-10-08,377262.8
4780,AC00004780,53,1,Fixed Deposit,Active,2025-08-06,113918.31
4781,AC00004781,41,1,CURRENT,Active,2024-01-30,315679.01
4782,AC00004782,63,1,Savings,Inactive,2022-12-23,138520.98
4783,AC00004783,100,2,saving,Closed,2023-11-01,445600.37
4784,AC00004784,6,3,Current,Dormant,2024-10-24,351650.13
4785,AC00004785,93,3,Current,active,2025-06-08,484815.42
4786,AC00004786,43,1,saving,Closed,2022-09-10,237160.62
4787,AC00004787,59,3,Savings,Inactive,2022-09-21,334816.24
4788,AC00004788,45,4,CURRENT,Inactive,2025-09-23,107112.38
4789,AC00004789,38,2,Current,Dormant,2023-05-04,361548.24
4790,AC00004790,88,3,Current,Dormant,2022-12-09,266356.5
4791,AC00004791,100,4,Current,Active,2025-03-24,279444.66
4792,AC00004792,54,2,saving,Inactive,2025-08-28,47403.42
4793,AC00004793,54,2,Savings,Closed,2026-07-14,4281.34
4794,AC00004794,35,2,saving,Active,2025-11-24,264276.06
4795,AC00004795,52,3,Fixed Deposit,Inactive,2025-02-23,416805.64
4796,AC00004796,66,2,CURRENT,Active,2023-04-12,274286.64
4797,AC00004797,62,4,Current,Closed,2024-08-06,210911.13
4798,AC00004798,36,3,Savings,Active,2025-08-08,298578.36
4799,AC00004799,95,4,CURRENT,active,2024-10-22,115285.43
4800,AC00004800,70,1,Current,active,2026-05-23,102193.47
4801,AC00004801,61,3,Current,Closed,2024-06-11,285136.12
4802,AC00004802,87,1,Current,Closed,2023-05-21,419880.95
4803,AC00004803,2,1,saving,Active,2025-10-17,198331.3
4804,AC00004804,32,2,saving,Closed,2024-07-30,169933.85
4805,AC00004805,4,1,Current,Dormant,2025-07-21,196605.96
4806,AC00004806,82,3,Current,Active,2025-07-05,397066.29
4807,AC00004807,91,2,Current,Inactive,2024-12-13,216102.86
4808,AC00004808,29,3,Current,Dormant,2022-11-16,303166.92
4809,AC00004809,99,3,Fixed Deposit,Active,2025-05-31,216311.45
4810,AC00004810,69,3,Current,Inactive,2022-09-11,354920.25
4811,AC00004811,82,1,CURRENT,Active,2023-05-17,127265.01
4812,AC00004812,63,1,Fixed Deposit,Dormant,2025-06-14,67185.23
4813,AC00004813,68,2,Current,Dormant,2025-09-01,95922.21
4814,AC00004814,48,3,Savings,active,2024-07-25,357176.03
4815,AC00004815,94,3,CURRENT,Dormant,2025-12-03,418780.09
4816,AC00004816,24,4,CURRENT,active,2025-08-26,398619.62
4817,AC00004817,10,2,Current,Active,2026-01-23,145601.25
4818,AC00004818,6,3,Current,Inactive,2025-01-27,433965.74
4819,AC00004819,57,1,Fixed Deposit,Inactive,2023-05-18,98061.35
4820,AC00004820,93,2,Savings,Dormant,2026-02-07,412315.96
4821,AC00004821,11,1,Savings,Dormant,2025-02-26,360661.25
4822,AC00004822,39,2,CURRENT,Active,2025-09-26,134452.44
4823,AC00004823,34,4,CURRENT,Dormant,2023-10-12,360122.96
4824,AC00004824,72,1,Savings,Dormant,2025-10-01,452936.39
4825,AC00004825,36,3,saving,Closed,2026-01-24,15084.86
4826,AC00004826,80,1,Fixed Deposit,Active,2024-12-03,270773.69
4827,AC00004827,18,4,saving,Dormant,2024-10-05,110106.4
4828,AC00004828,34,4,saving,Closed,2025-04-28,126251.3
4829,AC00004829,77,3,Savings,Dormant,2025-11-03,104028.49
4830,AC00004830,20,1,CURRENT,Closed,2025-06-17,420801.17
4831,AC00004831,60,1,Current,Closed,2025-06-01,191291.21
4832,AC00004832,5,3,Current,Dormant,2022-10-10,90973.0
4833,AC00004833,87,4,Savings,Closed,2024-09-01,258057.78
4834,AC00004834,24,1,saving,Closed,2024-08-07,428150.12
4835,AC00004835,99,1,saving,active,2023-03-09,202760.39
4836,AC00004836,83,1,CURRENT,Closed,2026-06-19,252551.1
4837,AC00004837,21,1,Savings,Dormant,2026-02-04,317770.73
4838,AC00004838,1,3,saving,active,2026-07-07,217144.25
4839,AC00004839,47,2,CURRENT,Active,2025-09-15,291532.5
4840,AC00004840,92,1,saving,Closed,2024-08-24,400652.03
4841,AC00004841,65,1,Current,Active,2022-08-31,356798.0
4842,AC00004842,30,1,Savings,Active,2026-03-22,385906.44
4843,AC00004843,98,2,CURRENT,Active,2023-03-09,288372.86
4844,AC00004844,90,4,Savings,Dormant,2026-07-30,164640.76
4845,AC00004845,86,2,Current,Dormant,2026-06-15,230664.63
4846,AC00004846,39,1,CURRENT,Dormant,2024-07-25,320528.31
4847,AC00004847,19,2,Fixed Deposit,active,2025-08-07,52917.67
4848,AC00004848,74,2,Savings,active,2023-11-04,430029.19
4849,AC00004849,89,2,Current,Closed,2023-03-30,463735.2
4850,AC00004850,52,4,Savings,Inactive,2025-04-28,170051.22
4851,AC00004851,57,4,Fixed Deposit,Closed,2024-11-12,444632.86
4852,AC00004852,22,4,saving,Active,2024-04-23,385410.87
4853,AC00004853,18,4,CURRENT,Inactive,2025-11-27,154639.32
4854,AC00004854,54,4,saving,Dormant,2025-07-08,43182.46
4855,AC00004855,93,3,Fixed Deposit,Active,2023-12-13,488612.55
4856,AC00004856,65,2,saving,Dormant,2025-04-22,90742.99
4857,AC00004857,90,4,Savings,active,2024-06-23,311038.6
4858,AC00004858,46,3,CURRENT,Inactive,2026-05-24,173346.53
4859,AC00004859,23,1,Current,Dormant,2026-03-09,238745.26
4860,AC00004860,51,3,Current,Dormant,2024-04-04,245594.26
4861,AC00004861,64,1,Fixed Deposit,Dormant,2023-04-13,306958.75
4862,AC00004862,49,2,saving,Closed,2023-12-19,299619.98
4863,AC00004863,3,4,saving,Inactive,2022-10-01,257593.89
4864,AC00004864,37,1,Current,Inactive,2022-11-04,493340.86
4865,AC00004865,6,3,CURRENT,Dormant,2024-04-18,28102.83
4866,AC00004866,58,2,Savings,Inactive,2026-05-22,100540.49
4867,AC00004867,22,1,saving,Active,2024-07-27,82365.46
4868,AC00004868,72,2,Savings,Closed,2022-10-04,307127.15
4869,AC00004869,63,2,saving,Active,2026-01-23,187358.92
4870,AC00004870,81,3,saving,Inactive,2022-12-23,351341.4
4871,AC00004871,44,3,Current,Active,2022-12-27,93557.0
4872,AC00004872,91,4,saving,Active,2025-01-21,369480.87
4873,AC00004873,20,4,saving,Inactive,2026-03-31,319074.65
4874,AC00004874,62,2,CURRENT,Closed,2025-06-12,113609.25
4875,AC00004875,90,4,Fixed Deposit,Inactive,2026-04-21,150994.72
4876,AC00004876,9,2,Current,active,2022-10-02,345767.8
4877,AC00004877,62,3,Fixed Deposit,Inactive,2024-08-29,251741.42
4878,AC00004878,44,1,Savings,Dormant,2024-06-28,141804.87
4879,AC00004879,89,1,Fixed Deposit,Dormant,2026-05-14,135125.7
4880,AC00004880,92,3,Current,Closed,2023-12-13,437832.56
4881,AC00004881,28,3,CURRENT,Active,2026-02-27,10517.88
4882,AC00004882,4,2,Fixed Deposit,Active,2023-08-20,293539.99
4883,AC00004883,1,2,Current,Active,2024-07-28,195713.64
4884,AC00004884,89,4,Savings,Inactive,2024-06-18,32524.8
4885,AC00004885,77,2,Fixed Deposit,Dormant,2024-01-09,143708.68
4886,AC00004886,89,1,saving,active,2026-04-19,156831.44
4887,AC00004887,62,3,CURRENT,Active,2025-01-02,48798.71
4888,AC00004888,41,2,Fixed Deposit,Dormant,2025-10-20,428414.36
4889,AC00004889,11,4,CURRENT,Closed,2022-12-13,109272.66
4890,AC00004890,74,1,Savings,Closed,2025-06-20,393190.47
4891,AC00004891,61,4,Current,Closed,2024-11-24,194147.03
4892,AC00004892,99,3,Current,Dormant,2023-03-15,456592.5
4893,AC00004893,85,2,Fixed Deposit,Inactive,2023-05-13,247917.64
4894,AC00004894,92,2,Fixed Deposit,Active,2023-08-19,196458.97
4895,AC00004895,77,2,saving,Active,2022-09-01,221754.05
4896,AC00004896,18,1,Savings,Inactive,2023-03-14,401776.38
4897,AC00004897,40,3,Fixed Deposit,Inactive,2023-07-29,280558.16
4898,AC00004898,98,3,CURRENT,Dormant,2026-04-23,482019.6
4899,AC00004899,37,4,Current,active,2025-02-26,310411.39
4900,AC00004900,19,3,CURRENT,Closed,2024-03-05,434756.37
4901,AC00004901,100,3,CURRENT,Inactive,2023-05-14,398328.71
4902,AC00004902,61,2,saving,active,2024-06-19,244689.7
4903,AC00004903,61,2,Savings,Dormant,2023-05-06,153030.56
4904,AC00004904,35,2,Savings,active,2025-03-12,27729.01
4905,AC00004905,8,3,saving,Dormant,2025-08-13,79179.41
4906,AC00004906,92,2,Savings,Closed,2025-04-22,237583.02
4907,AC00004907,72,3,Fixed Deposit,Dormant,2025-06-02,350374.86
4908,AC00004908,8,1,Current,Inactive,2025-09-08,58230.29
4909,AC00004909,78,3,Current,Closed,2022-11-16,421746.74
4910,AC00004910,29,4,Current,Inactive,2022-11-11,478261.22
4911,AC00004911,72,3,saving,Closed,2025-08-07,181419.45
4912,AC00004912,99,2,saving,Dormant,2022-09-06,204043.17
4913,AC00004913,94,4,Savings,Inactive,2026-06-21,339228.06
4914,AC00004914,12,4,saving,Inactive,2026-05-05,318115.02
4915,AC00004915,47,2,Fixed Deposit,Active,2026-07-07,311660.69
4916,AC00004916,52,3,CURRENT,Active,2023-11-17,174353.71
4917,AC00004917,73,3,Savings,Closed,2024-02-06,315106.79
4918,AC00004918,99,1,Current,Dormant,2023-08-09,377685.71
4919,AC00004919,71,1,saving,Inactive,2023-03-22,287022.94
4920,AC00004920,77,3,Fixed Deposit,Dormant,2023-10-11,314641.74
4921,AC00004921,13,4,Savings,Dormant,2025-02-15,411603.49
4922,AC00004922,18,3,Current,Closed,2023-06-29,35685.82
4923,AC00004923,23,1,Current,Dormant,2022-08-28,368041.16
4924,AC00004924,66,2,Savings,Active,2024-12-05,67997.19
4925,AC00004925,95,1,Current,Inactive,2026-05-06,257836.34
4926,AC00004926,36,2,saving,Active,2024-03-19,167515.0
4927,AC00004927,30,2,Fixed Deposit,Inactive,2023-06-13,429536.55
4928,AC00004928,5,2,Savings,Closed,2023-10-24,172831.24
4929,AC00004929,94,2,Savings,Inactive,2025-12-12,187416.74
4930,AC00004930,59,4,Savings,Closed,2022-09-02,350715.69
4931,AC00004931,31,2,Savings,Inactive,2024-03-26,432556.08
4932,AC00004932,87,4,Fixed Deposit,active,2023-10-16,147461.93
4933,AC00004933,70,1,Savings,active,2026-07-20,226124.16
4934,AC00004934,6,1,CURRENT,Active,2022-10-30,280463.72
4935,AC00004935,66,3,saving,active,2024-07-20,49033.5
4936,AC00004936,56,4,Current,Inactive,2024-03-11,117120.33
4937,AC00004937,10,1,Fixed Deposit,Closed,2026-06-11,321239.11
4938,AC00004938,28,1,CURRENT,Active,2023-10-06,117746.6
4939,AC00004939,1,1,CURRENT,Closed,2023-06-24,286445.42
4940,AC00004940,20,3,Savings,Closed,2022-10-13,292045.79
4941,AC00004941,96,4,Current,Dormant,2025-10-05,302774.69
4942,AC00004942,36,4,Fixed Deposit,Active,2025-12-31,269136.27
4943,AC00004943,57,1,saving,Dormant,2024-06-24,239372.31
4944,AC00004944,78,4,Current,Inactive,2023-05-07,67364.25
4945,AC00004945,85,4,Current,Inactive,2024-11-03,83358.98
4946,AC00004946,32,4,Fixed Deposit,active,2024-12-12,45053.98
4947,AC00004947,39,2,saving,Dormant,2023-06-10,361167.7
4948,AC00004948,24,1,saving,Closed,2026-06-14,499326.82
4949,AC00004949,21,1,Current,Inactive,2026-01-31,144033.08
4950,AC00004950,75,3,Fixed Deposit,Inactive,2026-05-01,416977.21
4951,AC00004951,71,4,Current,Inactive,2025-09-17,110248.06
4952,AC00004952,36,4,saving,Dormant,2023-03-12,479991.77
4953,AC00004953,16,3,Fixed Deposit,Dormant,2022-09-28,190207.09
4954,AC00004954,27,3,CURRENT,active,2025-06-12,459913.47
4955,AC00004955,1,2,Savings,Closed,2022-09-15,172309.58
4956,AC00004956,90,4,CURRENT,Inactive,2024-09-25,131564.65
4957,AC00004957,92,3,Savings,Closed,2023-06-23,172426.82
4958,AC00004958,38,2,Savings,active,2026-07-29,342202.77
4959,AC00004959,82,4,Fixed Deposit,active,2023-03-02,196731.74
4960,AC00004960,81,1,CURRENT,Inactive,2026-03-15,378577.04
4961,AC00004961,35,1,Current,Closed,2025-04-11,179403.37
4962,AC00004962,18,4,Current,active,2025-05-03,474013.83
4963,AC00004963,27,3,saving,Closed,2024-10-14,116607.39
4964,AC00004964,59,1,Savings,active,2026-06-28,55983.57
4965,AC00004965,52,4,saving,Closed,2022-11-27,98031.41
4966,AC00004966,60,3,CURRENT,active,2023-05-28,479077.82
4967,AC00004967,36,2,Fixed Deposit,Inactive,2026-03-07,251123.46
4968,AC00004968,75,4,Fixed Deposit,Active,2025-11-11,300987.7
4969,AC00004969,73,4,saving,Closed,2023-02-24,128389.25
4970,AC00004970,42,2,Current,Active,2023-11-08,374514.95
4971,AC00004971,24,1,Savings,Dormant,2026-03-06,18811.59
4972,AC00004972,96,2,CURRENT,Closed,2025-01-01,193589.01
4973,AC00004973,52,4,saving,active,2022-10-09,149399.11
4974,AC00004974,39,1,Current,active,2025-08-27,130630.31
4975,AC00004975,88,1,saving,Dormant,2023-12-14,319836.34
4976,AC00004976,99,1,Fixed Deposit,Active,2024-12-28,225304.6
4977,AC00004977,21,3,saving,Active,2023-09-13,220340.17
4978,AC00004978,52,4,saving,Closed,2026-04-01,298262.53
4979,AC00004979,40,4,Fixed Deposit,Inactive,2022-08-24,115801.34
4980,AC00004980,50,2,Savings,Active,2023-08-06,384830.66
4981,AC00004981,62,4,saving,active,2023-01-02,401668.47
4982,AC00004982,62,3,Savings,Closed,2023-06-01,126863.03
4983,AC00004983,46,3,Fixed Deposit,Active,2026-02-19,486831.25
4984,AC00004984,22,4,saving,active,2023-06-26,76083.24
4985,AC00004985,42,1,Savings,Active,2026-06-25,317219.18
4986,AC00004986,58,4,Fixed Deposit,Inactive,2024-09-17,329603.0
4987,AC00004987,60,3,CURRENT,Closed,2026-03-01,274252.77
4988,AC00004988,62,3,Current,Dormant,2025-01-16,4469.31
4989,AC00004989,94,2,saving,active,2023-11-04,431207.23
4990,AC00004990,20,2,Fixed Deposit,Closed,2024-11-28,296658.08
4991,AC00004991,81,3,Current,active,2024-11-08,19220.11
4992,AC00004992,3,4,Fixed Deposit,Closed,2026-05-05,20470.51
4993,AC00004993,65,1,Savings,Dormant,2024-09-24,477074.1
4994,AC00004994,28,4,Current,Inactive,2023-10-23,2260.02
4995,AC00004995,59,1,Savings,Dormant,2025-11-11,357018.19
4996,AC00004996,98,4,Savings,Active,2024-02-01,403698.24
4997,AC00004997,1,1,Savings,Active,2024-08-01,97558.52
4998,AC00004998,36,1,Savings,Active,2023-05-25,280936.01
4999,AC00004999,40,1,Current,Closed,2025-05-15,263276.24
5000,AC00005000,33,1,Fixed Deposit,Inactive,2026-07-28,451162.91
5001,AC00005001,55,3,CURRENT,Inactive,2025-04-11,471384.15
5002,AC00005002,89,1,Fixed Deposit,Active,2024-12-28,200348.01
5003,AC00005003,16,4,CURRENT,active,2025-09-20,263807.69
5004,AC00005004,73,3,Current,Inactive,2024-09-14,298667.96
5005,AC00005005,8,4,Current,active,2023-06-22,6140.73
5006,AC00005006,58,2,CURRENT,active,2024-06-05,150377.75
5007,AC00005007,11,2,Fixed Deposit,Dormant,2024-11-14,289883.04
5008,AC00005008,87,4,CURRENT,Dormant,2025-04-27,235688.5
5009,AC00005009,95,4,CURRENT,active,2024-08-24,199480.78
5010,AC00005010,65,2,Fixed Deposit,Inactive,2024-03-16,281682.63
5011,AC00005011,74,4,CURRENT,Closed,2025-10-27,275775.91
5012,AC00005012,75,1,Fixed Deposit,Closed,2026-05-31,200085.22
5013,AC00005013,1,2,saving,Closed,2025-07-01,154177.92
5014,AC00005014,100,3,Savings,Inactive,2024-05-29,187796.91
5015,AC00005015,95,4,CURRENT,Inactive,2024-09-02,349012.71
5016,AC00005016,20,3,Savings,Closed,2023-12-23,131830.69
5017,AC00005017,75,2,Savings,Inactive,2023-12-31,263064.95
5018,AC00005018,96,3,Current,Active,2024-10-19,206619.66
5019,AC00005019,68,3,Fixed Deposit,Active,2023-09-15,470585.99
5020,AC00005020,91,1,saving,Active,2022-11-08,434514.52
5021,AC00005021,26,3,Current,Closed,2024-03-02,470847.49
5022,AC00005022,76,3,CURRENT,active,2025-06-13,405933.63
5023,AC00005023,39,4,Current,Closed,2025-03-11,444960.55
5024,AC00005024,54,3,saving,Active,2022-10-19,74650.96
5025,AC00005025,16,3,Fixed Deposit,active,2024-09-30,272467.21
5026,AC00005026,30,1,Savings,Inactive,2023-12-25,282429.71
5027,AC00005027,52,1,CURRENT,Dormant,2023-08-08,117576.02
5028,AC00005028,67,2,CURRENT,Dormant,2022-11-12,491624.29
5029,AC00005029,71,4,Savings,Closed,2023-05-27,412988.22
5030,AC00005030,22,3,Fixed Deposit,active,2024-12-07,161966.93
5031,AC00005031,5,2,saving,Closed,2024-02-12,104412.47
5032,AC00005032,72,4,Fixed Deposit,Closed,2026-01-21,246493.02
5033,AC00005033,72,4,Current,Closed,2022-09-28,72015.79
5034,AC00005034,47,2,Current,active,2022-11-11,102547.87
5035,AC00005035,32,2,Fixed Deposit,Dormant,2026-07-21,229686.12
5036,AC00005036,58,1,Fixed Deposit,Closed,2023-07-29,96463.85
5037,AC00005037,97,2,Fixed Deposit,Dormant,2026-07-15,385001.72
5038,AC00005038,22,3,Savings,Dormant,2025-10-21,278508.64
5039,AC00005039,53,2,saving,Closed,2024-10-10,88590.76
5040,AC00005040,61,1,Fixed Deposit,Inactive,2026-03-15,170895.09
5041,AC00005041,58,3,Savings,active,2025-02-28,66556.7
5042,AC00005042,19,1,Savings,Closed,2023-12-01,274986.15
5043,AC00005043,35,2,saving,Active,2026-01-21,114613.93
5044,AC00005044,13,4,Current,Active,2025-09-04,166340.2
5045,AC00005045,63,1,saving,Active,2023-04-07,219541.68
5046,AC00005046,61,2,Savings,Active,2022-09-09,51877.69
5047,AC00005047,6,4,Current,Active,2023-07-26,87007.56
5048,AC00005048,48,1,Savings,Inactive,2025-08-24,438141.59
5049,AC00005049,95,3,saving,active,2026-05-25,28762.33
5050,AC00005050,90,3,Fixed Deposit,Inactive,2025-04-14,233333.53
5051,AC00005051,85,1,CURRENT,Closed,2025-02-25,90109.85
5052,AC00005052,18,4,CURRENT,Inactive,2025-05-03,322235.02
5053,AC00005053,99,2,saving,active,2023-12-11,226077.29
5054,AC00005054,65,2,Current,Inactive,2026-05-13,467420.51
5055,AC00005055,53,4,Current,Active,2024-07-05,79651.28
5056,AC00005056,12,3,saving,Inactive,2026-01-17,30303.62
5057,AC00005057,84,3,Current,Dormant,2023-01-22,71830.48
5058,AC00005058,25,1,Savings,Active,2025-04-30,7823.66
5059,AC00005059,82,3,Fixed Deposit,Active,2024-02-04,372640.71
5060,AC00005060,80,3,Fixed Deposit,Inactive,2025-08-03,384955.32
5061,AC00005061,18,1,saving,active,2026-05-06,361495.19
5062,AC00005062,30,3,Current,Dormant,2025-06-12,378196.46
5063,AC00005063,85,1,Current,Closed,2025-06-27,169812.01
5064,AC00005064,27,4,saving,Dormant,2024-05-01,405439.29
5065,AC00005065,71,4,CURRENT,active,2023-10-05,203227.59
5066,AC00005066,10,2,saving,active,2025-09-06,3551.05
5067,AC00005067,89,1,Current,Dormant,2024-03-18,215403.82
5068,AC00005068,5,3,CURRENT,active,2022-11-27,141231.7
5069,AC00005069,63,2,Fixed Deposit,active,2025-06-23,490722.27
5070,AC00005070,65,3,Savings,Dormant,2023-01-21,480974.88
5071,AC00005071,88,4,Current,Active,2024-07-24,366323.37
5072,AC00005072,86,4,saving,active,2022-10-01,172880.2
5073,AC00005073,62,1,Savings,active,2023-01-01,341521.53
5074,AC00005074,100,4,CURRENT,Closed,2022-08-28,135866.56
5075,AC00005075,4,2,saving,Closed,2023-09-02,131765.7
5076,AC00005076,10,2,Current,Active,2023-06-18,312936.99
5077,AC00005077,21,2,Current,Inactive,2024-02-08,352992.08
5078,AC00005078,21,3,Current,Dormant,2024-05-23,178034.33
5079,AC00005079,54,1,saving,Inactive,2026-03-24,24383.67
5080,AC00005080,7,4,CURRENT,Active,2023-09-01,1896.58
5081,AC00005081,63,4,CURRENT,Inactive,2026-07-15,7239.77
5082,AC00005082,5,3,CURRENT,Inactive,2022-11-07,304873.61
5083,AC00005083,13,4,Fixed Deposit,Inactive,2024-12-06,233799.38
5084,AC00005084,57,3,Current,Dormant,2023-04-14,442934.8
5085,AC00005085,44,2,Savings,Active,2025-03-14,390398.85
5086,AC00005086,43,1,CURRENT,Active,2024-02-22,446807.35
5087,AC00005087,51,1,Current,Inactive,2022-11-13,362140.42
5088,AC00005088,77,1,saving,Dormant,2024-09-15,173644.41
5089,AC00005089,25,3,Current,Inactive,2023-04-21,441570.52
5090,AC00005090,33,2,Fixed Deposit,Closed,2024-10-29,124621.39
5091,AC00005091,84,3,Savings,active,2025-10-13,279612.74
5092,AC00005092,75,4,saving,Inactive,2025-10-25,19363.48
5093,AC00005093,42,2,Current,Dormant,2022-11-02,342233.43
5094,AC00005094,82,2,Current,Dormant,2023-10-28,279085.7
5095,AC00005095,62,1,CURRENT,Closed,2025-04-03,272240.5
5096,AC00005096,98,4,Fixed Deposit,Dormant,2025-11-09,308006.62
5097,AC00005097,43,1,CURRENT,Closed,2024-03-11,471195.94
5098,AC00005098,6,3,Fixed Deposit,Active,2024-05-15,492584.02
5099,AC00005099,49,4,Current,Inactive,2022-09-25,261225.33
5100,AC00005100,29,2,CURRENT,Inactive,2022-10-21,418855.58
5101,AC00005101,27,2,Current,Active,2025-07-26,43105.03
5102,AC00005102,46,3,Current,Closed,2026-05-03,376407.88
5103,AC00005103,99,4,Fixed Deposit,Inactive,2024-03-31,52936.42
5104,AC00005104,83,4,Savings,Active,2026-01-11,37569.27
5105,AC00005105,100,3,saving,Active,2024-10-25,161781.27
5106,AC00005106,49,3,saving,Active,2025-12-12,466420.0
5107,AC00005107,72,1,Fixed Deposit,Closed,2026-08-08,331975.24
5108,AC00005108,86,1,Current,active,2023-10-21,483125.77
5109,AC00005109,59,4,Current,Dormant,2026-02-01,146934.89
5110,AC00005110,79,3,Savings,Inactive,2024-12-10,137477.8
5111,AC00005111,37,4,Current,Inactive,2024-02-08,299121.31
5112,AC00005112,27,1,Fixed Deposit,Active,2022-11-20,168577.74
5113,AC00005113,69,4,Savings,active,2024-05-10,338146.28
5114,AC00005114,15,1,Fixed Deposit,Dormant,2024-04-19,350883.84
5115,AC00005115,21,2,Current,Dormant,2023-06-04,95694.95
5116,AC00005116,37,4,CURRENT,Inactive,2024-01-02,464900.39
5117,AC00005117,29,4,Savings,Inactive,2024-12-27,116957.13
5118,AC00005118,24,2,saving,Dormant,2026-01-23,316925.7
5119,AC00005119,34,2,Fixed Deposit,Closed,2024-02-27,303777.51
5120,AC00005120,72,1,CURRENT,Dormant,2023-03-30,162405.75
5121,AC00005121,73,4,Savings,Dormant,2024-12-15,473230.3
5122,AC00005122,77,2,saving,Active,2026-06-08,197626.63
5123,AC00005123,70,4,Current,Dormant,2025-10-20,262705.0
5124,AC00005124,96,3,CURRENT,active,2024-10-04,217613.83
5125,AC00005125,99,2,Current,Active,2026-03-01,479119.02
5126,AC00005126,24,1,CURRENT,Inactive,2023-02-26,211789.14
5127,AC00005127,29,4,Current,Active,2023-03-18,152960.62
5128,AC00005128,90,1,saving,Inactive,2024-08-16,474310.52
5129,AC00005129,62,4,Current,Dormant,2024-01-18,351200.86
5130,AC00005130,89,4,saving,active,2025-12-21,3688.74
5131,AC00005131,77,3,Current,Active,2022-08-21,174251.45
5132,AC00005132,92,1,CURRENT,Active,2023-01-28,489067.68
5133,AC00005133,72,2,Current,Dormant,2024-06-05,135631.35
5134,AC00005134,98,2,Savings,Inactive,2023-11-27,141554.24
5135,AC00005135,34,1,Savings,Inactive,2025-03-30,264995.92
5136,AC00005136,66,2,CURRENT,Active,2025-01-17,218027.9
5137,AC00005137,91,1,saving,active,2023-02-02,300162.51
5138,AC00005138,44,2,Fixed Deposit,Closed,2024-06-28,283628.7
5139,AC00005139,24,4,Fixed Deposit,Dormant,2023-03-25,34289.08
5140,AC00005140,65,4,Current,Active,2025-11-12,45108.45
5141,AC00005141,34,3,Fixed Deposit,Inactive,2024-06-25,164219.93
5142,AC00005142,28,2,Fixed Deposit,Inactive,2025-08-16,337822.13
5143,AC00005143,45,4,saving,Closed,2025-10-17,416978.15
5144,AC00005144,15,2,Savings,Closed,2025-02-09,461706.07
5145,AC00005145,61,2,CURRENT,Inactive,2024-07-09,172513.89
5146,AC00005146,7,3,Current,Inactive,2024-01-06,419453.96
5147,AC00005147,14,2,Current,Inactive,2025-01-20,55251.56
5148,AC00005148,55,4,Savings,Dormant,2022-08-19,260020.75
5149,AC00005149,73,3,saving,Inactive,2023-10-20,132166.92
5150,AC00005150,38,3,Savings,active,2026-03-11,93034.04
5151,AC00005151,44,2,CURRENT,active,2026-05-05,254295.27
5152,AC00005152,100,1,Current,active,2023-04-19,300682.5
5153,AC00005153,15,4,Savings,Dormant,2024-07-03,216848.29
5154,AC00005154,31,2,saving,Active,2022-12-25,256675.49
5155,AC00005155,29,2,Savings,Dormant,2026-03-05,61841.59
5156,AC00005156,63,1,Savings,active,2025-07-20,192472.55
5157,AC00005157,89,1,Fixed Deposit,Closed,2023-02-06,417375.8
5158,AC00005158,57,2,Current,Inactive,2023-07-31,335199.19
5159,AC00005159,43,1,CURRENT,Dormant,2026-04-19,152967.11
5160,AC00005160,83,2,Current,Closed,2025-07-08,382953.87
5161,AC00005161,93,4,Fixed Deposit,Active,2023-03-25,45007.16
5162,AC00005162,8,2,Fixed Deposit,Active,2025-06-24,76350.73
5163,AC00005163,89,3,Current,Dormant,2025-08-05,74822.75
5164,AC00005164,60,3,Savings,active,2026-02-17,180888.8
5165,AC00005165,35,2,Fixed Deposit,Active,2025-02-17,204045.47
5166,AC00005166,75,1,saving,Closed,2026-04-22,267484.97
5167,AC00005167,13,4,saving,Inactive,2025-04-08,62069.93
5168,AC00005168,95,2,saving,active,2022-09-11,349161.99
5169,AC00005169,39,2,saving,Inactive,2025-07-06,464322.55
5170,AC00005170,61,2,CURRENT,active,2024-04-05,359052.87
5171,AC00005171,43,3,Savings,Dormant,2023-06-04,58582.09
5172,AC00005172,49,2,CURRENT,Active,2025-03-16,457561.24
5173,AC00005173,28,2,Current,Dormant,2022-12-03,179963.72
5174,AC00005174,94,1,Fixed Deposit,Active,2025-06-03,357344.06
5175,AC00005175,14,3,Savings,Inactive,2024-03-08,11405.33
5176,AC00005176,94,1,Current,Closed,2025-11-29,361774.92
5177,AC00005177,4,3,Current,active,2024-08-28,318692.54
5178,AC00005178,73,1,Savings,Active,2023-07-28,345029.96
5179,AC00005179,21,1,CURRENT,Dormant,2024-09-09,372006.56
5180,AC00005180,30,4,Current,Active,2024-03-26,497157.12
5181,AC00005181,54,1,Savings,Closed,2025-01-01,218748.26
5182,AC00005182,63,1,Current,Closed,2024-09-29,305867.39
5183,AC00005183,45,1,Current,Closed,2022-12-04,27080.43
5184,AC00005184,33,1,Current,Dormant,2024-01-13,364211.03
5185,AC00005185,45,2,Fixed Deposit,Closed,2024-02-22,239125.9
5186,AC00005186,44,3,Fixed Deposit,Closed,2022-11-06,424633.41
5187,AC00005187,95,3,Savings,Active,2024-05-13,229689.87
5188,AC00005188,34,3,Savings,Inactive,2023-11-14,402185.53
5189,AC00005189,59,4,Current,Active,2025-12-01,488775.07
5190,AC00005190,29,3,saving,active,2023-06-08,121955.31
5191,AC00005191,61,1,Savings,Closed,2022-08-26,85485.65
5192,AC00005192,39,4,saving,Closed,2025-09-15,202682.56
5193,AC00005193,50,1,CURRENT,Closed,2023-04-12,371862.84
5194,AC00005194,55,2,Savings,Dormant,2026-02-03,45976.69
5195,AC00005195,30,3,CURRENT,active,2024-01-29,164513.71
5196,AC00005196,77,2,Current,Active,2022-11-13,186113.18
5197,AC00005197,77,4,saving,Inactive,2026-05-25,90576.98
5198,AC00005198,96,1,Current,Dormant,2024-05-16,316200.14
5199,AC00005199,94,2,Fixed Deposit,Active,2025-09-06,281087.22
5200,AC00005200,78,2,Current,Inactive,2024-03-16,233239.2
5201,AC00005201,24,4,Fixed Deposit,Closed,2022-09-07,203138.24
5202,AC00005202,47,2,Savings,Active,2026-03-14,200559.57
5203,AC00005203,98,4,Fixed Deposit,Dormant,2024-05-16,153603.99
5204,AC00005204,26,3,saving,Dormant,2022-11-30,263099.4
5205,AC00005205,19,3,Current,Closed,2023-01-11,101390.17
5206,AC00005206,70,1,saving,Inactive,2025-12-01,27166.96
5207,AC00005207,15,4,saving,active,2023-10-10,108558.38
5208,AC00005208,12,4,saving,active,2022-12-22,70557.38
5209,AC00005209,86,4,Current,Dormant,2024-04-29,21719.37
5210,AC00005210,75,1,Savings,Dormant,2025-01-05,496372.49
5211,AC00005211,99,4,Fixed Deposit,Dormant,2023-06-03,83651.07
5212,AC00005212,47,2,saving,Inactive,2024-06-14,365744.9
5213,AC00005213,76,3,saving,Active,2024-06-18,188561.04
5214,AC00005214,1,1,Current,active,2024-03-22,369052.06
5215,AC00005215,38,1,Savings,Dormant,2025-12-28,374848.67
5216,AC00005216,41,2,CURRENT,Inactive,2025-01-11,186330.37
5217,AC00005217,84,2,Savings,active,2025-07-08,174293.07
5218,AC00005218,25,1,Savings,Dormant,2023-09-01,371515.23
5219,AC00005219,12,1,Current,Inactive,2022-10-19,491623.45
5220,AC00005220,65,1,Savings,Inactive,2026-07-30,273652.11
5221,AC00005221,11,1,saving,Dormant,2023-02-25,390214.65
5222,AC00005222,95,1,Fixed Deposit,Active,2023-06-11,14203.09
5223,AC00005223,64,4,Fixed Deposit,Active,2025-04-11,175819.66
5224,AC00005224,44,1,saving,active,2026-07-09,142270.16
5225,AC00005225,70,3,Fixed Deposit,active,2024-03-28,423707.94
5226,AC00005226,27,2,Fixed Deposit,Active,2025-11-16,485035.14
5227,AC00005227,18,3,Current,Inactive,2024-05-29,186827.99
5228,AC00005228,25,3,Current,Active,2023-03-29,387887.86
5229,AC00005229,53,3,saving,Dormant,2023-01-24,314170.85
5230,AC00005230,34,1,saving,Dormant,2023-06-30,82410.18
5231,AC00005231,90,4,Fixed Deposit,Inactive,2024-11-21,210010.71
5232,AC00005232,92,3,Current,active,2023-01-22,250597.4
5233,AC00005233,89,1,CURRENT,active,2025-10-02,487168.65
5234,AC00005234,57,3,Fixed Deposit,Closed,2025-04-02,364843.08
5235,AC00005235,28,1,saving,active,2024-08-23,145389.43
5236,AC00005236,16,2,saving,active,2024-05-07,463592.18
5237,AC00005237,16,2,Fixed Deposit,Dormant,2024-12-28,182472.28
5238,AC00005238,70,3,Savings,Inactive,2024-12-21,307621.35
5239,AC00005239,81,2,Savings,Inactive,2023-01-31,176169.01
5240,AC00005240,33,1,CURRENT,Inactive,2025-08-28,379004.54
5241,AC00005241,21,3,Current,Closed,2023-01-08,232854.2
5242,AC00005242,2,4,Savings,Active,2022-09-17,452294.56
5243,AC00005243,39,4,Savings,Inactive,2025-12-10,120652.74
5244,AC00005244,96,4,Current,active,2024-01-01,250035.35
5245,AC00005245,74,4,Fixed Deposit,active,2023-11-14,489564.19
5246,AC00005246,61,1,Current,Active,2023-07-16,27315.32
5247,AC00005247,61,1,Savings,active,2023-09-06,152532.19
5248,AC00005248,86,1,CURRENT,Closed,2025-02-18,126078.19
5249,AC00005249,82,1,saving,Inactive,2022-12-28,22863.35
5250,AC00005250,57,2,Current,Active,2025-04-02,235293.25
5251,AC00005251,58,2,saving,active,2024-10-05,245059.12
5252,AC00005252,33,1,Fixed Deposit,active,2022-08-31,117741.55
5253,AC00005253,100,2,CURRENT,Dormant,2023-11-14,91601.02
5254,AC00005254,47,1,Fixed Deposit,active,2023-01-02,365396.99
5255,AC00005255,73,2,Fixed Deposit,active,2024-03-21,99045.68
5256,AC00005256,78,2,Fixed Deposit,Closed,2026-03-28,52088.14
5257,AC00005257,59,3,saving,Closed,2023-06-06,432556.27
5258,AC00005258,23,3,CURRENT,Active,2023-06-10,289181.02
5259,AC00005259,19,3,Current,Active,2025-12-15,46104.56
5260,AC00005260,97,4,Current,Active,2023-10-17,175318.46
5261,AC00005261,72,2,Current,Dormant,2024-06-22,338199.2
5262,AC00005262,71,4,Fixed Deposit,Closed,2022-12-28,389018.6
5263,AC00005263,38,2,Savings,Active,2023-09-15,247825.15
5264,AC00005264,26,4,CURRENT,Closed,2026-03-27,335901.1
5265,AC00005265,38,1,Savings,Closed,2024-08-27,438538.99
5266,AC00005266,69,2,Current,Active,2023-05-11,83090.78
5267,AC00005267,40,1,CURRENT,Inactive,2024-05-15,3189.04
5268,AC00005268,25,1,Current,active,2022-12-20,193040.79
5269,AC00005269,23,2,saving,Inactive,2023-04-06,210976.73
5270,AC00005270,45,2,CURRENT,Closed,2024-07-24,62740.43
5271,AC00005271,65,3,Fixed Deposit,Closed,2023-06-07,418678.73
5272,AC00005272,1,2,CURRENT,Active,2025-11-03,406224.38
5273,AC00005273,78,3,Savings,active,2023-11-16,260651.43
5274,AC00005274,64,1,saving,Inactive,2026-02-04,163541.47
5275,AC00005275,6,2,Current,Inactive,2026-03-16,484329.82
5276,AC00005276,38,2,saving,active,2024-05-31,191079.17
5277,AC00005277,81,4,Savings,Inactive,2025-07-30,394040.21
5278,AC00005278,92,4,saving,Inactive,2023-04-05,136455.81
5279,AC00005279,89,3,saving,Active,2024-09-16,365920.03
5280,AC00005280,59,3,CURRENT,active,2023-08-10,155622.17
5281,AC00005281,59,3,Savings,active,2025-01-01,212811.5
5282,AC00005282,1,4,Savings,Closed,2023-03-20,61962.88
5283,AC00005283,78,1,Savings,Dormant,2024-09-01,318340.99
5284,AC00005284,96,4,CURRENT,Inactive,2025-06-20,169223.9
5285,AC00005285,26,4,Savings,Inactive,2026-06-26,454671.38
5286,AC00005286,86,3,Current,Closed,2023-03-18,465584.47
5287,AC00005287,21,4,saving,Closed,2024-08-31,39503.2
5288,AC00005288,72,1,Current,active,2024-03-11,499702.03
5289,AC00005289,83,2,Savings,Active,2025-07-16,439872.85
5290,AC00005290,62,2,Fixed Deposit,Inactive,2023-10-17,113710.11
5291,AC00005291,4,3,saving,active,2024-09-19,319070.58
5292,AC00005292,79,4,Fixed Deposit,Active,2024-03-01,169768.59
5293,AC00005293,1,4,saving,Dormant,2026-07-22,67216.16
5294,AC00005294,31,3,Fixed Deposit,Dormant,2024-01-22,171645.52
5295,AC00005295,63,1,Current,Dormant,2023-05-07,457822.7
5296,AC00005296,10,4,Current,Closed,2024-06-07,232827.61
5297,AC00005297,39,1,Savings,Active,2022-12-12,339442.61
5298,AC00005298,51,4,Fixed Deposit,Active,2026-04-23,448187.2
5299,AC00005299,67,1,Savings,Inactive,2024-07-10,114027.62
5300,AC00005300,46,2,saving,active,2025-07-05,354054.75
5301,AC00005301,98,1,Savings,Dormant,2022-12-13,215065.05
5302,AC00005302,1,4,Fixed Deposit,Closed,2022-11-13,23295.42
5303,AC00005303,62,3,Fixed Deposit,Closed,2022-10-04,417126.63
5304,AC00005304,95,3,saving,Closed,2024-10-24,386251.76
5305,AC00005305,34,1,CURRENT,Closed,2023-12-24,35341.86
5306,AC00005306,70,3,CURRENT,Closed,2024-04-16,433866.3
5307,AC00005307,44,1,Savings,Inactive,2024-01-26,448955.33
5308,AC00005308,68,3,Current,Active,2022-12-29,427457.29
5309,AC00005309,27,3,CURRENT,Active,2026-01-05,148719.4
5310,AC00005310,25,1,saving,Dormant,2025-11-16,457253.27
5311,AC00005311,63,2,saving,Closed,2023-08-18,238894.5
5312,AC00005312,31,2,Current,Closed,2024-08-02,234165.44
5313,AC00005313,91,4,Savings,Inactive,2024-04-01,143880.08
5314,AC00005314,88,2,saving,Closed,2024-04-17,53769.9
5315,AC00005315,62,2,Savings,Closed,2025-08-02,302334.41
5316,AC00005316,41,2,CURRENT,Active,2026-07-10,108863.13
5317,AC00005317,1,1,Current,Dormant,2023-05-12,215025.18
5318,AC00005318,5,1,saving,Closed,2026-07-09,339378.32
5319,AC00005319,1,2,CURRENT,Closed,2024-01-27,297377.86
5320,AC00005320,6,4,Savings,Closed,2026-03-31,160807.19
5321,AC00005321,28,1,Current,Closed,2023-10-15,265833.79
5322,AC00005322,21,4,Current,Inactive,2026-04-13,337793.15
5323,AC00005323,41,1,Fixed Deposit,Dormant,2025-03-18,269060.51
5324,AC00005324,76,3,Savings,Inactive,2023-01-06,156965.9
5325,AC00005325,39,1,Current,Dormant,2024-10-20,135162.0
5326,AC00005326,72,2,CURRENT,Active,2025-09-19,355015.41
5327,AC00005327,1,3,saving,Inactive,2026-05-17,66408.02
5328,AC00005328,38,2,Savings,active,2024-02-07,321080.23
5329,AC00005329,42,2,Current,Inactive,2025-12-16,282250.03
5330,AC00005330,67,1,Fixed Deposit,Closed,2023-01-20,275058.62
5331,AC00005331,42,3,Current,Dormant,2025-06-20,461913.69
5332,AC00005332,32,1,Current,Inactive,2024-02-05,54809.17
5333,AC00005333,24,3,saving,Inactive,2023-11-26,465564.12
5334,AC00005334,52,4,Fixed Deposit,active,2025-10-18,198293.6
5335,AC00005335,44,2,saving,Dormant,2023-04-29,419240.39
5336,AC00005336,47,4,saving,Closed,2022-11-08,216177.27
5337,AC00005337,86,2,Fixed Deposit,Dormant,2022-09-23,178748.95
5338,AC00005338,77,2,saving,Dormant,2023-10-05,81153.68
5339,AC00005339,91,1,CURRENT,Dormant,2025-01-07,158454.04
5340,AC00005340,61,4,Fixed Deposit,Active,2024-09-19,445089.04
5341,AC00005341,37,3,Savings,active,2026-04-04,120312.25
5342,AC00005342,74,4,saving,Closed,2023-11-07,172385.45
5343,AC00005343,59,2,CURRENT,Closed,2023-10-22,185521.52
5344,AC00005344,10,1,Current,Closed,2024-08-03,409403.34
5345,AC00005345,41,2,CURRENT,Closed,2022-11-29,88043.72
5346,AC00005346,82,3,Savings,Closed,2025-10-27,179039.33
5347,AC00005347,71,4,CURRENT,Inactive,2023-04-22,269022.28
5348,AC00005348,16,1,Current,Dormant,2026-02-18,242270.68
5349,AC00005349,95,4,Savings,Inactive,2026-06-13,223047.37
5350,AC00005350,93,3,saving,Active,2022-10-16,183972.54
5351,AC00005351,5,4,Savings,Dormant,2023-10-18,307653.96
5352,AC00005352,27,2,Fixed Deposit,Active,2024-01-27,14714.3
5353,AC00005353,30,3,Savings,Inactive,2023-09-22,296169.11
5354,AC00005354,27,1,CURRENT,Active,2026-06-04,349795.51
5355,AC00005355,71,2,saving,active,2024-11-04,386284.42
5356,AC00005356,63,3,saving,Active,2024-07-24,455217.13
5357,AC00005357,24,2,Savings,Dormant,2023-02-28,406423.36
5358,AC00005358,98,2,Savings,active,2024-11-10,299868.63
5359,AC00005359,76,3,Fixed Deposit,active,2024-03-09,249165.1
5360,AC00005360,1,4,Fixed Deposit,Active,2022-09-13,444542.78
5361,AC00005361,85,2,Current,Closed,2025-04-28,470093.59
5362,AC00005362,55,4,Fixed Deposit,Closed,2025-09-08,495434.78
5363,AC00005363,17,3,Savings,Closed,2023-10-31,379639.29
5364,AC00005364,72,1,Fixed Deposit,Inactive,2024-06-14,488273.6
5365,AC00005365,40,1,Current,Active,2025-03-08,481528.24
5366,AC00005366,29,2,Current,Inactive,2023-03-11,195233.54
5367,AC00005367,56,1,CURRENT,Closed,2024-08-08,3041.09
5368,AC00005368,96,4,Savings,Inactive,2022-10-06,132386.49
5369,AC00005369,97,2,saving,Dormant,2024-02-14,382809.68
5370,AC00005370,32,4,Current,Closed,2024-07-10,114053.93
5371,AC00005371,68,1,CURRENT,Active,2023-05-03,490686.59
5372,AC00005372,14,3,CURRENT,Active,2025-04-19,268572.19
5373,AC00005373,56,3,Fixed Deposit,active,2023-10-17,88058.22
5374,AC00005374,39,3,saving,Closed,2024-07-02,24010.88
5375,AC00005375,38,3,Savings,Inactive,2025-12-12,112000.76
5376,AC00005376,93,1,Savings,Inactive,2025-04-12,267903.75
5377,AC00005377,62,1,Fixed Deposit,Active,2026-07-31,479339.75
5378,AC00005378,6,2,saving,Inactive,2024-12-13,393087.64
5379,AC00005379,40,2,Current,Inactive,2025-06-03,285934.98
5380,AC00005380,42,2,Savings,Dormant,2023-11-01,434384.49
5381,AC00005381,10,1,Savings,Inactive,2023-03-29,341562.28
5382,AC00005382,63,2,saving,active,2025-12-01,434317.19
5383,AC00005383,32,4,CURRENT,Closed,2025-10-06,300840.6
5384,AC00005384,85,4,saving,Closed,2024-05-09,60461.69
5385,AC00005385,18,1,CURRENT,Active,2023-01-22,444686.06
5386,AC00005386,68,2,CURRENT,Dormant,2025-11-10,128470.89
5387,AC00005387,45,2,saving,active,2025-03-25,298942.1
5388,AC00005388,50,1,CURRENT,active,2023-05-28,71561.22
5389,AC00005389,12,3,Current,Dormant,2024-03-23,331036.07
5390,AC00005390,57,2,Fixed Deposit,Dormant,2024-03-25,193237.89
5391,AC00005391,62,4,Savings,Inactive,2023-09-22,266856.89
5392,AC00005392,96,2,Fixed Deposit,Active,2026-05-02,1147.02
5393,AC00005393,53,3,Savings,Active,2026-02-01,219147.24
5394,AC00005394,81,2,Current,Active,2024-02-17,371413.01
5395,AC00005395,1,1,Fixed Deposit,Inactive,2024-04-23,106240.59
5396,AC00005396,6,2,CURRENT,Closed,2025-04-18,344292.42
5397,AC00005397,9,4,Fixed Deposit,Active,2022-12-06,11059.6
5398,AC00005398,4,4,Savings,active,2024-08-22,182569.74
5399,AC00005399,62,2,Savings,Active,2023-08-11,248176.42
5400,AC00005400,8,1,CURRENT,Inactive,2026-07-15,157343.37
5401,AC00005401,79,3,Savings,Active,2024-11-18,364038.6
5402,AC00005402,84,3,Fixed Deposit,active,2024-04-29,373404.66
5403,AC00005403,9,1,Fixed Deposit,active,2025-03-22,173509.24
5404,AC00005404,6,2,CURRENT,active,2023-10-06,485009.28
5405,AC00005405,10,3,Fixed Deposit,Active,2023-07-29,430767.48
5406,AC00005406,39,4,CURRENT,active,2025-01-30,171439.65
5407,AC00005407,59,2,saving,Active,2024-10-24,41996.99
5408,AC00005408,60,1,CURRENT,active,2022-09-09,404603.18
5409,AC00005409,56,1,Current,Active,2024-03-07,477069.77
5410,AC00005410,54,3,Fixed Deposit,active,2025-04-04,406192.21
5411,AC00005411,76,1,CURRENT,Dormant,2023-05-27,400893.03
5412,AC00005412,38,3,Fixed Deposit,active,2026-03-30,226281.8
5413,AC00005413,63,1,saving,Active,2024-01-18,243980.33
5414,AC00005414,23,4,CURRENT,Inactive,2022-10-14,497897.59
5415,AC00005415,35,3,saving,active,2025-09-02,411300.84
5416,AC00005416,41,3,Fixed Deposit,Active,2026-04-09,275539.96
5417,AC00005417,3,2,CURRENT,active,2025-06-11,23575.2
5418,AC00005418,29,3,Savings,Inactive,2026-02-24,96532.36
5419,AC00005419,5,3,Savings,active,2024-09-17,256719.46
5420,AC00005420,91,4,Current,Dormant,2022-11-05,352728.73
5421,AC00005421,19,1,Fixed Deposit,Dormant,2026-05-11,453087.76
5422,AC00005422,42,1,saving,Inactive,2025-10-07,53095.8
5423,AC00005423,84,4,saving,Active,2025-11-21,435597.31
5424,AC00005424,93,2,Current,Closed,2024-10-05,188789.61
5425,AC00005425,6,4,saving,Dormant,2025-10-05,114929.84
5426,AC00005426,18,3,Fixed Deposit,Dormant,2026-03-15,7045.15
5427,AC00005427,50,2,Fixed Deposit,active,2023-01-02,352673.44
5428,AC00005428,44,2,Fixed Deposit,active,2024-06-10,190652.14
5429,AC00005429,73,4,Savings,Closed,2026-05-11,264525.02
5430,AC00005430,72,3,saving,Active,2025-12-02,338339.58
5431,AC00005431,79,1,CURRENT,Dormant,2022-09-29,247511.02
5432,AC00005432,19,1,Fixed Deposit,Dormant,2026-06-12,266990.3
5433,AC00005433,44,3,CURRENT,Dormant,2024-07-08,343014.1
5434,AC00005434,16,4,Savings,Active,2024-12-26,448062.82
5435,AC00005435,98,3,Current,active,2025-08-30,349146.46
5436,AC00005436,56,2,CURRENT,active,2023-07-30,150233.89
5437,AC00005437,99,3,saving,Active,2024-10-30,383693.24
5438,AC00005438,41,3,Current,Inactive,2024-01-12,58140.89
5439,AC00005439,83,4,Current,active,2026-04-18,151774.99
5440,AC00005440,76,4,Current,Closed,2025-06-13,390505.28
5441,AC00005441,18,2,saving,Active,2024-10-01,18245.75
5442,AC00005442,74,1,Fixed Deposit,Active,2023-09-25,410586.1
5443,AC00005443,36,4,saving,Dormant,2026-06-04,42984.26
5444,AC00005444,9,3,Savings,Inactive,2025-04-09,452887.6
5445,AC00005445,57,2,Fixed Deposit,Active,2024-05-09,24611.06
5446,AC00005446,49,3,Savings,Dormant,2024-06-28,128154.29
5447,AC00005447,94,1,saving,Active,2022-11-04,416440.56
5448,AC00005448,43,2,CURRENT,Inactive,2026-04-08,163587.51
5449,AC00005449,94,1,Savings,active,2023-06-04,102786.34
5450,AC00005450,92,2,saving,active,2024-02-25,265317.31
5451,AC00005451,47,2,Fixed Deposit,Inactive,2024-08-25,109379.79
5452,AC00005452,36,1,Savings,Closed,2025-03-15,44954.16
5453,AC00005453,59,4,Fixed Deposit,Closed,2023-07-08,113204.9
5454,AC00005454,53,1,Savings,Closed,2025-12-24,454327.88
5455,AC00005455,100,2,CURRENT,Active,2024-09-25,54401.53
5456,AC00005456,6,2,CURRENT,Inactive,2023-07-10,450619.9
5457,AC00005457,32,1,Savings,Inactive,2024-09-02,215215.15
5458,AC00005458,36,1,Savings,Inactive,2026-01-14,254884.39
5459,AC00005459,46,3,CURRENT,active,2024-05-12,228629.64
5460,AC00005460,54,2,saving,Inactive,2023-09-05,138801.5
5461,AC00005461,88,2,Fixed Deposit,Closed,2024-03-11,290599.41
5462,AC00005462,82,1,saving,Inactive,2023-05-04,370395.82
5463,AC00005463,1,3,Fixed Deposit,Inactive,2025-09-15,432050.5
5464,AC00005464,78,2,Current,Dormant,2023-06-26,467334.66
5465,AC00005465,14,4,CURRENT,Active,2024-11-14,452545.13
5466,AC00005466,31,1,saving,Closed,2025-02-12,250703.59
5467,AC00005467,17,3,CURRENT,Closed,2025-11-16,473301.33
5468,AC00005468,16,1,Current,active,2023-08-01,16828.66
5469,AC00005469,82,2,Savings,Active,2026-04-25,245132.94
5470,AC00005470,86,2,saving,Inactive,2026-04-08,189756.51
5471,AC00005471,75,3,saving,Inactive,2025-10-10,441565.5
5472,AC00005472,45,4,CURRENT,Dormant,2025-10-24,421181.97
5473,AC00005473,15,2,Fixed Deposit,active,2025-03-06,410087.44
5474,AC00005474,32,1,Current,Active,2022-08-22,443881.84
5475,AC00005475,68,3,CURRENT,Closed,2026-03-05,463036.59
5476,AC00005476,10,4,Current,Dormant,2024-03-14,382133.87
5477,AC00005477,19,2,Current,Active,2024-05-31,64237.32
5478,AC00005478,51,4,CURRENT,active,2023-08-26,299152.65
5479,AC00005479,86,3,CURRENT,Dormant,2023-07-27,132179.55
5480,AC00005480,84,4,Savings,active,2026-03-08,122672.17
5481,AC00005481,4,2,saving,Dormant,2026-04-20,447170.38
5482,AC00005482,56,1,Fixed Deposit,Dormant,2025-10-26,205688.49
5483,AC00005483,31,4,CURRENT,Inactive,2023-05-20,78011.6
5484,AC00005484,86,2,CURRENT,active,2024-09-13,467098.99
5485,AC00005485,83,3,saving,Active,2023-12-21,243892.9
5486,AC00005486,24,4,saving,Inactive,2024-01-14,465682.5
5487,AC00005487,77,1,Fixed Deposit,Dormant,2024-06-21,45088.28
5488,AC00005488,32,3,saving,Dormant,2023-04-30,225320.73
5489,AC00005489,47,3,Savings,active,2025-05-16,458482.59
5490,AC00005490,48,3,Fixed Deposit,active,2024-09-24,260095.47
5491,AC00005491,99,3,CURRENT,Inactive,2022-12-29,11655.78
5492,AC00005492,75,1,saving,Closed,2025-09-15,132120.4
5493,AC00005493,59,2,Fixed Deposit,Closed,2025-06-08,182948.58
5494,AC00005494,94,4,CURRENT,Dormant,2025-01-11,125543.86
5495,AC00005495,3,4,Savings,Inactive,2023-08-27,142809.45
5496,AC00005496,25,4,Current,Active,2025-08-15,104361.74
5497,AC00005497,97,1,CURRENT,Dormant,2025-07-22,38297.77
5498,AC00005498,36,4,saving,Dormant,2026-03-13,465478.63
5499,AC00005499,89,3,Current,Inactive,2023-01-24,364155.69
5500,AC00005500,7,2,Savings,active,2025-04-23,410809.37
5501,AC00005501,39,4,Fixed Deposit,Inactive,2025-10-26,276363.95
5502,AC00005502,78,2,CURRENT,Closed,2025-03-21,303202.99
5503,AC00005503,25,2,Current,Closed,2025-09-22,392778.36
5504,AC00005504,69,4,Fixed Deposit,Closed,2024-06-27,223384.18
5505,AC00005505,79,4,Current,Dormant,2023-03-28,268477.92
5506,AC00005506,96,1,Fixed Deposit,Active,2023-02-16,356253.3
5507,AC00005507,28,4,Fixed Deposit,Dormant,2025-04-06,310366.09
5508,AC00005508,97,3,Savings,Closed,2025-02-24,403399.95
5509,AC00005509,4,4,Savings,active,2024-09-08,452014.78
5510,AC00005510,93,1,saving,Dormant,2025-11-17,440700.18
5511,AC00005511,7,1,Fixed Deposit,Inactive,2025-06-06,289194.77
5512,AC00005512,83,1,CURRENT,Inactive,2023-07-31,370520.73
5513,AC00005513,46,4,CURRENT,active,2023-01-17,8686.61
5514,AC00005514,11,1,saving,active,2023-02-09,354878.5
5515,AC00005515,17,2,CURRENT,Dormant,2024-07-16,203220.27
5516,AC00005516,81,3,Current,Inactive,2026-04-07,340256.85
5517,AC00005517,74,1,Fixed Deposit,Dormant,2024-04-20,66673.19
5518,AC00005518,82,1,Current,Active,2025-05-27,321795.63
5519,AC00005519,69,4,saving,Active,2022-12-03,320698.62
5520,AC00005520,39,3,Savings,Active,2022-11-22,294457.89
5521,AC00005521,38,4,Fixed Deposit,Inactive,2022-11-26,66706.66
5522,AC00005522,98,4,Current,Active,2025-08-10,489422.12
5523,AC00005523,64,4,saving,active,2025-09-17,78025.69
5524,AC00005524,14,2,Savings,Dormant,2024-08-01,308692.79
5525,AC00005525,37,3,Current,active,2026-07-07,493988.98
5526,AC00005526,98,1,Fixed Deposit,Inactive,2026-03-20,57843.07
5527,AC00005527,85,4,Current,Active,2026-02-21,436266.1
5528,AC00005528,22,4,CURRENT,Active,2025-08-22,485791.65
5529,AC00005529,26,3,CURRENT,Inactive,2025-07-24,432558.35
5530,AC00005530,12,2,Fixed Deposit,Active,2025-02-22,12081.06
5531,AC00005531,65,1,CURRENT,Dormant,2024-06-22,172474.96
5532,AC00005532,11,3,Savings,active,2025-01-13,249223.55
5533,AC00005533,27,4,Fixed Deposit,Inactive,2026-02-18,306415.28
5534,AC00005534,23,4,Current,Dormant,2025-11-20,423227.79
5535,AC00005535,82,2,saving,active,2025-09-13,353790.04
5536,AC00005536,6,3,Savings,Dormant,2025-06-02,442005.42
5537,AC00005537,17,1,Savings,Closed,2022-12-19,294007.61
5538,AC00005538,99,3,CURRENT,Dormant,2024-01-18,275688.44
5539,AC00005539,71,3,Savings,Closed,2024-11-06,434370.52
5540,AC00005540,63,2,Savings,Active,2023-05-14,438665.56
5541,AC00005541,49,1,saving,active,2025-05-13,322162.15
5542,AC00005542,97,2,Fixed Deposit,Inactive,2024-05-11,323171.6
5543,AC00005543,9,3,Fixed Deposit,Closed,2025-07-26,277600.8
5544,AC00005544,98,1,Savings,Closed,2025-03-02,227699.97
5545,AC00005545,35,1,Savings,Inactive,2026-03-29,14121.79
5546,AC00005546,68,3,Fixed Deposit,Active,2024-12-09,221070.84
5547,AC00005547,99,3,CURRENT,Inactive,2025-07-18,368398.52
5548,AC00005548,16,3,saving,active,2023-12-03,237795.88
5549,AC00005549,8,3,CURRENT,active,2022-08-19,445025.27
5550,AC00005550,72,1,Current,Dormant,2025-11-14,318196.57
5551,AC00005551,70,3,Fixed Deposit,Dormant,2024-11-21,102572.48
5552,AC00005552,74,4,CURRENT,Closed,2024-11-22,376948.23
5553,AC00005553,62,1,saving,Closed,2022-09-10,163515.54
5554,AC00005554,50,1,Savings,Inactive,2023-05-11,497094.62
5555,AC00005555,91,1,CURRENT,Inactive,2025-02-24,483296.05
5556,AC00005556,82,4,saving,Closed,2023-04-25,435837.47
5557,AC00005557,67,2,Current,Dormant,2023-05-31,58707.82
5558,AC00005558,67,2,Current,Closed,2026-06-24,22492.25
5559,AC00005559,27,1,Current,Active,2022-10-04,145149.05
5560,AC00005560,85,1,Savings,Closed,2025-09-12,454223.06
5561,AC00005561,68,2,saving,Dormant,2023-05-13,467832.49
5562,AC00005562,37,1,CURRENT,Active,2025-07-17,370157.85
5563,AC00005563,83,3,saving,Closed,2025-12-26,324676.42
5564,AC00005564,73,3,CURRENT,Dormant,2025-09-27,10863.84
5565,AC00005565,80,3,CURRENT,Dormant,2024-10-11,167224.4
5566,AC00005566,96,4,Savings,Inactive,2023-05-25,422763.31
5567,AC00005567,85,1,Fixed Deposit,Inactive,2026-05-15,381937.38
5568,AC00005568,68,2,CURRENT,Inactive,2023-07-06,157322.4
5569,AC00005569,59,2,saving,Dormant,2023-04-02,359513.26
5570,AC00005570,83,1,Savings,active,2022-08-28,283404.51
5571,AC00005571,42,2,saving,Dormant,2025-06-25,154626.91
5572,AC00005572,86,1,Fixed Deposit,Dormant,2025-09-18,480516.96
5573,AC00005573,94,4,CURRENT,active,2025-03-02,412705.91
5574,AC00005574,44,3,saving,Closed,2024-11-05,440037.72
5575,AC00005575,15,1,CURRENT,Closed,2023-11-25,413051.01
5576,AC00005576,89,1,Fixed Deposit,Closed,2025-11-21,120001.91
5577,AC00005577,86,2,Current,Closed,2025-08-29,282701.04
5578,AC00005578,23,2,Current,Dormant,2025-05-08,3392.18
5579,AC00005579,83,1,saving,Dormant,2022-09-19,578.67
5580,AC00005580,65,4,CURRENT,Active,2023-08-23,333851.36
5581,AC00005581,82,2,Savings,Active,2026-01-29,361308.32
5582,AC00005582,49,2,Savings,Active,2026-01-11,77642.58
5583,AC00005583,96,2,saving,Dormant,2023-12-11,272417.44
5584,AC00005584,8,4,saving,Active,2024-12-24,433187.76
5585,AC00005585,5,2,Savings,Closed,2025-01-18,134508.55
5586,AC00005586,63,3,saving,active,2024-03-08,127259.91
5587,AC00005587,26,1,saving,Dormant,2023-03-10,270283.68
5588,AC00005588,95,2,Savings,active,2026-01-06,175599.63
5589,AC00005589,34,3,Current,Inactive,2025-05-07,482242.91
5590,AC00005590,79,3,CURRENT,Active,2025-06-10,67094.29
5591,AC00005591,69,2,saving,active,2026-03-27,67500.13
5592,AC00005592,73,3,Current,active,2023-09-08,353636.86
5593,AC00005593,7,3,Savings,Closed,2024-05-08,140892.84
5594,AC00005594,75,1,Savings,Dormant,2024-11-15,335641.68
5595,AC00005595,54,3,Fixed Deposit,Active,2024-03-30,246594.02
5596,AC00005596,11,3,CURRENT,Active,2025-06-21,31543.58
5597,AC00005597,31,4,saving,Dormant,2024-05-10,418535.73
5598,AC00005598,7,4,CURRENT,Dormant,2023-04-09,263882.08
5599,AC00005599,44,1,Current,active,2022-09-11,382131.34
5600,AC00005600,52,2,Current,Active,2025-08-14,499003.53
5601,AC00005601,68,4,Fixed Deposit,Closed,2023-06-27,386454.41
5602,AC00005602,58,4,Savings,Active,2022-10-22,281177.8
5603,AC00005603,97,4,CURRENT,Closed,2023-10-11,324564.81
5604,AC00005604,95,4,CURRENT,Inactive,2023-04-11,19558.6
5605,AC00005605,12,1,Fixed Deposit,Closed,2024-10-14,129743.98
5606,AC00005606,67,4,Fixed Deposit,Active,2022-09-30,185334.37
5607,AC00005607,78,1,CURRENT,Closed,2023-08-18,333015.74
5608,AC00005608,56,3,saving,Inactive,2023-05-30,247540.86
5609,AC00005609,80,1,Savings,Dormant,2025-07-04,427034.21
5610,AC00005610,70,3,Savings,Dormant,2023-02-22,382412.72
5611,AC00005611,56,1,Current,Inactive,2023-02-18,324402.92
5612,AC00005612,7,2,CURRENT,Active,2023-11-25,272096.62
5613,AC00005613,91,3,CURRENT,active,2022-09-23,463565.16
5614,AC00005614,25,4,Fixed Deposit,Closed,2023-08-12,227066.95
5615,AC00005615,18,2,Current,Dormant,2023-08-13,206140.33
5616,AC00005616,90,2,Savings,Active,2024-04-18,310090.04
5617,AC00005617,79,3,saving,Dormant,2026-01-29,168066.83
5618,AC00005618,44,2,CURRENT,active,2023-03-31,463389.76
5619,AC00005619,3,4,CURRENT,Active,2024-03-12,349493.0
5620,AC00005620,69,3,saving,Dormant,2024-02-09,244352.07
5621,AC00005621,20,3,Fixed Deposit,Active,2025-08-16,162824.24
5622,AC00005622,100,3,CURRENT,Inactive,2026-03-12,37070.25
5623,AC00005623,40,2,Savings,active,2024-07-09,441942.13
5624,AC00005624,1,2,saving,Active,2023-09-19,340531.45
5625,AC00005625,72,1,CURRENT,Dormant,2023-02-15,32498.73
5626,AC00005626,46,2,Current,active,2023-03-07,21451.42
5627,AC00005627,13,2,CURRENT,Inactive,2023-01-06,135032.5
5628,AC00005628,40,1,Fixed Deposit,Closed,2024-07-10,247475.39
5629,AC00005629,23,1,Fixed Deposit,active,2025-08-18,329058.49
5630,AC00005630,90,1,CURRENT,active,2023-09-19,349932.39
5631,AC00005631,12,4,CURRENT,active,2026-03-01,99306.45
5632,AC00005632,68,1,Fixed Deposit,Active,2023-01-20,269184.11
5633,AC00005633,2,3,CURRENT,Dormant,2024-03-25,114454.54
5634,AC00005634,57,2,CURRENT,Inactive,2025-09-26,27595.35
5635,AC00005635,62,3,Current,Active,2025-10-26,242409.26
5636,AC00005636,63,4,saving,Active,2022-09-10,397938.73
5637,AC00005637,37,1,CURRENT,active,2026-03-31,291302.3
5638,AC00005638,81,3,Fixed Deposit,Active,2024-09-05,252975.3
5639,AC00005639,88,1,Current,Closed,2026-02-05,122568.94
5640,AC00005640,47,2,Current,Dormant,2024-05-04,57840.1
5641,AC00005641,77,2,saving,Inactive,2023-06-29,277946.51
5642,AC00005642,9,3,saving,Dormant,2025-01-21,376649.36
5643,AC00005643,88,2,CURRENT,Inactive,2022-11-20,69646.64
5644,AC00005644,12,3,CURRENT,active,2025-09-18,464330.94
5645,AC00005645,94,1,CURRENT,Dormant,2025-06-25,7935.77
5646,AC00005646,60,4,Fixed Deposit,Closed,2026-01-06,195552.59
5647,AC00005647,81,3,Fixed Deposit,Inactive,2023-01-01,432601.14
5648,AC00005648,56,4,Current,active,2025-11-10,57888.8
5649,AC00005649,21,2,Current,Closed,2026-04-20,206556.96
5650,AC00005650,23,4,CURRENT,active,2025-10-07,43313.3
5651,AC00005651,62,4,Current,Inactive,2024-03-26,155958.88
5652,AC00005652,19,1,Savings,Dormant,2022-09-03,32642.44
5653,AC00005653,30,4,CURRENT,active,2024-07-06,16384.28
5654,AC00005654,84,3,Savings,Active,2026-05-17,247049.78
5655,AC00005655,13,1,saving,Dormant,2024-11-17,264547.9
5656,AC00005656,89,1,Current,Active,2023-07-03,299157.32
5657,AC00005657,99,4,Current,Dormant,2022-08-25,482693.95
5658,AC00005658,30,4,saving,active,2023-01-29,381175.28
5659,AC00005659,82,2,CURRENT,Closed,2026-06-27,224593.78
5660,AC00005660,15,1,saving,Active,2024-01-29,207275.72
5661,AC00005661,69,2,Current,Closed,2023-09-11,158005.67
5662,AC00005662,23,2,Savings,Inactive,2026-02-24,468940.2
5663,AC00005663,27,2,CURRENT,Active,2025-06-13,324440.85
5664,AC00005664,94,1,CURRENT,Inactive,2026-03-12,196323.87
5665,AC00005665,76,3,Savings,Closed,2024-04-10,105442.29
5666,AC00005666,55,1,Savings,active,2025-06-28,482963.83
5667,AC00005667,59,1,CURRENT,Dormant,2022-11-14,267916.68
5668,AC00005668,49,3,Savings,Dormant,2024-02-15,211398.86
5669,AC00005669,12,2,Current,Closed,2026-01-16,315449.77
5670,AC00005670,50,3,Savings,Closed,2026-04-22,459489.6
5671,AC00005671,23,2,Current,Closed,2023-01-20,372138.11
5672,AC00005672,21,3,Savings,Active,2023-09-17,305506.65
5673,AC00005673,6,4,saving,Inactive,2023-10-12,272118.23
5674,AC00005674,3,3,CURRENT,Dormant,2026-05-28,239113.16
5675,AC00005675,55,4,Current,Dormant,2022-08-23,316509.11
5676,AC00005676,26,2,saving,Closed,2023-12-12,111672.75
5677,AC00005677,34,4,Fixed Deposit,Active,2025-04-07,374823.71
5678,AC00005678,20,2,Savings,Closed,2024-08-09,353198.21
5679,AC00005679,58,1,CURRENT,active,2023-12-19,174655.85
5680,AC00005680,73,4,Savings,Closed,2025-07-18,341641.46
5681,AC00005681,17,2,Fixed Deposit,Dormant,2026-04-15,77634.52
5682,AC00005682,39,3,CURRENT,Inactive,2022-11-24,228904.61
5683,AC00005683,10,2,saving,Closed,2025-12-03,452507.69
5684,AC00005684,73,3,Fixed Deposit,Dormant,2025-04-19,229236.84
5685,AC00005685,22,3,Fixed Deposit,Active,2023-10-08,175929.84
5686,AC00005686,24,1,saving,Active,2025-05-01,142237.19
5687,AC00005687,93,1,Current,active,2025-12-03,196573.34
5688,AC00005688,13,1,Savings,Active,2024-09-19,282919.14
5689,AC00005689,25,2,Current,Dormant,2023-08-01,301754.04
5690,AC00005690,92,4,Current,Inactive,2025-11-18,402752.33
5691,AC00005691,15,3,Savings,Inactive,2024-06-25,245560.41
5692,AC00005692,50,3,Current,active,2024-11-02,358268.64
5693,AC00005693,78,3,Fixed Deposit,Closed,2024-01-17,32472.74
5694,AC00005694,62,2,Current,Active,2022-09-01,451514.86
5695,AC00005695,73,1,Savings,Closed,2023-09-11,347113.75
5696,AC00005696,87,3,CURRENT,Dormant,2024-08-15,278889.4
5697,AC00005697,33,4,Savings,Closed,2025-03-12,207841.62
5698,AC00005698,84,1,CURRENT,Active,2026-02-18,92459.73
5699,AC00005699,43,2,Current,active,2023-01-03,87420.3
5700,AC00005700,18,1,Current,Active,2025-12-02,319041.25
5701,AC00005701,71,2,CURRENT,active,2025-11-15,320612.75
5702,AC00005702,27,1,saving,Dormant,2023-03-01,160388.95
5703,AC00005703,64,2,Savings,Closed,2022-09-26,393041.29
5704,AC00005704,66,2,saving,active,2025-09-20,167020.26
5705,AC00005705,5,1,Current,Dormant,2023-04-29,451644.33
5706,AC00005706,76,4,Current,Closed,2023-03-22,465623.46
5707,AC00005707,19,4,saving,Inactive,2025-07-07,18958.42
5708,AC00005708,10,4,CURRENT,Dormant,2025-07-10,426050.28
5709,AC00005709,11,3,Fixed Deposit,active,2024-01-04,124657.49
5710,AC00005710,48,3,saving,Active,2023-11-06,117351.51
5711,AC00005711,20,2,saving,Closed,2024-08-29,190638.15
5712,AC00005712,98,1,Current,Closed,2022-09-30,242372.06
5713,AC00005713,14,2,Savings,Active,2023-03-21,267721.6
5714,AC00005714,3,3,CURRENT,Dormant,2024-08-16,452705.63
5715,AC00005715,56,4,Current,active,2024-10-12,267249.44
5716,AC00005716,41,2,Fixed Deposit,Inactive,2026-03-07,272049.66
5717,AC00005717,7,3,Savings,Inactive,2024-07-20,889.36
5718,AC00005718,48,4,CURRENT,active,2024-06-13,19092.27
5719,AC00005719,37,1,Fixed Deposit,Inactive,2026-08-08,156523.6
5720,AC00005720,91,3,CURRENT,Dormant,2023-03-18,206355.55
5721,AC00005721,56,1,CURRENT,Inactive,2025-04-04,416215.3
5722,AC00005722,63,4,Fixed Deposit,Active,2026-05-25,394204.35
5723,AC00005723,14,4,CURRENT,Active,2024-08-07,255685.58
5724,AC00005724,41,1,CURRENT,Inactive,2026-05-11,114315.23
5725,AC00005725,65,2,CURRENT,Dormant,2022-11-09,356238.0
5726,AC00005726,29,1,saving,Closed,2026-02-24,270099.0
5727,AC00005727,2,1,Savings,Dormant,2023-07-20,72460.58
5728,AC00005728,60,2,Fixed Deposit,Active,2023-03-04,487731.56
5729,AC00005729,37,2,saving,Active,2025-05-26,252538.5
5730,AC00005730,34,4,Current,Active,2022-12-14,38111.84
5731,AC00005731,67,1,saving,Dormant,2025-12-06,381034.66
5732,AC00005732,35,1,Savings,active,2024-03-09,211210.64
5733,AC00005733,83,4,Fixed Deposit,Dormant,2023-07-26,420579.94
5734,AC00005734,39,1,Fixed Deposit,Dormant,2024-12-18,375627.63
5735,AC00005735,23,2,CURRENT,active,2022-09-12,24920.95
5736,AC00005736,13,4,CURRENT,Dormant,2026-02-21,225947.75
5737,AC00005737,2,3,saving,Active,2023-04-10,397941.4
5738,AC00005738,42,2,saving,active,2025-11-27,166885.72
5739,AC00005739,70,4,CURRENT,Closed,2024-02-29,190800.18
5740,AC00005740,68,1,Fixed Deposit,Closed,2024-02-26,328842.15
5741,AC00005741,100,3,Fixed Deposit,Dormant,2025-10-26,38735.37
5742,AC00005742,20,3,saving,Active,2025-04-13,241127.11
5743,AC00005743,28,3,Fixed Deposit,Dormant,2023-09-19,31192.28
5744,AC00005744,41,2,CURRENT,Closed,2025-07-12,114021.75
5745,AC00005745,2,2,Savings,Closed,2024-06-29,228689.96
5746,AC00005746,51,2,Current,Inactive,2026-08-03,241370.76
5747,AC00005747,75,2,CURRENT,Inactive,2026-02-06,141817.48
5748,AC00005748,11,1,saving,Inactive,2025-01-15,221879.4
5749,AC00005749,1,3,CURRENT,Inactive,2025-02-22,245964.62
5750,AC00005750,51,2,Current,Inactive,2025-06-03,158281.38
5751,AC00005751,50,1,Fixed Deposit,Active,2026-05-31,24212.59
5752,AC00005752,81,4,saving,Inactive,2025-01-07,63173.4
5753,AC00005753,49,3,saving,Dormant,2026-04-14,355059.2
5754,AC00005754,67,2,Current,Closed,2026-07-13,75221.09
5755,AC00005755,36,1,saving,Active,2024-08-10,264470.28
5756,AC00005756,93,4,CURRENT,Active,2024-08-13,377797.87
5757,AC00005757,22,1,Fixed Deposit,Closed,2025-06-26,152994.73
5758,AC00005758,96,1,Fixed Deposit,Active,2023-06-24,222316.16
5759,AC00005759,33,1,Fixed Deposit,Active,2023-05-27,225152.05
5760,AC00005760,47,4,saving,Closed,2024-04-09,362758.87
5761,AC00005761,85,3,saving,Dormant,2025-08-10,344645.21
5762,AC00005762,84,3,Fixed Deposit,Closed,2022-12-15,316325.4
5763,AC00005763,61,4,Current,Active,2026-02-23,193012.92
5764,AC00005764,72,3,CURRENT,Closed,2026-01-29,75788.94
5765,AC00005765,76,2,Savings,active,2026-07-26,36305.73
5766,AC00005766,28,3,CURRENT,Active,2025-03-02,242128.27
5767,AC00005767,4,3,Savings,Dormant,2024-12-17,359798.91
5768,AC00005768,25,4,Fixed Deposit,active,2024-03-24,70578.51
5769,AC00005769,97,1,saving,Inactive,2024-07-03,67943.0
5770,AC00005770,82,3,saving,Closed,2023-09-10,477513.12
5771,AC00005771,92,2,Savings,Closed,2025-05-21,22825.75
5772,AC00005772,24,2,Fixed Deposit,Closed,2023-08-05,189855.24
5773,AC00005773,48,4,Fixed Deposit,Inactive,2025-04-12,447516.36
5774,AC00005774,36,1,saving,Active,2025-05-29,69926.68
5775,AC00005775,96,1,Current,Dormant,2023-08-22,157983.16
5776,AC00005776,50,4,Fixed Deposit,Active,2025-10-21,438845.08
5777,AC00005777,85,3,saving,Closed,2024-03-14,244003.72
5778,AC00005778,71,2,saving,Dormant,2025-01-07,451516.16
5779,AC00005779,31,3,Savings,Inactive,2026-05-21,40520.03
5780,AC00005780,31,4,Current,Active,2023-12-05,128452.57
5781,AC00005781,41,3,Savings,Inactive,2024-07-22,134192.35
5782,AC00005782,32,4,Current,Dormant,2025-10-25,136017.19
5783,AC00005783,37,3,CURRENT,Inactive,2025-12-15,481761.58
5784,AC00005784,95,2,saving,Closed,2023-03-19,32744.29
5785,AC00005785,67,2,Current,active,2026-05-26,236346.5
5786,AC00005786,38,1,Current,Inactive,2024-04-19,152995.31
5787,AC00005787,10,4,saving,Closed,2025-06-16,135828.74
5788,AC00005788,10,2,Current,Dormant,2025-02-14,54891.9
5789,AC00005789,98,4,CURRENT,Active,2022-10-12,403222.08
5790,AC00005790,36,2,saving,Inactive,2024-05-30,3247.86
5791,AC00005791,25,3,Current,Inactive,2023-04-27,132012.89
5792,AC00005792,50,3,Current,Closed,2024-08-19,261286.28
5793,AC00005793,16,1,CURRENT,Inactive,2023-09-02,124889.73
5794,AC00005794,64,1,Current,Dormant,2023-05-09,18523.44
5795,AC00005795,53,3,CURRENT,Dormant,2025-05-30,65355.83
5796,AC00005796,94,4,Current,Dormant,2022-08-21,327070.86
5797,AC00005797,25,2,Fixed Deposit,Inactive,2025-05-31,434260.46
5798,AC00005798,34,1,Savings,Dormant,2024-09-15,435350.06
5799,AC00005799,23,2,CURRENT,Dormant,2022-12-25,296320.59
5800,AC00005800,41,4,saving,Active,2023-02-22,89380.67
5801,AC00005801,68,1,saving,active,2024-12-12,98833.02
5802,AC00005802,83,4,saving,Dormant,2025-08-28,275057.87
5803,AC00005803,24,2,Current,Inactive,2024-05-30,208272.36
5804,AC00005804,61,4,saving,active,2026-02-25,205750.46
5805,AC00005805,34,2,Fixed Deposit,Active,2022-09-26,496101.58
5806,AC00005806,27,4,Savings,Closed,2022-12-04,195693.22
5807,AC00005807,27,2,Current,Inactive,2025-07-23,267862.53
5808,AC00005808,51,2,CURRENT,Dormant,2023-08-02,293219.77
5809,AC00005809,21,3,Current,Dormant,2023-08-26,27688.35
5810,AC00005810,13,4,Savings,active,2025-09-15,213768.87
5811,AC00005811,6,4,Fixed Deposit,Dormant,2023-05-08,381760.55
5812,AC00005812,46,1,saving,Closed,2024-05-04,300145.16
5813,AC00005813,63,3,Current,Closed,2025-02-15,249653.1
5814,AC00005814,70,1,Current,Closed,2026-02-07,197856.22
5815,AC00005815,12,1,Savings,Active,2024-01-22,478226.45
5816,AC00005816,46,2,Savings,Closed,2025-04-01,416100.35
5817,AC00005817,95,3,saving,Active,2022-12-01,242918.24
5818,AC00005818,37,2,Fixed Deposit,Closed,2025-07-24,387102.63
5819,AC00005819,5,4,Current,Inactive,2024-11-03,54585.51
5820,AC00005820,81,2,Current,Active,2024-12-17,471911.95
5821,AC00005821,2,3,CURRENT,Active,2023-09-11,214251.87
5822,AC00005822,71,1,CURRENT,Inactive,2025-05-12,196351.42
5823,AC00005823,65,2,Savings,Closed,2022-09-11,36736.27
5824,AC00005824,17,2,Fixed Deposit,Closed,2022-11-25,37712.37
5825,AC00005825,71,3,saving,Active,2023-11-13,155695.01
5826,AC00005826,70,2,Savings,Closed,2026-03-29,448920.69
5827,AC00005827,99,2,Current,active,2024-01-16,16800.76
5828,AC00005828,100,1,CURRENT,Active,2025-01-17,181861.15
5829,AC00005829,80,1,Current,Dormant,2023-01-25,191097.95
5830,AC00005830,8,3,Fixed Deposit,Dormant,2023-03-09,264882.6
5831,AC00005831,53,3,saving,Inactive,2025-02-06,450602.65
5832,AC00005832,9,3,CURRENT,Inactive,2025-01-27,347488.17
5833,AC00005833,43,1,Current,Closed,2023-09-17,275019.89
5834,AC00005834,61,4,Fixed Deposit,active,2023-01-21,439226.01
5835,AC00005835,53,3,CURRENT,Active,2024-08-13,228481.02
5836,AC00005836,87,4,CURRENT,Closed,2025-05-14,375475.46
5837,AC00005837,10,4,Current,Inactive,2024-08-21,70259.97
5838,AC00005838,23,4,Fixed Deposit,Active,2024-12-01,167030.0
5839,AC00005839,92,3,Savings,Dormant,2026-02-13,38155.08
5840,AC00005840,19,2,saving,Active,2026-04-05,155890.25
5841,AC00005841,94,3,Fixed Deposit,Inactive,2025-08-31,304391.01
5842,AC00005842,61,3,saving,Active,2026-06-24,83152.6
5843,AC00005843,31,1,Savings,active,2025-09-19,61975.49
5844,AC00005844,37,3,saving,Dormant,2023-03-30,410608.58
5845,AC00005845,98,3,CURRENT,Dormant,2025-02-07,469263.17
5846,AC00005846,56,4,CURRENT,Closed,2023-11-12,479985.45
5847,AC00005847,12,2,saving,active,2026-04-17,47012.62
5848,AC00005848,56,2,Fixed Deposit,Dormant,2023-12-01,225671.48
5849,AC00005849,83,3,CURRENT,Dormant,2024-12-26,57353.1
5850,AC00005850,18,4,Current,Inactive,2022-09-03,242074.85
5851,AC00005851,35,2,Current,Dormant,2026-01-13,265130.95
5852,AC00005852,98,1,Current,active,2024-12-26,444967.75
5853,AC00005853,74,3,Current,Inactive,2024-12-21,8831.26
5854,AC00005854,93,3,Fixed Deposit,Closed,2023-05-22,350288.38
5855,AC00005855,65,4,Fixed Deposit,active,2022-10-26,19972.53
5856,AC00005856,92,2,saving,active,2026-08-02,377167.65
5857,AC00005857,91,2,Fixed Deposit,Inactive,2024-10-18,375677.48
5858,AC00005858,54,4,Current,Active,2023-02-08,60797.1
5859,AC00005859,19,4,Current,Closed,2023-03-19,154843.16
5860,AC00005860,48,2,Savings,Inactive,2023-12-09,228190.23
5861,AC00005861,11,3,saving,Active,2022-10-26,248576.98
5862,AC00005862,70,1,Current,Inactive,2025-02-07,394650.36
5863,AC00005863,23,4,Fixed Deposit,Inactive,2023-12-28,334052.89
5864,AC00005864,13,2,saving,Dormant,2025-04-09,340215.92
5865,AC00005865,70,2,CURRENT,active,2026-06-23,352690.54
5866,AC00005866,24,2,CURRENT,Active,2022-12-12,416052.92
5867,AC00005867,81,1,Fixed Deposit,Closed,2024-03-11,247060.73
5868,AC00005868,54,1,Fixed Deposit,Active,2023-02-08,373976.45
5869,AC00005869,74,2,CURRENT,Active,2025-05-14,139563.75
5870,AC00005870,87,2,Savings,Active,2025-03-07,281027.9
5871,AC00005871,43,4,Savings,Inactive,2023-12-24,419492.36
5872,AC00005872,27,1,Current,Closed,2023-07-31,271411.77
5873,AC00005873,29,3,Current,Active,2023-08-31,193721.73
5874,AC00005874,62,3,Current,Inactive,2025-09-23,302978.12
5875,AC00005875,41,4,CURRENT,Inactive,2026-02-20,269038.57
5876,AC00005876,4,3,Fixed Deposit,active,2025-02-11,216602.13
5877,AC00005877,85,4,CURRENT,Active,2023-12-27,397734.73
5878,AC00005878,22,1,Savings,Active,2024-08-22,316470.53
5879,AC00005879,33,3,Current,active,2025-09-23,293678.93
5880,AC00005880,91,2,saving,Active,2024-04-29,172456.45
5881,AC00005881,68,4,Fixed Deposit,Inactive,2023-01-08,477327.1
5882,AC00005882,12,1,Current,Dormant,2024-05-30,367696.84
5883,AC00005883,92,1,Current,Active,2025-08-29,157564.71
5884,AC00005884,29,4,Savings,Inactive,2024-08-31,307936.1
5885,AC00005885,87,2,CURRENT,Active,2024-05-22,494236.66
5886,AC00005886,34,4,Fixed Deposit,active,2026-04-13,412954.36
5887,AC00005887,20,1,Fixed Deposit,Closed,2023-03-04,243222.29
5888,AC00005888,53,3,Current,Active,2025-02-27,179338.06
5889,AC00005889,68,3,Fixed Deposit,Inactive,2026-03-26,100547.0
5890,AC00005890,7,4,CURRENT,Dormant,2024-06-07,71827.45
5891,AC00005891,83,3,Savings,Closed,2024-08-05,237017.28
5892,AC00005892,20,3,Savings,Active,2025-02-04,439078.35
5893,AC00005893,46,2,Savings,Dormant,2026-07-06,381824.1
5894,AC00005894,21,3,saving,Dormant,2026-01-14,294091.07
5895,AC00005895,77,4,saving,Active,2025-12-18,371778.17
5896,AC00005896,98,4,CURRENT,Active,2024-11-02,496270.42
5897,AC00005897,42,4,Fixed Deposit,Dormant,2025-01-19,53961.51
5898,AC00005898,96,3,Savings,Closed,2023-05-29,393448.79
5899,AC00005899,55,2,Current,Active,2024-05-03,458286.83
5900,AC00005900,83,2,CURRENT,Inactive,2023-05-18,57078.61
5901,AC00005901,47,3,Fixed Deposit,active,2025-04-24,59866.46
5902,AC00005902,91,3,CURRENT,Inactive,2026-05-29,343755.86
5903,AC00005903,63,3,saving,Inactive,2023-12-07,209544.16
5904,AC00005904,49,1,Fixed Deposit,Active,2023-02-12,387063.88
5905,AC00005905,60,2,saving,Closed,2024-10-18,272367.32
5906,AC00005906,22,4,Fixed Deposit,Inactive,2022-12-02,205472.0
5907,AC00005907,49,2,CURRENT,Active,2025-11-03,184132.14
5908,AC00005908,11,3,CURRENT,Active,2025-11-15,447808.12
5909,AC00005909,49,3,saving,Inactive,2024-10-05,25447.79
5910,AC00005910,71,4,Savings,Inactive,2025-01-12,64785.41
5911,AC00005911,33,3,Fixed Deposit,Closed,2023-08-18,442883.59
5912,AC00005912,11,4,saving,Closed,2026-05-14,332494.88
5913,AC00005913,98,3,Savings,Dormant,2025-07-22,469531.45
5914,AC00005914,19,2,saving,Dormant,2025-04-30,44579.8
5915,AC00005915,87,4,Current,Active,2024-01-27,281919.81
5916,AC00005916,84,3,CURRENT,Dormant,2024-07-05,179065.22
5917,AC00005917,62,3,CURRENT,Dormant,2024-08-13,141904.52
5918,AC00005918,73,1,CURRENT,Dormant,2023-11-02,12013.95
5919,AC00005919,63,2,Fixed Deposit,Closed,2026-04-12,10885.75
5920,AC00005920,65,1,saving,Closed,2026-06-24,282776.88
5921,AC00005921,18,4,saving,active,2026-06-01,198030.08
5922,AC00005922,90,3,Fixed Deposit,active,2024-11-09,123030.14
5923,AC00005923,47,1,Current,active,2025-05-13,356696.56
5924,AC00005924,99,1,Savings,active,2025-05-22,293903.21
5925,AC00005925,52,3,Savings,Active,2026-02-09,304645.49
5926,AC00005926,54,4,Current,active,2024-02-17,76142.88
5927,AC00005927,73,1,CURRENT,Dormant,2023-09-03,417525.77
5928,AC00005928,11,1,saving,active,2023-08-20,80217.79
5929,AC00005929,15,3,saving,active,2022-09-14,160520.48
5930,AC00005930,88,4,Savings,active,2023-07-26,609.62
5931,AC00005931,23,4,Fixed Deposit,Active,2026-07-02,352563.85
5932,AC00005932,43,3,saving,Active,2024-01-26,154518.73
5933,AC00005933,45,3,Fixed Deposit,Closed,2026-07-17,313320.73
5934,AC00005934,60,4,Savings,Dormant,2026-01-16,243870.07
5935,AC00005935,18,4,saving,Closed,2025-07-01,374055.76
5936,AC00005936,40,2,saving,Closed,2023-04-14,246326.46
5937,AC00005937,97,3,Fixed Deposit,Dormant,2022-09-26,351453.93
5938,AC00005938,86,3,saving,Active,2023-05-08,233032.73
5939,AC00005939,10,2,Savings,Dormant,2022-11-07,116887.21
5940,AC00005940,90,2,Savings,active,2025-03-13,282637.95
5941,AC00005941,51,1,saving,active,2026-03-07,213096.71
5942,AC00005942,9,1,CURRENT,Dormant,2026-01-17,103769.03
5943,AC00005943,38,4,Fixed Deposit,Dormant,2023-10-27,274793.85
5944,AC00005944,71,3,Current,Dormant,2022-10-02,338889.58
5945,AC00005945,4,1,Savings,Active,2025-04-19,479390.91
5946,AC00005946,12,2,Savings,Closed,2024-12-25,484846.48
5947,AC00005947,41,2,saving,active,2023-05-07,339675.55
5948,AC00005948,82,3,CURRENT,Closed,2024-06-20,134962.67
5949,AC00005949,61,1,Current,Active,2025-06-01,34196.33
5950,AC00005950,54,4,Savings,Closed,2023-08-06,467208.52
5951,AC00005951,86,4,saving,Active,2022-09-21,275691.69
5952,AC00005952,58,4,Fixed Deposit,Dormant,2024-04-22,91087.45
5953,AC00005953,86,4,saving,Closed,2026-02-11,330583.74
5954,AC00005954,30,2,Current,active,2024-12-18,146861.52
5955,AC00005955,77,1,saving,Active,2025-06-03,237463.03
5956,AC00005956,63,3,Current,Dormant,2022-09-28,343781.01
5957,AC00005957,60,3,CURRENT,active,2026-04-17,475655.55
5958,AC00005958,8,2,Fixed Deposit,Closed,2025-06-15,326337.2
5959,AC00005959,9,3,Savings,Active,2025-12-20,470681.77
5960,AC00005960,80,1,CURRENT,Inactive,2025-06-05,66284.48
5961,AC00005961,84,2,Savings,Active,2024-11-14,293274.94
5962,AC00005962,80,4,CURRENT,Closed,2022-11-14,197733.47
5963,AC00005963,55,2,Savings,Dormant,2024-09-13,487688.46
5964,AC00005964,88,3,CURRENT,Active,2024-03-27,169076.02
5965,AC00005965,27,1,Fixed Deposit,Dormant,2024-05-12,424886.2
5966,AC00005966,49,4,Fixed Deposit,Dormant,2025-12-23,51081.77
5967,AC00005967,68,2,Savings,Active,2024-09-24,338324.72
5968,AC00005968,44,1,CURRENT,active,2023-06-09,111453.81
5969,AC00005969,87,1,Current,Dormant,2025-12-24,300048.73
5970,AC00005970,74,2,Fixed Deposit,Dormant,2023-11-19,144253.19
5971,AC00005971,6,4,Current,Dormant,2023-03-05,436351.56
5972,AC00005972,98,4,Fixed Deposit,Closed,2024-09-23,56579.12
5973,AC00005973,31,4,saving,Closed,2025-12-02,414022.7
5974,AC00005974,5,2,Savings,Dormant,2026-01-15,47206.46
5975,AC00005975,31,1,Savings,Dormant,2025-12-29,22514.47
5976,AC00005976,44,4,CURRENT,Closed,2022-08-27,201645.86
5977,AC00005977,83,2,Current,active,2026-05-18,330041.57
5978,AC00005978,39,1,Current,active,2025-01-13,243405.05
5979,AC00005979,77,4,saving,Closed,2024-08-19,197665.8
5980,AC00005980,81,4,CURRENT,Closed,2023-10-11,357789.5
5981,AC00005981,1,4,Savings,active,2026-01-27,315257.17
5982,AC00005982,69,1,Current,Active,2025-06-15,46394.46
5983,AC00005983,78,4,saving,Active,2025-11-19,89465.62
5984,AC00005984,72,2,Savings,Inactive,2022-11-13,448995.0
5985,AC00005985,17,3,saving,Closed,2023-01-22,178231.28
5986,AC00005986,10,4,Fixed Deposit,active,2024-01-26,20665.37
5987,AC00005987,42,4,Fixed Deposit,Inactive,2023-10-29,13574.1
5988,AC00005988,6,4,Fixed Deposit,Dormant,2025-10-03,71814.48
5989,AC00005989,79,3,Current,Closed,2026-05-14,37508.36
5990,AC00005990,23,1,Fixed Deposit,Closed,2023-10-28,383528.94
5991,AC00005991,44,3,Savings,Inactive,2025-07-06,265926.95
5992,AC00005992,24,2,saving,Active,2022-12-21,134431.25
5993,AC00005993,45,4,saving,Dormant,2024-04-04,374556.08
5994,AC00005994,6,1,Fixed Deposit,Active,2022-10-26,338037.14
5995,AC00005995,17,1,Fixed Deposit,Dormant,2025-06-14,135328.57
5996,AC00005996,38,3,Savings,Dormant,2025-12-24,337828.78
5997,AC00005997,3,2,Current,Inactive,2025-03-07,64529.26
5998,AC00005998,31,1,saving,Active,2024-04-27,225507.96
5999,AC00005999,41,3,Fixed Deposit,active,2023-05-17,38664.19
6000,AC00006000,95,2,Fixed Deposit,Inactive,2024-12-24,81762.3
6001,AC00006001,85,4,saving,Closed,2023-07-22,109791.33
6002,AC00006002,84,3,Fixed Deposit,active,2023-10-07,55589.81
6003,AC00006003,24,2,Fixed Deposit,Dormant,2026-07-15,107876.34
6004,AC00006004,55,2,Current,Active,2025-09-29,219702.75
6005,AC00006005,12,4,Savings,Active,2023-12-20,150222.09
6006,AC00006006,57,4,Savings,active,2023-10-03,150438.57
6007,AC00006007,32,2,Savings,Dormant,2024-12-24,459983.14
6008,AC00006008,8,4,Fixed Deposit,Inactive,2023-02-04,134808.41
6009,AC00006009,66,1,Fixed Deposit,Inactive,2025-01-21,362954.41
6010,AC00006010,32,1,saving,Inactive,2024-05-09,156391.88
6011,AC00006011,90,2,CURRENT,active,2024-04-06,142204.09
6012,AC00006012,7,4,CURRENT,Dormant,2022-09-30,328145.74
6013,AC00006013,49,2,CURRENT,Dormant,2022-08-19,246097.29
6014,AC00006014,89,4,Savings,Active,2023-12-29,266228.08
6015,AC00006015,8,4,Current,Inactive,2026-08-04,473856.2
6016,AC00006016,99,4,CURRENT,active,2025-09-19,350401.14
6017,AC00006017,47,4,Current,Inactive,2026-07-25,84965.46
6018,AC00006018,68,1,saving,Closed,2024-01-21,135480.31
6019,AC00006019,52,1,CURRENT,Active,2023-08-13,445524.04
6020,AC00006020,47,4,saving,Closed,2024-10-26,77588.95
6021,AC00006021,80,1,Fixed Deposit,active,2024-02-17,323479.04
6022,AC00006022,63,1,Savings,Dormant,2022-11-28,397944.35
6023,AC00006023,51,2,Savings,Active,2025-06-05,204006.82
6024,AC00006024,2,1,Fixed Deposit,Dormant,2023-01-19,346488.1
6025,AC00006025,63,1,Savings,Closed,2025-04-30,242897.05
6026,AC00006026,7,4,Savings,Active,2024-04-11,94540.7
6027,AC00006027,56,1,Fixed Deposit,Inactive,2025-06-01,83738.78
6028,AC00006028,94,4,CURRENT,Active,2024-02-09,118761.57
6029,AC00006029,98,2,saving,Active,2024-06-20,231139.88
6030,AC00006030,92,1,CURRENT,Closed,2023-05-15,415171.05
6031,AC00006031,9,4,CURRENT,Dormant,2026-07-16,474021.06
6032,AC00006032,75,3,Savings,Dormant,2024-04-04,357627.13
6033,AC00006033,43,2,Savings,active,2022-12-05,325384.73
6034,AC00006034,88,1,Current,active,2024-09-17,165100.39
6035,AC00006035,56,4,CURRENT,active,2024-04-08,97749.53
6036,AC00006036,82,4,Savings,Dormant,2024-09-19,19129.17
6037,AC00006037,17,1,Savings,Closed,2024-07-20,227974.59
6038,AC00006038,70,2,Current,Closed,2024-10-12,271599.36
6039,AC00006039,38,4,saving,Dormant,2026-04-02,178449.89
6040,AC00006040,69,4,Current,active,2023-11-24,31685.85
6041,AC00006041,71,3,CURRENT,Active,2026-02-03,411981.59
6042,AC00006042,78,1,Current,active,2025-11-07,392576.66
6043,AC00006043,59,4,saving,Inactive,2024-06-28,184821.29
6044,AC00006044,1,1,Savings,Dormant,2026-03-10,137348.04
6045,AC00006045,7,2,Savings,Dormant,2024-07-19,312346.61
6046,AC00006046,25,1,saving,Inactive,2025-10-17,33915.68
6047,AC00006047,52,4,Fixed Deposit,Active,2024-01-31,269203.51
6048,AC00006048,37,2,CURRENT,Active,2023-02-02,279365.55
6049,AC00006049,67,1,CURRENT,Inactive,2025-10-18,467432.17
6050,AC00006050,85,4,Current,active,2026-02-27,218665.29
6051,AC00006051,2,4,Fixed Deposit,active,2026-04-21,197734.04
6052,AC00006052,24,3,saving,Closed,2026-02-25,454921.74
6053,AC00006053,3,2,Savings,Dormant,2023-07-08,172691.79
6054,AC00006054,97,2,Savings,Inactive,2024-12-28,348776.18
6055,AC00006055,93,3,CURRENT,Dormant,2024-03-04,419489.35
6056,AC00006056,83,1,Savings,Inactive,2024-10-17,47619.16
6057,AC00006057,9,3,Current,Active,2023-04-01,244291.14
6058,AC00006058,62,3,Savings,active,2026-06-10,7411.55
6059,AC00006059,32,1,Savings,active,2023-12-31,362041.09
6060,AC00006060,48,2,Savings,active,2024-06-30,447840.48
6061,AC00006061,49,3,CURRENT,Inactive,2023-04-30,437000.31
6062,AC00006062,27,2,saving,active,2022-09-10,281670.86
6063,AC00006063,28,1,Fixed Deposit,Active,2022-12-13,238620.29
6064,AC00006064,69,2,CURRENT,Active,2022-11-06,442393.62
6065,AC00006065,17,4,CURRENT,Closed,2022-10-02,179492.64
6066,AC00006066,43,4,Savings,Active,2025-04-08,405079.48
6067,AC00006067,10,3,CURRENT,active,2024-09-27,85570.14
6068,AC00006068,69,2,saving,Dormant,2024-09-05,129462.26
6069,AC00006069,13,1,Current,Inactive,2026-07-16,498824.27
6070,AC00006070,16,4,Fixed Deposit,Dormant,2023-05-12,164406.67
6071,AC00006071,11,4,Fixed Deposit,Active,2026-01-18,140570.1
6072,AC00006072,72,1,saving,Active,2023-09-24,193286.35
6073,AC00006073,80,1,saving,Closed,2024-03-03,114956.58
6074,AC00006074,80,1,Fixed Deposit,Dormant,2025-04-29,262899.14
6075,AC00006075,92,4,Savings,Active,2025-05-27,221306.21
6076,AC00006076,61,4,Fixed Deposit,Inactive,2026-06-23,362809.86
6077,AC00006077,79,4,Fixed Deposit,Dormant,2026-03-11,276955.95
6078,AC00006078,68,4,Savings,Inactive,2024-08-05,270805.37
6079,AC00006079,73,4,Savings,Dormant,2025-12-03,451264.81
6080,AC00006080,80,4,Savings,Closed,2022-09-30,284945.82
6081,AC00006081,96,3,Fixed Deposit,Active,2025-04-15,63810.32
6082,AC00006082,80,2,saving,Inactive,2023-02-02,36236.9
6083,AC00006083,21,2,saving,Dormant,2026-06-15,74517.37
6084,AC00006084,77,3,Current,Active,2023-03-27,122175.27
6085,AC00006085,38,1,Savings,active,2024-11-10,192803.69
6086,AC00006086,59,3,Current,Dormant,2025-04-08,366616.13
6087,AC00006087,67,1,Fixed Deposit,Dormant,2023-09-24,491920.16
6088,AC00006088,31,3,Savings,Inactive,2023-08-20,347546.47
6089,AC00006089,63,3,Fixed Deposit,Dormant,2026-08-07,213966.02
6090,AC00006090,92,1,Fixed Deposit,Inactive,2025-02-23,243521.02
6091,AC00006091,75,4,Fixed Deposit,Active,2022-10-28,56397.09
6092,AC00006092,8,4,saving,active,2024-01-07,190396.45
6093,AC00006093,17,2,CURRENT,Inactive,2025-02-22,333641.02
6094,AC00006094,74,2,Savings,Closed,2023-12-27,184037.77
6095,AC00006095,13,1,Current,Active,2025-07-21,355681.05
6096,AC00006096,16,3,Fixed Deposit,Inactive,2026-03-27,124758.14
6097,AC00006097,73,1,Fixed Deposit,Dormant,2024-06-18,314482.7
6098,AC00006098,37,1,Current,Inactive,2026-01-06,496334.53
6099,AC00006099,55,3,CURRENT,active,2024-01-27,77716.06
6100,AC00006100,21,3,CURRENT,Inactive,2025-02-26,438618.05
6101,AC00006101,24,2,saving,Dormant,2024-04-24,461873.22
6102,AC00006102,70,1,Current,active,2024-09-06,22435.17
6103,AC00006103,3,4,saving,Dormant,2025-04-18,474000.59
6104,AC00006104,48,1,CURRENT,active,2024-09-02,386413.32
6105,AC00006105,5,1,Savings,Dormant,2025-08-20,17244.89
6106,AC00006106,46,4,CURRENT,Active,2025-11-15,409535.23
6107,AC00006107,70,3,Current,Closed,2023-11-25,263285.88
6108,AC00006108,65,3,Savings,active,2025-10-17,126571.51
6109,AC00006109,94,1,Current,Inactive,2023-12-07,265874.61
6110,AC00006110,99,4,saving,Active,2022-11-29,496314.29
6111,AC00006111,80,4,Savings,Inactive,2023-04-30,224750.47
6112,AC00006112,4,4,CURRENT,Closed,2024-01-28,438824.44
6113,AC00006113,27,3,Current,Inactive,2025-02-03,464140.77
6114,AC00006114,24,4,Savings,active,2026-05-14,278056.22
6115,AC00006115,60,1,CURRENT,Dormant,2024-04-10,243648.31
6116,AC00006116,46,1,Savings,active,2024-03-10,354485.21
6117,AC00006117,68,3,CURRENT,Dormant,2025-11-06,412685.81
6118,AC00006118,58,1,Savings,active,2023-12-14,279035.51
6119,AC00006119,47,2,Savings,Closed,2025-09-14,302197.0
6120,AC00006120,77,1,Savings,Dormant,2024-01-15,258707.75
6121,AC00006121,42,3,Current,Inactive,2026-02-25,30987.67
6122,AC00006122,6,2,Fixed Deposit,Inactive,2024-02-24,315465.36
6123,AC00006123,13,2,Fixed Deposit,Active,2025-06-16,103983.77
6124,AC00006124,4,2,Savings,Dormant,2026-07-28,22987.58
6125,AC00006125,65,2,Savings,Inactive,2022-12-29,55084.74
6126,AC00006126,44,4,Current,Dormant,2025-07-11,45936.33
6127,AC00006127,97,3,Fixed Deposit,Active,2024-02-18,199624.23
6128,AC00006128,53,2,Savings,Inactive,2026-02-17,181198.11
6129,AC00006129,86,3,Current,active,2022-12-19,187167.43
6130,AC00006130,7,1,Fixed Deposit,active,2022-11-28,203183.86
6131,AC00006131,67,1,Current,Closed,2024-08-31,26018.11
6132,AC00006132,35,1,CURRENT,active,2024-03-03,292834.13
6133,AC00006133,53,3,Fixed Deposit,active,2024-08-09,452694.86
6134,AC00006134,8,2,saving,Closed,2025-02-11,374921.07
6135,AC00006135,46,1,Fixed Deposit,active,2024-11-25,391348.57
6136,AC00006136,70,3,Savings,Closed,2025-10-08,354802.03
6137,AC00006137,47,1,CURRENT,Inactive,2023-01-29,467901.41
6138,AC00006138,14,1,Current,Dormant,2024-11-02,105331.16
6139,AC00006139,37,4,Fixed Deposit,Dormant,2026-03-24,384520.98
6140,AC00006140,74,2,Savings,Closed,2024-03-29,316045.84
6141,AC00006141,78,2,Fixed Deposit,Dormant,2026-01-26,173513.46
6142,AC00006142,81,1,saving,active,2023-03-12,300698.26
6143,AC00006143,81,4,Fixed Deposit,Dormant,2025-11-09,307355.33
6144,AC00006144,98,3,Savings,active,2023-10-20,478792.23
6145,AC00006145,15,3,Fixed Deposit,Closed,2024-01-16,429867.76
6146,AC00006146,75,1,Fixed Deposit,Inactive,2024-11-19,483661.89
6147,AC00006147,57,1,Savings,Active,2024-05-20,310183.26
6148,AC00006148,37,3,saving,Closed,2024-03-06,344776.6
6149,AC00006149,99,3,Fixed Deposit,Inactive,2025-01-24,191895.16
6150,AC00006150,14,3,Savings,Dormant,2023-01-18,273104.45
6151,AC00006151,78,3,Savings,Dormant,2022-11-06,67499.23
6152,AC00006152,11,3,Savings,Active,2023-07-30,33706.08
6153,AC00006153,97,3,saving,Closed,2023-07-08,275943.35
6154,AC00006154,85,2,CURRENT,Active,2024-07-01,219558.54
6155,AC00006155,44,2,Savings,active,2023-09-22,366311.81
6156,AC00006156,86,3,saving,Inactive,2025-03-15,309076.05
6157,AC00006157,15,3,CURRENT,Active,2025-12-25,123093.6
6158,AC00006158,87,2,CURRENT,Inactive,2025-03-10,139774.17
6159,AC00006159,31,3,Savings,Dormant,2024-06-01,228846.86
6160,AC00006160,36,1,Fixed Deposit,active,2023-11-25,495856.71
6161,AC00006161,45,3,Savings,Active,2023-06-24,109189.0
6162,AC00006162,39,3,saving,Closed,2024-06-11,457729.58
6163,AC00006163,89,2,saving,active,2024-05-21,80664.62
6164,AC00006164,8,3,Current,Active,2025-08-23,343540.61
6165,AC00006165,63,3,Fixed Deposit,Dormant,2023-12-13,248836.42
6166,AC00006166,72,1,saving,Closed,2023-04-25,222553.9
6167,AC00006167,66,2,Fixed Deposit,Inactive,2025-09-28,149873.14
6168,AC00006168,47,4,Fixed Deposit,Dormant,2023-12-30,486318.29
6169,AC00006169,28,4,CURRENT,active,2025-03-16,388575.2
6170,AC00006170,14,1,saving,Closed,2022-10-17,233169.89
6171,AC00006171,55,4,Current,active,2024-01-16,116441.72
6172,AC00006172,11,4,saving,active,2026-04-21,26384.79
6173,AC00006173,100,4,Current,Active,2023-02-07,352479.97
6174,AC00006174,65,2,CURRENT,Active,2022-10-26,223433.75
6175,AC00006175,22,4,Savings,Dormant,2025-11-24,307051.88
6176,AC00006176,83,1,saving,active,2023-08-28,396113.91
6177,AC00006177,12,3,CURRENT,Inactive,2026-03-31,223002.01
6178,AC00006178,95,2,Savings,Dormant,2023-05-18,471523.43
6179,AC00006179,3,2,Fixed Deposit,Closed,2023-12-16,127736.49
6180,AC00006180,48,1,Fixed Deposit,active,2024-12-01,53277.14
6181,AC00006181,78,2,Fixed Deposit,Dormant,2023-08-08,160300.8
6182,AC00006182,30,4,Savings,Closed,2025-05-16,206209.97
6183,AC00006183,80,4,Current,Closed,2024-08-22,487788.55
6184,AC00006184,35,3,Current,active,2026-01-09,123875.39
6185,AC00006185,92,2,saving,Active,2025-10-21,371744.48
6186,AC00006186,43,3,saving,Dormant,2023-07-13,309519.63
6187,AC00006187,13,1,Current,Active,2026-04-03,263802.25
6188,AC00006188,29,2,saving,active,2024-11-17,97794.97
6189,AC00006189,73,1,Savings,Closed,2022-12-10,53999.58
6190,AC00006190,80,4,saving,Closed,2025-03-20,211359.74
6191,AC00006191,66,3,Current,Inactive,2026-06-01,450877.61
6192,AC00006192,82,4,saving,active,2025-05-03,178059.68
6193,AC00006193,32,4,CURRENT,active,2023-11-07,291789.35
6194,AC00006194,10,1,saving,Active,2024-12-05,400344.71
6195,AC00006195,52,2,Current,Closed,2023-12-29,199542.69
6196,AC00006196,59,1,CURRENT,Dormant,2024-12-16,462220.03
6197,AC00006197,78,1,CURRENT,active,2024-03-29,293092.51
6198,AC00006198,77,4,Current,Dormant,2026-03-08,379432.64
6199,AC00006199,45,4,Savings,Active,2023-12-18,6970.44
6200,AC00006200,96,4,Current,Active,2026-02-06,66810.59
6201,AC00006201,74,4,saving,Closed,2025-01-31,383831.82
6202,AC00006202,64,2,CURRENT,Inactive,2025-08-25,310244.62
6203,AC00006203,96,4,CURRENT,active,2023-02-10,451647.62
6204,AC00006204,64,1,CURRENT,Active,2023-02-07,188813.04
6205,AC00006205,4,2,Fixed Deposit,Active,2023-03-22,273582.03
6206,AC00006206,95,4,Current,Closed,2023-02-21,440148.3
6207,AC00006207,41,4,CURRENT,Closed,2025-04-03,96719.93
6208,AC00006208,99,3,Current,Inactive,2023-12-10,196355.03
6209,AC00006209,90,4,saving,Dormant,2025-04-22,58308.47
6210,AC00006210,61,3,CURRENT,Active,2023-08-30,306846.87
6211,AC00006211,5,3,Current,Closed,2023-04-29,65936.13
6212,AC00006212,87,3,saving,Inactive,2025-06-08,422249.47
6213,AC00006213,72,4,saving,Dormant,2026-03-30,120790.04
6214,AC00006214,3,4,Fixed Deposit,Dormant,2025-12-24,324150.64
6215,AC00006215,85,1,CURRENT,Inactive,2026-05-26,55287.66
6216,AC00006216,36,3,saving,Dormant,2024-11-15,384211.23
6217,AC00006217,57,4,Savings,Inactive,2026-01-21,352479.25
6218,AC00006218,45,4,saving,active,2026-08-03,1833.9
6219,AC00006219,29,2,Fixed Deposit,Closed,2025-01-30,406681.04
6220,AC00006220,49,3,Fixed Deposit,Active,2024-12-30,354428.67
6221,AC00006221,42,4,saving,Active,2024-10-15,9871.6
6222,AC00006222,28,1,Current,Dormant,2025-10-17,446040.93
6223,AC00006223,79,3,Savings,Active,2023-11-01,39169.25
6224,AC00006224,89,4,Current,Closed,2025-09-23,455712.5
6225,AC00006225,47,3,Current,Dormant,2023-07-25,99274.12
6226,AC00006226,62,3,Current,active,2023-12-20,28113.81
6227,AC00006227,78,4,Savings,Closed,2024-05-23,187454.68
6228,AC00006228,93,4,Current,Active,2023-12-25,109508.14
6229,AC00006229,4,1,Current,Dormant,2024-12-31,382305.77
6230,AC00006230,51,4,Current,Inactive,2026-04-11,347889.54
6231,AC00006231,16,2,saving,Active,2022-10-20,269606.93
6232,AC00006232,19,4,Savings,active,2026-01-08,428476.31
6233,AC00006233,59,1,saving,Dormant,2022-11-24,26414.97
6234,AC00006234,25,4,saving,Inactive,2026-01-17,498866.57
6235,AC00006235,4,1,Fixed Deposit,Dormant,2023-11-16,150018.87
6236,AC00006236,87,4,Savings,Inactive,2025-02-08,118443.04
6237,AC00006237,67,4,saving,Inactive,2026-01-05,353791.57
6238,AC00006238,65,1,CURRENT,Inactive,2025-02-03,443873.15
6239,AC00006239,83,1,Savings,Dormant,2025-07-12,199928.71
6240,AC00006240,4,4,Savings,Dormant,2023-09-27,212993.59
6241,AC00006241,40,1,Current,active,2022-12-30,244023.08
6242,AC00006242,83,2,CURRENT,Closed,2024-07-09,225207.58
6243,AC00006243,91,4,Current,active,2025-04-16,244623.1
6244,AC00006244,14,2,Savings,Active,2025-05-16,406848.29
6245,AC00006245,49,3,CURRENT,Closed,2022-12-07,438786.67
6246,AC00006246,44,1,Savings,Inactive,2022-10-18,458932.64
6247,AC00006247,88,1,Savings,Inactive,2023-09-20,293634.68
6248,AC00006248,72,3,CURRENT,Active,2022-09-29,122612.19
6249,AC00006249,95,3,Fixed Deposit,Inactive,2025-10-09,242002.57
6250,AC00006250,90,4,saving,Dormant,2025-10-01,76449.21
6251,AC00006251,60,1,Current,Dormant,2024-07-19,31615.53
6252,AC00006252,80,2,CURRENT,Inactive,2026-04-22,193512.65
6253,AC00006253,46,3,Current,Closed,2026-02-16,22542.64
6254,AC00006254,2,3,Savings,Closed,2025-01-27,440483.78
6255,AC00006255,20,3,Fixed Deposit,active,2023-12-20,456710.59
6256,AC00006256,38,1,Savings,Closed,2022-11-05,78042.82
6257,AC00006257,63,4,CURRENT,Dormant,2024-03-16,163715.7
6258,AC00006258,36,1,Current,active,2023-12-24,100876.13
6259,AC00006259,92,4,CURRENT,Active,2023-02-22,327348.75
6260,AC00006260,72,4,Savings,Closed,2024-12-21,105030.72
6261,AC00006261,17,2,Fixed Deposit,Active,2024-03-19,478828.71
6262,AC00006262,26,4,Savings,active,2024-11-12,152632.97
6263,AC00006263,10,2,Current,Closed,2022-12-20,400343.44
6264,AC00006264,54,2,saving,Inactive,2025-10-03,430370.86
6265,AC00006265,67,1,CURRENT,active,2025-04-27,317679.55
6266,AC00006266,4,2,saving,Closed,2024-12-30,8188.16
6267,AC00006267,1,2,Savings,Active,2026-07-26,33094.3
6268,AC00006268,66,2,Fixed Deposit,Inactive,2026-07-25,394840.41
6269,AC00006269,65,4,Savings,Active,2026-03-15,166132.77
6270,AC00006270,91,1,Savings,Inactive,2025-01-17,367581.18
6271,AC00006271,34,1,Savings,Inactive,2026-03-12,140933.89
6272,AC00006272,78,2,saving,active,2025-10-14,165074.29
6273,AC00006273,5,1,Savings,active,2023-03-04,175115.38
6274,AC00006274,92,3,Fixed Deposit,Closed,2023-04-24,323092.27
6275,AC00006275,80,2,Current,Inactive,2025-09-20,363386.71
6276,AC00006276,21,3,Fixed Deposit,Active,2024-06-18,463972.49
6277,AC00006277,18,2,Fixed Deposit,Active,2026-07-11,164264.45
6278,AC00006278,64,2,Savings,Inactive,2025-07-28,467906.65
6279,AC00006279,55,4,Current,Dormant,2023-05-16,73107.45
6280,AC00006280,23,4,Current,active,2023-07-05,435861.48
6281,AC00006281,10,2,Savings,Closed,2025-03-21,401943.98
6282,AC00006282,80,3,saving,Dormant,2025-06-04,447757.03
6283,AC00006283,4,4,Current,Closed,2023-07-26,89569.32
6284,AC00006284,50,3,Savings,Active,2024-11-16,133686.81
6285,AC00006285,13,4,Fixed Deposit,active,2024-06-30,273702.15
6286,AC00006286,99,3,Savings,active,2024-11-09,480865.68
6287,AC00006287,70,1,saving,Active,2023-08-05,315969.35
6288,AC00006288,92,4,Savings,active,2024-08-08,89322.29
6289,AC00006289,68,2,Savings,Dormant,2025-03-20,253561.55
6290,AC00006290,77,1,Current,Active,2025-10-26,151658.04
6291,AC00006291,12,3,Fixed Deposit,Inactive,2026-05-13,125047.54
6292,AC00006292,46,3,Fixed Deposit,Inactive,2023-08-09,50023.37
6293,AC00006293,26,3,Savings,Active,2024-12-29,204243.76
6294,AC00006294,57,3,saving,Closed,2024-08-06,406814.78
6295,AC00006295,59,4,Current,active,2023-04-26,50072.0
6296,AC00006296,18,2,Fixed Deposit,Inactive,2023-07-31,227916.13
6297,AC00006297,40,3,Fixed Deposit,active,2024-07-11,297375.9
6298,AC00006298,52,2,Current,Inactive,2024-01-30,277704.74
6299,AC00006299,49,3,Fixed Deposit,Active,2025-07-07,427993.42
6300,AC00006300,48,4,CURRENT,Inactive,2023-03-16,73453.23
6301,AC00006301,17,1,Fixed Deposit,Active,2024-09-04,11188.89
6302,AC00006302,53,1,Current,Inactive,2024-01-02,228970.21
6303,AC00006303,29,1,Savings,Closed,2023-06-19,263099.01
6304,AC00006304,64,3,Savings,Dormant,2022-08-25,223328.16
6305,AC00006305,10,2,CURRENT,active,2024-01-13,350016.43
6306,AC00006306,59,2,Fixed Deposit,Closed,2025-05-09,29245.44
6307,AC00006307,88,3,CURRENT,Active,2025-11-18,398323.17
6308,AC00006308,100,1,saving,Closed,2023-03-20,414396.46
6309,AC00006309,74,2,saving,Inactive,2025-12-18,79946.53
6310,AC00006310,30,3,saving,Dormant,2023-11-23,210922.52
6311,AC00006311,56,3,saving,Closed,2024-04-23,251611.11
6312,AC00006312,53,1,Current,Dormant,2026-02-23,379497.06
6313,AC00006313,15,2,Fixed Deposit,Inactive,2024-11-12,354665.33
6314,AC00006314,20,1,Current,Active,2024-11-10,420731.01
6315,AC00006315,90,3,Fixed Deposit,Inactive,2024-01-14,28999.78
6316,AC00006316,82,2,Fixed Deposit,Dormant,2024-07-12,85260.63
6317,AC00006317,60,3,saving,active,2023-08-10,343977.97
6318,AC00006318,30,2,saving,Inactive,2024-03-30,324583.09
6319,AC00006319,74,2,Current,Dormant,2023-07-17,355278.61
6320,AC00006320,9,1,CURRENT,Inactive,2025-05-23,91086.33
6321,AC00006321,55,4,Current,Active,2024-02-03,335467.5
6322,AC00006322,90,1,Fixed Deposit,Dormant,2026-03-05,391487.75
6323,AC00006323,69,4,Savings,Active,2025-11-30,292949.67
6324,AC00006324,69,3,Savings,Closed,2024-08-31,281900.05
6325,AC00006325,56,2,CURRENT,Inactive,2026-07-16,319547.7
6326,AC00006326,48,2,Savings,active,2024-10-12,132793.63
6327,AC00006327,68,4,Savings,Dormant,2025-03-27,199175.5
6328,AC00006328,68,1,CURRENT,active,2023-03-25,358493.88
6329,AC00006329,85,1,CURRENT,Dormant,2023-03-04,389348.02
6330,AC00006330,74,3,Savings,Inactive,2025-05-30,48312.26
6331,AC00006331,94,1,Current,Inactive,2024-08-10,250778.27
6332,AC00006332,56,4,saving,active,2025-10-20,430890.73
6333,AC00006333,63,4,Savings,Closed,2025-04-28,240343.7
6334,AC00006334,65,4,Current,Dormant,2026-03-01,235670.88
6335,AC00006335,15,1,saving,Inactive,2024-10-20,248463.12
6336,AC00006336,13,3,Current,Dormant,2025-12-02,479956.73
6337,AC00006337,78,2,Savings,Dormant,2023-02-17,451511.81
6338,AC00006338,3,1,Current,Closed,2023-08-02,309699.54
6339,AC00006339,73,3,CURRENT,Active,2025-07-25,57397.17
6340,AC00006340,37,1,Fixed Deposit,Dormant,2025-02-28,468270.8
6341,AC00006341,73,1,saving,Closed,2024-04-14,117277.27
6342,AC00006342,14,2,Fixed Deposit,Inactive,2025-12-15,289470.32
6343,AC00006343,15,2,saving,Closed,2023-04-16,231518.85
6344,AC00006344,84,3,saving,Inactive,2025-06-18,317340.0
6345,AC00006345,17,3,CURRENT,Closed,2024-01-08,429745.25
6346,AC00006346,34,4,CURRENT,Closed,2023-01-27,330786.04
6347,AC00006347,16,2,Fixed Deposit,Inactive,2022-11-05,329948.58
6348,AC00006348,64,4,Savings,Inactive,2026-01-03,308569.5
6349,AC00006349,89,4,Fixed Deposit,Closed,2023-10-10,369820.26
6350,AC00006350,90,4,CURRENT,Inactive,2025-10-17,142618.61
6351,AC00006351,28,2,saving,Active,2025-09-23,412547.02
6352,AC00006352,42,2,Current,active,2026-04-21,252731.78
6353,AC00006353,17,1,Fixed Deposit,active,2026-06-23,385676.02
6354,AC00006354,53,4,Fixed Deposit,Closed,2026-03-12,102487.99
6355,AC00006355,73,2,saving,Closed,2026-07-31,275268.41
6356,AC00006356,58,4,Current,Dormant,2025-09-14,24283.0
6357,AC00006357,48,4,Savings,Closed,2024-10-17,367820.09
6358,AC00006358,97,3,Savings,Dormant,2023-05-28,6662.14
6359,AC00006359,48,1,Fixed Deposit,active,2023-08-18,334764.1
6360,AC00006360,8,1,CURRENT,Inactive,2026-06-14,71484.41
6361,AC00006361,33,1,Current,active,2023-09-22,99957.25
6362,AC00006362,58,2,Fixed Deposit,Inactive,2024-11-14,156616.34
6363,AC00006363,36,4,Current,Dormant,2024-01-07,395920.51
6364,AC00006364,95,1,saving,active,2024-02-13,446420.13
6365,AC00006365,26,4,CURRENT,Inactive,2024-07-08,318485.76
6366,AC00006366,18,2,CURRENT,Active,2025-01-20,412415.77
6367,AC00006367,19,3,Fixed Deposit,Inactive,2025-06-11,441076.49
6368,AC00006368,69,4,CURRENT,active,2024-10-11,153557.21
6369,AC00006369,35,1,Current,Inactive,2024-05-13,245427.09
6370,AC00006370,55,4,CURRENT,Closed,2024-07-27,210295.26
6371,AC00006371,14,4,Fixed Deposit,active,2024-02-24,62812.18
6372,AC00006372,51,2,Savings,Inactive,2026-01-19,103648.78
6373,AC00006373,93,1,Fixed Deposit,Inactive,2023-07-07,273699.84
6374,AC00006374,1,4,saving,Inactive,2026-04-23,113736.43
6375,AC00006375,40,1,Fixed Deposit,Dormant,2023-09-09,25502.5
6376,AC00006376,23,2,Current,Dormant,2025-08-18,391466.3
6377,AC00006377,49,1,saving,Dormant,2023-07-07,306125.27
6378,AC00006378,42,3,Current,Dormant,2023-08-14,148813.85
6379,AC00006379,1,1,saving,active,2026-04-09,484769.75
6380,AC00006380,19,1,CURRENT,Inactive,2025-08-13,63275.73
6381,AC00006381,28,1,saving,Closed,2025-05-27,378259.29
6382,AC00006382,47,2,saving,Inactive,2025-03-08,368479.57
6383,AC00006383,88,2,Current,Closed,2024-10-27,428702.69
6384,AC00006384,21,2,Current,Dormant,2024-02-06,342034.03
6385,AC00006385,35,1,Savings,Active,2025-07-16,60031.95
6386,AC00006386,98,3,CURRENT,Active,2024-02-21,477484.16
6387,AC00006387,61,4,CURRENT,active,2022-12-15,235222.44
6388,AC00006388,96,2,CURRENT,Closed,2024-08-04,404270.57
6389,AC00006389,19,4,Current,Dormant,2024-10-02,223929.55
6390,AC00006390,17,2,CURRENT,active,2022-10-03,3887.34
6391,AC00006391,48,3,Savings,Inactive,2023-11-29,451246.25
6392,AC00006392,40,2,CURRENT,Closed,2025-07-02,442963.86
6393,AC00006393,74,4,Fixed Deposit,Active,2025-07-05,4294.38
6394,AC00006394,33,4,CURRENT,active,2026-07-11,39550.19
6395,AC00006395,57,3,CURRENT,Inactive,2025-06-15,217022.53
6396,AC00006396,97,4,Fixed Deposit,Inactive,2026-07-22,44849.38
6397,AC00006397,56,4,Savings,Dormant,2024-11-19,265444.54
6398,AC00006398,58,3,saving,Inactive,2023-08-31,6425.43
6399,AC00006399,34,3,Current,Inactive,2024-07-19,227478.91
6400,AC00006400,57,3,Current,Dormant,2025-03-17,79287.46
6401,AC00006401,97,1,CURRENT,Dormant,2023-06-04,85037.87
6402,AC00006402,28,2,Current,active,2024-03-27,445325.48
6403,AC00006403,95,3,Savings,Closed,2025-02-25,280690.54
6404,AC00006404,25,4,Current,Dormant,2022-12-22,475102.88
6405,AC00006405,57,1,saving,Active,2023-10-29,165653.31
6406,AC00006406,17,4,Current,Inactive,2024-09-08,9383.64
6407,AC00006407,39,4,Savings,active,2023-06-07,404261.68
6408,AC00006408,20,1,Fixed Deposit,active,2023-06-23,111371.34
6409,AC00006409,53,3,Fixed Deposit,Dormant,2023-05-01,398527.26
6410,AC00006410,6,2,CURRENT,Inactive,2024-07-25,86820.56
6411,AC00006411,32,3,CURRENT,Dormant,2023-11-06,197347.2
6412,AC00006412,50,4,Current,Dormant,2026-06-08,155116.82
6413,AC00006413,85,2,Savings,Inactive,2026-07-26,135393.0
6414,AC00006414,48,3,saving,active,2024-02-16,285907.38
6415,AC00006415,16,1,saving,active,2022-12-03,13808.84
6416,AC00006416,26,4,Savings,active,2026-04-22,291334.32
6417,AC00006417,79,2,CURRENT,Closed,2025-02-02,443998.63
6418,AC00006418,6,4,CURRENT,active,2023-05-12,182496.15
6419,AC00006419,70,1,Current,active,2024-08-25,122218.76
6420,AC00006420,62,1,Savings,Active,2023-07-17,310995.91
6421,AC00006421,33,4,CURRENT,Active,2023-12-23,313762.08
6422,AC00006422,20,3,Fixed Deposit,Dormant,2023-07-22,386424.54
6423,AC00006423,10,1,Savings,Dormant,2025-08-18,190991.62
6424,AC00006424,69,2,Savings,Inactive,2024-01-15,8437.22
6425,AC00006425,20,3,Current,Dormant,2023-03-03,102642.39
6426,AC00006426,69,2,Fixed Deposit,Closed,2025-02-19,76662.71
6427,AC00006427,76,3,CURRENT,active,2026-04-06,153791.34
6428,AC00006428,61,3,saving,Inactive,2023-04-06,221791.11
6429,AC00006429,13,1,saving,Inactive,2025-06-23,212178.61
6430,AC00006430,39,4,CURRENT,active,2023-07-05,277593.45
6431,AC00006431,86,1,CURRENT,Inactive,2022-11-11,187748.99
6432,AC00006432,36,2,Savings,Closed,2025-03-30,423098.02
6433,AC00006433,83,2,Current,Active,2022-11-02,100702.97
6434,AC00006434,24,4,CURRENT,Active,2023-09-27,488419.57
6435,AC00006435,67,2,Fixed Deposit,Dormant,2025-12-24,168897.97
6436,AC00006436,68,1,Savings,active,2025-02-05,383069.07
6437,AC00006437,83,2,Fixed Deposit,active,2025-04-30,354542.53
6438,AC00006438,63,1,Fixed Deposit,Inactive,2026-06-07,175318.43
6439,AC00006439,73,1,Fixed Deposit,Inactive,2023-10-31,217300.91
6440,AC00006440,4,4,Savings,Inactive,2025-11-13,390845.75
6441,AC00006441,73,3,Current,Inactive,2025-02-09,232083.98
6442,AC00006442,49,3,Savings,active,2025-04-29,286830.91
6443,AC00006443,97,4,Current,Dormant,2026-06-29,328683.84
6444,AC00006444,41,2,Current,Closed,2025-03-10,409846.66
6445,AC00006445,74,3,Fixed Deposit,Inactive,2022-09-20,384708.59
6446,AC00006446,39,4,Fixed Deposit,Closed,2025-08-31,8928.08
6447,AC00006447,47,1,saving,Active,2023-04-08,160005.37
6448,AC00006448,92,2,CURRENT,Closed,2023-12-23,465309.16
6449,AC00006449,35,3,Current,active,2024-07-08,108144.59
6450,AC00006450,40,2,Fixed Deposit,Dormant,2026-01-04,12301.88
6451,AC00006451,19,1,Fixed Deposit,Dormant,2022-11-01,480694.48
6452,AC00006452,62,1,Current,Active,2024-02-29,395358.29
6453,AC00006453,71,2,Fixed Deposit,Active,2026-06-07,74613.3
6454,AC00006454,63,4,CURRENT,Closed,2022-11-13,255456.49
6455,AC00006455,76,3,Current,Closed,2022-11-15,141932.87
6456,AC00006456,97,1,Savings,active,2022-09-07,226830.72
6457,AC00006457,78,2,Fixed Deposit,Dormant,2022-12-16,355281.16
6458,AC00006458,32,4,Current,Closed,2024-02-01,140770.16
6459,AC00006459,42,3,Savings,Dormant,2026-07-20,116359.46
6460,AC00006460,51,2,saving,Inactive,2024-06-27,467367.88
6461,AC00006461,3,3,Savings,active,2025-03-07,80982.84
6462,AC00006462,44,1,saving,Closed,2026-03-31,498969.72
6463,AC00006463,56,2,saving,Closed,2023-02-28,35329.86
6464,AC00006464,18,4,Current,Active,2022-12-04,462997.91
6465,AC00006465,98,2,saving,active,2023-07-13,103817.5
6466,AC00006466,67,4,saving,Inactive,2024-06-02,473579.98
6467,AC00006467,93,1,CURRENT,active,2025-12-05,468758.44
6468,AC00006468,63,2,Savings,Inactive,2026-07-28,111119.62
6469,AC00006469,31,1,Savings,Inactive,2025-08-24,196255.27
6470,AC00006470,42,4,Fixed Deposit,Active,2026-03-28,246581.54
6471,AC00006471,65,4,CURRENT,Closed,2024-11-05,364018.41
6472,AC00006472,70,4,Current,active,2023-09-19,364281.5
6473,AC00006473,2,3,Fixed Deposit,Dormant,2026-04-29,189143.51
6474,AC00006474,65,2,Fixed Deposit,Dormant,2024-11-25,109806.04
6475,AC00006475,83,2,Fixed Deposit,Closed,2026-07-15,412916.67
6476,AC00006476,8,3,Fixed Deposit,Inactive,2024-08-12,248217.17
6477,AC00006477,29,4,Current,active,2025-09-13,465482.45
6478,AC00006478,14,3,Fixed Deposit,Active,2025-04-25,378330.42
6479,AC00006479,67,1,Savings,active,2022-10-31,181869.41
6480,AC00006480,4,4,Fixed Deposit,Inactive,2023-04-21,113792.36
6481,AC00006481,55,3,Current,Inactive,2022-08-23,452004.61
6482,AC00006482,73,2,CURRENT,Closed,2025-12-24,418360.79
6483,AC00006483,66,3,CURRENT,Active,2025-02-01,334940.26
6484,AC00006484,4,2,Fixed Deposit,Dormant,2025-07-17,174831.07
6485,AC00006485,36,3,Savings,Closed,2026-02-15,394260.91
6486,AC00006486,26,1,Savings,Dormant,2023-10-07,287297.74
6487,AC00006487,69,2,saving,Closed,2025-09-18,280628.08
6488,AC00006488,22,3,Current,Active,2025-07-28,492358.85
6489,AC00006489,63,4,CURRENT,Closed,2023-04-14,187420.07
6490,AC00006490,82,3,CURRENT,active,2026-01-18,329903.21
6491,AC00006491,8,3,Savings,Dormant,2023-09-07,137596.79
6492,AC00006492,15,2,CURRENT,Dormant,2023-01-14,66451.35
6493,AC00006493,95,4,CURRENT,Inactive,2026-01-16,139545.82
6494,AC00006494,23,2,CURRENT,Active,2024-01-05,316815.62
6495,AC00006495,11,1,Fixed Deposit,Active,2024-09-28,214739.47
6496,AC00006496,18,1,CURRENT,Closed,2025-05-06,198857.13
6497,AC00006497,99,1,saving,Dormant,2025-10-10,265001.34
6498,AC00006498,58,3,Current,Active,2024-10-15,47767.24
6499,AC00006499,42,4,saving,Dormant,2024-09-05,169128.71
6500,AC00006500,73,1,Current,Dormant,2024-06-30,85822.65
6501,AC00006501,49,1,saving,Closed,2026-06-22,473635.9
6502,AC00006502,32,1,Fixed Deposit,active,2023-02-12,219971.65
6503,AC00006503,20,2,Fixed Deposit,Active,2024-09-19,225417.66
6504,AC00006504,99,4,Current,Inactive,2023-08-19,52899.08
6505,AC00006505,35,3,Savings,Closed,2025-07-08,437686.02
6506,AC00006506,8,1,Fixed Deposit,active,2023-08-22,85737.42
6507,AC00006507,85,4,saving,Active,2022-10-08,365705.46
6508,AC00006508,89,4,Fixed Deposit,Dormant,2026-06-24,308733.88
6509,AC00006509,51,3,Current,Closed,2024-04-12,335690.32
6510,AC00006510,41,4,CURRENT,Active,2024-08-31,274499.22
6511,AC00006511,2,1,Fixed Deposit,active,2026-01-23,59185.63
6512,AC00006512,31,4,Current,Dormant,2025-06-05,2148.63
6513,AC00006513,98,1,Savings,Inactive,2024-12-05,134078.38
6514,AC00006514,74,4,Current,Closed,2024-08-11,177179.82
6515,AC00006515,35,3,Current,active,2022-08-21,235025.35
6516,AC00006516,42,3,Fixed Deposit,Dormant,2023-11-15,81329.76
6517,AC00006517,22,4,saving,Inactive,2025-04-22,335821.09
6518,AC00006518,23,1,saving,Closed,2024-02-20,483502.15
6519,AC00006519,40,3,Fixed Deposit,Closed,2024-03-28,209402.2
6520,AC00006520,67,2,CURRENT,active,2022-11-28,183530.5
6521,AC00006521,30,2,CURRENT,Inactive,2024-01-16,216206.28
6522,AC00006522,73,3,Current,Active,2023-05-21,21717.57
6523,AC00006523,21,2,Fixed Deposit,Closed,2025-12-04,388427.72
6524,AC00006524,31,1,Savings,Inactive,2026-01-23,210029.99
6525,AC00006525,30,2,CURRENT,Inactive,2024-05-10,312258.07
6526,AC00006526,11,1,Savings,Dormant,2023-06-02,216235.35
6527,AC00006527,61,3,Fixed Deposit,Inactive,2023-02-22,288008.36
6528,AC00006528,33,4,Savings,Inactive,2024-10-26,466403.41
6529,AC00006529,52,2,saving,Inactive,2024-06-06,122017.72
6530,AC00006530,8,2,Current,active,2022-10-18,444404.77
6531,AC00006531,51,4,Current,Dormant,2026-04-09,429889.96
6532,AC00006532,96,4,Current,Inactive,2025-11-29,257548.23
6533,AC00006533,39,4,Fixed Deposit,Inactive,2024-02-18,399676.96
6534,AC00006534,85,2,Savings,Inactive,2026-06-06,387826.58
6535,AC00006535,89,2,Savings,Closed,2023-04-21,471785.16
6536,AC00006536,98,4,saving,active,2025-07-25,425895.17
6537,AC00006537,29,2,Fixed Deposit,Dormant,2026-04-11,110445.31
6538,AC00006538,7,4,Fixed Deposit,Inactive,2026-03-03,36396.06
6539,AC00006539,36,3,Fixed Deposit,Inactive,2022-09-11,254561.44
6540,AC00006540,29,1,Current,Active,2024-02-19,411892.28
6541,AC00006541,70,3,saving,Active,2023-09-15,157890.37
6542,AC00006542,84,2,Current,active,2024-01-09,89235.08
6543,AC00006543,71,2,Current,Dormant,2023-05-13,236547.05
6544,AC00006544,12,3,CURRENT,Dormant,2022-10-27,121877.93
6545,AC00006545,52,1,CURRENT,Closed,2023-10-29,290873.3
6546,AC00006546,72,2,saving,Active,2025-07-16,163110.24
6547,AC00006547,13,2,Savings,Inactive,2025-11-12,108571.71
6548,AC00006548,28,2,Current,Closed,2024-11-28,357964.68
6549,AC00006549,22,2,Current,active,2022-10-02,177901.88
6550,AC00006550,29,2,Fixed Deposit,Active,2023-09-08,16423.15
6551,AC00006551,16,4,CURRENT,Dormant,2026-03-30,234191.7
6552,AC00006552,33,1,saving,Inactive,2025-12-22,202779.68
6553,AC00006553,22,4,Fixed Deposit,Inactive,2026-01-25,89245.59
6554,AC00006554,46,1,saving,Dormant,2023-02-10,340045.39
6555,AC00006555,67,3,Current,Active,2026-02-16,327951.62
6556,AC00006556,4,4,Fixed Deposit,active,2026-03-19,151868.32
6557,AC00006557,54,3,Savings,Inactive,2025-12-24,134356.14
6558,AC00006558,49,2,Fixed Deposit,Inactive,2024-01-30,480548.75
6559,AC00006559,48,1,Fixed Deposit,active,2023-01-23,25429.06
6560,AC00006560,60,1,saving,active,2023-01-18,240507.75
6561,AC00006561,46,2,Fixed Deposit,Dormant,2023-02-01,408411.51
6562,AC00006562,33,3,Fixed Deposit,Closed,2024-07-03,447404.63
6563,AC00006563,53,3,Current,Inactive,2025-10-16,461888.34
6564,AC00006564,42,2,Current,Inactive,2023-09-19,53297.9
6565,AC00006565,56,3,CURRENT,Closed,2024-09-10,324486.6
6566,AC00006566,82,2,Fixed Deposit,Inactive,2024-02-25,460875.82
6567,AC00006567,35,4,saving,Active,2024-09-10,198581.34
6568,AC00006568,100,3,Savings,Active,2024-08-14,470281.62
6569,AC00006569,32,1,Current,Active,2024-10-14,300556.44
6570,AC00006570,70,3,CURRENT,active,2025-11-14,126437.64
6571,AC00006571,41,3,Savings,Closed,2024-12-08,337254.94
6572,AC00006572,40,1,saving,Active,2025-02-11,288270.16
6573,AC00006573,60,2,Fixed Deposit,Inactive,2024-02-26,333597.11
6574,AC00006574,12,3,CURRENT,Inactive,2024-01-19,95087.41
6575,AC00006575,73,4,saving,Closed,2025-01-29,373886.15
6576,AC00006576,73,1,Fixed Deposit,Dormant,2023-05-23,462678.1
6577,AC00006577,69,3,Savings,Dormant,2025-10-28,177549.17
6578,AC00006578,35,2,Savings,Closed,2023-06-25,230494.51
6579,AC00006579,28,2,Current,Closed,2025-08-24,357065.45
6580,AC00006580,62,3,Current,Active,2024-05-31,323343.28
6581,AC00006581,24,4,saving,Dormant,2023-11-07,203740.17
6582,AC00006582,24,3,Fixed Deposit,active,2026-06-14,276659.2
6583,AC00006583,23,1,Current,Closed,2022-12-24,317985.86
6584,AC00006584,91,1,Fixed Deposit,Active,2026-01-20,298078.66
6585,AC00006585,60,1,saving,Inactive,2025-11-24,124664.82
6586,AC00006586,24,1,Savings,active,2023-03-21,310779.01
6587,AC00006587,32,4,saving,active,2022-09-11,26806.14
6588,AC00006588,95,1,saving,Closed,2025-02-09,467298.93
6589,AC00006589,32,2,Current,Dormant,2025-06-15,302065.43
6590,AC00006590,34,2,Savings,Inactive,2026-04-10,152490.26
6591,AC00006591,58,4,Fixed Deposit,Inactive,2024-01-12,26439.09
6592,AC00006592,85,4,Fixed Deposit,Dormant,2024-11-22,409210.93
6593,AC00006593,69,4,Current,active,2024-09-23,50805.07
6594,AC00006594,38,3,Fixed Deposit,active,2024-03-01,131963.64
6595,AC00006595,10,4,CURRENT,active,2025-05-30,278507.63
6596,AC00006596,35,3,saving,Inactive,2025-11-28,304515.6
6597,AC00006597,5,4,CURRENT,Active,2026-08-04,230382.88
6598,AC00006598,41,3,saving,Dormant,2023-04-30,337843.51
6599,AC00006599,81,4,saving,Inactive,2026-07-22,21173.43
6600,AC00006600,91,4,Current,Closed,2026-04-17,224222.21
6601,AC00006601,90,3,Current,Closed,2023-06-18,78487.7
6602,AC00006602,56,1,Fixed Deposit,Active,2026-03-16,336789.61
6603,AC00006603,18,4,Fixed Deposit,Inactive,2024-03-09,279488.87
6604,AC00006604,62,3,Savings,Closed,2024-01-05,409208.98
6605,AC00006605,79,2,saving,active,2022-12-20,182113.17
6606,AC00006606,12,2,Current,Dormant,2025-06-30,345423.72
6607,AC00006607,22,2,Savings,Closed,2026-05-27,127249.42
6608,AC00006608,50,1,Savings,active,2026-06-02,472276.79
6609,AC00006609,48,1,Current,active,2026-04-09,178035.5
6610,AC00006610,7,4,Fixed Deposit,Active,2023-02-14,21244.75
6611,AC00006611,7,1,Savings,Active,2024-09-11,469215.47
6612,AC00006612,59,3,Savings,Inactive,2026-02-01,82217.24
6613,AC00006613,93,3,Fixed Deposit,Dormant,2025-09-14,413358.2
6614,AC00006614,41,4,Fixed Deposit,Dormant,2025-09-17,401758.88
6615,AC00006615,61,4,CURRENT,Closed,2026-02-21,161017.26
6616,AC00006616,82,4,saving,Active,2026-07-03,298319.89
6617,AC00006617,37,1,CURRENT,Active,2023-07-05,485966.94
6618,AC00006618,86,2,Fixed Deposit,Active,2023-04-11,74276.95
6619,AC00006619,14,2,Current,active,2026-06-03,66219.34
6620,AC00006620,35,3,Savings,Inactive,2024-08-16,358605.87
6621,AC00006621,23,1,Fixed Deposit,Active,2026-06-28,384504.36
6622,AC00006622,73,3,Fixed Deposit,Closed,2026-04-01,191710.99
6623,AC00006623,39,2,Current,active,2023-06-30,246598.23
6624,AC00006624,69,2,CURRENT,active,2025-12-07,115469.49
6625,AC00006625,64,2,CURRENT,Active,2025-01-20,15228.21
6626,AC00006626,7,2,Current,Closed,2025-10-23,446344.58
6627,AC00006627,20,3,Current,Inactive,2023-07-07,415044.91
6628,AC00006628,66,2,Fixed Deposit,Closed,2022-11-30,30601.08
6629,AC00006629,71,2,Current,Active,2023-11-02,352670.1
6630,AC00006630,6,1,saving,Active,2023-03-24,322245.77
6631,AC00006631,82,1,Fixed Deposit,Active,2026-02-08,107770.07
6632,AC00006632,43,4,Savings,Dormant,2023-01-08,469966.87
6633,AC00006633,46,3,saving,active,2024-04-30,239308.88
6634,AC00006634,97,1,saving,Active,2025-02-18,210980.32
6635,AC00006635,83,2,saving,Inactive,2024-02-06,327465.78
6636,AC00006636,11,2,Savings,Closed,2023-12-04,141803.74
6637,AC00006637,34,1,CURRENT,Closed,2023-09-22,221741.97
6638,AC00006638,25,3,saving,active,2024-01-11,60187.78
6639,AC00006639,60,3,saving,active,2026-06-22,342015.93
6640,AC00006640,97,3,saving,Inactive,2025-10-05,155091.79
6641,AC00006641,72,4,CURRENT,Inactive,2024-09-03,131164.61
6642,AC00006642,70,2,Savings,Active,2023-02-09,16495.71
6643,AC00006643,50,3,CURRENT,Closed,2022-10-18,395052.03
6644,AC00006644,17,2,Fixed Deposit,Closed,2025-08-09,1001.48
6645,AC00006645,70,4,Current,Dormant,2025-05-05,461051.08
6646,AC00006646,48,1,Savings,Dormant,2022-09-08,277338.6
6647,AC00006647,2,3,Current,active,2023-02-07,185121.52
6648,AC00006648,64,1,saving,Inactive,2024-04-13,178033.49
6649,AC00006649,38,3,CURRENT,Active,2022-11-29,65293.96
6650,AC00006650,29,4,saving,Active,2024-02-15,6678.59
6651,AC00006651,24,1,CURRENT,Closed,2025-05-01,450258.19
6652,AC00006652,67,3,Savings,Closed,2024-09-24,306678.9
6653,AC00006653,10,4,CURRENT,Closed,2025-08-09,223435.59
6654,AC00006654,80,2,Savings,Dormant,2023-12-01,133256.97
6655,AC00006655,65,1,Savings,Active,2024-10-06,134775.01
6656,AC00006656,3,3,Savings,Closed,2024-09-21,295515.93
6657,AC00006657,73,3,Current,active,2025-07-09,493314.98
6658,AC00006658,80,2,Savings,Closed,2023-07-10,361120.98
6659,AC00006659,16,1,Current,Inactive,2025-07-12,200720.9
6660,AC00006660,2,4,Savings,active,2025-03-07,172328.32
6661,AC00006661,91,2,Current,Closed,2024-03-11,158210.0
6662,AC00006662,81,2,CURRENT,Closed,2024-10-16,402743.05
6663,AC00006663,11,4,CURRENT,Closed,2026-03-07,447087.41
6664,AC00006664,97,3,Savings,Closed,2025-03-17,402935.46
6665,AC00006665,3,4,Current,Inactive,2023-03-07,165444.13
6666,AC00006666,93,2,saving,Closed,2024-03-01,190795.26
6667,AC00006667,22,1,Savings,Inactive,2022-09-11,132743.35
6668,AC00006668,31,2,Fixed Deposit,Inactive,2024-08-09,130007.45
6669,AC00006669,94,1,Fixed Deposit,Active,2023-10-12,367928.51
6670,AC00006670,96,3,CURRENT,Inactive,2024-08-05,186236.97
6671,AC00006671,65,1,Current,active,2025-10-29,317901.24
6672,AC00006672,50,2,Fixed Deposit,active,2025-03-29,278726.14
6673,AC00006673,20,1,Fixed Deposit,Closed,2026-05-18,304337.5
6674,AC00006674,96,4,Savings,Closed,2026-02-27,329359.48
6675,AC00006675,47,1,CURRENT,active,2024-04-04,372978.25
6676,AC00006676,65,3,Current,Active,2025-08-06,338176.77
6677,AC00006677,60,2,Fixed Deposit,Active,2022-11-19,217790.36
6678,AC00006678,20,2,saving,Inactive,2024-07-01,456309.4
6679,AC00006679,34,4,Savings,active,2025-06-03,18175.91
6680,AC00006680,41,4,Fixed Deposit,Dormant,2024-05-12,178319.78
6681,AC00006681,33,4,Savings,Closed,2023-11-23,320424.12
6682,AC00006682,1,1,saving,Inactive,2022-10-02,106836.55
6683,AC00006683,2,1,Savings,Closed,2024-11-20,152635.48
6684,AC00006684,91,3,Current,Closed,2024-11-10,425175.25
6685,AC00006685,10,3,Current,Dormant,2025-04-23,10214.23
6686,AC00006686,72,3,CURRENT,Inactive,2026-02-01,172578.91
6687,AC00006687,36,3,CURRENT,Closed,2025-07-12,375073.63
6688,AC00006688,77,3,saving,Active,2025-04-04,486835.28
6689,AC00006689,93,2,Current,active,2026-05-28,1847.84
6690,AC00006690,2,2,Current,Closed,2025-08-04,107025.29
6691,AC00006691,83,4,Current,Closed,2024-02-27,424635.12
6692,AC00006692,58,2,CURRENT,Dormant,2026-01-09,140113.13
6693,AC00006693,73,3,CURRENT,Active,2023-08-10,50097.77
6694,AC00006694,67,2,saving,active,2024-04-05,461761.61
6695,AC00006695,67,2,saving,active,2026-02-13,263094.07
6696,AC00006696,51,2,saving,Active,2023-04-06,312165.24
6697,AC00006697,48,2,saving,Inactive,2023-10-26,52119.83
6698,AC00006698,29,2,CURRENT,Dormant,2024-02-06,303243.57
6699,AC00006699,100,1,saving,active,2023-08-16,410778.56
6700,AC00006700,73,1,Fixed Deposit,Dormant,2022-10-02,373144.15
6701,AC00006701,59,2,saving,active,2025-03-20,114597.97
6702,AC00006702,73,4,Savings,active,2025-08-05,123258.32
6703,AC00006703,50,3,saving,active,2026-05-24,185669.2
6704,AC00006704,69,3,Savings,Dormant,2022-11-25,960.57
6705,AC00006705,99,2,Savings,Closed,2025-02-14,222963.56
6706,AC00006706,33,2,Savings,Closed,2025-09-18,109741.27
6707,AC00006707,40,3,Fixed Deposit,active,2023-07-21,487846.97
6708,AC00006708,82,4,Fixed Deposit,Closed,2022-12-10,108315.95
6709,AC00006709,90,2,Savings,Inactive,2022-11-03,35625.61
6710,AC00006710,57,1,Current,Closed,2024-12-30,259313.52
6711,AC00006711,1,1,saving,Closed,2025-03-12,277395.21
6712,AC00006712,71,2,Savings,Dormant,2024-11-06,483996.49
6713,AC00006713,44,4,saving,Closed,2026-07-21,468303.72
6714,AC00006714,99,1,Savings,Dormant,2024-11-19,81837.68
6715,AC00006715,82,1,Current,Inactive,2026-06-25,406787.34
6716,AC00006716,64,2,CURRENT,Active,2025-06-16,11816.28
6717,AC00006717,26,2,Current,Inactive,2024-12-15,161701.25
6718,AC00006718,65,3,Fixed Deposit,Closed,2024-10-11,228489.9
6719,AC00006719,89,4,CURRENT,Closed,2023-10-29,317174.05
6720,AC00006720,79,2,Fixed Deposit,active,2022-12-22,54814.16
6721,AC00006721,33,1,saving,Inactive,2023-11-03,164051.33
6722,AC00006722,100,4,Current,Active,2023-09-05,286292.44
6723,AC00006723,25,4,CURRENT,Inactive,2025-05-10,99645.51
6724,AC00006724,12,1,Current,Dormant,2026-05-21,393449.36
6725,AC00006725,39,3,CURRENT,Active,2026-07-30,111356.89
6726,AC00006726,95,2,Fixed Deposit,Closed,2023-09-11,184889.69
6727,AC00006727,40,1,Fixed Deposit,active,2025-10-23,219950.45
6728,AC00006728,56,3,saving,active,2024-04-28,156673.1
6729,AC00006729,99,2,Current,Active,2023-03-09,225229.45
6730,AC00006730,49,3,Current,active,2024-12-19,164003.3
6731,AC00006731,72,3,Fixed Deposit,Dormant,2024-01-01,435095.19
6732,AC00006732,92,2,Savings,active,2025-09-30,61714.49
6733,AC00006733,7,4,Current,active,2023-01-21,320220.09
6734,AC00006734,31,2,CURRENT,Inactive,2024-03-25,20504.64
6735,AC00006735,88,2,Current,Closed,2024-09-12,303111.01
6736,AC00006736,7,1,CURRENT,active,2023-06-15,204364.16
6737,AC00006737,71,2,Fixed Deposit,Dormant,2026-01-15,90756.63
6738,AC00006738,17,2,saving,Active,2024-07-29,417023.11
6739,AC00006739,33,4,Savings,Closed,2025-02-09,330457.99
6740,AC00006740,59,2,CURRENT,Dormant,2022-10-05,97413.26
6741,AC00006741,34,1,CURRENT,Inactive,2025-07-14,72805.03
6742,AC00006742,71,3,saving,Active,2026-07-19,249944.03
6743,AC00006743,83,1,saving,Dormant,2023-01-28,13923.35
6744,AC00006744,24,1,Fixed Deposit,Dormant,2023-07-18,335134.37
6745,AC00006745,91,4,CURRENT,Inactive,2022-08-24,134678.24
6746,AC00006746,13,3,Fixed Deposit,active,2022-12-14,471893.79
6747,AC00006747,21,2,Savings,Active,2023-03-02,257980.1
6748,AC00006748,17,1,saving,Inactive,2024-01-20,498753.18
6749,AC00006749,86,3,CURRENT,Inactive,2025-09-11,203701.99
6750,AC00006750,49,2,Fixed Deposit,Closed,2024-09-02,415485.28
6751,AC00006751,21,3,Fixed Deposit,active,2026-06-11,238005.0
6752,AC00006752,1,2,Current,Active,2025-03-22,451781.49
6753,AC00006753,90,1,saving,Closed,2025-07-03,375536.16
6754,AC00006754,39,3,Savings,active,2023-05-25,219469.82
6755,AC00006755,52,4,Current,Closed,2024-08-15,322957.24
6756,AC00006756,46,4,Fixed Deposit,Inactive,2026-03-02,144492.1
6757,AC00006757,79,4,Savings,Active,2025-09-22,328787.86
6758,AC00006758,63,1,Current,Inactive,2026-02-13,349710.49
6759,AC00006759,74,4,Fixed Deposit,Active,2025-12-20,117659.23
6760,AC00006760,26,3,saving,Inactive,2026-02-05,172449.82
6761,AC00006761,65,4,Current,Active,2025-08-01,11516.53
6762,AC00006762,34,4,CURRENT,Active,2025-10-12,143205.96
6763,AC00006763,40,3,saving,Closed,2025-03-26,457743.38
6764,AC00006764,6,4,saving,active,2026-03-15,393126.4
6765,AC00006765,32,1,Savings,active,2024-04-06,410272.37
6766,AC00006766,83,3,saving,Inactive,2025-03-12,133589.05
6767,AC00006767,26,2,saving,Dormant,2022-11-27,221669.92
6768,AC00006768,58,4,saving,Inactive,2022-11-10,8016.23
6769,AC00006769,3,1,Fixed Deposit,Active,2023-09-24,459808.66
6770,AC00006770,88,1,Fixed Deposit,Dormant,2025-07-04,165758.59
6771,AC00006771,28,1,Savings,Inactive,2022-09-26,466133.91
6772,AC00006772,9,1,Fixed Deposit,Dormant,2023-08-22,304088.06
6773,AC00006773,36,2,saving,active,2025-03-21,443087.76
6774,AC00006774,65,2,Current,Closed,2024-06-05,344847.21
6775,AC00006775,56,1,Fixed Deposit,Dormant,2022-10-17,154194.04
6776,AC00006776,94,2,Savings,Active,2026-02-14,353298.66
6777,AC00006777,52,2,Current,active,2023-12-05,387051.97
6778,AC00006778,91,4,Fixed Deposit,active,2026-02-21,5833.08
6779,AC00006779,90,2,Fixed Deposit,active,2024-06-27,460991.89
6780,AC00006780,40,4,Current,Dormant,2025-04-13,235937.66
6781,AC00006781,40,2,Savings,Dormant,2024-04-22,384725.22
6782,AC00006782,19,3,Current,active,2026-02-10,1622.89
6783,AC00006783,31,3,saving,Dormant,2023-04-26,291319.27
6784,AC00006784,87,1,CURRENT,Dormant,2025-08-27,229223.59
6785,AC00006785,9,4,saving,Inactive,2022-11-03,315848.78
6786,AC00006786,21,3,saving,active,2023-11-27,331688.35
6787,AC00006787,93,2,Fixed Deposit,Active,2024-11-07,400253.74
6788,AC00006788,13,1,Current,Dormant,2023-10-02,193238.86
6789,AC00006789,43,1,Fixed Deposit,Dormant,2025-12-01,346679.43
6790,AC00006790,91,4,saving,Dormant,2023-06-02,117109.74
6791,AC00006791,24,2,Fixed Deposit,Inactive,2026-03-05,134195.31
6792,AC00006792,13,2,Fixed Deposit,Dormant,2024-01-22,204012.92
6793,AC00006793,50,2,Savings,Dormant,2024-09-13,174720.61
6794,AC00006794,92,2,saving,Inactive,2024-12-16,486275.5
6795,AC00006795,40,1,saving,Closed,2022-11-27,387076.82
6796,AC00006796,64,2,Fixed Deposit,Dormant,2024-12-21,49110.29
6797,AC00006797,47,2,Fixed Deposit,Inactive,2024-03-01,224491.43
6798,AC00006798,34,2,CURRENT,Inactive,2023-06-05,344780.63
6799,AC00006799,30,4,Current,Active,2023-03-27,309491.03
6800,AC00006800,83,1,Current,Closed,2023-03-23,80463.6
6801,AC00006801,45,4,Current,Active,2022-11-04,371454.99
6802,AC00006802,7,3,CURRENT,Dormant,2026-01-09,192545.32
6803,AC00006803,85,2,saving,Dormant,2025-09-08,161094.49
6804,AC00006804,1,4,CURRENT,Dormant,2023-08-17,16022.97
6805,AC00006805,15,4,Savings,Inactive,2022-12-31,119804.6
6806,AC00006806,61,2,saving,Closed,2023-04-16,480693.79
6807,AC00006807,44,1,saving,Closed,2024-08-23,379421.47
6808,AC00006808,86,3,Fixed Deposit,Inactive,2023-11-23,393629.65
6809,AC00006809,72,4,CURRENT,active,2023-01-21,193495.86
6810,AC00006810,73,4,Current,Active,2025-01-12,170174.74
6811,AC00006811,2,3,Current,active,2025-10-28,323696.83
6812,AC00006812,72,2,Current,active,2023-10-15,480552.34
6813,AC00006813,65,1,Current,Active,2025-02-21,447905.66
6814,AC00006814,19,4,saving,active,2022-12-31,471082.42
6815,AC00006815,92,2,Current,Closed,2025-12-03,409158.15
6816,AC00006816,74,4,Savings,Closed,2023-08-29,376721.37
6817,AC00006817,52,3,CURRENT,Closed,2025-10-14,92213.5
6818,AC00006818,43,1,Savings,active,2026-03-23,36674.74
6819,AC00006819,56,3,saving,Dormant,2024-09-12,429516.14
6820,AC00006820,89,3,Fixed Deposit,Active,2026-07-13,141988.73
6821,AC00006821,40,2,saving,Inactive,2023-12-08,407477.98
6822,AC00006822,17,4,Current,Active,2023-03-11,382829.92
6823,AC00006823,61,3,saving,Active,2025-08-18,242947.57
6824,AC00006824,58,1,Fixed Deposit,Closed,2023-10-27,379670.69
6825,AC00006825,8,2,Current,Inactive,2025-03-20,496529.31
6826,AC00006826,84,1,Current,Inactive,2024-01-20,199749.52
6827,AC00006827,74,3,saving,Inactive,2026-01-23,121525.53
6828,AC00006828,88,4,Current,Inactive,2026-04-10,136338.56
6829,AC00006829,100,1,saving,Dormant,2025-12-29,92719.8
6830,AC00006830,31,4,Savings,active,2026-07-05,129171.24
6831,AC00006831,9,3,CURRENT,Inactive,2024-06-13,445725.3
6832,AC00006832,66,4,Savings,Active,2026-05-07,143579.53
6833,AC00006833,70,1,Savings,Closed,2025-07-06,118316.89
6834,AC00006834,68,4,CURRENT,Inactive,2024-04-04,374784.68
6835,AC00006835,55,4,Savings,Active,2024-05-04,475040.14
6836,AC00006836,73,4,CURRENT,Dormant,2023-12-20,376477.76
6837,AC00006837,62,2,saving,Inactive,2023-09-17,282526.63
6838,AC00006838,79,1,CURRENT,active,2026-03-21,117174.8
6839,AC00006839,52,4,CURRENT,Dormant,2024-03-11,318453.17
6840,AC00006840,79,4,CURRENT,active,2024-09-01,177962.14
6841,AC00006841,52,3,Fixed Deposit,Active,2025-12-30,282762.34
6842,AC00006842,33,4,Current,Closed,2025-08-07,128907.1
6843,AC00006843,1,2,saving,active,2023-01-10,193527.97
6844,AC00006844,11,2,Savings,Active,2025-05-06,448060.12
6845,AC00006845,81,3,CURRENT,Active,2023-07-16,263594.7
6846,AC00006846,4,2,Fixed Deposit,Dormant,2025-11-05,465487.9
6847,AC00006847,52,3,CURRENT,active,2026-05-04,443880.73
6848,AC00006848,62,4,Current,Dormant,2025-10-16,80825.99
6849,AC00006849,20,2,CURRENT,Closed,2022-10-30,444262.67
6850,AC00006850,31,1,Fixed Deposit,active,2022-08-21,261644.35
6851,AC00006851,63,3,Savings,active,2024-03-02,257230.36
6852,AC00006852,78,2,saving,Closed,2026-01-12,330624.67
6853,AC00006853,83,2,saving,Dormant,2024-04-08,289033.59
6854,AC00006854,86,2,CURRENT,Closed,2023-12-19,22969.25
6855,AC00006855,3,2,CURRENT,Inactive,2025-05-24,496379.99
6856,AC00006856,62,2,Current,active,2026-02-03,225992.51
6857,AC00006857,52,4,CURRENT,Closed,2026-03-22,489875.04
6858,AC00006858,10,2,CURRENT,Closed,2025-01-20,52030.39
6859,AC00006859,19,1,Current,Inactive,2025-08-15,195277.93
6860,AC00006860,78,4,Savings,Inactive,2025-12-11,424129.65
6861,AC00006861,35,2,Current,active,2024-07-21,1687.79
6862,AC00006862,11,2,Current,Active,2025-09-14,479576.3
6863,AC00006863,60,1,CURRENT,Dormant,2024-05-29,74282.18
6864,AC00006864,57,4,saving,Inactive,2022-10-28,385206.46
6865,AC00006865,31,2,Savings,Closed,2024-09-05,142636.45
6866,AC00006866,1,2,Savings,Active,2024-09-01,450033.65
6867,AC00006867,9,2,CURRENT,Active,2025-09-06,168549.34
6868,AC00006868,78,1,Fixed Deposit,Dormant,2026-04-18,298263.7
6869,AC00006869,74,1,saving,Active,2023-04-21,296414.19
6870,AC00006870,43,1,saving,Closed,2025-06-27,91001.18
6871,AC00006871,27,3,CURRENT,active,2023-04-07,170929.8
6872,AC00006872,17,4,saving,Dormant,2023-06-04,145886.03
6873,AC00006873,85,2,Fixed Deposit,active,2022-11-27,355134.83
6874,AC00006874,79,4,saving,Active,2024-12-19,189214.6
6875,AC00006875,58,4,Current,Active,2024-12-01,269861.98
6876,AC00006876,7,3,Current,Closed,2024-11-19,395480.27
6877,AC00006877,62,4,Savings,active,2025-04-29,421844.41
6878,AC00006878,74,1,saving,Closed,2025-11-14,347894.0
6879,AC00006879,9,1,Fixed Deposit,Dormant,2025-09-19,415785.99
6880,AC00006880,25,1,Savings,Closed,2026-01-09,462644.97
6881,AC00006881,59,1,saving,Closed,2026-02-13,17842.79
6882,AC00006882,91,2,Current,Active,2025-04-18,99021.8
6883,AC00006883,76,2,saving,Inactive,2025-10-17,169373.28
6884,AC00006884,82,1,CURRENT,Dormant,2025-12-28,6426.3
6885,AC00006885,73,4,Fixed Deposit,Active,2023-08-22,227556.9
6886,AC00006886,52,3,Savings,Active,2023-06-03,427602.6
6887,AC00006887,76,4,saving,Active,2024-10-03,60821.81
6888,AC00006888,36,2,Savings,Closed,2025-07-25,156738.3
6889,AC00006889,40,3,Fixed Deposit,Active,2023-01-23,468226.53
6890,AC00006890,44,2,Fixed Deposit,Inactive,2025-10-28,349833.23
6891,AC00006891,43,1,CURRENT,Closed,2023-11-05,96246.73
6892,AC00006892,13,1,Fixed Deposit,active,2024-12-07,92430.69
6893,AC00006893,62,4,Savings,Closed,2022-11-06,494528.11
6894,AC00006894,88,1,Savings,Active,2025-09-22,202001.48
6895,AC00006895,10,3,CURRENT,Inactive,2026-02-25,322318.06
6896,AC00006896,88,1,CURRENT,Closed,2024-11-30,128332.53
6897,AC00006897,62,1,Fixed Deposit,Closed,2024-09-12,185323.18
6898,AC00006898,81,3,CURRENT,Active,2024-02-29,326561.06
6899,AC00006899,43,2,Savings,active,2023-11-29,439913.99
6900,AC00006900,8,2,Fixed Deposit,Dormant,2025-04-21,257845.38
6901,AC00006901,2,2,Savings,Active,2024-05-29,450594.4
6902,AC00006902,93,1,Savings,active,2025-05-09,187286.72
6903,AC00006903,93,3,Savings,Closed,2023-05-15,52648.36
6904,AC00006904,36,3,Current,Dormant,2023-12-20,59532.09
6905,AC00006905,77,4,Fixed Deposit,Active,2025-03-31,466280.59
6906,AC00006906,82,1,Current,Dormant,2024-07-30,166967.65
6907,AC00006907,87,2,saving,Dormant,2025-03-22,136537.96
6908,AC00006908,59,1,Current,Inactive,2025-07-07,232041.6
6909,AC00006909,81,3,Current,active,2023-09-07,53198.8
6910,AC00006910,49,2,CURRENT,Closed,2023-08-18,83383.29
6911,AC00006911,79,3,CURRENT,Active,2023-07-08,385191.8
6912,AC00006912,13,3,saving,active,2026-07-16,369498.24
6913,AC00006913,31,4,Fixed Deposit,Inactive,2023-01-12,465215.08
6914,AC00006914,61,2,Savings,Active,2023-05-23,282816.06
6915,AC00006915,90,4,saving,Inactive,2022-10-04,419228.82
6916,AC00006916,92,1,Fixed Deposit,Active,2025-11-21,54419.76
6917,AC00006917,70,4,Current,Inactive,2025-11-26,222490.98
6918,AC00006918,83,2,CURRENT,Active,2026-03-16,27765.13
6919,AC00006919,58,4,Savings,Active,2023-03-10,305446.95
6920,AC00006920,98,4,Current,Dormant,2025-01-30,251971.4
6921,AC00006921,42,4,Fixed Deposit,active,2022-11-16,110831.44
6922,AC00006922,82,1,CURRENT,Active,2026-04-26,292960.42
6923,AC00006923,56,3,Fixed Deposit,Inactive,2025-11-01,292023.32
6924,AC00006924,53,2,saving,Closed,2024-08-15,135286.76
6925,AC00006925,19,2,Current,Closed,2023-11-21,27492.32
6926,AC00006926,68,1,Savings,Active,2025-08-16,229453.0
6927,AC00006927,10,1,Savings,Dormant,2023-07-29,476056.16
6928,AC00006928,85,1,Current,Active,2024-02-20,289538.62
6929,AC00006929,91,1,saving,Inactive,2025-05-14,119817.96
6930,AC00006930,69,1,Fixed Deposit,Active,2025-09-23,193012.07
6931,AC00006931,32,2,CURRENT,Closed,2024-02-27,393047.37
6932,AC00006932,3,2,Current,Closed,2025-09-04,462265.75
6933,AC00006933,66,1,Current,Dormant,2023-04-20,176788.79
6934,AC00006934,18,2,Current,Closed,2024-05-02,443224.64
6935,AC00006935,39,4,Fixed Deposit,Closed,2023-12-14,423186.16
6936,AC00006936,77,4,Fixed Deposit,Closed,2025-10-01,40680.39
6937,AC00006937,52,2,saving,Closed,2025-02-23,179687.81
6938,AC00006938,55,3,Fixed Deposit,Active,2024-04-22,254427.45
6939,AC00006939,32,1,CURRENT,Closed,2022-12-27,161066.95
6940,AC00006940,18,2,Savings,Active,2025-05-28,80450.84
6941,AC00006941,41,3,saving,Inactive,2026-01-24,223686.02
6942,AC00006942,58,2,CURRENT,Active,2022-10-20,428678.88
6943,AC00006943,22,3,CURRENT,Inactive,2022-11-02,214358.35
6944,AC00006944,53,3,Fixed Deposit,active,2024-06-19,353886.2
6945,AC00006945,78,2,Fixed Deposit,Inactive,2024-09-18,188935.01
6946,AC00006946,18,3,Savings,Active,2026-06-12,479067.6
6947,AC00006947,3,4,Fixed Deposit,Dormant,2023-10-06,265534.62
6948,AC00006948,29,1,Fixed Deposit,Inactive,2022-12-02,263110.07
6949,AC00006949,43,4,saving,active,2024-04-26,54742.48
6950,AC00006950,88,2,Fixed Deposit,Inactive,2024-06-17,161709.7
6951,AC00006951,84,1,CURRENT,Dormant,2022-11-12,112380.95
6952,AC00006952,77,2,Fixed Deposit,Closed,2023-03-26,212237.37
6953,AC00006953,99,2,CURRENT,active,2025-01-18,288831.9
6954,AC00006954,97,3,CURRENT,Active,2025-05-10,454747.83
6955,AC00006955,86,2,saving,Inactive,2024-08-22,2187.2
6956,AC00006956,22,1,Fixed Deposit,Inactive,2025-07-25,345207.94
6957,AC00006957,100,2,CURRENT,active,2024-02-24,455897.63
6958,AC00006958,1,2,Fixed Deposit,Inactive,2023-06-29,472310.45
6959,AC00006959,89,4,saving,Dormant,2023-01-02,100749.16
6960,AC00006960,66,2,CURRENT,active,2023-01-15,314690.15
6961,AC00006961,78,4,saving,Dormant,2023-03-03,396269.77
6962,AC00006962,48,2,saving,Inactive,2026-07-03,338975.03
6963,AC00006963,71,4,saving,active,2023-10-10,265418.27
6964,AC00006964,1,1,Fixed Deposit,active,2023-01-01,271251.6
6965,AC00006965,2,2,saving,Closed,2023-06-25,83894.4
6966,AC00006966,68,2,Savings,active,2023-08-10,490901.37
6967,AC00006967,74,3,CURRENT,Inactive,2026-05-16,33719.15
6968,AC00006968,89,3,Fixed Deposit,Active,2023-08-29,147815.22
6969,AC00006969,10,1,Savings,Inactive,2026-02-16,122747.23
6970,AC00006970,1,1,Current,Inactive,2024-12-07,442246.65
6971,AC00006971,24,1,CURRENT,active,2023-06-01,230502.63
6972,AC00006972,96,2,Savings,Dormant,2023-03-15,89018.54
6973,AC00006973,29,4,CURRENT,Closed,2023-06-24,200192.9
6974,AC00006974,52,3,Fixed Deposit,active,2026-02-23,391682.17
6975,AC00006975,55,4,Fixed Deposit,active,2024-06-01,482153.83
6976,AC00006976,12,1,Savings,active,2024-07-07,444416.92
6977,AC00006977,64,2,Fixed Deposit,Active,2025-05-17,280080.46
6978,AC00006978,79,4,saving,Active,2023-11-21,8822.29
6979,AC00006979,30,3,saving,Active,2022-12-08,461432.0
6980,AC00006980,18,1,CURRENT,active,2024-01-24,145057.06
6981,AC00006981,72,2,Savings,Closed,2026-03-07,37429.71
6982,AC00006982,72,3,Fixed Deposit,active,2024-08-05,355639.7
6983,AC00006983,14,3,saving,Active,2025-10-16,361269.84
6984,AC00006984,47,4,Savings,Inactive,2026-02-17,133389.68
6985,AC00006985,67,3,CURRENT,active,2023-11-07,464930.49
6986,AC00006986,80,2,Fixed Deposit,active,2026-02-14,459194.91
6987,AC00006987,50,3,CURRENT,Closed,2023-04-27,302014.34
6988,AC00006988,85,2,CURRENT,Dormant,2025-12-30,110830.72
6989,AC00006989,77,2,Savings,Dormant,2024-03-05,203001.89
6990,AC00006990,73,1,Savings,Inactive,2024-02-06,283147.19
6991,AC00006991,69,2,Fixed Deposit,Active,2023-11-08,405885.79
6992,AC00006992,85,2,Savings,Closed,2025-07-05,39895.23
6993,AC00006993,93,4,saving,active,2023-12-04,327859.05
6994,AC00006994,20,3,Fixed Deposit,Active,2024-12-02,74490.36
6995,AC00006995,89,4,Current,Closed,2024-05-13,387388.23
6996,AC00006996,21,3,Savings,Closed,2025-03-15,324695.27
6997,AC00006997,14,2,Savings,Dormant,2023-02-15,172356.83
6998,AC00006998,23,1,saving,Closed,2023-10-08,15113.92
6999,AC00006999,83,4,Fixed Deposit,Active,2024-07-03,102371.56
7000,AC00007000,83,3,Current,Dormant,2023-04-17,412310.48
7001,AC00007001,28,4,Savings,active,2023-05-09,431694.63
7002,AC00007002,87,2,Fixed Deposit,Active,2023-02-06,7709.0
7003,AC00007003,14,4,CURRENT,Active,2024-10-06,323906.68
7004,AC00007004,4,4,Fixed Deposit,Closed,2023-06-16,266491.87
7005,AC00007005,75,3,Savings,Active,2024-10-28,452108.32
7006,AC00007006,70,2,saving,Closed,2025-09-04,172679.72
7007,AC00007007,67,2,Fixed Deposit,Closed,2023-11-09,460309.49
7008,AC00007008,96,2,CURRENT,Inactive,2025-05-26,142049.94
7009,AC00007009,66,3,saving,Closed,2026-04-21,491346.39
7010,AC00007010,52,3,saving,Inactive,2025-10-23,130307.25
7011,AC00007011,99,2,CURRENT,active,2023-02-26,68869.19
7012,AC00007012,80,1,saving,Inactive,2025-11-18,80719.18
7013,AC00007013,12,2,CURRENT,Closed,2022-10-28,299167.1
7014,AC00007014,64,3,Current,active,2025-01-15,339766.75
7015,AC00007015,9,2,Savings,Active,2023-03-14,12476.46
7016,AC00007016,68,2,Current,Inactive,2025-09-05,424108.44
7017,AC00007017,7,1,CURRENT,Active,2023-02-20,498764.2
7018,AC00007018,17,4,Savings,Dormant,2024-09-06,125024.8
7019,AC00007019,16,2,Fixed Deposit,Inactive,2024-02-15,390256.62
7020,AC00007020,96,2,saving,Inactive,2023-06-26,228994.2
7021,AC00007021,85,1,saving,Inactive,2022-12-07,177689.0
7022,AC00007022,92,2,Savings,active,2023-01-06,447017.58
7023,AC00007023,52,1,Current,Inactive,2023-11-08,161606.16
7024,AC00007024,60,1,Fixed Deposit,Dormant,2024-02-19,234174.43
7025,AC00007025,3,2,Current,Dormant,2024-02-20,45271.42
7026,AC00007026,81,4,saving,Active,2025-04-26,108060.96
7027,AC00007027,42,3,saving,Dormant,2025-06-21,102366.74
7028,AC00007028,39,2,CURRENT,Closed,2024-04-11,261206.77
7029,AC00007029,4,3,Current,Active,2025-12-02,395279.94
7030,AC00007030,95,2,Savings,Dormant,2024-05-25,376588.22
7031,AC00007031,63,3,Fixed Deposit,Active,2022-11-06,196448.84
7032,AC00007032,94,1,Fixed Deposit,Dormant,2025-02-27,194380.85
7033,AC00007033,84,2,Savings,active,2023-06-04,376535.38
7034,AC00007034,8,3,CURRENT,Dormant,2022-08-25,364924.74
7035,AC00007035,23,1,Fixed Deposit,Inactive,2026-02-05,111111.34
7036,AC00007036,83,4,Savings,Active,2023-05-08,385359.4
7037,AC00007037,73,2,saving,active,2023-10-12,220706.68
7038,AC00007038,45,2,Savings,active,2026-05-07,2827.89
7039,AC00007039,33,4,Savings,Closed,2024-05-21,241501.73
7040,AC00007040,40,1,Savings,Active,2023-03-20,148578.67
7041,AC00007041,57,1,Fixed Deposit,Inactive,2023-04-01,365429.07
7042,AC00007042,23,3,CURRENT,active,2025-11-13,431306.77
7043,AC00007043,65,1,Fixed Deposit,Inactive,2023-11-05,156394.14
7044,AC00007044,96,2,Fixed Deposit,Closed,2024-06-10,438443.56
7045,AC00007045,10,2,Savings,Active,2022-10-17,83837.29
7046,AC00007046,38,4,Fixed Deposit,active,2023-10-22,79301.57
7047,AC00007047,34,1,CURRENT,Active,2025-12-08,113832.99
7048,AC00007048,79,2,Current,Active,2023-01-14,3168.7
7049,AC00007049,14,3,saving,Inactive,2022-08-26,439189.48
7050,AC00007050,6,4,saving,active,2024-11-14,317431.04
7051,AC00007051,91,4,Current,Dormant,2024-02-20,320756.94
7052,AC00007052,88,4,Fixed Deposit,Dormant,2026-08-08,400683.47
7053,AC00007053,19,1,Current,Inactive,2025-03-25,144069.58
7054,AC00007054,79,1,Fixed Deposit,Active,2023-03-20,374335.46
7055,AC00007055,16,3,Fixed Deposit,Active,2026-03-25,221475.76
7056,AC00007056,91,4,CURRENT,active,2025-05-10,294761.87
7057,AC00007057,6,1,Fixed Deposit,active,2025-01-23,58220.58
7058,AC00007058,22,2,CURRENT,Active,2024-01-09,90270.69
7059,AC00007059,88,2,Current,Dormant,2025-03-29,484604.94
7060,AC00007060,79,1,CURRENT,Active,2026-08-02,153126.85
7061,AC00007061,46,1,Savings,Closed,2024-07-26,328384.69
7062,AC00007062,58,2,CURRENT,Active,2025-04-25,391855.83
7063,AC00007063,17,2,CURRENT,Dormant,2026-04-15,344211.98
7064,AC00007064,8,2,Current,Active,2024-12-05,317988.84
7065,AC00007065,39,2,saving,active,2026-03-22,333844.76
7066,AC00007066,82,4,Fixed Deposit,Closed,2025-03-19,5094.28
7067,AC00007067,10,1,saving,Active,2025-09-29,226872.54
7068,AC00007068,99,2,saving,Closed,2023-10-14,241634.78
7069,AC00007069,15,2,Fixed Deposit,Dormant,2023-06-01,283409.79
7070,AC00007070,75,3,Fixed Deposit,Inactive,2022-12-24,486440.02
7071,AC00007071,76,2,Current,Closed,2024-12-17,199231.29
7072,AC00007072,65,3,Savings,Closed,2024-12-09,99283.98
7073,AC00007073,37,2,Current,Closed,2022-12-08,246041.35
7074,AC00007074,33,1,CURRENT,Active,2025-12-22,3425.86
7075,AC00007075,40,1,saving,Inactive,2026-01-28,224063.87
7076,AC00007076,79,4,Current,Closed,2024-06-11,77070.58
7077,AC00007077,76,4,Savings,Closed,2025-03-24,471373.77
7078,AC00007078,31,3,CURRENT,Active,2026-04-18,378495.07
7079,AC00007079,21,4,saving,Dormant,2026-03-13,226272.97
7080,AC00007080,58,3,Current,Dormant,2023-11-14,428269.18
7081,AC00007081,82,3,Savings,Active,2024-02-01,412435.81
7082,AC00007082,3,4,Current,Dormant,2025-01-03,370629.83
7083,AC00007083,36,3,Savings,Closed,2024-10-15,19311.28
7084,AC00007084,55,1,CURRENT,Closed,2026-02-04,373280.25
7085,AC00007085,24,4,saving,Active,2025-07-12,498079.33
7086,AC00007086,41,1,Savings,active,2025-02-13,169406.35
7087,AC00007087,48,4,Current,active,2024-11-10,422212.96
7088,AC00007088,79,2,saving,active,2025-01-12,144762.04
7089,AC00007089,39,3,Savings,Inactive,2024-10-22,423248.86
7090,AC00007090,32,3,Savings,active,2025-02-28,357725.84
7091,AC00007091,73,3,saving,Dormant,2023-12-15,342498.22
7092,AC00007092,34,4,CURRENT,Dormant,2026-05-31,85532.33
7093,AC00007093,13,4,saving,Active,2023-03-24,120999.0
7094,AC00007094,84,3,saving,Inactive,2026-07-31,108108.89
7095,AC00007095,17,3,CURRENT,active,2024-10-19,234812.1
7096,AC00007096,61,1,Current,Active,2026-05-15,297523.12
7097,AC00007097,90,4,Savings,Closed,2025-12-26,241878.76
7098,AC00007098,62,4,saving,Inactive,2025-05-12,267120.37
7099,AC00007099,86,2,CURRENT,Active,2025-11-18,303023.87
7100,AC00007100,70,4,CURRENT,Closed,2025-07-02,166021.65
7101,AC00007101,9,1,Current,Dormant,2024-04-26,389556.58
7102,AC00007102,18,1,Savings,Dormant,2024-06-08,269169.18
7103,AC00007103,77,3,saving,Active,2025-06-24,136807.67
7104,AC00007104,28,4,saving,Closed,2025-07-11,2132.25
7105,AC00007105,53,1,CURRENT,Inactive,2022-12-30,68827.01
7106,AC00007106,99,2,Fixed Deposit,active,2025-05-23,207430.25
7107,AC00007107,38,1,CURRENT,active,2023-04-16,226783.23
7108,AC00007108,36,3,CURRENT,Dormant,2022-08-29,53001.53
7109,AC00007109,79,1,Current,Closed,2025-08-09,113004.22
7110,AC00007110,84,1,Savings,Active,2023-12-13,76655.98
7111,AC00007111,23,2,saving,Closed,2024-02-05,221801.68
7112,AC00007112,71,1,Current,Inactive,2025-01-11,68325.89
7113,AC00007113,87,2,Fixed Deposit,Closed,2025-03-25,261159.41
7114,AC00007114,90,4,Current,active,2023-02-02,178642.72
7115,AC00007115,2,4,Savings,Closed,2024-09-25,346767.77
7116,AC00007116,19,1,Savings,Dormant,2023-06-23,75030.01
7117,AC00007117,79,4,Current,Inactive,2024-02-21,104471.36
7118,AC00007118,7,3,Savings,Active,2024-07-02,296985.05
7119,AC00007119,75,1,Savings,Inactive,2023-01-10,182277.45
7120,AC00007120,4,4,Current,Closed,2025-09-02,306457.78
7121,AC00007121,56,2,saving,Dormant,2026-02-04,488195.37
7122,AC00007122,62,1,CURRENT,active,2024-02-23,376564.3
7123,AC00007123,10,4,CURRENT,active,2024-02-21,139602.68
7124,AC00007124,43,4,Savings,Closed,2022-11-18,23928.34
7125,AC00007125,8,1,CURRENT,Inactive,2023-04-22,394385.45
7126,AC00007126,94,1,Fixed Deposit,Active,2025-10-24,203264.9
7127,AC00007127,61,4,Current,active,2022-11-10,162146.11
7128,AC00007128,69,1,CURRENT,Inactive,2024-05-13,98290.96
7129,AC00007129,70,2,Fixed Deposit,Inactive,2026-05-02,130475.02
7130,AC00007130,93,2,Savings,active,2025-08-30,486066.55
7131,AC00007131,46,4,CURRENT,Closed,2023-09-29,472416.51
7132,AC00007132,51,1,Fixed Deposit,Active,2025-12-06,398435.25
7133,AC00007133,99,2,saving,Dormant,2025-07-07,85837.96
7134,AC00007134,68,1,Current,Active,2024-07-17,476814.15
7135,AC00007135,34,3,CURRENT,Inactive,2024-10-07,499045.17
7136,AC00007136,11,4,saving,active,2026-07-24,128085.89
7137,AC00007137,86,4,Current,Dormant,2023-10-28,474727.61
7138,AC00007138,83,1,Current,Dormant,2025-06-02,46151.46
7139,AC00007139,61,2,Current,Closed,2024-09-10,73822.61
7140,AC00007140,99,3,CURRENT,active,2023-11-06,156769.14
7141,AC00007141,79,4,CURRENT,Active,2022-12-25,267667.23
7142,AC00007142,31,3,saving,Dormant,2023-01-22,119378.43
7143,AC00007143,38,3,Current,active,2023-11-27,393093.29
7144,AC00007144,78,3,Current,Active,2022-09-02,457414.54
7145,AC00007145,73,1,CURRENT,Closed,2023-12-01,164445.6
7146,AC00007146,10,2,Fixed Deposit,Closed,2022-12-17,214434.93
7147,AC00007147,3,3,Fixed Deposit,active,2026-01-27,451384.88
7148,AC00007148,79,4,Savings,active,2026-05-31,241906.76
7149,AC00007149,77,2,saving,Closed,2024-09-07,131017.84
7150,AC00007150,34,2,Savings,active,2026-05-04,346544.55
7151,AC00007151,46,4,saving,Dormant,2026-07-20,205950.94
7152,AC00007152,13,3,Savings,active,2022-11-29,30354.42
7153,AC00007153,62,2,Fixed Deposit,active,2024-02-03,269951.78
7154,AC00007154,8,4,CURRENT,Active,2024-03-16,366135.17
7155,AC00007155,63,3,Fixed Deposit,Active,2025-10-26,184341.29
7156,AC00007156,23,4,saving,Inactive,2024-07-08,84929.23
7157,AC00007157,45,3,saving,active,2025-09-24,314857.22
7158,AC00007158,13,4,Savings,Inactive,2023-06-29,355231.62
7159,AC00007159,28,3,CURRENT,Active,2023-11-07,256002.06
7160,AC00007160,94,3,Savings,Dormant,2026-06-12,444860.53
7161,AC00007161,32,4,Savings,active,2026-02-14,100119.69
7162,AC00007162,79,1,Current,Dormant,2022-10-15,440842.14
7163,AC00007163,16,3,Current,active,2023-10-26,478162.01
7164,AC00007164,63,4,Savings,Closed,2023-05-16,131516.96
7165,AC00007165,76,4,Savings,Active,2024-09-27,17825.21
7166,AC00007166,59,4,Savings,Inactive,2024-03-21,488136.47
7167,AC00007167,10,2,Fixed Deposit,Inactive,2026-02-08,459410.4
7168,AC00007168,76,2,Fixed Deposit,active,2023-01-21,117693.81
7169,AC00007169,29,2,Savings,active,2025-10-04,441343.91
7170,AC00007170,63,3,CURRENT,Closed,2024-10-20,144367.21
7171,AC00007171,16,4,Fixed Deposit,Closed,2023-05-13,96557.79
7172,AC00007172,72,1,saving,Closed,2024-02-17,310043.98
7173,AC00007173,87,2,Current,active,2023-07-31,60624.33
7174,AC00007174,90,3,Savings,active,2025-02-01,97845.77
7175,AC00007175,6,2,Savings,Dormant,2023-11-13,19139.4
7176,AC00007176,25,1,CURRENT,active,2024-07-07,12581.21
7177,AC00007177,12,4,saving,active,2023-06-13,273718.01
7178,AC00007178,26,2,CURRENT,Active,2025-09-18,197036.15
7179,AC00007179,87,3,saving,Active,2023-07-16,743.04
7180,AC00007180,73,1,CURRENT,Closed,2024-06-03,156024.34
7181,AC00007181,65,4,Savings,Closed,2023-01-16,366043.49
7182,AC00007182,76,4,Savings,Dormant,2024-03-30,31956.21
7183,AC00007183,99,4,Savings,active,2023-01-11,377363.94
7184,AC00007184,86,3,Current,Inactive,2025-11-17,496639.54
7185,AC00007185,25,1,Savings,Closed,2024-05-15,389814.27
7186,AC00007186,20,1,saving,Dormant,2023-07-28,390650.52
7187,AC00007187,39,1,saving,Dormant,2023-12-05,198937.44
7188,AC00007188,76,1,Savings,active,2024-10-09,144068.62
7189,AC00007189,16,3,saving,Closed,2025-08-14,426735.71
7190,AC00007190,46,2,CURRENT,active,2023-08-18,356467.65
7191,AC00007191,70,1,Savings,Dormant,2024-10-09,376961.3
7192,AC00007192,76,3,CURRENT,Dormant,2025-06-16,119544.3
7193,AC00007193,84,3,Savings,active,2023-03-09,290032.75
7194,AC00007194,27,2,Fixed Deposit,Inactive,2026-05-17,481704.36
7195,AC00007195,52,1,Current,Inactive,2023-08-03,419305.9
7196,AC00007196,12,2,Savings,Dormant,2026-01-12,294515.62
7197,AC00007197,13,3,Fixed Deposit,active,2025-10-06,99489.4
7198,AC00007198,15,4,Current,Active,2025-07-23,275627.48
7199,AC00007199,25,1,saving,Dormant,2023-01-01,464863.26
7200,AC00007200,51,3,Savings,Inactive,2023-02-26,148081.41
7201,AC00007201,57,4,saving,Active,2023-04-27,12291.81
7202,AC00007202,18,1,Savings,Inactive,2025-05-23,350029.74
7203,AC00007203,76,4,Current,Dormant,2026-01-02,481362.63
7204,AC00007204,43,2,Fixed Deposit,active,2023-07-31,454792.82
7205,AC00007205,93,1,saving,Dormant,2026-07-21,391653.21
7206,AC00007206,63,4,Fixed Deposit,active,2025-12-25,65303.74
7207,AC00007207,94,1,Fixed Deposit,Active,2023-10-02,493596.33
7208,AC00007208,98,4,Current,Inactive,2024-09-27,77879.27
7209,AC00007209,45,3,CURRENT,active,2023-06-27,214045.05
7210,AC00007210,61,4,Current,Closed,2024-02-20,399757.75
7211,AC00007211,72,4,saving,active,2023-12-03,165038.5
7212,AC00007212,52,1,Current,Inactive,2023-09-02,126954.57
7213,AC00007213,100,3,Fixed Deposit,active,2024-10-14,271965.44
7214,AC00007214,81,2,Savings,Closed,2022-11-23,370216.96
7215,AC00007215,97,1,saving,Inactive,2023-01-23,112105.99
7216,AC00007216,37,2,Current,active,2024-01-15,277366.23
7217,AC00007217,74,2,Fixed Deposit,Active,2024-06-21,395687.03
7218,AC00007218,77,3,saving,active,2023-05-16,475583.52
7219,AC00007219,54,4,saving,Closed,2023-11-10,76767.27
7220,AC00007220,22,1,CURRENT,Dormant,2024-11-17,492871.88
7221,AC00007221,100,4,Fixed Deposit,Closed,2022-12-27,151521.55
7222,AC00007222,90,3,Current,Inactive,2026-03-23,268859.7
7223,AC00007223,49,1,saving,active,2023-12-12,397508.14
7224,AC00007224,68,4,saving,Inactive,2025-05-10,360503.2
7225,AC00007225,50,3,CURRENT,active,2024-12-26,10848.71
7226,AC00007226,14,3,saving,Inactive,2023-03-04,281534.79
7227,AC00007227,46,1,Fixed Deposit,active,2024-08-01,205159.59
7228,AC00007228,59,4,saving,Dormant,2023-09-25,322520.58
7229,AC00007229,94,2,Current,Closed,2023-06-03,412228.31
7230,AC00007230,45,1,Savings,Inactive,2023-04-10,266830.18
7231,AC00007231,62,4,Savings,Inactive,2026-07-03,24205.78
7232,AC00007232,97,1,saving,active,2023-05-19,98668.98
7233,AC00007233,96,3,Current,active,2022-12-01,110195.69
7234,AC00007234,35,4,Current,Closed,2022-11-02,166381.23
7235,AC00007235,75,2,Current,Inactive,2023-06-23,73909.4
7236,AC00007236,88,2,Savings,active,2024-10-24,124666.56
7237,AC00007237,87,2,saving,Dormant,2024-10-15,301012.14
7238,AC00007238,76,1,saving,Dormant,2023-12-08,463707.11
7239,AC00007239,41,3,Current,Closed,2023-08-27,58727.82
7240,AC00007240,38,2,saving,Dormant,2022-11-14,463685.07
7241,AC00007241,89,4,Fixed Deposit,Closed,2024-08-02,442164.23
7242,AC00007242,95,2,Current,Dormant,2023-04-25,208699.58
7243,AC00007243,53,4,saving,Inactive,2023-02-08,103828.78
7244,AC00007244,98,2,Fixed Deposit,Inactive,2025-03-13,202417.23
7245,AC00007245,39,1,CURRENT,Active,2025-07-20,312036.8
7246,AC00007246,19,4,saving,Dormant,2023-07-26,11675.12
7247,AC00007247,56,1,Current,Dormant,2024-05-16,68551.01
7248,AC00007248,94,1,Current,Active,2026-03-13,172568.11
7249,AC00007249,49,4,saving,Active,2023-11-24,230114.46
7250,AC00007250,12,4,CURRENT,Closed,2023-03-20,361569.69
7251,AC00007251,44,4,saving,Active,2022-12-25,421003.47
7252,AC00007252,2,4,Current,Active,2023-11-03,447562.16
7253,AC00007253,39,4,saving,Closed,2025-05-13,239576.78
7254,AC00007254,68,3,Fixed Deposit,active,2023-01-12,396085.01
7255,AC00007255,61,3,CURRENT,Inactive,2024-10-14,484571.44
7256,AC00007256,50,3,Fixed Deposit,Active,2022-12-24,111961.54
7257,AC00007257,2,4,Current,Active,2024-01-10,498908.58
7258,AC00007258,38,2,Fixed Deposit,active,2022-10-10,204505.21
7259,AC00007259,22,2,Fixed Deposit,Dormant,2024-12-26,140801.64
7260,AC00007260,25,4,CURRENT,Closed,2025-04-07,163136.09
7261,AC00007261,57,1,saving,active,2022-11-26,150047.37
7262,AC00007262,6,3,saving,active,2025-07-04,107131.71
7263,AC00007263,21,2,Savings,Closed,2025-02-05,103971.65
7264,AC00007264,17,4,saving,active,2025-09-18,435903.2
7265,AC00007265,5,2,Current,Active,2026-06-14,472729.07
7266,AC00007266,52,2,saving,Active,2026-07-24,135083.62
7267,AC00007267,19,2,CURRENT,active,2024-12-10,354104.06
7268,AC00007268,35,3,Fixed Deposit,Dormant,2024-05-22,423079.93
7269,AC00007269,54,1,saving,Active,2026-03-19,491746.58
7270,AC00007270,48,4,Fixed Deposit,active,2025-11-23,352452.11
7271,AC00007271,86,4,saving,Inactive,2025-08-14,337319.96
7272,AC00007272,50,1,CURRENT,Active,2026-02-11,485867.72
7273,AC00007273,33,3,Current,Closed,2023-06-25,296428.65
7274,AC00007274,96,1,saving,active,2024-05-09,443977.1
7275,AC00007275,81,2,Fixed Deposit,Closed,2025-02-18,113018.52
7276,AC00007276,60,4,CURRENT,Active,2024-04-05,103199.37
7277,AC00007277,52,4,saving,Active,2025-07-23,212061.3
7278,AC00007278,50,4,Savings,Inactive,2023-11-24,347649.77
7279,AC00007279,74,1,Current,Active,2026-01-07,175262.18
7280,AC00007280,58,3,Savings,Closed,2023-01-09,143613.42
7281,AC00007281,12,3,saving,Closed,2022-10-08,393651.2
7282,AC00007282,22,4,Current,Closed,2023-11-30,77611.19
7283,AC00007283,98,3,Savings,Active,2024-07-03,212954.72
7284,AC00007284,45,4,Fixed Deposit,Inactive,2023-08-08,435176.83
7285,AC00007285,79,4,CURRENT,Inactive,2024-10-19,2125.98
7286,AC00007286,87,4,CURRENT,Inactive,2024-11-24,333875.24
7287,AC00007287,29,4,Fixed Deposit,Active,2023-11-19,377653.8
7288,AC00007288,12,1,Savings,Dormant,2024-01-15,396599.59
7289,AC00007289,48,2,saving,Active,2026-03-16,37087.04
7290,AC00007290,84,2,saving,Closed,2025-03-25,162305.22
7291,AC00007291,46,4,CURRENT,Closed,2026-05-05,268704.75
7292,AC00007292,20,1,CURRENT,Inactive,2024-07-22,153495.28
7293,AC00007293,60,4,Fixed Deposit,Closed,2025-11-23,362793.89
7294,AC00007294,72,4,Current,Dormant,2023-02-16,78023.15
7295,AC00007295,80,2,CURRENT,active,2023-07-22,436540.78
7296,AC00007296,80,3,Fixed Deposit,Active,2025-01-25,40670.61
7297,AC00007297,52,4,Current,Active,2022-12-05,420449.42
7298,AC00007298,52,4,Fixed Deposit,Inactive,2024-06-10,480692.43
7299,AC00007299,65,2,CURRENT,Dormant,2024-09-21,385949.48
7300,AC00007300,64,2,Fixed Deposit,Closed,2025-01-01,467146.87
7301,AC00007301,41,2,saving,Dormant,2025-05-11,445123.76
7302,AC00007302,69,2,Savings,Active,2023-06-05,132928.9
7303,AC00007303,37,3,Current,Dormant,2023-03-06,91713.82
7304,AC00007304,44,1,Current,Inactive,2023-06-17,246647.7
7305,AC00007305,95,4,CURRENT,Closed,2025-12-12,327420.35
7306,AC00007306,7,2,Savings,Dormant,2024-01-22,455598.4
7307,AC00007307,95,1,Fixed Deposit,Closed,2024-05-23,443586.33
7308,AC00007308,34,2,Fixed Deposit,Dormant,2022-10-16,161505.86
7309,AC00007309,27,4,CURRENT,Closed,2024-11-01,98675.68
7310,AC00007310,80,3,CURRENT,Closed,2026-05-15,17363.21
7311,AC00007311,43,4,Current,Inactive,2025-09-03,429460.46
7312,AC00007312,39,2,saving,Closed,2024-09-14,252213.01
7313,AC00007313,8,4,Fixed Deposit,Closed,2023-06-16,210608.81
7314,AC00007314,11,3,Fixed Deposit,Inactive,2024-02-01,368554.15
7315,AC00007315,29,3,Savings,Dormant,2025-01-14,494151.15
7316,AC00007316,68,4,CURRENT,Dormant,2022-11-27,84814.12
7317,AC00007317,2,1,Current,Active,2023-11-22,52292.85
7318,AC00007318,57,4,CURRENT,Active,2025-09-14,485435.02
7319,AC00007319,86,1,Savings,active,2025-05-14,115387.38
7320,AC00007320,27,2,saving,Active,2026-08-07,318874.11
7321,AC00007321,2,2,CURRENT,Closed,2025-08-01,342648.79
7322,AC00007322,58,1,Savings,Closed,2024-08-28,393290.28
7323,AC00007323,67,3,Fixed Deposit,Closed,2026-05-02,201189.26
7324,AC00007324,77,1,CURRENT,Active,2023-12-11,67349.36
7325,AC00007325,10,4,saving,active,2023-01-05,125019.25
7326,AC00007326,75,1,saving,Closed,2023-06-06,403103.72
7327,AC00007327,83,3,Fixed Deposit,Active,2024-06-25,325589.07
7328,AC00007328,46,1,Savings,Dormant,2023-05-20,272198.95
7329,AC00007329,28,3,saving,Dormant,2025-07-27,111369.55
7330,AC00007330,72,2,CURRENT,Closed,2026-04-03,473539.55
7331,AC00007331,2,2,saving,Active,2025-04-29,230762.62
7332,AC00007332,97,4,saving,Dormant,2025-04-27,63063.03
7333,AC00007333,57,4,Current,Dormant,2025-09-06,398309.68
7334,AC00007334,59,1,Fixed Deposit,Dormant,2023-10-14,447522.39
7335,AC00007335,68,4,saving,Dormant,2023-06-01,50433.0
7336,AC00007336,94,3,Savings,Closed,2023-03-14,222039.64
7337,AC00007337,24,4,Current,Active,2026-04-12,16798.39
7338,AC00007338,8,1,saving,Active,2022-09-23,58669.98
7339,AC00007339,74,3,Current,Inactive,2022-11-16,125754.44
7340,AC00007340,89,2,CURRENT,Closed,2025-04-23,380155.72
7341,AC00007341,50,1,Current,active,2024-10-06,243297.16
7342,AC00007342,37,3,Fixed Deposit,active,2026-07-09,252604.7
7343,AC00007343,28,3,saving,Inactive,2024-10-27,164373.49
7344,AC00007344,9,4,CURRENT,active,2025-06-15,347317.53
7345,AC00007345,96,2,CURRENT,Closed,2022-08-22,15199.55
7346,AC00007346,51,4,Current,Active,2026-05-23,35951.26
7347,AC00007347,35,3,saving,Dormant,2026-07-23,262598.94
7348,AC00007348,49,1,saving,active,2023-07-04,276007.94
7349,AC00007349,15,2,Fixed Deposit,Dormant,2025-10-28,154502.65
7350,AC00007350,40,1,saving,Active,2024-04-06,462599.9
7351,AC00007351,43,2,Fixed Deposit,Dormant,2024-10-10,362261.59
7352,AC00007352,35,2,Fixed Deposit,Dormant,2024-03-28,325036.89
7353,AC00007353,83,1,Savings,Inactive,2025-11-12,286978.29
7354,AC00007354,36,2,CURRENT,Active,2026-02-04,324900.53
7355,AC00007355,97,2,Current,Active,2026-06-17,351810.51
7356,AC00007356,7,2,saving,Inactive,2023-12-21,312465.05
7357,AC00007357,78,4,Fixed Deposit,Closed,2026-05-03,478135.32
7358,AC00007358,47,4,Current,Dormant,2022-11-14,69173.17
7359,AC00007359,66,4,Savings,Dormant,2024-08-24,467150.47
7360,AC00007360,11,4,saving,Active,2024-12-07,77156.85
7361,AC00007361,56,1,CURRENT,Closed,2026-05-11,374091.55
7362,AC00007362,57,1,Savings,Active,2023-11-26,111944.8
7363,AC00007363,57,2,Savings,Active,2026-04-30,154589.15
7364,AC00007364,71,2,Savings,active,2024-10-24,168983.35
7365,AC00007365,79,3,Current,active,2026-06-05,1067.7
7366,AC00007366,15,4,Fixed Deposit,Inactive,2024-11-18,75092.7
7367,AC00007367,29,4,Savings,Active,2026-06-27,450083.26
7368,AC00007368,78,3,Savings,active,2023-03-07,295204.54
7369,AC00007369,19,1,Savings,active,2024-02-17,384885.73
7370,AC00007370,96,1,CURRENT,Dormant,2022-10-03,436755.5
7371,AC00007371,39,3,Savings,active,2026-07-18,417511.65
7372,AC00007372,20,3,saving,active,2023-07-31,372076.85
7373,AC00007373,94,2,CURRENT,Active,2023-10-17,180379.56
7374,AC00007374,32,1,CURRENT,active,2023-12-12,179991.27
7375,AC00007375,15,1,CURRENT,Dormant,2025-10-12,405337.85
7376,AC00007376,19,2,saving,Dormant,2025-11-18,77484.36
7377,AC00007377,80,1,CURRENT,Closed,2022-08-29,76844.63
7378,AC00007378,35,3,CURRENT,Active,2024-04-26,303239.08
7379,AC00007379,86,1,Savings,Dormant,2024-02-19,266108.46
7380,AC00007380,14,1,Current,Inactive,2026-05-18,8948.21
7381,AC00007381,80,1,CURRENT,active,2025-04-03,167786.11
7382,AC00007382,7,3,Current,Closed,2022-12-20,223736.47
7383,AC00007383,93,1,Savings,Inactive,2025-04-07,339695.21
7384,AC00007384,21,2,CURRENT,Dormant,2023-11-08,352568.95
7385,AC00007385,90,3,saving,Inactive,2025-08-17,283382.76
7386,AC00007386,11,1,saving,Active,2026-07-10,163568.65
7387,AC00007387,19,4,CURRENT,Inactive,2023-12-29,210783.21
7388,AC00007388,1,1,CURRENT,Active,2025-03-23,207736.78
7389,AC00007389,94,1,Savings,Inactive,2025-10-02,101653.01
7390,AC00007390,19,2,CURRENT,Dormant,2023-07-07,285620.58
7391,AC00007391,65,2,Fixed Deposit,active,2026-02-24,103006.76
7392,AC00007392,50,2,CURRENT,Closed,2023-09-05,57603.74
7393,AC00007393,35,4,Current,active,2023-06-06,154896.42
7394,AC00007394,20,4,Fixed Deposit,Closed,2022-09-16,277693.91
7395,AC00007395,73,3,saving,active,2024-02-20,29255.84
7396,AC00007396,9,1,Current,Inactive,2025-06-06,210239.37
7397,AC00007397,10,4,Savings,Inactive,2023-05-25,460169.94
7398,AC00007398,52,4,CURRENT,Closed,2023-07-24,477033.16
7399,AC00007399,75,1,CURRENT,Inactive,2026-07-02,334370.45
7400,AC00007400,79,1,saving,active,2024-02-07,210966.46
7401,AC00007401,75,2,Fixed Deposit,Dormant,2023-05-09,382957.08
7402,AC00007402,47,1,Fixed Deposit,active,2026-06-29,497921.04
7403,AC00007403,21,3,CURRENT,Closed,2025-05-06,184642.17
7404,AC00007404,99,4,saving,active,2023-11-05,222485.01
7405,AC00007405,27,2,Savings,Dormant,2023-06-05,462584.23
7406,AC00007406,36,1,CURRENT,Active,2025-12-10,192449.95
7407,AC00007407,91,2,Savings,active,2026-07-27,312307.37
7408,AC00007408,18,3,Current,Inactive,2024-06-11,258030.97
7409,AC00007409,23,1,Fixed Deposit,Dormant,2023-02-23,251875.25
7410,AC00007410,15,1,Savings,Inactive,2023-08-06,34355.17
7411,AC00007411,5,1,CURRENT,Inactive,2025-07-21,121894.52
7412,AC00007412,62,2,saving,Closed,2023-08-01,33065.24
7413,AC00007413,53,4,saving,active,2022-11-12,444806.4
7414,AC00007414,30,4,Savings,Closed,2024-08-27,358002.25
7415,AC00007415,57,3,Savings,Active,2024-05-09,69342.52
7416,AC00007416,60,1,CURRENT,Active,2025-08-22,169724.0
7417,AC00007417,2,3,CURRENT,Active,2023-09-07,103152.33
7418,AC00007418,62,4,saving,Dormant,2025-08-10,360780.62
7419,AC00007419,9,4,Current,Closed,2023-09-03,204362.72
7420,AC00007420,71,3,Savings,Inactive,2023-07-04,245338.52
7421,AC00007421,18,2,Fixed Deposit,active,2025-01-09,42860.91
7422,AC00007422,71,4,Fixed Deposit,active,2026-02-28,239700.67
7423,AC00007423,45,4,CURRENT,Inactive,2026-04-16,392461.64
7424,AC00007424,25,2,saving,Inactive,2023-03-31,141831.02
7425,AC00007425,5,1,CURRENT,Active,2024-06-05,77336.82
7426,AC00007426,13,4,Savings,Dormant,2024-03-15,284286.4
7427,AC00007427,21,2,saving,Closed,2026-06-24,23306.31
7428,AC00007428,29,2,saving,active,2023-09-27,450864.21
7429,AC00007429,77,4,Current,Closed,2026-03-01,271460.44
7430,AC00007430,91,3,Savings,Closed,2023-10-12,65779.25
7431,AC00007431,6,4,CURRENT,Inactive,2025-08-04,31469.14
7432,AC00007432,23,1,saving,Inactive,2023-05-25,291627.11
7433,AC00007433,41,1,saving,active,2024-02-12,135188.04
7434,AC00007434,78,2,CURRENT,active,2023-07-29,53753.85
7435,AC00007435,39,2,Fixed Deposit,Dormant,2026-07-14,206996.37
7436,AC00007436,8,3,CURRENT,Closed,2023-04-09,161472.29
7437,AC00007437,45,1,Fixed Deposit,Active,2024-04-01,211663.66
7438,AC00007438,97,1,Fixed Deposit,Active,2026-01-28,415543.89
7439,AC00007439,35,2,Savings,Dormant,2026-06-16,131473.04
7440,AC00007440,26,2,Savings,active,2023-10-12,356120.57
7441,AC00007441,10,1,Current,Closed,2024-12-16,265134.29
7442,AC00007442,50,3,saving,Inactive,2025-10-02,445768.96
7443,AC00007443,62,4,CURRENT,active,2025-06-22,280656.84
7444,AC00007444,82,3,Current,active,2024-02-08,176149.69
7445,AC00007445,53,2,Savings,Inactive,2023-11-28,315924.05
7446,AC00007446,98,4,saving,Inactive,2023-04-07,337488.09
7447,AC00007447,44,1,Fixed Deposit,Inactive,2022-09-17,208739.4
7448,AC00007448,13,2,Current,Inactive,2026-01-09,107254.11
7449,AC00007449,20,4,Fixed Deposit,Active,2024-01-05,362048.68
7450,AC00007450,17,1,CURRENT,Inactive,2024-09-23,282841.33
7451,AC00007451,61,2,Savings,Active,2025-09-16,331349.21
7452,AC00007452,85,3,saving,Inactive,2023-11-03,304193.96
7453,AC00007453,3,2,Fixed Deposit,Inactive,2022-12-20,272459.45
7454,AC00007454,77,3,Fixed Deposit,Dormant,2025-10-19,15558.15
7455,AC00007455,63,4,Current,Active,2023-05-20,63014.7
7456,AC00007456,96,1,saving,Dormant,2023-05-02,413750.97
7457,AC00007457,96,4,CURRENT,Dormant,2025-05-24,171284.82
7458,AC00007458,71,3,saving,Closed,2025-07-14,114598.11
7459,AC00007459,29,3,Current,Inactive,2022-12-04,98317.26
7460,AC00007460,46,2,CURRENT,Active,2025-10-28,292666.91
7461,AC00007461,64,1,Savings,Dormant,2024-05-26,42352.54
7462,AC00007462,10,3,Current,active,2022-12-21,335807.23
7463,AC00007463,32,1,Current,Closed,2025-01-08,24249.82
7464,AC00007464,56,4,Fixed Deposit,Dormant,2025-09-07,387087.95
7465,AC00007465,25,4,Savings,Inactive,2023-04-29,55299.2
7466,AC00007466,100,3,CURRENT,Dormant,2022-12-04,125279.22
7467,AC00007467,87,4,Fixed Deposit,Inactive,2023-07-15,440936.45
7468,AC00007468,95,4,CURRENT,Closed,2024-07-17,397268.45
7469,AC00007469,76,1,Current,active,2022-12-10,316702.26
7470,AC00007470,51,1,CURRENT,Active,2024-07-30,304685.05
7471,AC00007471,75,2,Fixed Deposit,Closed,2025-08-12,379039.91
7472,AC00007472,55,4,Savings,Inactive,2026-07-14,435061.66
7473,AC00007473,43,4,Fixed Deposit,Dormant,2024-04-01,430683.82
7474,AC00007474,41,3,Savings,Inactive,2025-07-22,84994.64
7475,AC00007475,45,1,Current,Inactive,2024-02-17,311102.21
7476,AC00007476,81,3,CURRENT,Inactive,2024-07-21,217716.2
7477,AC00007477,77,1,Savings,active,2024-01-29,254221.26
7478,AC00007478,17,4,saving,active,2025-04-02,202946.93
7479,AC00007479,81,2,Fixed Deposit,Active,2025-04-25,122132.66
7480,AC00007480,76,2,Fixed Deposit,active,2023-04-23,185185.26
7481,AC00007481,23,4,CURRENT,active,2023-05-13,70448.39
7482,AC00007482,48,4,CURRENT,Inactive,2022-09-27,442594.4
7483,AC00007483,47,3,saving,Inactive,2026-07-08,378489.68
7484,AC00007484,81,4,Fixed Deposit,Dormant,2023-07-28,374557.1
7485,AC00007485,53,1,Fixed Deposit,Inactive,2025-01-23,24451.64
7486,AC00007486,22,4,Fixed Deposit,Closed,2024-03-27,358011.02
7487,AC00007487,96,4,Current,active,2024-10-28,115370.76
7488,AC00007488,41,4,Current,Inactive,2025-05-23,422677.55
7489,AC00007489,16,2,Savings,active,2026-06-26,409774.62
7490,AC00007490,62,2,Current,Active,2024-10-10,273428.35
7491,AC00007491,96,2,Fixed Deposit,active,2026-01-05,462064.18
7492,AC00007492,33,3,Savings,Active,2022-12-30,244108.99
7493,AC00007493,35,1,Fixed Deposit,Inactive,2025-11-29,491328.68
7494,AC00007494,40,2,Current,Active,2025-03-29,415513.78
7495,AC00007495,98,4,Savings,Active,2026-06-30,349982.51
7496,AC00007496,19,1,saving,Inactive,2026-02-20,377205.39
7497,AC00007497,83,2,CURRENT,Active,2025-07-14,310686.41
7498,AC00007498,9,1,Savings,Dormant,2024-06-09,137251.6
7499,AC00007499,70,4,CURRENT,Closed,2024-09-19,169150.25
7500,AC00007500,51,2,Current,Inactive,2022-09-12,417647.77
7501,AC00007501,2,2,Fixed Deposit,Inactive,2023-05-03,276546.52
7502,AC00007502,19,3,CURRENT,Inactive,2024-03-15,315783.68
7503,AC00007503,22,1,Current,active,2025-05-05,54873.92
7504,AC00007504,61,1,saving,Dormant,2023-09-02,128256.45
7505,AC00007505,2,3,Savings,active,2025-05-03,2476.4
7506,AC00007506,67,2,Current,Active,2026-02-21,185481.52
7507,AC00007507,66,4,Current,active,2023-04-04,408977.3
7508,AC00007508,74,2,Fixed Deposit,active,2023-01-21,112864.46
7509,AC00007509,79,3,Fixed Deposit,Active,2022-12-31,478470.3
7510,AC00007510,14,3,Current,Closed,2026-05-25,317908.93
7511,AC00007511,36,1,CURRENT,Dormant,2026-01-23,79191.68
7512,AC00007512,38,4,Savings,active,2025-12-06,475314.79
7513,AC00007513,46,3,Fixed Deposit,active,2023-06-03,336539.54
7514,AC00007514,93,3,Current,Active,2022-09-04,195500.23
7515,AC00007515,72,3,Current,Inactive,2023-12-13,364940.99
7516,AC00007516,2,4,Current,Closed,2024-07-28,383644.17
7517,AC00007517,34,4,Savings,active,2023-09-29,468283.2
7518,AC00007518,15,3,CURRENT,Closed,2023-02-05,343410.2
7519,AC00007519,33,4,Savings,Inactive,2025-02-19,349387.43
7520,AC00007520,77,1,Current,Active,2023-08-27,67105.94
7521,AC00007521,12,2,Savings,Active,2025-04-04,465431.08
7522,AC00007522,96,1,Savings,Inactive,2026-06-01,462818.18
7523,AC00007523,2,4,saving,Dormant,2026-01-20,108970.27
7524,AC00007524,21,4,saving,Closed,2023-01-19,254242.1
7525,AC00007525,93,3,CURRENT,Dormant,2024-08-28,305183.46
7526,AC00007526,65,2,Fixed Deposit,Active,2026-02-06,354047.35
7527,AC00007527,48,4,Current,Active,2022-10-24,312909.07
7528,AC00007528,100,3,saving,Closed,2023-09-27,361794.29
7529,AC00007529,51,1,saving,Dormant,2025-11-01,382462.67
7530,AC00007530,79,3,CURRENT,Closed,2024-04-28,89590.93
7531,AC00007531,40,1,saving,Inactive,2023-05-20,350266.81
7532,AC00007532,41,3,saving,Inactive,2022-08-27,321668.5
7533,AC00007533,69,4,Current,active,2024-03-23,480296.97
7534,AC00007534,25,1,CURRENT,Active,2025-12-06,477899.35
7535,AC00007535,45,1,CURRENT,Dormant,2025-07-21,365551.27
7536,AC00007536,32,1,Current,Dormant,2025-09-01,20286.43
7537,AC00007537,46,4,Current,Active,2026-07-18,76986.61
7538,AC00007538,8,2,CURRENT,active,2022-11-20,343256.93
7539,AC00007539,57,1,Current,Inactive,2025-10-02,369797.38
7540,AC00007540,50,4,CURRENT,Dormant,2023-08-12,19157.72
7541,AC00007541,64,4,Savings,active,2023-01-17,423867.15
7542,AC00007542,47,1,saving,Dormant,2024-04-07,282061.53
7543,AC00007543,35,2,Current,active,2024-03-26,477496.74
7544,AC00007544,53,4,Current,Inactive,2024-06-01,188337.8
7545,AC00007545,62,1,saving,Inactive,2026-02-24,213777.11
7546,AC00007546,3,1,saving,Inactive,2024-02-18,341516.21
7547,AC00007547,68,3,saving,Inactive,2026-05-23,87761.33
7548,AC00007548,10,3,saving,Closed,2024-03-22,282939.36
7549,AC00007549,12,2,saving,Closed,2026-05-15,78794.07
7550,AC00007550,10,3,saving,Active,2024-09-29,102060.06
7551,AC00007551,100,3,Current,Dormant,2025-11-20,141937.57
7552,AC00007552,64,4,Fixed Deposit,Active,2025-10-21,31648.4
7553,AC00007553,77,3,Fixed Deposit,Closed,2025-01-20,196968.29
7554,AC00007554,84,1,Savings,Inactive,2024-04-19,360696.24
7555,AC00007555,7,1,Fixed Deposit,Active,2024-09-12,365804.63
7556,AC00007556,92,1,Current,Active,2023-12-27,78070.79
7557,AC00007557,37,4,Savings,Inactive,2024-08-18,289215.38
7558,AC00007558,5,1,Savings,active,2025-09-19,197394.59
7559,AC00007559,95,2,Fixed Deposit,active,2023-09-23,140088.99
7560,AC00007560,10,4,saving,Active,2023-09-10,365298.22
7561,AC00007561,51,4,Savings,Inactive,2023-07-03,1063.47
7562,AC00007562,30,1,saving,Inactive,2025-10-04,224455.39
7563,AC00007563,45,1,CURRENT,Inactive,2023-09-18,73546.16
7564,AC00007564,41,3,Current,Active,2025-01-27,377929.45
7565,AC00007565,2,4,Fixed Deposit,Closed,2023-09-06,388259.35
7566,AC00007566,1,3,Savings,active,2024-04-06,469438.8
7567,AC00007567,50,4,saving,active,2022-12-08,296210.74
7568,AC00007568,36,3,Current,Dormant,2025-03-13,362656.1
7569,AC00007569,15,2,Current,Dormant,2025-12-21,401871.72
7570,AC00007570,61,3,CURRENT,Inactive,2025-10-06,235652.78
7571,AC00007571,33,2,Current,Dormant,2023-07-28,158418.41
7572,AC00007572,83,1,saving,Inactive,2024-08-18,13744.86
7573,AC00007573,98,1,Current,Inactive,2025-06-11,331042.38
7574,AC00007574,49,4,Current,Closed,2025-05-12,288161.26
7575,AC00007575,84,3,Savings,active,2025-07-02,269405.18
7576,AC00007576,43,4,Fixed Deposit,Closed,2025-02-17,89839.94
7577,AC00007577,76,2,CURRENT,Dormant,2026-01-14,264462.53
7578,AC00007578,65,4,Current,active,2025-01-16,312549.87
7579,AC00007579,74,3,Current,Active,2024-12-29,85451.13
7580,AC00007580,71,3,Current,active,2024-11-11,200129.9
7581,AC00007581,91,4,saving,Closed,2023-03-16,366064.36
7582,AC00007582,25,4,Fixed Deposit,Active,2024-11-28,294912.32
7583,AC00007583,32,1,Savings,Closed,2023-08-21,139155.44
7584,AC00007584,100,2,Current,Closed,2022-10-18,392574.56
7585,AC00007585,49,4,Current,Closed,2026-05-03,444110.21
7586,AC00007586,19,2,Fixed Deposit,Active,2023-03-26,418837.53
7587,AC00007587,66,3,saving,Inactive,2024-09-18,426584.63
7588,AC00007588,84,3,Current,Active,2026-05-26,453944.75
7589,AC00007589,16,3,Current,Dormant,2026-04-09,379069.86
7590,AC00007590,20,4,saving,Active,2024-05-22,352925.05
7591,AC00007591,20,4,Current,Active,2024-03-07,165180.15
7592,AC00007592,38,3,Savings,active,2023-02-09,33191.56
7593,AC00007593,73,4,Fixed Deposit,Closed,2025-09-26,460114.83
7594,AC00007594,87,1,Savings,active,2024-10-17,388403.12
7595,AC00007595,35,3,saving,Active,2024-04-12,413382.34
7596,AC00007596,26,3,saving,active,2024-01-31,201836.14
7597,AC00007597,22,2,Fixed Deposit,Inactive,2023-11-29,43583.63
7598,AC00007598,72,2,CURRENT,Dormant,2024-08-14,36526.84
7599,AC00007599,87,3,saving,active,2025-09-02,192152.7
7600,AC00007600,46,4,saving,Inactive,2024-08-10,129000.15
7601,AC00007601,23,2,CURRENT,Closed,2025-08-31,91582.76
7602,AC00007602,55,1,saving,Dormant,2023-12-17,402907.07
7603,AC00007603,27,3,Current,Dormant,2025-10-20,398403.94
7604,AC00007604,24,4,saving,Active,2022-10-07,329533.49
7605,AC00007605,29,2,Current,Dormant,2026-04-05,288193.14
7606,AC00007606,32,4,saving,Dormant,2024-07-23,286428.95
7607,AC00007607,29,1,CURRENT,Inactive,2023-10-25,114283.31
7608,AC00007608,83,1,Savings,Inactive,2026-04-10,396674.7
7609,AC00007609,58,2,Fixed Deposit,Closed,2024-02-22,276199.78
7610,AC00007610,21,2,Current,Closed,2025-01-02,391375.6
7611,AC00007611,23,1,Fixed Deposit,Active,2023-12-29,191006.43
7612,AC00007612,97,1,CURRENT,Dormant,2026-06-14,412831.27
7613,AC00007613,31,1,Current,Inactive,2026-01-26,371707.59
7614,AC00007614,50,4,CURRENT,Inactive,2025-06-15,25858.44
7615,AC00007615,4,1,Savings,active,2025-12-15,176626.89
7616,AC00007616,61,4,Savings,Active,2022-12-19,75321.45
7617,AC00007617,86,2,Savings,Inactive,2024-02-07,241181.28
7618,AC00007618,90,3,saving,Dormant,2022-09-13,388274.54
7619,AC00007619,61,2,CURRENT,Active,2024-02-23,489233.12
7620,AC00007620,95,2,Savings,Inactive,2025-08-05,233610.58
7621,AC00007621,46,3,Current,active,2024-07-13,402762.28
7622,AC00007622,39,1,Savings,active,2024-08-15,348947.94
7623,AC00007623,78,3,saving,Dormant,2025-10-19,419469.99
7624,AC00007624,12,4,CURRENT,Dormant,2026-03-09,71504.13
7625,AC00007625,3,1,CURRENT,Dormant,2025-12-21,406298.46
7626,AC00007626,84,4,Fixed Deposit,Active,2025-12-09,365270.85
7627,AC00007627,16,1,Savings,Inactive,2024-08-16,35838.08
7628,AC00007628,95,3,saving,Inactive,2024-02-03,452152.15
7629,AC00007629,17,2,Fixed Deposit,Inactive,2025-01-18,483143.45
7630,AC00007630,7,1,Fixed Deposit,Dormant,2023-02-04,96680.68
7631,AC00007631,92,3,saving,active,2025-06-28,235110.04
7632,AC00007632,100,3,saving,Active,2025-04-17,374946.64
7633,AC00007633,54,3,Current,Closed,2026-01-31,356418.97
7634,AC00007634,45,4,CURRENT,Closed,2026-07-08,28112.76
7635,AC00007635,75,2,CURRENT,active,2024-11-13,268862.46
7636,AC00007636,48,4,CURRENT,Inactive,2023-11-08,429453.04
7637,AC00007637,56,1,Current,active,2024-11-07,105626.6
7638,AC00007638,16,1,Fixed Deposit,active,2024-08-04,117548.63
7639,AC00007639,4,2,saving,Closed,2026-05-18,418639.85
7640,AC00007640,19,4,Savings,Active,2026-06-13,485211.67
7641,AC00007641,70,3,Current,Dormant,2024-08-06,76833.86
7642,AC00007642,73,2,CURRENT,Inactive,2025-07-10,383254.31
7643,AC00007643,21,1,Current,Dormant,2025-06-15,68070.85
7644,AC00007644,77,3,Current,Dormant,2025-12-09,453004.34
7645,AC00007645,42,1,Fixed Deposit,Dormant,2025-12-14,217475.86
7646,AC00007646,50,2,Fixed Deposit,Inactive,2023-07-28,293641.49
7647,AC00007647,55,1,Fixed Deposit,Active,2026-07-18,375401.07
7648,AC00007648,49,1,Current,Closed,2026-04-02,483992.89
7649,AC00007649,79,4,Fixed Deposit,Dormant,2024-04-03,221840.98
7650,AC00007650,97,3,Current,Inactive,2024-03-22,57832.5
7651,AC00007651,69,2,CURRENT,Dormant,2024-12-03,227251.3
7652,AC00007652,51,4,CURRENT,Inactive,2026-02-17,65165.74
7653,AC00007653,60,2,saving,active,2026-03-01,32095.2
7654,AC00007654,95,2,saving,Active,2024-10-04,111386.03
7655,AC00007655,77,3,Fixed Deposit,Active,2024-09-07,379884.82
7656,AC00007656,83,2,saving,active,2025-09-01,284319.84
7657,AC00007657,48,3,Current,Inactive,2025-08-08,35816.55
7658,AC00007658,14,4,saving,Closed,2026-03-26,197086.66
7659,AC00007659,12,3,CURRENT,Active,2024-06-07,244675.56
7660,AC00007660,77,1,Fixed Deposit,Inactive,2023-11-16,445070.67
7661,AC00007661,17,4,CURRENT,Active,2026-02-01,159454.68
7662,AC00007662,15,1,CURRENT,Closed,2023-12-07,350859.81
7663,AC00007663,73,3,saving,active,2023-12-11,493198.52
7664,AC00007664,73,4,Savings,Dormant,2023-12-05,448085.31
7665,AC00007665,82,1,saving,Closed,2025-06-08,81898.87
7666,AC00007666,50,3,Current,Dormant,2022-08-23,281488.44
7667,AC00007667,60,4,Current,Dormant,2026-06-03,43430.74
7668,AC00007668,36,3,CURRENT,Inactive,2025-06-23,162806.04
7669,AC00007669,1,1,saving,Inactive,2026-02-25,213635.42
7670,AC00007670,30,4,Current,Active,2025-02-15,422299.26
7671,AC00007671,76,3,saving,Active,2023-01-01,139420.79
7672,AC00007672,85,1,saving,Inactive,2026-03-26,38137.52
7673,AC00007673,21,4,Current,Closed,2023-08-19,465714.09
7674,AC00007674,10,1,Current,Inactive,2024-06-13,433677.7
7675,AC00007675,47,3,CURRENT,Closed,2024-12-17,342422.21
7676,AC00007676,66,3,Fixed Deposit,Inactive,2025-07-18,459639.78
7677,AC00007677,64,4,CURRENT,Inactive,2025-05-19,28095.09
7678,AC00007678,23,1,saving,active,2025-10-24,349979.0
7679,AC00007679,47,4,Fixed Deposit,Inactive,2023-07-20,398910.85
7680,AC00007680,63,4,Savings,Inactive,2023-12-26,67521.65
7681,AC00007681,84,1,Current,active,2023-01-28,65411.02
7682,AC00007682,64,3,CURRENT,Active,2024-03-21,232242.57
7683,AC00007683,4,2,saving,Inactive,2024-08-25,101244.21
7684,AC00007684,76,1,Fixed Deposit,Inactive,2025-11-01,35718.57
7685,AC00007685,1,4,Savings,Closed,2026-01-05,469809.57
7686,AC00007686,57,1,Current,Active,2026-01-22,96344.22
7687,AC00007687,77,1,Savings,active,2025-07-26,457196.37
7688,AC00007688,44,2,CURRENT,Closed,2023-11-12,234165.87
7689,AC00007689,60,3,saving,Active,2023-05-30,319132.73
7690,AC00007690,78,2,Current,active,2023-09-20,69893.03
7691,AC00007691,32,3,Current,active,2022-10-02,310471.34
7692,AC00007692,25,1,Savings,Active,2023-07-30,137299.35
7693,AC00007693,68,1,saving,Inactive,2025-06-02,136290.01
7694,AC00007694,46,4,Savings,active,2023-08-15,116121.9
7695,AC00007695,15,4,saving,Dormant,2024-04-06,187447.6
7696,AC00007696,53,4,CURRENT,active,2026-05-09,126121.37
7697,AC00007697,88,3,saving,Inactive,2024-05-03,87816.37
7698,AC00007698,7,3,Current,active,2023-12-23,79734.08
7699,AC00007699,26,1,Fixed Deposit,active,2026-02-22,93005.01
7700,AC00007700,60,4,saving,Active,2023-11-17,405793.29
7701,AC00007701,95,1,Current,Active,2026-01-29,323982.36
7702,AC00007702,55,2,Current,Inactive,2024-04-07,412430.64
7703,AC00007703,59,1,Savings,Dormant,2024-05-14,134513.68
7704,AC00007704,22,4,Current,Active,2025-11-17,268376.04
7705,AC00007705,39,1,Fixed Deposit,Closed,2026-02-18,98214.73
7706,AC00007706,27,3,Current,Dormant,2024-03-14,126870.47
7707,AC00007707,48,1,Current,Closed,2025-04-18,222557.89
7708,AC00007708,65,2,Current,Inactive,2024-02-27,35676.83
7709,AC00007709,7,2,Current,active,2024-04-18,459482.42
7710,AC00007710,23,2,Current,Dormant,2023-12-05,145160.25
7711,AC00007711,25,1,Current,Inactive,2024-07-12,12314.14
7712,AC00007712,94,3,saving,Active,2025-02-14,402030.94
7713,AC00007713,38,1,Savings,Closed,2022-09-25,156317.64
7714,AC00007714,47,4,Savings,active,2026-02-04,257971.43
7715,AC00007715,27,2,Current,Active,2023-05-13,387870.01
7716,AC00007716,76,1,Savings,Closed,2022-11-26,25941.43
7717,AC00007717,88,4,CURRENT,active,2024-07-21,322006.12
7718,AC00007718,6,2,CURRENT,Inactive,2024-03-03,221054.68
7719,AC00007719,94,2,Fixed Deposit,Active,2024-06-07,325310.88
7720,AC00007720,60,3,Fixed Deposit,Inactive,2025-01-31,231836.16
7721,AC00007721,99,1,Current,Active,2024-10-28,177784.47
7722,AC00007722,77,4,Savings,active,2026-07-20,222182.51
7723,AC00007723,22,2,Fixed Deposit,Closed,2022-12-06,291293.9
7724,AC00007724,58,3,Current,active,2022-11-09,131681.7
7725,AC00007725,47,1,Fixed Deposit,active,2026-05-11,295347.03
7726,AC00007726,75,1,Fixed Deposit,Inactive,2023-05-13,250921.27
7727,AC00007727,97,3,Fixed Deposit,active,2024-07-05,282335.96
7728,AC00007728,46,1,Fixed Deposit,Inactive,2022-10-16,241353.8
7729,AC00007729,7,4,CURRENT,Dormant,2023-04-11,328823.35
7730,AC00007730,24,2,CURRENT,Closed,2025-08-23,475458.0
7731,AC00007731,85,1,CURRENT,Inactive,2026-01-25,466952.36
7732,AC00007732,48,1,saving,active,2024-11-10,15953.96
7733,AC00007733,91,1,Savings,active,2024-03-22,476620.44
7734,AC00007734,90,4,Savings,Inactive,2024-02-23,344185.28
7735,AC00007735,74,4,CURRENT,Dormant,2026-05-19,340279.45
7736,AC00007736,87,1,saving,active,2022-09-14,41597.52
7737,AC00007737,57,2,CURRENT,active,2024-12-24,169294.58
7738,AC00007738,85,1,Current,active,2025-12-16,181336.43
7739,AC00007739,61,3,Savings,Active,2025-01-27,422409.87
7740,AC00007740,10,4,Current,Active,2023-10-09,145517.35
7741,AC00007741,24,1,Fixed Deposit,active,2023-04-25,427950.55
7742,AC00007742,2,1,saving,Dormant,2026-04-11,203968.19
7743,AC00007743,98,3,Fixed Deposit,Dormant,2026-07-19,48082.77
7744,AC00007744,36,3,Current,Closed,2023-06-30,60656.46
7745,AC00007745,57,1,Savings,active,2023-01-01,364307.29
7746,AC00007746,8,1,Savings,Dormant,2023-04-08,28431.05
7747,AC00007747,39,1,Savings,Active,2023-11-14,468771.51
7748,AC00007748,83,4,Savings,active,2025-04-27,265706.15
7749,AC00007749,67,4,Fixed Deposit,Inactive,2024-10-23,138417.27
7750,AC00007750,53,4,Savings,Dormant,2024-05-22,235826.41
7751,AC00007751,47,1,Current,Dormant,2025-10-21,359568.97
7752,AC00007752,34,1,Savings,Dormant,2025-10-16,60569.82
7753,AC00007753,26,4,saving,active,2023-05-21,299929.08
7754,AC00007754,7,2,Savings,Dormant,2025-07-07,436492.86
7755,AC00007755,2,1,saving,Active,2025-03-10,421806.55
7756,AC00007756,64,4,Fixed Deposit,Dormant,2023-04-10,122739.22
7757,AC00007757,61,1,Fixed Deposit,Dormant,2026-05-03,470181.29
7758,AC00007758,84,3,Fixed Deposit,active,2023-02-21,307278.1
7759,AC00007759,39,4,CURRENT,Closed,2025-12-14,470689.49
7760,AC00007760,67,3,Fixed Deposit,Closed,2025-11-26,84018.72
7761,AC00007761,29,3,saving,Dormant,2026-01-12,304539.3
7762,AC00007762,90,3,Savings,active,2024-09-16,443656.93
7763,AC00007763,33,4,Savings,active,2022-12-22,41545.12
7764,AC00007764,55,1,Savings,Dormant,2023-06-13,52343.66
7765,AC00007765,2,2,Current,Dormant,2022-11-07,44668.29
7766,AC00007766,28,3,Savings,Closed,2024-04-10,281755.91
7767,AC00007767,74,2,Current,Closed,2023-03-21,201761.16
7768,AC00007768,91,1,CURRENT,Dormant,2023-12-20,304076.34
7769,AC00007769,57,2,CURRENT,Inactive,2023-02-15,30848.98
7770,AC00007770,42,1,Fixed Deposit,Closed,2026-03-16,2300.59
7771,AC00007771,8,4,saving,Closed,2024-08-12,491816.57
7772,AC00007772,70,1,Current,Active,2026-06-22,411271.06
7773,AC00007773,79,2,saving,Active,2025-10-18,306621.32
7774,AC00007774,35,2,saving,Active,2023-09-24,80963.1
7775,AC00007775,77,1,Savings,Dormant,2025-08-08,197644.05
7776,AC00007776,11,2,saving,active,2025-07-25,92070.8
7777,AC00007777,22,3,saving,Closed,2024-04-27,431530.0
7778,AC00007778,31,2,CURRENT,Closed,2025-01-09,219786.34
7779,AC00007779,18,3,Current,Active,2024-10-10,399131.45
7780,AC00007780,41,4,Savings,active,2026-01-06,368963.01
7781,AC00007781,56,1,Fixed Deposit,Dormant,2022-12-19,395130.8
7782,AC00007782,24,3,saving,Inactive,2023-05-04,293596.63
7783,AC00007783,66,1,Current,active,2025-07-20,228059.81
7784,AC00007784,53,2,Current,active,2025-04-03,82987.63
7785,AC00007785,14,4,Current,Inactive,2025-04-07,45047.13
7786,AC00007786,47,2,saving,active,2025-07-07,217370.26
7787,AC00007787,81,4,Current,Dormant,2025-07-07,124529.04
7788,AC00007788,91,1,Current,Active,2026-04-20,160259.23
7789,AC00007789,27,1,Fixed Deposit,active,2024-04-26,309633.6
7790,AC00007790,18,4,Savings,Active,2023-08-31,492823.3
7791,AC00007791,93,4,Current,Closed,2026-04-04,446227.97
7792,AC00007792,16,3,Current,active,2025-07-15,6830.02
7793,AC00007793,76,3,saving,Dormant,2025-11-26,272332.58
7794,AC00007794,11,1,saving,Dormant,2022-12-08,153868.79
7795,AC00007795,82,3,CURRENT,Inactive,2024-12-10,482937.03
7796,AC00007796,50,4,CURRENT,Inactive,2025-11-03,369999.5
7797,AC00007797,77,1,CURRENT,Inactive,2023-10-08,129623.75
7798,AC00007798,98,2,CURRENT,Closed,2024-03-27,274918.81
7799,AC00007799,19,4,Current,Dormant,2022-12-10,458601.03
7800,AC00007800,85,2,Fixed Deposit,Dormant,2026-04-14,364227.73
7801,AC00007801,3,1,CURRENT,Dormant,2024-03-12,377106.06
7802,AC00007802,28,2,Current,Dormant,2024-12-27,230265.71
7803,AC00007803,24,4,Current,Inactive,2024-06-09,435545.76
7804,AC00007804,36,2,Current,Closed,2025-11-15,450997.09
7805,AC00007805,14,4,CURRENT,Closed,2025-05-03,408750.64
7806,AC00007806,17,1,saving,Inactive,2025-07-10,148141.73
7807,AC00007807,52,1,Savings,Closed,2025-11-01,149911.24
7808,AC00007808,25,1,Current,Active,2024-12-24,81741.33
7809,AC00007809,20,2,Fixed Deposit,Inactive,2024-06-22,141067.52
7810,AC00007810,66,2,saving,Dormant,2024-06-01,296243.44
7811,AC00007811,34,2,Savings,active,2026-02-19,313778.48
7812,AC00007812,39,1,CURRENT,Active,2024-11-14,163842.59
7813,AC00007813,26,4,Current,Dormant,2025-07-06,5415.6
7814,AC00007814,87,3,CURRENT,active,2024-09-28,353036.43
7815,AC00007815,35,3,Savings,Dormant,2026-07-28,244054.64
7816,AC00007816,99,2,CURRENT,Active,2024-03-14,159289.35
7817,AC00007817,94,4,Current,Inactive,2025-10-21,371216.74
7818,AC00007818,43,2,CURRENT,Closed,2026-05-17,410007.1
7819,AC00007819,42,4,CURRENT,Dormant,2025-12-30,381292.2
7820,AC00007820,44,4,Savings,Active,2023-10-13,433865.83
7821,AC00007821,94,4,Current,Closed,2026-07-29,76307.42
7822,AC00007822,72,4,Savings,Inactive,2022-10-01,120666.79
7823,AC00007823,27,4,Current,Active,2025-06-04,360729.99
7824,AC00007824,2,1,Fixed Deposit,Closed,2026-04-18,36601.32
7825,AC00007825,72,1,CURRENT,active,2026-04-10,267423.88
7826,AC00007826,29,3,saving,active,2023-10-07,415572.86
7827,AC00007827,99,4,Fixed Deposit,Closed,2025-10-27,211840.95
7828,AC00007828,74,1,saving,active,2023-09-22,476554.96
7829,AC00007829,36,4,Current,Active,2025-03-19,127265.54
7830,AC00007830,12,2,Savings,Closed,2022-11-04,427120.16
7831,AC00007831,82,1,Savings,Inactive,2024-12-30,334613.43
7832,AC00007832,43,4,Savings,Dormant,2026-06-10,159964.49
7833,AC00007833,66,1,CURRENT,Active,2022-08-24,245988.05
7834,AC00007834,9,4,Current,Closed,2026-05-11,29425.85
7835,AC00007835,56,4,Fixed Deposit,active,2024-12-23,449163.69
7836,AC00007836,1,1,Savings,Inactive,2023-04-09,273241.48
7837,AC00007837,3,1,CURRENT,Closed,2023-09-10,97606.91
7838,AC00007838,40,2,Fixed Deposit,Active,2025-04-17,249304.65
7839,AC00007839,92,2,CURRENT,Inactive,2025-12-25,483934.7
7840,AC00007840,43,1,CURRENT,Closed,2024-11-01,43805.01
7841,AC00007841,79,2,Savings,Inactive,2024-04-13,43348.99
7842,AC00007842,20,4,CURRENT,Dormant,2025-01-08,125087.26
7843,AC00007843,48,3,Savings,Inactive,2026-02-21,46827.28
7844,AC00007844,28,4,Fixed Deposit,Active,2023-02-02,591.31
7845,AC00007845,31,4,Savings,Closed,2025-08-09,210964.48
7846,AC00007846,58,1,CURRENT,Active,2023-03-19,98122.21
7847,AC00007847,77,3,saving,Closed,2024-10-18,471623.38
7848,AC00007848,2,4,Savings,Inactive,2023-06-27,437380.44
7849,AC00007849,21,1,saving,Dormant,2024-09-25,63677.43
7850,AC00007850,38,4,CURRENT,Active,2025-10-13,399148.16
7851,AC00007851,93,3,CURRENT,Active,2024-12-29,223486.92
7852,AC00007852,65,4,saving,Inactive,2025-05-02,23463.63
7853,AC00007853,38,1,CURRENT,Dormant,2025-07-19,379411.57
7854,AC00007854,44,2,CURRENT,Active,2023-04-20,51659.77
7855,AC00007855,27,3,CURRENT,Inactive,2026-03-23,283021.87
7856,AC00007856,63,1,CURRENT,Dormant,2023-11-19,382929.93
7857,AC00007857,7,3,Savings,Dormant,2023-08-26,465718.7
7858,AC00007858,98,3,saving,Active,2023-04-04,28394.94
7859,AC00007859,49,2,saving,Dormant,2022-10-11,373761.78
7860,AC00007860,81,4,Fixed Deposit,Inactive,2025-09-20,167819.33
7861,AC00007861,66,3,CURRENT,Dormant,2026-04-28,159434.5
7862,AC00007862,7,1,Current,Closed,2024-07-09,487577.6
7863,AC00007863,29,4,Fixed Deposit,Inactive,2024-08-10,62395.47
7864,AC00007864,34,3,Current,Inactive,2023-07-31,329439.61
7865,AC00007865,40,1,Current,Closed,2025-07-13,19972.15
7866,AC00007866,52,1,CURRENT,active,2022-12-10,176636.8
7867,AC00007867,64,3,Savings,Active,2023-09-29,404246.28
7868,AC00007868,28,2,Current,Active,2023-04-05,495116.38
7869,AC00007869,100,2,Fixed Deposit,Active,2023-10-05,200514.6
7870,AC00007870,39,3,saving,active,2026-05-23,125387.91
7871,AC00007871,57,1,saving,Dormant,2024-03-23,186246.72
7872,AC00007872,39,4,Current,active,2026-07-28,471373.05
7873,AC00007873,52,3,saving,active,2023-08-11,463626.15
7874,AC00007874,30,4,Current,Dormant,2023-02-08,346800.23
7875,AC00007875,72,4,CURRENT,Dormant,2022-11-17,182464.16
7876,AC00007876,17,1,Savings,Inactive,2024-08-12,85493.26
7877,AC00007877,9,3,saving,Closed,2023-11-01,339139.52
7878,AC00007878,11,4,Savings,active,2023-07-06,147685.72
7879,AC00007879,96,3,Fixed Deposit,Inactive,2026-01-25,241671.97
7880,AC00007880,3,1,Savings,Inactive,2022-10-18,27526.58
7881,AC00007881,13,2,Fixed Deposit,active,2024-11-24,252372.39
7882,AC00007882,65,4,Savings,active,2025-02-23,112720.12
7883,AC00007883,71,2,Fixed Deposit,Inactive,2026-07-05,332264.17
7884,AC00007884,35,1,saving,Active,2022-12-30,397952.24
7885,AC00007885,39,2,Fixed Deposit,Inactive,2023-07-27,357458.58
7886,AC00007886,65,1,Savings,active,2025-07-06,413501.38
7887,AC00007887,95,2,saving,Dormant,2024-07-11,327879.6
7888,AC00007888,46,4,Current,Inactive,2024-11-10,79804.0
7889,AC00007889,88,4,Savings,Dormant,2022-12-08,81315.86
7890,AC00007890,27,3,Savings,Closed,2025-08-17,354744.94
7891,AC00007891,71,1,Savings,Dormant,2023-03-26,178925.42
7892,AC00007892,46,2,Current,Dormant,2024-03-22,495154.89
7893,AC00007893,5,1,CURRENT,Active,2024-09-30,340818.32
7894,AC00007894,60,1,Current,Dormant,2022-12-30,184009.4
7895,AC00007895,61,4,Savings,Active,2025-12-13,102232.39
7896,AC00007896,26,3,Savings,active,2025-04-17,381962.35
7897,AC00007897,53,4,Current,Dormant,2025-11-20,478840.98
7898,AC00007898,26,3,Savings,active,2024-05-25,108081.32
7899,AC00007899,40,1,Fixed Deposit,Active,2025-03-27,149015.02
7900,AC00007900,8,3,saving,active,2024-09-21,60265.06
7901,AC00007901,89,1,saving,Active,2025-08-10,118997.69
7902,AC00007902,11,3,Fixed Deposit,Closed,2023-02-19,389989.25
7903,AC00007903,70,2,saving,Inactive,2024-02-24,211680.46
7904,AC00007904,93,2,Current,Dormant,2023-05-31,248382.09
7905,AC00007905,18,1,CURRENT,Dormant,2024-11-16,326875.99
7906,AC00007906,84,3,CURRENT,Closed,2023-06-02,423816.59
7907,AC00007907,22,1,CURRENT,Inactive,2024-03-10,490400.7
7908,AC00007908,46,4,Savings,Dormant,2024-07-05,337821.15
7909,AC00007909,61,1,CURRENT,Inactive,2023-08-26,194896.47
7910,AC00007910,91,3,Current,Inactive,2024-07-15,122370.4
7911,AC00007911,81,3,Fixed Deposit,Closed,2023-09-05,352857.54
7912,AC00007912,53,2,Fixed Deposit,Active,2022-10-09,475488.77
7913,AC00007913,85,2,CURRENT,active,2026-07-23,145955.51
7914,AC00007914,63,2,Fixed Deposit,Closed,2026-02-21,75750.52
7915,AC00007915,86,4,Current,Dormant,2023-11-07,367517.33
7916,AC00007916,34,1,CURRENT,Inactive,2022-10-07,466049.13
7917,AC00007917,1,4,Savings,active,2022-11-05,415017.39
7918,AC00007918,82,1,Current,Dormant,2024-06-03,254675.99
7919,AC00007919,96,2,CURRENT,Inactive,2026-06-02,499702.11
7920,AC00007920,4,3,Savings,Active,2025-09-20,208395.08
7921,AC00007921,67,2,CURRENT,Active,2026-01-14,363802.14
7922,AC00007922,92,3,CURRENT,Inactive,2026-04-19,426811.1
7923,AC00007923,19,2,Fixed Deposit,Inactive,2022-12-04,437137.55
7924,AC00007924,72,1,Current,Dormant,2023-01-27,386200.21
7925,AC00007925,81,3,Savings,Active,2023-05-22,85253.28
7926,AC00007926,29,4,saving,active,2022-09-30,70527.2
7927,AC00007927,39,3,CURRENT,Closed,2024-08-28,243018.58
7928,AC00007928,10,3,saving,Dormant,2023-01-14,99787.21
7929,AC00007929,12,4,Current,Active,2023-10-29,250570.08
7930,AC00007930,6,1,Fixed Deposit,Active,2024-11-07,124409.13
7931,AC00007931,70,4,Savings,Inactive,2024-04-14,1548.84
7932,AC00007932,8,1,Current,active,2022-09-18,447257.44
7933,AC00007933,2,4,saving,Dormant,2024-02-05,411476.71
7934,AC00007934,5,1,Current,Dormant,2025-04-20,162172.34
7935,AC00007935,11,1,Current,active,2023-03-20,131400.8
7936,AC00007936,52,3,CURRENT,Dormant,2023-04-10,114067.92
7937,AC00007937,25,3,Savings,active,2023-02-16,82605.9
7938,AC00007938,44,2,Fixed Deposit,Inactive,2026-05-14,75342.74
7939,AC00007939,88,4,CURRENT,Dormant,2025-02-16,379050.28
7940,AC00007940,10,4,Current,Closed,2023-01-22,338178.32
7941,AC00007941,92,1,Current,Active,2026-08-04,2275.61
7942,AC00007942,61,1,CURRENT,Dormant,2023-08-24,32225.01
7943,AC00007943,16,2,Fixed Deposit,Dormant,2024-05-25,284161.02
7944,AC00007944,15,1,Savings,Closed,2024-06-16,293027.61
7945,AC00007945,22,1,Fixed Deposit,Active,2023-06-04,113479.79
7946,AC00007946,43,1,CURRENT,Closed,2023-08-06,378753.0
7947,AC00007947,96,2,Savings,active,2024-09-27,306748.5
7948,AC00007948,32,2,Savings,Inactive,2026-07-25,142864.87
7949,AC00007949,61,1,saving,Active,2025-02-26,159085.36
7950,AC00007950,37,1,Savings,active,2022-12-29,316540.27
7951,AC00007951,32,1,CURRENT,Closed,2023-11-24,342507.69
7952,AC00007952,59,2,saving,Closed,2025-01-17,369592.69
7953,AC00007953,68,1,saving,Active,2023-08-09,193228.8
7954,AC00007954,48,2,Fixed Deposit,Closed,2025-11-12,313839.69
7955,AC00007955,87,2,Current,Dormant,2022-12-13,350108.91
7956,AC00007956,12,2,saving,Inactive,2025-08-20,359802.95
7957,AC00007957,60,3,Fixed Deposit,Dormant,2026-07-26,134413.23
7958,AC00007958,18,4,Fixed Deposit,Dormant,2025-04-18,496994.61
7959,AC00007959,53,3,Savings,Dormant,2025-06-11,119775.75
7960,AC00007960,48,2,Savings,active,2025-11-17,250951.27
7961,AC00007961,20,4,CURRENT,active,2025-08-25,219797.32
7962,AC00007962,73,2,Current,Closed,2023-04-02,283746.35
7963,AC00007963,2,3,Savings,Inactive,2022-08-26,46142.86
7964,AC00007964,59,4,Savings,Closed,2023-04-25,171577.61
7965,AC00007965,55,3,CURRENT,Inactive,2023-07-10,118098.45
7966,AC00007966,85,1,Current,Active,2025-01-17,1739.69
7967,AC00007967,43,4,Savings,Dormant,2025-05-16,193403.58
7968,AC00007968,79,1,Fixed Deposit,Active,2025-06-28,445659.93
7969,AC00007969,88,3,Savings,active,2026-05-27,34406.04
7970,AC00007970,53,4,Fixed Deposit,Active,2024-03-04,82467.94
7971,AC00007971,41,4,saving,Active,2026-08-06,203234.7
7972,AC00007972,99,4,Current,Inactive,2023-11-26,378864.48
7973,AC00007973,38,2,saving,Dormant,2024-12-16,259716.96
7974,AC00007974,1,1,CURRENT,Closed,2023-02-10,38314.74
7975,AC00007975,18,3,CURRENT,active,2025-06-05,272418.07
7976,AC00007976,89,2,saving,Closed,2025-04-15,154309.98
7977,AC00007977,68,2,CURRENT,active,2024-02-19,301268.13
7978,AC00007978,62,1,CURRENT,Inactive,2025-06-30,489234.17
7979,AC00007979,84,1,Savings,Inactive,2024-12-06,35719.26
7980,AC00007980,32,2,saving,Closed,2025-04-12,42756.0
7981,AC00007981,62,4,CURRENT,active,2025-02-04,311520.6
7982,AC00007982,44,4,Current,Active,2024-05-31,179825.35
7983,AC00007983,6,1,CURRENT,Closed,2026-01-27,340246.82
7984,AC00007984,74,3,Current,Closed,2025-05-22,481527.89
7985,AC00007985,20,4,Current,Active,2023-09-28,147606.35
7986,AC00007986,11,3,Current,Dormant,2025-02-16,358560.69
7987,AC00007987,55,2,CURRENT,Active,2025-11-11,189620.04
7988,AC00007988,69,1,Fixed Deposit,Active,2023-12-07,478612.09
7989,AC00007989,2,4,Fixed Deposit,Active,2024-11-15,250148.69
7990,AC00007990,95,3,Current,Dormant,2024-12-10,311096.07
7991,AC00007991,34,1,CURRENT,Inactive,2025-01-08,452877.53
7992,AC00007992,3,1,Current,Active,2026-01-20,387026.7
7993,AC00007993,81,1,CURRENT,Closed,2022-10-19,378183.22
7994,AC00007994,82,3,Savings,active,2024-12-24,334517.88
7995,AC00007995,63,3,Savings,Inactive,2024-01-14,427390.7
7996,AC00007996,32,2,CURRENT,Active,2026-05-09,81937.54
7997,AC00007997,44,1,CURRENT,Closed,2024-08-23,347430.22
7998,AC00007998,40,2,Fixed Deposit,Active,2024-08-25,444431.11
7999,AC00007999,45,2,Fixed Deposit,Inactive,2025-05-16,232877.54
8000,AC00008000,41,2,CURRENT,Closed,2026-04-22,249984.31
8001,AC00008001,2,4,saving,Active,2023-04-16,269114.24
8002,AC00008002,43,2,Fixed Deposit,Inactive,2024-07-24,225160.59
8003,AC00008003,23,2,Savings,active,2024-11-04,109817.51
8004,AC00008004,60,1,Fixed Deposit,active,2024-09-09,82525.29
8005,AC00008005,10,4,Current,active,2023-05-07,241000.33
8006,AC00008006,67,2,CURRENT,Dormant,2024-12-17,298609.2
8007,AC00008007,53,3,Fixed Deposit,Active,2023-03-26,117649.81
8008,AC00008008,42,3,CURRENT,Active,2024-11-10,81037.42
8009,AC00008009,46,4,CURRENT,Dormant,2025-02-12,128147.86
8010,AC00008010,22,4,Savings,Active,2026-05-29,80986.63
8011,AC00008011,60,3,Fixed Deposit,Inactive,2023-12-11,15951.34
8012,AC00008012,75,3,Fixed Deposit,active,2023-05-18,196473.21
8013,AC00008013,74,1,saving,Inactive,2024-12-21,58261.07
8014,AC00008014,90,2,Fixed Deposit,Active,2025-01-04,73359.01
8015,AC00008015,66,4,Savings,Dormant,2025-05-01,305610.56
8016,AC00008016,16,1,CURRENT,Inactive,2024-06-28,20626.37
8017,AC00008017,97,3,saving,active,2024-02-05,351076.2
8018,AC00008018,40,4,Fixed Deposit,Inactive,2023-07-04,392213.14
8019,AC00008019,31,2,CURRENT,Inactive,2026-06-09,8315.78
8020,AC00008020,9,1,Savings,Inactive,2025-04-15,216434.64
8021,AC00008021,21,2,saving,Closed,2023-09-19,188163.45
8022,AC00008022,83,2,saving,Dormant,2026-04-02,458392.98
8023,AC00008023,70,2,Fixed Deposit,Active,2023-04-27,479809.15
8024,AC00008024,82,1,Savings,Active,2025-06-19,384168.1
8025,AC00008025,97,2,saving,Inactive,2023-02-19,142092.85
8026,AC00008026,80,1,Fixed Deposit,Closed,2023-06-16,25651.49
8027,AC00008027,99,2,Fixed Deposit,Inactive,2023-09-04,343971.38
8028,AC00008028,12,4,Savings,Closed,2023-03-24,22456.28
8029,AC00008029,87,1,Savings,Inactive,2023-01-07,100302.12
8030,AC00008030,18,2,saving,Closed,2026-06-14,213971.84
8031,AC00008031,59,3,Current,Active,2025-02-08,73956.67
8032,AC00008032,66,2,CURRENT,Dormant,2026-07-21,61918.1
8033,AC00008033,42,3,CURRENT,Dormant,2025-09-25,366690.75
8034,AC00008034,87,1,Savings,Active,2026-01-10,43178.2
8035,AC00008035,8,2,Current,active,2023-06-11,20491.53
8036,AC00008036,77,4,Fixed Deposit,active,2022-12-22,258191.14
8037,AC00008037,37,2,CURRENT,Closed,2026-06-07,184995.05
8038,AC00008038,12,4,CURRENT,active,2023-05-17,411584.61
8039,AC00008039,18,1,CURRENT,Closed,2022-12-26,402158.35
8040,AC00008040,67,1,Current,Dormant,2025-04-09,213273.46
8041,AC00008041,37,2,Savings,Dormant,2022-12-15,158929.9
8042,AC00008042,94,2,saving,Dormant,2023-11-15,208867.22
8043,AC00008043,97,1,CURRENT,Active,2023-02-13,413194.56
8044,AC00008044,43,3,Fixed Deposit,Inactive,2023-07-01,493828.7
8045,AC00008045,10,2,saving,active,2026-01-29,325634.22
8046,AC00008046,89,4,Savings,Inactive,2023-08-04,47177.55
8047,AC00008047,50,4,Savings,Dormant,2024-08-28,261617.75
8048,AC00008048,44,1,CURRENT,Closed,2025-02-18,125492.75
8049,AC00008049,78,1,Savings,Closed,2025-03-29,368139.61
8050,AC00008050,92,2,saving,Dormant,2022-12-11,481902.17
8051,AC00008051,97,3,CURRENT,Dormant,2026-01-16,387610.82
8052,AC00008052,18,3,CURRENT,active,2026-01-22,83536.43
8053,AC00008053,14,2,Savings,Closed,2024-05-11,14831.66
8054,AC00008054,71,2,Current,active,2026-07-14,142469.85
8055,AC00008055,85,3,Current,Closed,2025-07-30,150839.93
8056,AC00008056,82,2,saving,Closed,2025-12-14,95952.42
8057,AC00008057,92,2,saving,active,2022-10-14,437597.34
8058,AC00008058,56,2,Savings,active,2026-05-16,456340.39
8059,AC00008059,98,4,Current,Dormant,2025-04-03,373289.37
8060,AC00008060,39,4,CURRENT,active,2023-01-09,293672.86
8061,AC00008061,71,1,saving,Closed,2023-01-05,39846.33
8062,AC00008062,33,4,Savings,Inactive,2023-06-12,459013.13
8063,AC00008063,89,3,Current,Closed,2024-11-01,252248.38
8064,AC00008064,76,4,CURRENT,Dormant,2022-12-27,31112.86
8065,AC00008065,76,1,Current,Inactive,2024-11-10,229551.51
8066,AC00008066,97,3,saving,Inactive,2024-12-02,66680.89
8067,AC00008067,91,4,Current,Dormant,2026-02-22,396238.71
8068,AC00008068,9,4,Current,Closed,2024-08-24,354034.12
8069,AC00008069,18,2,Savings,active,2024-02-13,380239.65
8070,AC00008070,99,1,CURRENT,Closed,2023-04-27,384137.26
8071,AC00008071,66,1,CURRENT,Closed,2026-02-07,369586.9
8072,AC00008072,4,3,CURRENT,Inactive,2025-05-08,229792.98
8073,AC00008073,18,3,Savings,Closed,2025-04-03,437974.06
8074,AC00008074,99,2,saving,Inactive,2025-07-20,434195.37
8075,AC00008075,51,2,Fixed Deposit,Active,2022-10-31,110480.48
8076,AC00008076,59,2,Current,Inactive,2025-11-10,187940.57
8077,AC00008077,8,1,Current,Inactive,2024-04-06,128297.79
8078,AC00008078,4,4,Current,Closed,2022-11-01,452467.47
8079,AC00008079,96,1,Current,Active,2024-04-22,138914.35
8080,AC00008080,7,3,Fixed Deposit,Active,2025-08-28,341504.32
8081,AC00008081,97,4,Current,Inactive,2024-11-12,122111.8
8082,AC00008082,63,4,saving,Active,2024-10-23,288333.13
8083,AC00008083,71,2,Current,Closed,2024-07-17,315608.29
8084,AC00008084,1,1,Current,Closed,2024-09-20,2809.73
8085,AC00008085,91,1,Current,Dormant,2024-09-23,163228.89
8086,AC00008086,30,2,Current,Closed,2025-01-19,203400.49
8087,AC00008087,31,1,Fixed Deposit,Active,2023-11-05,181861.1
8088,AC00008088,80,1,Savings,Active,2025-05-04,337018.3
8089,AC00008089,38,1,Fixed Deposit,active,2026-06-19,28605.65
8090,AC00008090,52,1,CURRENT,active,2023-07-25,428096.35
8091,AC00008091,47,3,CURRENT,Closed,2023-08-09,52452.78
8092,AC00008092,3,3,Savings,Dormant,2024-10-15,257068.66
8093,AC00008093,87,3,CURRENT,Dormant,2026-05-19,440271.02
8094,AC00008094,37,4,Savings,Inactive,2026-01-13,330270.22
8095,AC00008095,35,1,CURRENT,active,2022-10-25,344252.25
8096,AC00008096,98,1,Savings,Active,2026-03-18,187607.79
8097,AC00008097,13,1,Current,Closed,2024-06-07,34021.61
8098,AC00008098,24,2,Current,Active,2023-11-30,477411.18
8099,AC00008099,45,3,Fixed Deposit,Inactive,2025-06-21,477470.86
8100,AC00008100,51,1,Current,Inactive,2024-11-17,406519.61
8101,AC00008101,42,2,CURRENT,Active,2024-02-03,224875.53
8102,AC00008102,9,2,Current,Dormant,2026-06-10,40636.12
8103,AC00008103,45,3,Fixed Deposit,Closed,2026-06-14,292342.41
8104,AC00008104,1,4,Fixed Deposit,Active,2024-06-05,422448.91
8105,AC00008105,37,2,Current,Closed,2026-04-16,202409.88
8106,AC00008106,50,4,CURRENT,Closed,2025-10-26,354560.61
8107,AC00008107,50,4,saving,Closed,2023-10-02,279859.12
8108,AC00008108,5,3,Fixed Deposit,Closed,2022-11-01,275980.27
8109,AC00008109,47,1,Fixed Deposit,Active,2025-05-05,440209.32
8110,AC00008110,76,4,Fixed Deposit,active,2026-03-13,496134.24
8111,AC00008111,38,1,Savings,Active,2023-03-11,186809.33
8112,AC00008112,50,4,saving,Dormant,2025-04-16,479915.46
8113,AC00008113,88,4,saving,Inactive,2023-11-28,394661.45
8114,AC00008114,90,2,saving,Active,2023-02-11,291375.57
8115,AC00008115,45,4,Savings,Dormant,2026-05-22,32405.64
8116,AC00008116,71,2,Savings,Closed,2023-09-02,482373.34
8117,AC00008117,46,4,Fixed Deposit,Active,2025-10-23,30327.35
8118,AC00008118,61,3,Current,Dormant,2024-09-30,428505.28
8119,AC00008119,23,4,CURRENT,Active,2026-01-08,298191.26
8120,AC00008120,47,4,saving,Closed,2024-02-11,239681.09
8121,AC00008121,27,2,CURRENT,Active,2024-12-16,263904.81
8122,AC00008122,62,2,saving,active,2025-12-21,381786.05
8123,AC00008123,89,4,CURRENT,Inactive,2025-08-12,349283.51
8124,AC00008124,18,4,CURRENT,Active,2024-10-28,369659.99
8125,AC00008125,18,3,Current,Dormant,2024-06-14,372028.97
8126,AC00008126,78,4,saving,active,2022-11-11,120424.19
8127,AC00008127,8,4,Current,Active,2022-12-16,443767.44
8128,AC00008128,88,4,CURRENT,Active,2023-08-06,240393.42
8129,AC00008129,84,2,Savings,Inactive,2025-08-16,388307.49
8130,AC00008130,55,3,CURRENT,Closed,2024-01-12,306709.21
8131,AC00008131,27,3,saving,Dormant,2023-04-11,52039.59
8132,AC00008132,23,4,Fixed Deposit,Inactive,2026-06-09,338159.23
8133,AC00008133,84,4,Fixed Deposit,Active,2025-06-24,288493.83
8134,AC00008134,47,1,Fixed Deposit,Dormant,2026-05-09,456972.12
8135,AC00008135,34,3,Fixed Deposit,Dormant,2026-07-23,202839.6
8136,AC00008136,92,4,saving,active,2024-05-12,325693.44
8137,AC00008137,36,3,CURRENT,Closed,2026-06-02,480097.52
8138,AC00008138,83,3,saving,active,2025-04-18,246269.33
8139,AC00008139,58,1,CURRENT,Active,2026-01-22,84679.63
8140,AC00008140,83,1,saving,Inactive,2026-01-05,254800.33
8141,AC00008141,48,1,saving,Closed,2025-03-25,416767.32
8142,AC00008142,92,4,saving,Active,2025-04-25,301256.71
8143,AC00008143,74,2,saving,active,2025-02-02,105787.93
8144,AC00008144,70,4,saving,Closed,2026-01-16,367255.61
8145,AC00008145,39,4,saving,Active,2025-02-11,80079.34
8146,AC00008146,100,2,CURRENT,Dormant,2026-03-12,54409.08
8147,AC00008147,71,1,Current,Dormant,2024-04-18,386826.04
8148,AC00008148,11,3,CURRENT,Closed,2025-12-16,422151.59
8149,AC00008149,98,2,saving,Dormant,2025-04-24,388632.23
8150,AC00008150,9,4,CURRENT,active,2025-06-01,150968.81
8151,AC00008151,28,4,Savings,Inactive,2023-03-21,325601.93
8152,AC00008152,59,1,CURRENT,Active,2022-08-27,392626.69
8153,AC00008153,13,2,Fixed Deposit,Active,2023-11-25,234777.92
8154,AC00008154,4,2,CURRENT,Inactive,2024-09-18,133242.52
8155,AC00008155,13,4,Savings,Inactive,2024-05-21,358133.16
8156,AC00008156,58,3,saving,Inactive,2025-10-24,322034.5
8157,AC00008157,70,4,Fixed Deposit,Dormant,2026-01-11,331338.86
8158,AC00008158,74,2,saving,Active,2026-02-06,220837.74
8159,AC00008159,44,3,Current,Inactive,2025-11-30,373115.28
8160,AC00008160,33,3,CURRENT,active,2024-09-08,202513.08
8161,AC00008161,61,4,Current,Closed,2025-09-22,106898.07
8162,AC00008162,48,4,Fixed Deposit,Closed,2024-03-23,115958.62
8163,AC00008163,40,3,Savings,Closed,2023-03-16,35400.86
8164,AC00008164,87,1,Savings,Active,2023-12-06,435970.59
8165,AC00008165,46,4,Current,Dormant,2026-05-24,132735.86
8166,AC00008166,56,2,CURRENT,Dormant,2026-07-14,336980.43
8167,AC00008167,7,4,saving,Inactive,2024-07-27,381315.4
8168,AC00008168,97,4,Current,active,2026-06-04,190667.45
8169,AC00008169,81,3,CURRENT,Dormant,2022-10-11,201597.17
8170,AC00008170,27,3,CURRENT,Closed,2024-06-12,219050.38
8171,AC00008171,23,3,Savings,Dormant,2023-08-27,372967.69
8172,AC00008172,96,4,Savings,Inactive,2025-02-21,387105.24
8173,AC00008173,91,1,Fixed Deposit,active,2026-07-14,211597.21
8174,AC00008174,67,4,CURRENT,Dormant,2023-02-08,296989.88
8175,AC00008175,60,1,Current,Active,2025-04-27,222327.92
8176,AC00008176,79,3,Savings,Dormant,2024-06-12,115520.26
8177,AC00008177,88,3,CURRENT,Active,2023-01-20,105990.09
8178,AC00008178,77,4,Current,Dormant,2024-08-06,477478.01
8179,AC00008179,36,3,Fixed Deposit,Closed,2025-09-23,302269.37
8180,AC00008180,53,2,CURRENT,Inactive,2023-12-31,273654.97
8181,AC00008181,90,4,Current,Closed,2024-07-18,101787.92
8182,AC00008182,68,2,CURRENT,active,2026-01-05,314092.23
8183,AC00008183,99,2,CURRENT,active,2025-05-22,94529.29
8184,AC00008184,61,2,saving,Inactive,2023-09-21,394886.52
8185,AC00008185,7,3,saving,Closed,2025-11-11,38033.11
8186,AC00008186,17,1,Savings,active,2024-05-06,70876.14
8187,AC00008187,74,4,Savings,Closed,2022-11-03,78649.98
8188,AC00008188,23,4,Savings,Closed,2024-08-12,305606.49
8189,AC00008189,79,1,CURRENT,Dormant,2026-08-06,355246.73
8190,AC00008190,98,4,Fixed Deposit,Active,2024-02-21,354026.56
8191,AC00008191,65,3,Fixed Deposit,Dormant,2025-09-06,269218.59
8192,AC00008192,78,4,saving,Active,2025-10-09,210674.89
8193,AC00008193,75,1,Savings,Dormant,2023-08-18,198737.0
8194,AC00008194,4,4,saving,Closed,2025-01-23,207318.9
8195,AC00008195,78,3,saving,active,2025-02-22,498893.71
8196,AC00008196,69,2,CURRENT,Closed,2025-08-29,219714.53
8197,AC00008197,53,3,Current,active,2025-09-01,434400.02
8198,AC00008198,85,3,saving,Active,2026-05-24,36412.56
8199,AC00008199,92,4,CURRENT,Inactive,2023-05-17,185681.98
8200,AC00008200,19,3,Savings,Inactive,2026-07-18,483489.04
8201,AC00008201,40,1,Savings,active,2024-12-30,225603.76
8202,AC00008202,80,3,Current,Active,2025-05-21,342259.89
8203,AC00008203,24,2,Current,Inactive,2025-10-06,498214.95
8204,AC00008204,61,3,CURRENT,Dormant,2023-06-10,211008.05
8205,AC00008205,40,2,Current,Dormant,2024-05-28,39132.97
8206,AC00008206,4,3,saving,active,2024-08-19,246264.49
8207,AC00008207,32,4,saving,Inactive,2022-12-11,352785.97
8208,AC00008208,80,2,Fixed Deposit,Active,2025-04-01,461655.66
8209,AC00008209,41,1,saving,Inactive,2024-07-04,118979.84
8210,AC00008210,66,4,Current,Inactive,2025-02-04,288896.41
8211,AC00008211,84,3,CURRENT,Dormant,2023-02-18,178115.76
8212,AC00008212,64,1,CURRENT,Active,2022-09-22,409590.55
8213,AC00008213,23,2,Savings,Active,2024-01-10,338255.41
8214,AC00008214,18,1,Savings,Closed,2024-11-14,352899.81
8215,AC00008215,42,1,Savings,Closed,2025-11-08,69905.68
8216,AC00008216,66,2,Fixed Deposit,Dormant,2026-05-22,96909.77
8217,AC00008217,38,4,Current,Active,2024-01-07,384260.24
8218,AC00008218,66,1,saving,Active,2022-10-21,276783.92
8219,AC00008219,57,3,CURRENT,Active,2024-11-04,306649.57
8220,AC00008220,17,3,Current,Active,2025-01-01,356689.69
8221,AC00008221,74,2,Fixed Deposit,Active,2024-11-22,53139.45
8222,AC00008222,99,4,CURRENT,active,2024-03-22,493549.98
8223,AC00008223,72,1,Savings,Closed,2025-07-24,150815.79
8224,AC00008224,65,3,Fixed Deposit,Closed,2024-03-09,354063.75
8225,AC00008225,76,2,Fixed Deposit,Active,2022-09-20,179355.03
8226,AC00008226,91,3,CURRENT,Closed,2022-09-11,424653.37
8227,AC00008227,96,1,Current,Active,2025-02-11,285940.21
8228,AC00008228,63,1,Fixed Deposit,active,2023-07-15,390584.72
8229,AC00008229,27,1,saving,Closed,2024-02-20,313183.05
8230,AC00008230,18,3,CURRENT,Dormant,2023-11-29,362694.7
8231,AC00008231,57,1,Current,Dormant,2024-04-27,267921.68
8232,AC00008232,82,3,CURRENT,Closed,2024-06-20,404130.89
8233,AC00008233,14,3,saving,Inactive,2023-08-03,390008.09
8234,AC00008234,76,4,Fixed Deposit,Closed,2025-07-01,498895.11
8235,AC00008235,40,4,saving,Active,2023-04-30,377927.19
8236,AC00008236,13,1,Fixed Deposit,Closed,2026-07-24,419425.0
8237,AC00008237,52,4,Current,active,2023-05-13,492504.13
8238,AC00008238,26,2,saving,Dormant,2025-07-02,70822.33
8239,AC00008239,70,1,Fixed Deposit,Active,2025-05-23,347377.23
8240,AC00008240,93,3,Savings,Active,2023-12-25,393462.23
8241,AC00008241,31,1,CURRENT,active,2025-02-24,454458.92
8242,AC00008242,87,4,Current,Closed,2022-12-15,50733.71
8243,AC00008243,58,3,saving,active,2025-12-06,163231.2
8244,AC00008244,82,4,Fixed Deposit,Closed,2022-12-09,413162.23
8245,AC00008245,6,3,CURRENT,active,2023-12-20,197984.25
8246,AC00008246,70,3,CURRENT,Closed,2025-02-11,180958.17
8247,AC00008247,4,4,Current,Closed,2025-09-01,149119.28
8248,AC00008248,66,1,saving,Dormant,2024-12-01,215668.4
8249,AC00008249,80,2,Fixed Deposit,Active,2023-04-30,447826.62
8250,AC00008250,32,2,Fixed Deposit,Dormant,2023-11-13,392090.92
8251,AC00008251,94,3,Fixed Deposit,active,2024-06-05,152737.83
8252,AC00008252,73,1,saving,Dormant,2026-04-22,127651.81
8253,AC00008253,73,4,saving,Inactive,2025-04-11,110726.91
8254,AC00008254,10,4,Savings,Inactive,2026-04-24,408529.7
8255,AC00008255,5,1,Savings,active,2026-05-08,190727.14
8256,AC00008256,65,1,CURRENT,Closed,2025-03-11,343277.99
8257,AC00008257,85,2,Savings,Closed,2024-10-12,40740.42
8258,AC00008258,30,3,saving,Closed,2024-09-26,386605.99
8259,AC00008259,51,3,Savings,active,2024-12-21,449426.47
8260,AC00008260,63,2,saving,active,2026-05-08,298275.2
8261,AC00008261,55,1,CURRENT,Dormant,2026-03-16,322629.3
8262,AC00008262,2,1,saving,Active,2025-07-14,70000.28
8263,AC00008263,16,3,CURRENT,Inactive,2025-06-05,173885.81
8264,AC00008264,22,1,saving,Dormant,2025-06-21,440660.0
8265,AC00008265,22,4,Savings,active,2026-01-31,68630.45
8266,AC00008266,49,2,Fixed Deposit,active,2025-07-28,391431.06
8267,AC00008267,21,2,CURRENT,Dormant,2026-06-22,270343.6
8268,AC00008268,57,3,CURRENT,Inactive,2025-11-29,101760.71
8269,AC00008269,22,1,Fixed Deposit,Inactive,2024-05-26,300148.29
8270,AC00008270,50,3,Current,Active,2026-01-18,425418.54
8271,AC00008271,2,3,Fixed Deposit,Active,2024-11-04,185649.98
8272,AC00008272,82,1,Savings,Dormant,2024-05-23,375459.72
8273,AC00008273,99,4,CURRENT,active,2024-08-10,70476.89
8274,AC00008274,80,3,Savings,active,2026-02-13,133826.57
8275,AC00008275,76,1,Current,Closed,2022-09-11,37093.32
8276,AC00008276,99,4,saving,Closed,2024-06-24,105587.11
8277,AC00008277,26,3,Current,Closed,2023-09-02,127449.34
8278,AC00008278,26,4,Savings,Inactive,2025-07-15,432662.61
8279,AC00008279,58,4,CURRENT,Active,2024-02-24,258744.91
8280,AC00008280,63,4,Current,active,2023-01-25,292831.67
8281,AC00008281,99,3,CURRENT,Active,2025-11-14,31486.38
8282,AC00008282,32,2,Savings,Dormant,2023-12-04,413077.28
8283,AC00008283,96,3,saving,active,2025-03-11,290356.78
8284,AC00008284,61,2,saving,Active,2023-01-29,46112.08
8285,AC00008285,30,4,CURRENT,Inactive,2025-07-02,151547.24
8286,AC00008286,32,2,Fixed Deposit,Active,2025-11-12,32205.65
8287,AC00008287,9,3,saving,Closed,2025-06-03,139674.78
8288,AC00008288,6,4,saving,Dormant,2023-05-26,452368.17
8289,AC00008289,6,4,CURRENT,Closed,2022-11-21,98322.12
8290,AC00008290,42,1,Savings,Closed,2026-01-05,106484.07
8291,AC00008291,94,2,Savings,active,2026-02-06,194606.81
8292,AC00008292,65,3,Savings,active,2025-05-02,498113.71
8293,AC00008293,13,2,Savings,Closed,2025-05-23,492145.71
8294,AC00008294,64,2,CURRENT,Inactive,2025-09-02,448078.68
8295,AC00008295,41,1,CURRENT,Inactive,2025-04-06,231439.15
8296,AC00008296,15,1,Savings,Active,2024-06-23,231840.9
8297,AC00008297,62,1,Current,Inactive,2025-09-28,307124.97
8298,AC00008298,10,4,saving,active,2022-11-28,126999.18
8299,AC00008299,90,2,saving,Dormant,2022-10-01,461814.17
8300,AC00008300,15,2,Fixed Deposit,Closed,2024-03-23,40401.29
8301,AC00008301,79,1,Current,Inactive,2026-05-27,193283.94
8302,AC00008302,2,2,CURRENT,Inactive,2025-03-29,38624.48
8303,AC00008303,42,3,Savings,Dormant,2023-07-07,64383.26
8304,AC00008304,83,3,Fixed Deposit,active,2025-05-23,493436.9
8305,AC00008305,46,2,Current,active,2023-09-16,439769.96
8306,AC00008306,73,4,saving,Dormant,2024-04-03,439395.33
8307,AC00008307,44,2,saving,Closed,2023-10-02,458138.35
8308,AC00008308,4,2,Fixed Deposit,Active,2023-02-22,159765.38
8309,AC00008309,84,2,saving,Active,2025-12-16,251623.5
8310,AC00008310,14,3,saving,Inactive,2024-09-17,431771.87
8311,AC00008311,46,4,CURRENT,Inactive,2024-12-26,338565.36
8312,AC00008312,72,4,CURRENT,Closed,2024-03-18,241900.24
8313,AC00008313,64,4,Fixed Deposit,Inactive,2024-07-06,154453.13
8314,AC00008314,37,3,Fixed Deposit,Dormant,2023-12-01,384556.44
8315,AC00008315,33,1,CURRENT,Active,2023-02-07,165899.36
8316,AC00008316,54,3,Current,active,2026-05-10,322820.41
8317,AC00008317,15,3,saving,Inactive,2023-07-29,75100.41
8318,AC00008318,12,3,Fixed Deposit,Active,2024-05-29,19128.39
8319,AC00008319,47,1,Fixed Deposit,active,2024-08-20,194728.15
8320,AC00008320,88,1,CURRENT,Closed,2026-05-28,284768.51
8321,AC00008321,16,3,CURRENT,Active,2024-02-21,458252.93
8322,AC00008322,4,3,CURRENT,Closed,2024-07-25,153680.14
8323,AC00008323,82,1,saving,Active,2025-02-12,221992.87
8324,AC00008324,12,2,Current,Dormant,2025-12-03,30246.72
8325,AC00008325,75,2,Fixed Deposit,Closed,2024-10-03,312660.77
8326,AC00008326,44,2,Fixed Deposit,Active,2024-10-12,191670.97
8327,AC00008327,47,4,Current,Active,2025-10-24,432820.71
8328,AC00008328,8,2,Savings,Closed,2024-02-10,481332.43
8329,AC00008329,73,1,Current,Active,2025-02-19,349697.43
8330,AC00008330,23,3,Savings,Closed,2024-05-14,240925.24
8331,AC00008331,12,2,CURRENT,Inactive,2024-12-16,337808.22
8332,AC00008332,47,3,CURRENT,Inactive,2023-12-31,462147.43
8333,AC00008333,39,4,CURRENT,Active,2024-12-09,413766.49
8334,AC00008334,100,4,saving,Active,2022-12-29,334847.43
8335,AC00008335,91,1,Savings,Dormant,2026-01-21,481820.78
8336,AC00008336,56,3,Current,Active,2022-09-22,212977.75
8337,AC00008337,36,4,Savings,Closed,2025-06-30,80031.87
8338,AC00008338,5,1,CURRENT,Active,2024-06-21,414034.19
8339,AC00008339,9,2,saving,active,2023-07-30,342821.84
8340,AC00008340,15,2,saving,Closed,2023-04-19,99765.14
8341,AC00008341,87,2,saving,Closed,2025-03-07,37658.27
8342,AC00008342,55,1,Savings,Dormant,2023-08-01,345021.15
8343,AC00008343,3,4,Savings,active,2026-08-01,64295.53
8344,AC00008344,39,4,Fixed Deposit,Inactive,2023-06-18,116248.15
8345,AC00008345,15,4,saving,Inactive,2023-06-01,341499.65
8346,AC00008346,55,4,Savings,Dormant,2025-01-08,199974.4
8347,AC00008347,41,4,Current,Inactive,2025-07-30,37586.47
8348,AC00008348,76,3,Fixed Deposit,Active,2023-05-15,227073.73
8349,AC00008349,11,4,Fixed Deposit,Dormant,2024-08-26,92649.22
8350,AC00008350,27,4,Current,Dormant,2025-05-01,196922.74
8351,AC00008351,59,2,CURRENT,Closed,2025-11-29,64105.33
8352,AC00008352,8,3,Current,active,2024-10-26,108319.65
8353,AC00008353,46,1,saving,Closed,2023-01-09,36390.14
8354,AC00008354,5,3,CURRENT,Closed,2024-09-18,30084.6
8355,AC00008355,20,1,saving,active,2025-11-30,335501.52
8356,AC00008356,82,1,Fixed Deposit,active,2025-09-04,459830.34
8357,AC00008357,8,4,saving,Active,2022-08-29,36329.05
8358,AC00008358,46,4,Fixed Deposit,Inactive,2025-04-08,417912.62
8359,AC00008359,91,4,saving,Inactive,2024-02-13,156809.92
8360,AC00008360,83,3,Savings,active,2024-10-25,232520.32
8361,AC00008361,58,3,CURRENT,Dormant,2025-12-18,46117.91
8362,AC00008362,93,3,CURRENT,Inactive,2023-09-19,423161.59
8363,AC00008363,93,2,Savings,Dormant,2022-12-02,387882.78
8364,AC00008364,3,3,Fixed Deposit,Active,2022-08-31,249695.65
8365,AC00008365,1,2,CURRENT,Dormant,2023-05-17,330990.07
8366,AC00008366,63,2,CURRENT,Dormant,2024-01-18,21096.1
8367,AC00008367,88,4,Fixed Deposit,Inactive,2025-05-03,212438.75
8368,AC00008368,27,2,CURRENT,Inactive,2025-04-21,156841.85
8369,AC00008369,22,2,saving,Dormant,2023-10-11,278376.05
8370,AC00008370,75,4,Current,Active,2025-11-29,496868.59
8371,AC00008371,68,1,Savings,Inactive,2024-03-15,492055.5
8372,AC00008372,27,1,CURRENT,Dormant,2024-12-01,434450.85
8373,AC00008373,28,4,saving,Inactive,2025-05-25,231322.8
8374,AC00008374,74,4,Current,Closed,2023-10-06,385156.79
8375,AC00008375,99,1,Savings,Active,2022-12-27,313887.45
8376,AC00008376,12,1,Current,Dormant,2025-02-09,367137.73
8377,AC00008377,61,4,Fixed Deposit,Closed,2024-04-24,61659.38
8378,AC00008378,29,2,Savings,Dormant,2023-09-07,451666.34
8379,AC00008379,50,4,Fixed Deposit,Active,2023-07-20,43580.15
8380,AC00008380,52,3,saving,Dormant,2024-04-14,172520.66
8381,AC00008381,82,1,saving,Inactive,2026-08-01,433962.86
8382,AC00008382,54,3,saving,Closed,2024-08-10,421147.22
8383,AC00008383,3,2,CURRENT,Inactive,2024-02-10,45754.63
8384,AC00008384,18,4,Savings,Closed,2025-12-27,289782.25
8385,AC00008385,3,1,Current,Active,2026-05-18,204761.59
8386,AC00008386,51,1,Current,active,2024-07-02,414354.65
8387,AC00008387,18,3,saving,Active,2023-12-20,311631.87
8388,AC00008388,80,2,saving,Active,2023-01-18,360890.0
8389,AC00008389,94,2,CURRENT,Closed,2023-04-01,281041.9
8390,AC00008390,29,2,Current,Inactive,2023-08-23,171350.84
8391,AC00008391,17,2,CURRENT,Active,2022-11-18,43558.18
8392,AC00008392,65,4,Fixed Deposit,Active,2023-04-15,323028.07
8393,AC00008393,17,2,Savings,Inactive,2023-04-02,21779.87
8394,AC00008394,68,3,CURRENT,active,2023-08-06,324490.46
8395,AC00008395,43,1,Fixed Deposit,active,2024-10-20,231401.03
8396,AC00008396,74,3,CURRENT,Dormant,2024-01-16,264682.05
8397,AC00008397,21,2,CURRENT,Inactive,2022-10-12,473093.57
8398,AC00008398,18,1,CURRENT,Active,2025-11-30,319496.57
8399,AC00008399,47,1,Current,active,2025-06-10,345581.42
8400,AC00008400,97,1,Current,Inactive,2023-04-23,257914.87
8401,AC00008401,71,1,Current,Inactive,2024-03-16,233462.45
8402,AC00008402,82,4,Current,Inactive,2024-11-06,363761.79
8403,AC00008403,77,4,Savings,Dormant,2025-01-20,172510.1
8404,AC00008404,76,2,saving,Closed,2024-12-30,211915.3
8405,AC00008405,54,2,Fixed Deposit,active,2023-11-28,419646.1
8406,AC00008406,12,2,saving,active,2024-09-10,354722.5
8407,AC00008407,39,2,saving,Dormant,2025-04-09,303071.97
8408,AC00008408,8,1,Savings,Dormant,2023-02-26,308694.28
8409,AC00008409,78,4,CURRENT,active,2024-11-19,191478.69
8410,AC00008410,49,3,saving,Dormant,2026-02-25,391745.48
8411,AC00008411,54,1,CURRENT,Inactive,2025-01-16,138950.17
8412,AC00008412,25,1,Savings,Inactive,2026-02-09,454265.55
8413,AC00008413,5,1,Savings,Inactive,2023-12-03,448810.9
8414,AC00008414,33,2,Current,Inactive,2025-06-12,19777.95
8415,AC00008415,69,1,CURRENT,Inactive,2022-09-15,346471.93
8416,AC00008416,89,2,Savings,Inactive,2025-07-22,115576.5
8417,AC00008417,44,1,saving,Active,2026-07-01,202448.9
8418,AC00008418,84,2,CURRENT,Inactive,2026-04-30,357648.5
8419,AC00008419,56,3,Fixed Deposit,Inactive,2023-08-26,257498.43
8420,AC00008420,15,3,Current,Inactive,2023-03-04,405199.22
8421,AC00008421,73,1,Savings,active,2024-11-24,144159.5
8422,AC00008422,2,2,Savings,Inactive,2024-08-14,106581.45
8423,AC00008423,2,3,Savings,Closed,2025-09-25,93594.02
8424,AC00008424,29,2,CURRENT,active,2025-01-19,154175.13
8425,AC00008425,46,4,Savings,Dormant,2026-01-25,51734.53
8426,AC00008426,11,2,saving,Closed,2025-06-20,350015.11
8427,AC00008427,94,2,saving,active,2023-11-21,139162.46
8428,AC00008428,42,2,Fixed Deposit,Active,2024-02-02,465525.78
8429,AC00008429,4,2,Savings,Closed,2022-10-20,261313.63
8430,AC00008430,42,1,saving,Closed,2023-03-31,312632.09
8431,AC00008431,92,1,Fixed Deposit,Active,2026-01-22,378929.01
8432,AC00008432,32,3,CURRENT,Inactive,2024-11-29,221697.44
8433,AC00008433,84,2,CURRENT,Closed,2022-11-04,50451.82
8434,AC00008434,99,2,Fixed Deposit,Inactive,2023-11-07,406622.36
8435,AC00008435,75,4,Current,Inactive,2024-02-06,79679.53
8436,AC00008436,25,4,Savings,Dormant,2023-12-21,74299.43
8437,AC00008437,84,4,CURRENT,active,2025-12-11,439920.86
8438,AC00008438,4,4,CURRENT,Dormant,2025-01-14,193968.5
8439,AC00008439,59,2,Fixed Deposit,Inactive,2022-10-20,394025.42
8440,AC00008440,17,2,Current,Inactive,2024-09-23,275158.95
8441,AC00008441,89,3,Savings,Dormant,2023-06-29,23692.62
8442,AC00008442,71,3,CURRENT,Closed,2024-02-17,367236.61
8443,AC00008443,92,4,CURRENT,Dormant,2026-02-20,248704.3
8444,AC00008444,82,2,Fixed Deposit,active,2025-02-20,483198.18
8445,AC00008445,90,2,saving,Inactive,2024-09-16,493388.22
8446,AC00008446,97,4,Savings,Active,2025-07-20,457893.7
8447,AC00008447,67,1,Savings,Inactive,2026-07-20,170285.43
8448,AC00008448,45,4,saving,active,2023-12-22,185135.59
8449,AC00008449,72,4,Fixed Deposit,Closed,2022-12-06,140744.28
8450,AC00008450,40,1,saving,Closed,2023-08-14,119651.77
8451,AC00008451,77,1,Savings,Dormant,2025-03-23,179233.71
8452,AC00008452,65,1,Fixed Deposit,Inactive,2026-04-09,287900.05
8453,AC00008453,53,3,CURRENT,Active,2025-08-21,132147.98
8454,AC00008454,84,4,Fixed Deposit,Dormant,2026-01-08,278958.48
8455,AC00008455,36,3,saving,Closed,2025-07-27,9468.72
8456,AC00008456,46,4,CURRENT,Dormant,2025-05-01,75200.35
8457,AC00008457,88,4,Fixed Deposit,Active,2025-10-13,102150.3
8458,AC00008458,88,3,CURRENT,Active,2023-02-25,39592.75
8459,AC00008459,32,3,saving,Dormant,2024-06-03,449245.99
8460,AC00008460,67,1,Fixed Deposit,Dormant,2023-08-21,203832.24
8461,AC00008461,78,2,Savings,Closed,2025-11-02,6195.24
8462,AC00008462,46,3,saving,Dormant,2022-09-30,59724.57
8463,AC00008463,88,2,Fixed Deposit,Inactive,2025-05-05,354322.25
8464,AC00008464,97,1,Fixed Deposit,Active,2024-08-29,184088.95
8465,AC00008465,50,3,CURRENT,active,2023-12-07,361172.29
8466,AC00008466,3,1,CURRENT,active,2025-02-16,49011.92
8467,AC00008467,31,4,CURRENT,Inactive,2023-08-14,478167.64
8468,AC00008468,7,3,CURRENT,Inactive,2025-10-26,448185.65
8469,AC00008469,69,3,Savings,Dormant,2026-01-11,181454.5
8470,AC00008470,100,3,Fixed Deposit,Dormant,2023-03-10,217198.27
8471,AC00008471,54,3,Savings,Closed,2025-10-30,460754.03
8472,AC00008472,53,4,Current,Active,2024-04-27,124446.33
8473,AC00008473,24,1,Savings,Dormant,2022-11-20,263220.12
8474,AC00008474,2,2,Fixed Deposit,Active,2023-11-23,343079.48
8475,AC00008475,72,3,Fixed Deposit,Dormant,2023-12-16,369797.25
8476,AC00008476,66,4,saving,Dormant,2025-02-04,321931.05
8477,AC00008477,15,3,Savings,Inactive,2023-03-23,115006.38
8478,AC00008478,40,2,Current,Inactive,2024-12-04,369834.66
8479,AC00008479,36,2,Fixed Deposit,Active,2024-12-01,296226.64
8480,AC00008480,42,2,Current,Inactive,2025-01-05,261515.25
8481,AC00008481,35,2,CURRENT,active,2024-10-29,279991.06
8482,AC00008482,85,1,saving,Dormant,2024-09-03,45200.27
8483,AC00008483,95,4,Fixed Deposit,Inactive,2024-06-11,122786.95
8484,AC00008484,11,1,Savings,Dormant,2025-08-05,145628.92
8485,AC00008485,18,4,Savings,Dormant,2026-02-24,287999.13
8486,AC00008486,61,2,Fixed Deposit,Closed,2025-07-10,311035.87
8487,AC00008487,48,3,saving,Inactive,2025-11-23,362758.53
8488,AC00008488,37,3,Current,Inactive,2022-10-30,399890.6
8489,AC00008489,71,2,Fixed Deposit,active,2025-02-02,496054.49
8490,AC00008490,20,2,Savings,active,2024-01-01,497316.11
8491,AC00008491,99,4,saving,Closed,2026-05-04,488654.82
8492,AC00008492,1,2,saving,Dormant,2024-05-22,68756.06
8493,AC00008493,92,1,Current,Inactive,2024-08-12,409590.25
8494,AC00008494,20,4,saving,Inactive,2025-02-19,457827.83
8495,AC00008495,5,3,Current,Dormant,2025-04-15,112248.58
8496,AC00008496,75,2,CURRENT,Closed,2025-05-07,388688.06
8497,AC00008497,73,1,Savings,Active,2022-09-01,291942.22
8498,AC00008498,34,3,saving,Inactive,2024-04-15,210846.96
8499,AC00008499,84,1,Current,Closed,2022-11-15,375690.2
8500,AC00008500,83,1,Fixed Deposit,Dormant,2025-07-30,464269.11
8501,AC00008501,36,2,Savings,active,2025-09-17,467007.89
8502,AC00008502,27,4,Current,Dormant,2025-05-31,103068.63
8503,AC00008503,61,3,Fixed Deposit,Closed,2022-10-23,37017.45
8504,AC00008504,38,4,saving,Closed,2026-01-13,220571.18
8505,AC00008505,50,4,Current,Dormant,2025-02-17,34607.69
8506,AC00008506,48,1,Current,Active,2023-04-09,431619.29
8507,AC00008507,93,1,Fixed Deposit,active,2026-07-08,368417.84
8508,AC00008508,15,2,saving,active,2026-05-21,264116.73
8509,AC00008509,70,3,Current,Dormant,2026-08-02,70205.23
8510,AC00008510,10,4,Fixed Deposit,active,2023-01-15,310542.18
8511,AC00008511,95,1,CURRENT,active,2025-08-27,365858.07
8512,AC00008512,91,4,Savings,Inactive,2025-02-15,195354.13
8513,AC00008513,70,4,Current,Inactive,2025-11-10,443285.46
8514,AC00008514,69,1,CURRENT,Active,2025-09-02,8635.33
8515,AC00008515,31,3,Fixed Deposit,active,2026-03-01,420952.44
8516,AC00008516,97,4,Fixed Deposit,Closed,2025-03-12,311517.14
8517,AC00008517,57,3,Savings,Inactive,2024-02-20,461663.83
8518,AC00008518,97,1,Savings,Inactive,2024-09-04,136150.07
8519,AC00008519,92,2,Current,Active,2025-03-09,127373.19
8520,AC00008520,45,1,Current,Closed,2026-05-28,40775.01
8521,AC00008521,32,3,Fixed Deposit,Active,2023-11-12,435691.98
8522,AC00008522,18,3,Current,Active,2024-06-17,222250.44
8523,AC00008523,20,4,CURRENT,Dormant,2025-04-24,181593.79
8524,AC00008524,21,1,saving,Closed,2025-04-02,252461.45
8525,AC00008525,81,2,saving,Inactive,2025-02-17,210989.59
8526,AC00008526,64,4,Current,Active,2024-10-19,489526.11
8527,AC00008527,73,2,Current,active,2023-07-13,424131.66
8528,AC00008528,44,2,saving,Active,2023-04-22,113846.45
8529,AC00008529,41,4,CURRENT,Closed,2025-10-11,435992.56
8530,AC00008530,1,2,Fixed Deposit,active,2025-04-30,230148.85
8531,AC00008531,17,3,Current,Active,2023-01-24,145909.2
8532,AC00008532,56,3,Savings,Dormant,2026-05-01,248858.79
8533,AC00008533,98,3,Fixed Deposit,Closed,2024-06-04,225774.28
8534,AC00008534,19,2,saving,Closed,2026-07-13,116449.29
8535,AC00008535,72,4,Current,Dormant,2026-02-20,96174.46
8536,AC00008536,28,3,Savings,Inactive,2024-03-12,460070.77
8537,AC00008537,38,4,Savings,Active,2024-07-22,201520.56
8538,AC00008538,28,4,saving,Closed,2024-09-12,51566.99
8539,AC00008539,29,1,saving,Active,2022-11-29,211822.46
8540,AC00008540,26,3,CURRENT,Active,2022-11-01,278380.58
8541,AC00008541,60,1,Savings,Closed,2023-02-25,200978.57
8542,AC00008542,90,1,Savings,active,2025-09-30,421870.7
8543,AC00008543,3,1,Savings,Active,2025-07-03,5459.28
8544,AC00008544,75,1,CURRENT,Closed,2025-12-28,297759.95
8545,AC00008545,88,1,Fixed Deposit,Dormant,2024-07-04,457605.23
8546,AC00008546,32,4,Savings,Closed,2023-12-05,468971.7
8547,AC00008547,31,2,Savings,Inactive,2025-07-06,17851.0
8548,AC00008548,32,2,saving,Active,2026-02-03,146919.2
8549,AC00008549,25,4,Fixed Deposit,Dormant,2025-02-15,393137.03
8550,AC00008550,75,3,Savings,Dormant,2023-08-01,88030.6
8551,AC00008551,85,3,Current,Closed,2026-04-09,52356.02
8552,AC00008552,3,2,saving,Active,2023-11-16,246167.61
8553,AC00008553,79,3,Fixed Deposit,active,2022-10-06,288981.64
8554,AC00008554,93,1,Savings,Closed,2026-04-19,393601.41
8555,AC00008555,65,3,saving,Dormant,2026-05-27,399851.95
8556,AC00008556,84,3,Fixed Deposit,Dormant,2023-11-19,258383.9
8557,AC00008557,68,2,Current,Active,2024-06-05,2058.89
8558,AC00008558,87,4,Current,active,2026-01-04,243098.39
8559,AC00008559,65,1,Current,active,2025-11-08,71897.13
8560,AC00008560,4,2,Fixed Deposit,Active,2026-07-21,92679.63
8561,AC00008561,99,2,Current,Active,2022-11-25,474245.54
8562,AC00008562,14,4,saving,Closed,2026-07-13,480818.36
8563,AC00008563,90,1,saving,Active,2025-08-23,384513.19
8564,AC00008564,80,3,CURRENT,active,2026-02-10,270583.13
8565,AC00008565,96,3,saving,Inactive,2026-07-25,199505.85
8566,AC00008566,87,4,CURRENT,active,2023-10-03,41709.08
8567,AC00008567,18,1,Fixed Deposit,active,2023-12-26,348403.7
8568,AC00008568,45,3,saving,active,2022-12-10,347896.38
8569,AC00008569,56,3,Savings,Active,2023-08-26,233241.78
8570,AC00008570,73,2,Current,Closed,2026-05-11,110998.38
8571,AC00008571,46,4,saving,Dormant,2024-02-19,400977.38
8572,AC00008572,44,2,Savings,active,2023-01-06,457520.43
8573,AC00008573,31,2,Fixed Deposit,Active,2024-12-02,357263.59
8574,AC00008574,18,2,CURRENT,Closed,2024-09-17,232314.7
8575,AC00008575,53,1,Savings,Closed,2024-05-31,374747.17
8576,AC00008576,77,2,Current,Closed,2023-07-15,127046.22
8577,AC00008577,60,3,Current,Dormant,2026-03-06,132965.78
8578,AC00008578,87,1,saving,Active,2025-12-20,275484.3
8579,AC00008579,29,1,Current,Active,2026-01-08,472801.75
8580,AC00008580,34,2,Fixed Deposit,Active,2026-05-24,313482.0
8581,AC00008581,15,2,CURRENT,active,2025-06-21,273629.56
8582,AC00008582,36,2,Fixed Deposit,Closed,2025-01-06,199028.56
8583,AC00008583,28,4,Fixed Deposit,Dormant,2024-02-26,360678.49
8584,AC00008584,33,3,Savings,Closed,2023-10-04,279324.11
8585,AC00008585,51,1,saving,active,2025-11-02,69745.27
8586,AC00008586,91,3,Savings,Closed,2026-03-28,67277.21
8587,AC00008587,20,2,Fixed Deposit,active,2026-03-25,2072.45
8588,AC00008588,78,3,Fixed Deposit,Inactive,2025-02-17,38520.18
8589,AC00008589,70,3,Savings,Active,2023-11-28,142481.29
8590,AC00008590,31,3,Current,Active,2023-12-04,220527.29
8591,AC00008591,6,1,Fixed Deposit,Inactive,2024-02-18,423515.33
8592,AC00008592,17,4,Savings,Inactive,2025-08-24,120959.65
8593,AC00008593,32,2,Current,Inactive,2023-10-15,56429.06
8594,AC00008594,47,1,Current,Dormant,2025-11-06,67385.64
8595,AC00008595,1,4,Savings,Closed,2023-06-28,122070.83
8596,AC00008596,41,2,Savings,Closed,2024-10-18,437345.1
8597,AC00008597,41,4,Current,active,2023-04-16,238591.55
8598,AC00008598,78,4,saving,Dormant,2026-02-10,36276.68
8599,AC00008599,88,2,Savings,Inactive,2025-09-23,225512.36
8600,AC00008600,55,1,CURRENT,Inactive,2024-11-08,386120.22
8601,AC00008601,59,4,CURRENT,Closed,2025-02-17,341956.59
8602,AC00008602,22,1,Current,Closed,2026-05-17,102127.59
8603,AC00008603,70,3,CURRENT,active,2026-06-23,172437.61
8604,AC00008604,21,4,Savings,Active,2023-11-15,147403.0
8605,AC00008605,5,2,Fixed Deposit,Active,2026-06-18,68505.66
8606,AC00008606,18,4,Savings,Dormant,2026-05-08,267405.47
8607,AC00008607,75,1,Savings,active,2024-07-06,80365.56
8608,AC00008608,26,4,Fixed Deposit,active,2023-06-08,180052.47
8609,AC00008609,11,4,Savings,active,2023-06-26,365710.76
8610,AC00008610,35,2,CURRENT,Active,2023-03-11,478300.01
8611,AC00008611,64,1,saving,active,2025-10-13,101810.22
8612,AC00008612,35,4,CURRENT,Dormant,2024-12-16,31485.59
8613,AC00008613,9,2,Savings,Dormant,2024-09-13,61554.26
8614,AC00008614,41,1,Savings,Closed,2025-09-25,480997.37
8615,AC00008615,85,1,Current,active,2023-12-19,54621.54
8616,AC00008616,51,2,CURRENT,Inactive,2023-05-15,272202.28
8617,AC00008617,45,1,Fixed Deposit,Inactive,2024-09-09,390323.06
8618,AC00008618,50,1,CURRENT,Dormant,2024-01-11,164929.45
8619,AC00008619,60,2,saving,Inactive,2024-12-11,37915.82
8620,AC00008620,24,3,Current,Inactive,2023-03-21,290947.56
8621,AC00008621,45,2,Savings,Inactive,2026-06-17,371989.13
8622,AC00008622,44,4,Savings,Dormant,2025-06-22,388921.49
8623,AC00008623,89,4,Savings,Dormant,2023-03-30,9896.33
8624,AC00008624,1,2,saving,Active,2024-03-15,326668.28
8625,AC00008625,8,2,saving,Closed,2025-01-25,163218.06
8626,AC00008626,28,1,CURRENT,Closed,2023-09-22,296060.48
8627,AC00008627,25,4,Fixed Deposit,Closed,2023-08-14,289071.15
8628,AC00008628,20,3,Savings,active,2024-03-08,22614.68
8629,AC00008629,56,2,Savings,Active,2026-03-09,153917.27
8630,AC00008630,80,3,Savings,Dormant,2023-03-12,221235.27
8631,AC00008631,67,1,Current,Active,2024-12-08,21491.24
8632,AC00008632,65,2,CURRENT,Active,2023-02-12,186570.54
8633,AC00008633,97,1,CURRENT,Dormant,2026-03-30,205625.8
8634,AC00008634,3,3,Current,Closed,2024-10-07,425738.92
8635,AC00008635,68,1,Fixed Deposit,Dormant,2022-10-22,47836.18
8636,AC00008636,81,2,Savings,Closed,2023-11-24,180678.83
8637,AC00008637,90,4,Fixed Deposit,Dormant,2023-05-18,479459.89
8638,AC00008638,39,4,CURRENT,Dormant,2022-10-05,359576.56
8639,AC00008639,91,4,saving,active,2026-05-10,135334.52
8640,AC00008640,52,2,saving,active,2023-06-03,320030.88
8641,AC00008641,4,2,Current,Closed,2024-10-25,189183.86
8642,AC00008642,36,3,Current,active,2025-11-30,64950.16
8643,AC00008643,85,3,Fixed Deposit,Active,2023-12-30,53181.02
8644,AC00008644,76,4,Fixed Deposit,Dormant,2023-10-01,366819.14
8645,AC00008645,25,1,CURRENT,active,2025-01-08,169092.28
8646,AC00008646,29,1,Fixed Deposit,Dormant,2023-11-19,129636.65
8647,AC00008647,59,2,Fixed Deposit,Active,2025-06-17,141957.34
8648,AC00008648,84,3,saving,active,2022-11-13,135741.62
8649,AC00008649,12,4,Current,Closed,2024-04-18,239555.76
8650,AC00008650,67,4,Savings,Closed,2026-05-06,253840.06
8651,AC00008651,60,1,Current,Closed,2024-12-07,139505.02
8652,AC00008652,70,3,Fixed Deposit,active,2025-09-25,366878.11
8653,AC00008653,48,4,saving,Active,2024-10-14,479270.87
8654,AC00008654,19,3,saving,Dormant,2025-11-13,28045.49
8655,AC00008655,11,1,Savings,Active,2026-01-12,438188.96
8656,AC00008656,94,1,Savings,Dormant,2023-10-06,75135.55
8657,AC00008657,43,3,Fixed Deposit,Closed,2022-11-21,263215.16
8658,AC00008658,56,1,Current,Dormant,2025-12-21,193669.33
8659,AC00008659,57,4,saving,Dormant,2025-06-24,430600.57
8660,AC00008660,81,2,CURRENT,active,2023-06-05,423664.95
8661,AC00008661,33,2,Fixed Deposit,Closed,2024-03-21,83496.86
8662,AC00008662,48,2,Savings,active,2026-07-28,31933.69
8663,AC00008663,22,4,Fixed Deposit,Inactive,2025-11-09,421019.17
8664,AC00008664,72,3,CURRENT,Closed,2025-08-30,480237.42
8665,AC00008665,43,2,CURRENT,active,2025-01-21,86774.96
8666,AC00008666,75,4,Savings,Inactive,2025-07-12,88589.65
8667,AC00008667,52,4,Savings,Inactive,2023-11-04,18230.56
8668,AC00008668,2,1,Current,Dormant,2024-08-28,472030.57
8669,AC00008669,89,1,CURRENT,Dormant,2023-01-01,247487.65
8670,AC00008670,71,4,Current,Active,2024-04-21,353787.25
8671,AC00008671,62,3,Savings,active,2024-10-16,186407.38
8672,AC00008672,55,2,CURRENT,Inactive,2024-10-02,367077.84
8673,AC00008673,47,1,Fixed Deposit,Dormant,2025-11-22,288622.35
8674,AC00008674,46,1,CURRENT,active,2026-01-06,60785.07
8675,AC00008675,56,3,Current,Closed,2024-02-14,489845.63
8676,AC00008676,32,4,Savings,Inactive,2024-11-12,348758.02
8677,AC00008677,8,3,CURRENT,Inactive,2024-04-09,387120.52
8678,AC00008678,78,4,saving,Active,2023-05-09,237578.13
8679,AC00008679,23,2,CURRENT,Inactive,2023-01-23,22815.74
8680,AC00008680,100,3,CURRENT,active,2025-06-19,194531.68
8681,AC00008681,2,1,Fixed Deposit,Active,2025-02-03,152263.48
8682,AC00008682,64,2,Savings,Inactive,2023-10-30,282361.47
8683,AC00008683,83,2,CURRENT,active,2022-12-29,317248.57
8684,AC00008684,80,4,saving,active,2025-10-16,187758.24
8685,AC00008685,32,2,Fixed Deposit,Inactive,2024-08-01,319875.05
8686,AC00008686,10,4,saving,Active,2024-12-04,219827.77
8687,AC00008687,12,4,CURRENT,Dormant,2026-07-26,448014.14
8688,AC00008688,55,1,Fixed Deposit,Active,2025-12-30,250033.79
8689,AC00008689,59,4,Savings,Closed,2023-06-06,225691.56
8690,AC00008690,64,4,Savings,Dormant,2025-08-19,125396.28
8691,AC00008691,46,4,Current,Active,2023-02-17,146059.22
8692,AC00008692,81,4,Fixed Deposit,Inactive,2023-04-09,413033.26
8693,AC00008693,99,4,Savings,Inactive,2025-10-27,383646.6
8694,AC00008694,29,1,Fixed Deposit,Active,2024-06-09,94190.23
8695,AC00008695,54,4,saving,Dormant,2025-05-21,148698.86
8696,AC00008696,34,3,Current,Closed,2023-06-01,466494.18
8697,AC00008697,18,3,Fixed Deposit,Closed,2023-09-04,152200.48
8698,AC00008698,91,4,CURRENT,Dormant,2022-11-25,294426.74
8699,AC00008699,74,2,Savings,Inactive,2026-04-02,329289.89
8700,AC00008700,85,1,Savings,Active,2025-10-10,285102.46
8701,AC00008701,20,4,saving,Inactive,2026-01-30,459041.08
8702,AC00008702,32,3,saving,Dormant,2024-04-04,5757.46
8703,AC00008703,3,2,Fixed Deposit,Active,2024-08-11,280906.71
8704,AC00008704,2,3,Current,Active,2024-06-06,139852.84
8705,AC00008705,61,4,CURRENT,Active,2025-09-11,198045.13
8706,AC00008706,54,3,Savings,Inactive,2022-08-24,208659.58
8707,AC00008707,70,4,Fixed Deposit,Active,2023-10-13,428902.67
8708,AC00008708,47,2,Savings,Closed,2023-10-08,228423.19
8709,AC00008709,57,3,Fixed Deposit,Dormant,2023-04-02,203814.64
8710,AC00008710,51,1,Fixed Deposit,active,2022-12-09,308598.69
8711,AC00008711,71,4,Fixed Deposit,Active,2025-09-10,81361.33
8712,AC00008712,80,4,CURRENT,active,2022-08-21,197227.2
8713,AC00008713,49,4,CURRENT,Closed,2025-09-04,6748.31
8714,AC00008714,42,3,Savings,Active,2024-07-21,480350.44
8715,AC00008715,5,1,Savings,Closed,2024-08-25,18003.82
8716,AC00008716,73,2,Savings,Closed,2025-07-14,398168.38
8717,AC00008717,28,3,Savings,Closed,2024-03-15,211569.62
8718,AC00008718,84,1,Fixed Deposit,Closed,2026-05-23,378011.76
8719,AC00008719,78,2,CURRENT,Dormant,2024-03-26,108546.39
8720,AC00008720,12,4,Fixed Deposit,Closed,2023-04-03,492090.59
8721,AC00008721,48,3,Current,Closed,2022-12-07,261128.91
8722,AC00008722,34,1,saving,Active,2024-08-05,285860.64
8723,AC00008723,44,3,Savings,Inactive,2022-08-19,176524.84
8724,AC00008724,25,3,saving,Active,2023-10-21,16382.85
8725,AC00008725,97,1,Current,Closed,2025-10-16,17257.02
8726,AC00008726,36,3,Fixed Deposit,Closed,2025-09-18,136693.22
8727,AC00008727,31,2,Fixed Deposit,Active,2025-10-18,194694.74
8728,AC00008728,68,1,CURRENT,Dormant,2024-04-26,302280.2
8729,AC00008729,16,2,Current,active,2023-04-14,72524.82
8730,AC00008730,17,3,Savings,Inactive,2025-01-16,419862.79
8731,AC00008731,74,3,CURRENT,Inactive,2023-01-06,131420.58
8732,AC00008732,90,2,Fixed Deposit,Active,2026-06-14,362090.83
8733,AC00008733,5,3,Fixed Deposit,Active,2023-06-08,118351.79
8734,AC00008734,98,1,saving,Active,2025-05-14,212272.98
8735,AC00008735,82,4,CURRENT,Closed,2026-04-06,352220.95
8736,AC00008736,85,1,Current,Closed,2023-03-17,90377.33
8737,AC00008737,98,1,Current,Inactive,2026-06-05,266222.9
8738,AC00008738,94,3,saving,Dormant,2024-05-08,172945.02
8739,AC00008739,52,3,Current,Active,2022-09-23,420593.55
8740,AC00008740,26,4,Fixed Deposit,Dormant,2023-09-07,263621.61
8741,AC00008741,74,4,Fixed Deposit,Closed,2026-05-01,12518.4
8742,AC00008742,82,2,Fixed Deposit,Active,2025-03-13,141584.42
8743,AC00008743,39,4,Fixed Deposit,Inactive,2025-10-21,216199.69
8744,AC00008744,66,1,CURRENT,Inactive,2022-11-16,22163.96
8745,AC00008745,2,2,saving,Closed,2023-09-11,312660.32
8746,AC00008746,38,2,saving,Closed,2023-06-02,213903.73
8747,AC00008747,40,3,CURRENT,Closed,2024-09-23,234256.47
8748,AC00008748,16,4,Fixed Deposit,Dormant,2025-09-04,346356.44
8749,AC00008749,65,3,Savings,Inactive,2024-04-08,136166.31
8750,AC00008750,26,1,CURRENT,Dormant,2023-06-17,382639.4
8751,AC00008751,51,1,CURRENT,Closed,2023-01-30,342144.96
8752,AC00008752,31,2,saving,Inactive,2022-10-12,16705.86
8753,AC00008753,8,3,Fixed Deposit,active,2025-04-29,378081.3
8754,AC00008754,57,4,CURRENT,Closed,2024-03-12,462126.19
8755,AC00008755,73,3,Current,Dormant,2023-11-04,449277.98
8756,AC00008756,36,1,Current,active,2025-09-26,342939.64
8757,AC00008757,30,1,CURRENT,Closed,2026-06-16,119189.61
8758,AC00008758,68,3,Current,active,2026-01-06,465972.33
8759,AC00008759,98,2,Fixed Deposit,Closed,2023-03-12,498985.13
8760,AC00008760,32,3,Fixed Deposit,Closed,2025-02-01,18414.53
8761,AC00008761,47,2,Savings,Active,2022-12-26,135816.69
8762,AC00008762,75,3,Fixed Deposit,Dormant,2025-10-04,487683.65
8763,AC00008763,7,2,Current,active,2024-09-16,432883.02
8764,AC00008764,88,4,saving,Inactive,2023-09-09,235110.93
8765,AC00008765,56,2,CURRENT,Inactive,2024-01-08,38906.96
8766,AC00008766,93,1,Fixed Deposit,Closed,2023-07-08,43559.18
8767,AC00008767,65,1,Savings,Closed,2026-05-22,20771.11
8768,AC00008768,88,3,Savings,Active,2024-03-03,186597.73
8769,AC00008769,27,2,CURRENT,Closed,2024-12-05,201576.13
8770,AC00008770,96,1,CURRENT,Closed,2022-11-02,196663.35
8771,AC00008771,49,4,Savings,active,2022-12-08,21633.17
8772,AC00008772,69,4,Current,Active,2026-03-13,131516.71
8773,AC00008773,4,2,saving,Active,2025-01-21,408003.46
8774,AC00008774,58,4,Current,Inactive,2022-09-08,391223.22
8775,AC00008775,43,1,Savings,Dormant,2025-10-31,300947.64
8776,AC00008776,19,2,Fixed Deposit,active,2024-01-20,443627.74
8777,AC00008777,17,1,Fixed Deposit,active,2024-03-04,292813.89
8778,AC00008778,42,2,Current,active,2025-02-27,440105.36
8779,AC00008779,48,2,saving,Closed,2023-07-16,293168.87
8780,AC00008780,26,1,CURRENT,Closed,2026-02-04,367131.49
8781,AC00008781,67,3,Fixed Deposit,active,2025-05-14,157924.54
8782,AC00008782,86,1,saving,Inactive,2026-01-15,224382.72
8783,AC00008783,54,4,Current,Inactive,2026-03-05,182167.99
8784,AC00008784,75,4,CURRENT,Closed,2023-12-28,136133.93
8785,AC00008785,68,1,Current,Active,2024-08-13,300555.62
8786,AC00008786,46,2,saving,Closed,2025-03-28,342452.1
8787,AC00008787,41,3,Fixed Deposit,Dormant,2025-10-25,334416.84
8788,AC00008788,64,2,Savings,Dormant,2025-02-13,73412.66
8789,AC00008789,41,4,Current,active,2022-08-22,111114.23
8790,AC00008790,52,4,Current,active,2026-05-31,130966.88
8791,AC00008791,57,1,Savings,Inactive,2023-08-05,33592.34
8792,AC00008792,24,4,CURRENT,Dormant,2023-01-06,173389.28
8793,AC00008793,89,3,saving,active,2023-09-05,43610.6
8794,AC00008794,48,2,Fixed Deposit,Dormant,2026-06-02,431854.39
8795,AC00008795,92,1,Current,Active,2025-07-25,401657.22
8796,AC00008796,97,3,saving,Dormant,2026-03-27,227182.55
8797,AC00008797,96,4,Savings,active,2023-06-19,47153.22
8798,AC00008798,24,1,Fixed Deposit,active,2024-03-09,207446.5
8799,AC00008799,39,3,Savings,Inactive,2025-02-19,334764.5
8800,AC00008800,48,1,CURRENT,Inactive,2023-05-14,450398.78
8801,AC00008801,66,2,Savings,Active,2025-06-08,474732.62
8802,AC00008802,58,4,CURRENT,active,2024-01-21,279259.04
8803,AC00008803,94,2,Current,active,2024-06-23,358266.19
8804,AC00008804,76,3,Savings,Active,2026-07-31,244164.55
8805,AC00008805,8,1,Fixed Deposit,active,2024-06-08,2847.57
8806,AC00008806,76,3,Current,active,2025-05-30,43618.52
8807,AC00008807,83,1,CURRENT,active,2024-01-31,94546.93
8808,AC00008808,49,1,Savings,Inactive,2024-04-26,107987.22
8809,AC00008809,18,4,Fixed Deposit,Dormant,2026-04-08,386921.11
8810,AC00008810,67,3,Current,active,2024-11-18,123229.43
8811,AC00008811,95,3,CURRENT,Active,2023-03-28,152631.23
8812,AC00008812,65,3,saving,Inactive,2025-04-17,86301.66
8813,AC00008813,34,2,Current,Dormant,2026-05-08,16688.52
8814,AC00008814,61,3,Savings,Dormant,2023-08-30,2101.72
8815,AC00008815,15,2,saving,active,2025-06-08,124911.2
8816,AC00008816,70,3,saving,active,2023-10-24,165617.62
8817,AC00008817,91,1,Savings,Active,2024-08-14,396964.69
8818,AC00008818,95,2,CURRENT,Closed,2025-10-03,155325.88
8819,AC00008819,62,1,Fixed Deposit,Active,2023-10-02,402356.84
8820,AC00008820,26,2,Savings,Inactive,2025-02-02,393730.08
8821,AC00008821,47,1,Savings,active,2025-04-01,439882.76
8822,AC00008822,17,1,saving,Dormant,2025-02-13,398463.48
8823,AC00008823,64,1,Current,Inactive,2023-09-12,409660.58
8824,AC00008824,21,4,Current,Closed,2026-04-11,320954.04
8825,AC00008825,90,4,Current,Dormant,2024-05-22,255169.25
8826,AC00008826,78,2,Savings,Inactive,2024-02-07,413790.74
8827,AC00008827,47,2,Savings,Closed,2025-06-22,205553.73
8828,AC00008828,11,2,Current,Active,2025-06-25,76038.83
8829,AC00008829,26,3,Current,Inactive,2025-02-10,33428.05
8830,AC00008830,93,1,Current,Inactive,2026-06-20,111467.89
8831,AC00008831,8,2,saving,Inactive,2024-11-08,402371.66
8832,AC00008832,73,3,saving,active,2023-07-09,477511.77
8833,AC00008833,100,2,CURRENT,Closed,2026-05-04,173047.22
8834,AC00008834,98,1,Savings,Dormant,2025-08-16,213362.52
8835,AC00008835,34,4,Fixed Deposit,Active,2022-09-28,114953.42
8836,AC00008836,31,3,CURRENT,Inactive,2022-08-20,244638.41
8837,AC00008837,60,4,Fixed Deposit,Active,2024-04-07,27307.11
8838,AC00008838,99,4,Current,Inactive,2026-07-09,62516.98
8839,AC00008839,59,3,CURRENT,active,2025-02-01,285244.55
8840,AC00008840,97,4,CURRENT,Dormant,2025-12-08,391157.36
8841,AC00008841,98,3,CURRENT,Active,2023-02-07,418406.1
8842,AC00008842,35,1,Fixed Deposit,Dormant,2024-08-13,75995.32
8843,AC00008843,66,2,CURRENT,active,2024-04-28,348658.68
8844,AC00008844,35,1,Savings,Dormant,2024-02-14,88490.31
8845,AC00008845,61,4,saving,Active,2026-04-12,185013.16
8846,AC00008846,9,3,Fixed Deposit,Active,2023-05-12,421907.86
8847,AC00008847,96,2,saving,active,2025-03-23,114892.49
8848,AC00008848,32,2,CURRENT,active,2024-12-26,74310.96
8849,AC00008849,12,4,CURRENT,Inactive,2025-08-11,237226.97
8850,AC00008850,43,1,saving,Dormant,2024-10-05,408997.83
8851,AC00008851,42,2,Savings,Inactive,2025-08-25,223768.42
8852,AC00008852,74,4,Current,Active,2022-09-15,181258.99
8853,AC00008853,57,1,saving,Active,2022-12-19,70389.44
8854,AC00008854,68,1,CURRENT,Active,2023-05-02,205296.99
8855,AC00008855,80,3,Fixed Deposit,Inactive,2026-02-20,75254.01
8856,AC00008856,44,3,Current,Closed,2023-04-03,229419.28
8857,AC00008857,35,3,Current,Dormant,2025-07-26,232371.45
8858,AC00008858,28,3,saving,Active,2023-09-10,372639.67
8859,AC00008859,64,4,saving,active,2026-01-07,475762.74
8860,AC00008860,68,2,Savings,Closed,2024-08-25,226136.84
8861,AC00008861,60,2,CURRENT,active,2026-07-07,344250.99
8862,AC00008862,37,3,Savings,Inactive,2025-09-13,69560.98
8863,AC00008863,6,4,saving,active,2024-07-29,345457.0
8864,AC00008864,15,3,Fixed Deposit,Dormant,2023-06-27,316249.0
8865,AC00008865,52,2,Fixed Deposit,Dormant,2023-03-18,171415.18
8866,AC00008866,69,3,Savings,Inactive,2025-09-01,90353.51
8867,AC00008867,22,2,Fixed Deposit,Active,2025-02-11,445303.01
8868,AC00008868,17,2,Current,Dormant,2023-01-13,213303.99
8869,AC00008869,64,4,Savings,Inactive,2024-12-30,470594.53
8870,AC00008870,57,2,Fixed Deposit,Inactive,2023-08-10,42800.0
8871,AC00008871,99,1,Savings,Dormant,2023-09-09,262393.67
8872,AC00008872,23,4,Current,Dormant,2025-08-25,107733.63
8873,AC00008873,11,4,saving,Active,2024-09-05,471387.31
8874,AC00008874,64,4,CURRENT,Dormant,2025-05-11,338608.94
8875,AC00008875,70,3,Fixed Deposit,active,2023-04-29,408071.84
8876,AC00008876,47,4,Savings,Inactive,2024-09-29,34545.16
8877,AC00008877,27,2,Fixed Deposit,Active,2023-10-29,76115.32
8878,AC00008878,95,4,Current,active,2026-08-06,250175.95
8879,AC00008879,77,1,saving,active,2025-07-05,155321.96
8880,AC00008880,88,4,Savings,Active,2023-05-25,459183.9
8881,AC00008881,50,1,Savings,Active,2025-12-24,387421.79
8882,AC00008882,47,1,Fixed Deposit,Active,2025-02-14,151130.93
8883,AC00008883,43,1,Current,Inactive,2023-03-04,199657.11
8884,AC00008884,19,1,Current,Dormant,2023-07-28,334347.59
8885,AC00008885,40,1,saving,active,2025-02-19,458663.14
8886,AC00008886,42,2,Savings,Dormant,2022-09-08,269075.42
8887,AC00008887,63,1,Savings,active,2023-04-17,480903.84
8888,AC00008888,43,2,CURRENT,Active,2024-08-22,68008.91
8889,AC00008889,68,4,CURRENT,Active,2023-12-11,362033.66
8890,AC00008890,4,3,Fixed Deposit,Inactive,2026-05-30,400829.67
8891,AC00008891,35,4,saving,active,2024-10-18,186168.54
8892,AC00008892,64,4,CURRENT,Inactive,2025-09-14,455255.69
8893,AC00008893,8,3,saving,Closed,2023-05-20,373256.09
8894,AC00008894,96,2,Fixed Deposit,Dormant,2023-01-17,155597.06
8895,AC00008895,7,3,Fixed Deposit,Closed,2025-12-26,460741.11
8896,AC00008896,17,3,Current,Closed,2022-09-26,133784.07
8897,AC00008897,56,2,Fixed Deposit,Dormant,2025-01-14,426220.53
8898,AC00008898,96,3,CURRENT,active,2024-09-30,302366.55
8899,AC00008899,13,2,Current,Inactive,2025-08-08,393964.9
8900,AC00008900,94,1,Fixed Deposit,Active,2024-05-30,367303.31
8901,AC00008901,14,4,Fixed Deposit,Dormant,2024-10-15,104222.93
8902,AC00008902,47,2,saving,Inactive,2023-06-27,102726.12
8903,AC00008903,40,2,Fixed Deposit,Closed,2026-05-05,98659.08
8904,AC00008904,29,3,Savings,Dormant,2024-10-17,368963.58
8905,AC00008905,6,4,CURRENT,active,2025-08-23,309233.56
8906,AC00008906,49,1,Savings,Active,2026-08-08,373203.14
8907,AC00008907,48,4,Savings,Closed,2024-08-01,314017.32
8908,AC00008908,95,2,Savings,Closed,2022-11-03,405066.54
8909,AC00008909,15,4,Fixed Deposit,Inactive,2023-09-01,324440.65
8910,AC00008910,96,3,Current,Active,2026-06-09,314543.39
8911,AC00008911,100,1,CURRENT,active,2025-10-21,397507.08
8912,AC00008912,44,2,Fixed Deposit,Dormant,2025-02-26,2230.67
8913,AC00008913,41,2,CURRENT,Active,2023-09-10,285697.65
8914,AC00008914,21,2,Current,Dormant,2022-12-19,290300.66
8915,AC00008915,92,1,CURRENT,Active,2026-03-22,443503.74
8916,AC00008916,60,4,Current,Active,2025-11-22,176089.14
8917,AC00008917,76,4,CURRENT,Dormant,2024-03-05,133547.96
8918,AC00008918,58,4,saving,Closed,2023-09-03,487481.59
8919,AC00008919,59,1,saving,Closed,2025-11-16,332995.47
8920,AC00008920,67,4,saving,Inactive,2023-10-18,155384.02
8921,AC00008921,3,3,Savings,Active,2026-01-26,19584.72
8922,AC00008922,100,2,Current,Dormant,2025-10-10,261424.07
8923,AC00008923,62,3,Savings,Closed,2022-08-30,469945.88
8924,AC00008924,60,4,Current,Active,2022-09-26,287281.69
8925,AC00008925,89,4,CURRENT,Closed,2025-09-08,274687.35
8926,AC00008926,31,2,saving,Dormant,2026-05-13,38067.53
8927,AC00008927,83,3,saving,active,2026-06-30,17554.63
8928,AC00008928,69,3,CURRENT,Closed,2023-07-21,6242.37
8929,AC00008929,86,4,Fixed Deposit,active,2022-12-01,118326.26
8930,AC00008930,65,1,saving,Closed,2024-01-18,249488.59
8931,AC00008931,10,4,saving,Dormant,2026-01-14,298405.86
8932,AC00008932,96,2,CURRENT,active,2025-09-21,317472.19
8933,AC00008933,16,3,Current,Dormant,2026-05-05,299960.37
8934,AC00008934,69,4,Fixed Deposit,Active,2023-03-09,174196.59
8935,AC00008935,46,2,Savings,active,2022-12-05,239994.08
8936,AC00008936,24,3,Current,Inactive,2024-08-21,459999.06
8937,AC00008937,64,3,Savings,Closed,2024-07-01,95121.46
8938,AC00008938,32,4,CURRENT,Inactive,2025-04-28,406373.11
8939,AC00008939,56,4,Current,Dormant,2022-12-08,114515.97
8940,AC00008940,56,2,CURRENT,Inactive,2023-07-16,221195.09
8941,AC00008941,34,1,saving,active,2023-08-25,478954.71
8942,AC00008942,8,1,Current,Inactive,2023-09-28,169443.97
8943,AC00008943,83,3,Fixed Deposit,Dormant,2025-10-24,66521.26
8944,AC00008944,22,4,Current,active,2023-06-06,456970.19
8945,AC00008945,84,1,Fixed Deposit,Inactive,2025-07-06,381997.25
8946,AC00008946,80,3,CURRENT,active,2024-01-01,381125.1
8947,AC00008947,12,1,CURRENT,Inactive,2024-08-19,404961.94
8948,AC00008948,33,4,Current,Active,2026-02-03,143083.26
8949,AC00008949,65,2,Savings,Active,2026-02-19,405148.47
8950,AC00008950,31,3,Current,Dormant,2025-08-13,133094.04
8951,AC00008951,7,4,Savings,active,2025-03-12,189616.17
8952,AC00008952,60,2,Current,Inactive,2022-11-12,241161.62
8953,AC00008953,41,4,Current,Closed,2023-09-12,345436.31
8954,AC00008954,70,4,saving,active,2025-03-15,455767.39
8955,AC00008955,97,1,CURRENT,Inactive,2025-02-19,422451.69
8956,AC00008956,44,4,Fixed Deposit,Inactive,2025-05-28,478520.75
8957,AC00008957,48,1,Fixed Deposit,Dormant,2023-04-18,200358.11
8958,AC00008958,30,2,Current,Inactive,2023-06-09,64065.85
8959,AC00008959,16,4,Current,Inactive,2024-01-08,414221.19
8960,AC00008960,49,1,CURRENT,Inactive,2025-05-21,156698.7
8961,AC00008961,81,1,Current,Inactive,2022-12-22,10293.74
8962,AC00008962,17,1,Current,active,2026-06-18,62179.52
8963,AC00008963,48,4,saving,Active,2023-03-21,492972.58
8964,AC00008964,57,1,CURRENT,active,2023-02-19,216320.12
8965,AC00008965,92,1,Current,Active,2024-07-09,250525.99
8966,AC00008966,40,4,Current,Inactive,2025-01-10,397369.44
8967,AC00008967,58,1,Current,Active,2026-06-11,426069.89
8968,AC00008968,51,1,saving,Inactive,2026-05-07,352273.19
8969,AC00008969,91,1,Fixed Deposit,Closed,2022-08-25,122164.3
8970,AC00008970,33,3,Savings,Active,2025-02-18,365615.34
8971,AC00008971,2,1,Current,Inactive,2026-03-26,23325.23
8972,AC00008972,99,3,Savings,active,2023-04-23,357339.14
8973,AC00008973,60,2,Fixed Deposit,Active,2023-11-04,396483.79
8974,AC00008974,64,1,Current,Dormant,2023-06-22,285287.86
8975,AC00008975,78,3,Current,Active,2025-08-20,115620.76
8976,AC00008976,22,1,Fixed Deposit,active,2022-09-10,234331.41
8977,AC00008977,52,3,Savings,Inactive,2023-12-03,147906.5
8978,AC00008978,88,2,Current,Closed,2024-10-06,425073.48
8979,AC00008979,71,1,saving,Inactive,2023-10-27,282719.07
8980,AC00008980,29,3,Savings,Inactive,2024-02-06,496008.32
8981,AC00008981,79,3,CURRENT,Dormant,2026-05-05,475512.74
8982,AC00008982,56,2,saving,Inactive,2026-01-11,42522.91
8983,AC00008983,19,2,Current,Closed,2024-01-19,304322.59
8984,AC00008984,46,2,saving,Inactive,2024-11-18,16565.81
8985,AC00008985,78,3,saving,Inactive,2023-11-24,392345.53
8986,AC00008986,39,4,Savings,Active,2022-11-16,105307.62
8987,AC00008987,74,2,Fixed Deposit,Inactive,2022-10-06,91780.21
8988,AC00008988,36,4,Current,Closed,2026-04-11,423184.25
8989,AC00008989,9,2,Fixed Deposit,Closed,2025-07-07,163872.74
8990,AC00008990,36,4,saving,active,2025-10-11,407397.61
8991,AC00008991,92,2,Current,Active,2022-11-30,434505.99
8992,AC00008992,97,4,saving,active,2023-08-31,174596.39
8993,AC00008993,6,2,saving,Inactive,2026-06-12,329055.93
8994,AC00008994,43,2,CURRENT,Dormant,2024-04-08,166950.71
8995,AC00008995,52,3,CURRENT,Inactive,2025-06-20,300155.14
8996,AC00008996,70,4,saving,Closed,2025-01-21,4364.75
8997,AC00008997,80,1,Savings,Closed,2024-12-26,318350.64
8998,AC00008998,83,1,Fixed Deposit,Active,2022-12-18,264152.6
8999,AC00008999,52,1,CURRENT,Closed,2024-08-14,484189.62
9000,AC00009000,87,3,saving,Dormant,2023-11-06,84797.25
9001,AC00009001,74,1,CURRENT,Closed,2024-10-15,441867.91
9002,AC00009002,15,1,Current,Active,2024-02-20,361302.6
9003,AC00009003,60,4,CURRENT,active,2022-09-21,370287.44
9004,AC00009004,40,1,CURRENT,Active,2026-06-28,289491.34
9005,AC00009005,51,4,Current,Active,2023-11-30,276140.34
9006,AC00009006,74,4,Fixed Deposit,Dormant,2025-01-11,161048.96
9007,AC00009007,84,4,Savings,active,2025-11-01,100762.71
9008,AC00009008,79,3,Current,Dormant,2026-05-02,123892.72
9009,AC00009009,22,3,CURRENT,Closed,2024-10-21,49412.94
9010,AC00009010,19,4,CURRENT,Inactive,2025-09-13,193775.25
9011,AC00009011,61,1,Current,Active,2024-04-02,324660.13
9012,AC00009012,10,4,CURRENT,Active,2023-03-15,309551.78
9013,AC00009013,22,1,saving,Closed,2023-07-06,10981.95
9014,AC00009014,70,1,saving,Closed,2024-09-28,291586.45
9015,AC00009015,14,1,Savings,Closed,2022-10-28,67618.5
9016,AC00009016,10,4,Savings,Active,2026-05-31,350990.85
9017,AC00009017,71,4,Current,Inactive,2023-02-03,160063.7
9018,AC00009018,95,1,saving,Active,2025-07-12,245990.27
9019,AC00009019,16,3,Savings,Dormant,2023-09-09,55719.07
9020,AC00009020,62,1,saving,Closed,2025-05-03,91469.98
9021,AC00009021,76,3,saving,Active,2025-11-07,26372.34
9022,AC00009022,59,1,Fixed Deposit,Inactive,2026-05-30,49207.07
9023,AC00009023,4,4,saving,Closed,2023-02-27,194729.98
9024,AC00009024,64,2,Fixed Deposit,Dormant,2022-12-02,489801.76
9025,AC00009025,40,2,Savings,active,2023-11-04,158921.36
9026,AC00009026,80,1,Savings,active,2026-07-09,228080.58
9027,AC00009027,96,1,Fixed Deposit,Dormant,2025-04-15,331214.65
9028,AC00009028,24,1,CURRENT,Closed,2023-08-10,416516.67
9029,AC00009029,95,1,Savings,Dormant,2023-07-04,186432.85
9030,AC00009030,62,1,Current,active,2023-11-11,369235.12
9031,AC00009031,86,2,CURRENT,active,2025-03-18,420178.26
9032,AC00009032,71,4,saving,Dormant,2024-10-03,155689.89
9033,AC00009033,34,4,Current,Inactive,2023-08-21,220342.84
9034,AC00009034,52,2,CURRENT,Inactive,2023-03-11,417619.65
9035,AC00009035,3,2,saving,Closed,2024-12-03,7602.61
9036,AC00009036,21,2,Current,Inactive,2023-03-29,440037.28
9037,AC00009037,15,3,Current,Dormant,2025-08-24,412925.66
9038,AC00009038,39,3,Savings,Dormant,2025-02-20,253062.73
9039,AC00009039,55,3,Savings,active,2023-04-06,438540.39
9040,AC00009040,2,4,saving,Closed,2025-05-31,121951.38
9041,AC00009041,15,3,Savings,Inactive,2026-06-28,373930.21
9042,AC00009042,48,2,CURRENT,Dormant,2023-10-28,154293.47
9043,AC00009043,35,3,Current,Closed,2022-12-29,267907.0
9044,AC00009044,22,4,CURRENT,Dormant,2026-02-24,125378.87
9045,AC00009045,4,1,Savings,Inactive,2025-04-20,137177.13
9046,AC00009046,88,4,Current,active,2022-12-17,284656.0
9047,AC00009047,16,2,Savings,Inactive,2025-09-17,93759.66
9048,AC00009048,13,3,CURRENT,Closed,2025-09-11,154071.69
9049,AC00009049,98,4,Savings,Closed,2022-10-29,495500.49
9050,AC00009050,3,3,Fixed Deposit,Inactive,2023-02-22,432175.85
9051,AC00009051,54,1,saving,Active,2026-07-25,363222.36
9052,AC00009052,44,3,Fixed Deposit,Closed,2024-08-02,406213.84
9053,AC00009053,92,3,Savings,active,2026-04-27,19030.04
9054,AC00009054,63,3,CURRENT,Active,2025-06-22,195288.91
9055,AC00009055,7,4,Fixed Deposit,Closed,2026-06-16,219622.18
9056,AC00009056,34,2,Savings,Closed,2025-06-04,181334.19
9057,AC00009057,44,3,Current,Active,2025-03-13,180882.59
9058,AC00009058,28,2,Fixed Deposit,Closed,2024-04-02,371492.57
9059,AC00009059,10,1,CURRENT,active,2024-01-19,215647.42
9060,AC00009060,8,2,CURRENT,Inactive,2025-04-27,122012.53
9061,AC00009061,48,1,Fixed Deposit,Dormant,2023-02-11,387596.71
9062,AC00009062,13,1,CURRENT,Dormant,2026-02-24,291277.66
9063,AC00009063,76,1,Fixed Deposit,Closed,2024-07-03,361082.08
9064,AC00009064,5,3,CURRENT,Inactive,2023-11-01,193313.16
9065,AC00009065,43,4,Fixed Deposit,Active,2023-03-13,260182.05
9066,AC00009066,26,4,saving,Dormant,2025-04-08,403846.9
9067,AC00009067,31,2,saving,Active,2026-05-29,491348.04
9068,AC00009068,72,3,Current,Closed,2025-08-23,179106.46
9069,AC00009069,99,2,Current,active,2022-12-05,254027.28
9070,AC00009070,9,4,Savings,Closed,2024-08-31,231742.3
9071,AC00009071,26,1,Fixed Deposit,active,2024-09-28,64817.77
9072,AC00009072,26,2,CURRENT,active,2024-03-11,251023.94
9073,AC00009073,2,4,saving,Dormant,2025-04-28,79091.41
9074,AC00009074,13,3,saving,Closed,2025-02-15,465087.71
9075,AC00009075,84,4,CURRENT,Active,2023-05-31,397674.41
9076,AC00009076,66,2,saving,Closed,2023-07-22,208110.87
9077,AC00009077,32,4,Savings,active,2024-04-02,200625.84
9078,AC00009078,20,4,saving,Inactive,2025-07-19,389137.21
9079,AC00009079,66,3,saving,Closed,2026-04-10,248389.35
9080,AC00009080,75,3,CURRENT,Inactive,2023-11-14,111188.82
9081,AC00009081,7,1,saving,active,2022-11-10,199516.29
9082,AC00009082,50,4,Current,Active,2022-09-19,404923.04
9083,AC00009083,79,4,Current,Dormant,2025-09-30,128376.11
9084,AC00009084,45,3,CURRENT,Active,2024-10-01,448236.9
9085,AC00009085,81,4,Savings,Closed,2025-10-30,81678.69
9086,AC00009086,29,1,CURRENT,Dormant,2025-08-09,316085.49
9087,AC00009087,85,3,Savings,Inactive,2025-11-06,290305.14
9088,AC00009088,54,1,saving,Closed,2024-12-28,157228.47
9089,AC00009089,32,2,saving,Dormant,2025-08-07,354271.68
9090,AC00009090,91,3,Fixed Deposit,Dormant,2024-04-06,190050.34
9091,AC00009091,45,4,CURRENT,Active,2024-02-21,191202.39
9092,AC00009092,72,4,saving,Active,2025-12-27,30367.08
9093,AC00009093,58,3,Fixed Deposit,Dormant,2026-05-29,363045.85
9094,AC00009094,60,1,saving,active,2024-04-28,367621.28
9095,AC00009095,16,1,Fixed Deposit,Dormant,2024-08-27,429721.8
9096,AC00009096,42,1,Fixed Deposit,active,2026-01-03,453921.79
9097,AC00009097,77,1,Fixed Deposit,Closed,2024-08-09,174394.61
9098,AC00009098,42,2,Savings,Closed,2024-12-28,107293.17
9099,AC00009099,22,2,CURRENT,Dormant,2024-01-10,169842.61
9100,AC00009100,52,4,Fixed Deposit,Closed,2023-11-11,191527.54
9101,AC00009101,39,2,saving,Closed,2024-02-14,157312.68
9102,AC00009102,58,4,Savings,Closed,2024-10-16,102626.27
9103,AC00009103,32,4,Fixed Deposit,active,2026-03-28,483638.77
9104,AC00009104,1,1,saving,Closed,2025-01-11,337670.46
9105,AC00009105,34,2,CURRENT,Inactive,2026-08-07,27553.56
9106,AC00009106,8,1,CURRENT,Active,2024-02-27,12970.79
9107,AC00009107,54,2,CURRENT,Active,2024-07-08,339040.03
9108,AC00009108,91,3,Savings,Closed,2025-07-27,87395.1
9109,AC00009109,88,2,Current,Inactive,2023-10-12,306668.26
9110,AC00009110,32,1,Savings,Active,2025-11-26,174114.73
9111,AC00009111,17,2,saving,Inactive,2025-12-31,152526.22
9112,AC00009112,63,4,Savings,Active,2025-07-04,110982.64
9113,AC00009113,8,1,saving,active,2022-12-09,244742.81
9114,AC00009114,46,4,Current,Dormant,2024-09-14,196854.36
9115,AC00009115,84,2,Fixed Deposit,Inactive,2023-08-18,85909.69
9116,AC00009116,35,2,Current,Dormant,2024-04-15,309511.34
9117,AC00009117,29,2,Savings,Closed,2023-01-24,37987.3
9118,AC00009118,94,2,Savings,Dormant,2023-11-20,29206.48
9119,AC00009119,42,4,Fixed Deposit,Closed,2026-04-20,1623.67
9120,AC00009120,87,1,saving,active,2025-06-28,470197.93
9121,AC00009121,85,2,saving,Active,2025-01-30,210945.52
9122,AC00009122,40,2,Current,Closed,2024-06-29,488958.12
9123,AC00009123,71,3,Savings,Dormant,2024-05-27,341884.05
9124,AC00009124,49,2,Savings,active,2022-10-25,439258.98
9125,AC00009125,46,1,CURRENT,Inactive,2023-01-29,104147.55
9126,AC00009126,64,2,Savings,Dormant,2025-06-25,263453.76
9127,AC00009127,30,1,Savings,Closed,2026-05-06,89787.51
9128,AC00009128,16,3,saving,Closed,2025-01-23,300943.6
9129,AC00009129,96,3,Current,Dormant,2023-10-14,349747.73
9130,AC00009130,12,3,Fixed Deposit,Dormant,2026-01-23,6593.19
9131,AC00009131,92,3,saving,Inactive,2023-06-29,308401.82
9132,AC00009132,52,4,CURRENT,Closed,2026-07-18,56646.33
9133,AC00009133,89,1,Current,Inactive,2026-02-14,343642.82
9134,AC00009134,44,4,saving,Active,2023-07-08,264484.84
9135,AC00009135,74,2,saving,active,2026-04-08,192022.79
9136,AC00009136,90,1,CURRENT,Closed,2023-10-28,453255.34
9137,AC00009137,48,1,saving,Inactive,2026-01-15,287226.87
9138,AC00009138,87,2,CURRENT,Active,2022-10-11,169065.58
9139,AC00009139,97,2,Fixed Deposit,active,2025-04-06,68447.51
9140,AC00009140,37,1,Fixed Deposit,Dormant,2022-10-07,299450.02
9141,AC00009141,67,2,saving,active,2026-02-15,383972.83
9142,AC00009142,12,4,saving,Inactive,2025-09-11,186565.33
9143,AC00009143,68,1,saving,active,2023-08-31,315737.45
9144,AC00009144,52,1,Fixed Deposit,active,2026-01-23,279927.46
9145,AC00009145,10,4,Fixed Deposit,active,2023-09-29,75710.82
9146,AC00009146,86,1,saving,active,2024-07-02,478195.77
9147,AC00009147,73,3,Current,active,2024-01-16,333006.42
9148,AC00009148,86,3,Current,Dormant,2025-08-08,305970.03
9149,AC00009149,38,2,Savings,active,2024-11-23,408013.83
9150,AC00009150,49,4,Fixed Deposit,Active,2026-06-07,66713.64
9151,AC00009151,68,3,Current,active,2025-08-23,353499.14
9152,AC00009152,35,3,CURRENT,active,2024-09-20,191099.74
9153,AC00009153,7,2,Fixed Deposit,Closed,2024-11-02,118011.03
9154,AC00009154,28,4,Fixed Deposit,Active,2024-02-27,362773.54
9155,AC00009155,75,2,Fixed Deposit,Active,2023-07-10,250284.21
9156,AC00009156,25,2,saving,Inactive,2026-05-31,34491.42
9157,AC00009157,64,2,CURRENT,Inactive,2024-01-18,81039.74
9158,AC00009158,60,4,saving,Closed,2024-10-16,235930.19
9159,AC00009159,22,3,Savings,Closed,2026-05-13,211451.09
9160,AC00009160,52,2,Savings,Dormant,2022-12-12,411569.48
9161,AC00009161,48,3,Savings,active,2024-02-12,389373.42
9162,AC00009162,49,4,Fixed Deposit,Active,2025-10-23,430917.75
9163,AC00009163,48,2,Current,Closed,2023-12-10,286277.65
9164,AC00009164,31,1,Current,Closed,2026-07-03,410928.19
9165,AC00009165,49,4,Fixed Deposit,Dormant,2026-06-13,47585.08
9166,AC00009166,12,4,saving,Dormant,2023-05-18,145395.04
9167,AC00009167,82,1,Current,Active,2024-10-03,438500.01
9168,AC00009168,69,3,saving,Active,2026-01-11,401583.26
9169,AC00009169,83,4,saving,Dormant,2026-04-22,494297.02
9170,AC00009170,1,3,Fixed Deposit,Active,2024-02-06,308936.97
9171,AC00009171,34,4,Savings,Closed,2024-10-11,295062.03
9172,AC00009172,11,4,Savings,Inactive,2024-04-01,115197.2
9173,AC00009173,4,1,CURRENT,Inactive,2024-09-27,490202.82
9174,AC00009174,45,2,Savings,active,2024-12-07,373876.81
9175,AC00009175,70,1,saving,Closed,2024-04-19,90900.22
9176,AC00009176,72,2,Fixed Deposit,Dormant,2025-11-03,245795.12
9177,AC00009177,45,4,Fixed Deposit,Closed,2023-02-19,417638.3
9178,AC00009178,20,2,CURRENT,Active,2023-05-22,250143.57
9179,AC00009179,78,1,Fixed Deposit,Closed,2023-09-04,416012.16
9180,AC00009180,60,2,Savings,active,2026-08-04,498613.55
9181,AC00009181,60,1,Current,Active,2026-03-11,212849.27
9182,AC00009182,4,4,Savings,Closed,2022-12-12,298295.94
9183,AC00009183,18,2,Current,active,2024-10-27,72128.67
9184,AC00009184,8,3,Current,active,2023-01-08,169408.66
9185,AC00009185,43,1,saving,Active,2024-11-04,177756.63
9186,AC00009186,74,4,Savings,Closed,2025-09-19,3316.15
9187,AC00009187,5,4,Fixed Deposit,Dormant,2024-08-12,175383.0
9188,AC00009188,79,3,Fixed Deposit,Inactive,2026-01-01,161648.21
9189,AC00009189,69,2,Current,Dormant,2023-11-06,130892.33
9190,AC00009190,13,3,CURRENT,Active,2025-06-29,231950.7
9191,AC00009191,1,4,Fixed Deposit,Active,2022-10-23,136766.53
9192,AC00009192,7,3,Current,Inactive,2025-05-21,138652.09
9193,AC00009193,46,3,saving,active,2025-04-19,437389.75
9194,AC00009194,12,3,CURRENT,Inactive,2024-01-16,462763.63
9195,AC00009195,83,3,Fixed Deposit,Active,2023-07-09,67765.87
9196,AC00009196,20,1,Fixed Deposit,active,2025-02-05,347417.99
9197,AC00009197,69,2,CURRENT,Active,2023-08-27,5339.91
9198,AC00009198,70,2,CURRENT,Closed,2026-04-07,426377.74
9199,AC00009199,96,4,CURRENT,Active,2025-12-04,61681.74
9200,AC00009200,73,4,saving,active,2024-07-26,276598.78
9201,AC00009201,5,1,Current,Dormant,2023-10-15,209133.69
9202,AC00009202,25,1,Current,Active,2024-09-02,153633.59
9203,AC00009203,16,3,Fixed Deposit,Dormant,2025-04-16,416451.47
9204,AC00009204,95,4,CURRENT,Active,2024-07-06,290211.6
9205,AC00009205,38,2,Savings,Closed,2026-01-03,350014.3
9206,AC00009206,95,2,Current,Dormant,2025-08-05,235921.61
9207,AC00009207,93,3,CURRENT,Inactive,2023-10-02,218020.49
9208,AC00009208,24,3,Savings,Active,2024-09-22,257828.91
9209,AC00009209,71,4,saving,Dormant,2026-02-23,141223.54
9210,AC00009210,37,1,Savings,active,2024-03-25,425938.63
9211,AC00009211,38,4,Fixed Deposit,active,2025-03-30,342525.76
9212,AC00009212,29,4,Savings,Inactive,2024-06-28,252685.85
9213,AC00009213,79,2,CURRENT,active,2024-06-26,496723.36
9214,AC00009214,66,4,Fixed Deposit,Dormant,2025-10-08,13003.48
9215,AC00009215,12,1,Current,Active,2023-08-15,65085.74
9216,AC00009216,53,3,Savings,Dormant,2025-07-15,127654.06
9217,AC00009217,64,3,Savings,active,2026-03-07,286737.84
9218,AC00009218,95,2,Savings,active,2023-01-26,340958.17
9219,AC00009219,6,3,saving,Active,2024-03-14,266296.61
9220,AC00009220,50,2,Current,active,2025-10-14,107986.25
9221,AC00009221,90,1,Current,Dormant,2023-12-24,194685.32
9222,AC00009222,37,4,Current,Closed,2025-06-23,121018.91
9223,AC00009223,27,1,saving,Closed,2023-01-26,177670.36
9224,AC00009224,89,3,Current,Inactive,2023-11-12,335280.68
9225,AC00009225,91,2,Fixed Deposit,Dormant,2025-05-20,419809.28
9226,AC00009226,39,2,Current,Inactive,2025-12-27,120574.58
9227,AC00009227,74,4,CURRENT,Active,2025-04-27,442126.08
9228,AC00009228,30,3,saving,Dormant,2026-05-16,255989.66
9229,AC00009229,4,4,CURRENT,Inactive,2025-04-23,2002.84
9230,AC00009230,47,1,Fixed Deposit,Inactive,2023-12-08,389048.49
9231,AC00009231,88,3,Savings,Dormant,2025-03-22,24364.35
9232,AC00009232,65,2,Current,Active,2023-12-14,276367.52
9233,AC00009233,27,2,CURRENT,Active,2024-03-24,145156.2
9234,AC00009234,64,4,CURRENT,Closed,2024-10-21,346448.33
9235,AC00009235,79,1,Fixed Deposit,Active,2024-06-04,345679.21
9236,AC00009236,6,4,Current,Active,2023-02-24,191531.97
9237,AC00009237,100,1,Fixed Deposit,Closed,2024-11-27,282648.97
9238,AC00009238,49,2,Fixed Deposit,active,2022-10-04,126706.27
9239,AC00009239,19,1,CURRENT,active,2022-10-01,304730.0
9240,AC00009240,13,1,Fixed Deposit,Inactive,2024-10-21,244379.89
9241,AC00009241,83,4,Savings,Inactive,2024-12-12,147055.41
9242,AC00009242,97,2,Current,Active,2025-06-14,127780.87
9243,AC00009243,85,2,Savings,active,2023-10-28,48011.75
9244,AC00009244,91,4,Current,Closed,2023-07-26,196826.56
9245,AC00009245,82,2,CURRENT,Closed,2026-03-29,128829.37
9246,AC00009246,1,2,Savings,Dormant,2024-09-17,77611.83
9247,AC00009247,44,4,CURRENT,Active,2025-12-20,249286.4
9248,AC00009248,64,4,saving,Closed,2024-03-09,291879.36
9249,AC00009249,76,2,saving,Dormant,2026-03-14,431562.81
9250,AC00009250,83,4,saving,active,2025-06-06,412380.5
9251,AC00009251,32,3,Fixed Deposit,Inactive,2025-05-14,472056.19
9252,AC00009252,88,4,Savings,Closed,2024-12-06,462024.65
9253,AC00009253,11,2,Savings,Inactive,2026-07-28,213374.24
9254,AC00009254,57,4,saving,active,2022-11-23,11236.47
9255,AC00009255,65,4,Fixed Deposit,Active,2023-11-11,212986.74
9256,AC00009256,37,4,Current,Inactive,2025-11-22,460833.32
9257,AC00009257,32,3,CURRENT,Active,2025-02-15,154325.64
9258,AC00009258,60,4,CURRENT,active,2025-06-25,238371.91
9259,AC00009259,29,1,Savings,Active,2024-02-12,165772.3
9260,AC00009260,75,3,Savings,active,2026-02-03,250742.11
9261,AC00009261,65,2,Fixed Deposit,Inactive,2024-02-22,147838.58
9262,AC00009262,86,3,Current,Inactive,2025-02-07,206792.23
9263,AC00009263,43,4,Fixed Deposit,Closed,2025-04-23,435326.11
9264,AC00009264,22,3,Fixed Deposit,Dormant,2025-06-27,62262.78
9265,AC00009265,55,1,Current,Closed,2026-02-03,336224.87
9266,AC00009266,31,2,Fixed Deposit,Dormant,2023-02-17,488473.26
9267,AC00009267,66,2,Savings,Closed,2025-06-23,5537.0
9268,AC00009268,71,3,Current,Inactive,2024-06-12,162925.08
9269,AC00009269,73,4,CURRENT,active,2025-10-28,153004.7
9270,AC00009270,11,2,Fixed Deposit,Dormant,2024-07-11,44073.35
9271,AC00009271,89,3,CURRENT,active,2024-03-28,57055.26
9272,AC00009272,29,1,Fixed Deposit,Active,2023-01-05,205235.87
9273,AC00009273,25,4,Current,Active,2025-12-16,178583.02
9274,AC00009274,50,4,saving,Dormant,2023-03-24,399243.49
9275,AC00009275,42,3,CURRENT,Active,2024-06-26,449343.25
9276,AC00009276,11,4,saving,Dormant,2025-03-06,137987.09
9277,AC00009277,54,1,Savings,Closed,2024-02-17,212992.6
9278,AC00009278,95,4,Savings,Inactive,2024-06-06,3357.72
9279,AC00009279,78,3,Fixed Deposit,Inactive,2024-11-12,153748.02
9280,AC00009280,65,3,CURRENT,Active,2025-08-04,137003.62
9281,AC00009281,39,3,saving,Active,2023-09-08,316593.13
9282,AC00009282,7,2,Fixed Deposit,Closed,2026-02-15,200249.17
9283,AC00009283,92,4,saving,Dormant,2024-12-25,188426.83
9284,AC00009284,55,2,Fixed Deposit,Inactive,2023-04-15,203347.13
9285,AC00009285,11,4,saving,Inactive,2024-03-19,255408.26
9286,AC00009286,71,4,saving,Active,2026-07-06,46612.32
9287,AC00009287,23,2,Fixed Deposit,Inactive,2024-08-20,358785.03
9288,AC00009288,89,2,saving,Dormant,2023-02-18,279437.87
9289,AC00009289,29,4,Savings,Active,2025-03-16,255376.39
9290,AC00009290,33,2,Savings,Dormant,2023-02-24,276426.23
9291,AC00009291,12,2,Fixed Deposit,Inactive,2024-07-06,130470.46
9292,AC00009292,82,3,Savings,Active,2025-06-23,180241.46
9293,AC00009293,51,4,Fixed Deposit,Inactive,2025-12-24,378000.22
9294,AC00009294,100,4,CURRENT,Closed,2025-05-06,295952.39
9295,AC00009295,83,1,Savings,active,2024-07-01,303318.84
9296,AC00009296,13,4,saving,Dormant,2025-01-08,329924.46
9297,AC00009297,15,4,Current,active,2023-02-05,237629.79
9298,AC00009298,53,3,Savings,active,2024-07-01,464357.61
9299,AC00009299,55,3,CURRENT,Dormant,2026-08-02,132909.61
9300,AC00009300,69,2,saving,Dormant,2023-07-06,25033.4
9301,AC00009301,90,1,Fixed Deposit,Dormant,2023-01-30,479487.53
9302,AC00009302,73,2,Fixed Deposit,active,2022-10-26,172062.01
9303,AC00009303,83,1,Current,Inactive,2023-10-27,489502.4
9304,AC00009304,84,1,Current,Dormant,2026-03-01,37244.2
9305,AC00009305,66,4,Current,Inactive,2024-12-20,73113.33
9306,AC00009306,12,2,saving,Dormant,2025-11-26,388217.38
9307,AC00009307,19,1,saving,Active,2025-04-24,168376.85
9308,AC00009308,3,4,Fixed Deposit,Dormant,2026-03-29,415194.65
9309,AC00009309,73,4,CURRENT,Closed,2023-05-06,30081.94
9310,AC00009310,21,2,CURRENT,Closed,2025-05-14,204423.24
9311,AC00009311,79,4,Savings,Closed,2026-03-13,148939.73
9312,AC00009312,73,2,Savings,Closed,2025-01-16,184203.75
9313,AC00009313,67,1,Fixed Deposit,Inactive,2023-05-02,152460.08
9314,AC00009314,86,2,CURRENT,Active,2022-12-01,236209.98
9315,AC00009315,2,3,CURRENT,Dormant,2024-11-19,43969.07
9316,AC00009316,68,1,saving,Active,2026-02-15,494997.89
9317,AC00009317,74,2,Current,active,2026-01-10,247390.58
9318,AC00009318,49,1,Savings,Inactive,2025-10-25,25693.78
9319,AC00009319,9,3,Fixed Deposit,Active,2022-09-16,439087.89
9320,AC00009320,79,2,Savings,Dormant,2024-08-31,133731.66
9321,AC00009321,11,4,Savings,active,2026-04-28,340148.97
9322,AC00009322,15,1,Current,Closed,2026-07-18,148350.2
9323,AC00009323,3,1,CURRENT,active,2024-08-06,447277.07
9324,AC00009324,33,4,saving,Active,2025-11-09,262936.88
9325,AC00009325,79,2,Fixed Deposit,Active,2025-09-27,123611.87
9326,AC00009326,70,3,saving,Active,2023-02-01,469234.91
9327,AC00009327,54,3,CURRENT,Dormant,2026-01-10,415854.5
9328,AC00009328,1,3,Current,Active,2024-02-15,205666.62
9329,AC00009329,33,2,Savings,Dormant,2025-06-19,81357.25
9330,AC00009330,57,2,Fixed Deposit,Active,2025-03-17,362581.74
9331,AC00009331,48,3,saving,Dormant,2024-02-12,128558.59
9332,AC00009332,12,1,Savings,Active,2022-11-10,302952.97
9333,AC00009333,95,3,Fixed Deposit,Active,2025-02-23,461495.47
9334,AC00009334,65,3,Savings,active,2026-04-12,37778.41
9335,AC00009335,36,1,Fixed Deposit,active,2024-03-12,107972.01
9336,AC00009336,79,4,Savings,Inactive,2022-10-08,225117.13
9337,AC00009337,7,3,saving,active,2024-05-10,299533.95
9338,AC00009338,10,4,CURRENT,Closed,2023-07-03,446276.54
9339,AC00009339,89,4,Savings,Dormant,2023-05-31,345558.85
9340,AC00009340,91,1,Fixed Deposit,Closed,2023-09-25,315082.4
9341,AC00009341,15,4,Savings,Dormant,2025-02-21,278100.36
9342,AC00009342,55,4,CURRENT,active,2025-03-22,26135.36
9343,AC00009343,16,3,saving,Active,2025-05-15,335635.57
9344,AC00009344,31,3,saving,Dormant,2023-07-19,234370.67
9345,AC00009345,15,4,CURRENT,Inactive,2026-04-12,296079.19
9346,AC00009346,63,1,CURRENT,Dormant,2026-01-23,131795.73
9347,AC00009347,46,1,Fixed Deposit,Inactive,2026-07-14,213920.95
9348,AC00009348,51,4,saving,active,2023-08-28,369328.58
9349,AC00009349,31,2,Fixed Deposit,Active,2024-10-11,469492.46
9350,AC00009350,30,1,Fixed Deposit,Inactive,2023-10-06,214197.49
9351,AC00009351,47,3,saving,Active,2023-08-19,213970.77
9352,AC00009352,98,2,CURRENT,active,2023-03-28,445464.14
9353,AC00009353,84,2,Current,Dormant,2022-10-09,184152.96
9354,AC00009354,92,4,Savings,Closed,2023-01-29,70376.93
9355,AC00009355,83,3,Fixed Deposit,Active,2023-02-11,359494.96
9356,AC00009356,89,4,saving,Dormant,2022-09-24,389449.05
9357,AC00009357,92,3,Fixed Deposit,active,2024-03-06,230892.71
9358,AC00009358,7,3,saving,Active,2026-03-26,398109.24
9359,AC00009359,95,4,CURRENT,Closed,2022-10-18,236371.41
9360,AC00009360,54,3,saving,Dormant,2026-08-07,284880.63
9361,AC00009361,28,1,Current,Dormant,2024-06-23,82178.73
9362,AC00009362,93,3,Current,active,2023-12-09,155244.44
9363,AC00009363,71,4,Current,Active,2022-12-21,33263.63
9364,AC00009364,98,2,Current,Active,2026-07-15,25712.86
9365,AC00009365,57,1,saving,Inactive,2025-10-25,205953.67
9366,AC00009366,10,2,Savings,Dormant,2024-05-28,396361.57
9367,AC00009367,43,4,saving,active,2023-08-03,123419.77
9368,AC00009368,90,2,saving,active,2024-09-09,74651.48
9369,AC00009369,77,3,saving,Dormant,2025-02-14,41069.52
9370,AC00009370,75,3,Current,Closed,2025-01-29,334781.45
9371,AC00009371,69,2,Savings,active,2024-06-19,239883.44
9372,AC00009372,13,3,CURRENT,Inactive,2024-10-14,39171.37
9373,AC00009373,48,4,Savings,Closed,2025-12-19,200099.81
9374,AC00009374,33,4,Savings,Inactive,2024-12-08,209158.77
9375,AC00009375,58,4,saving,active,2022-09-03,309187.07
9376,AC00009376,24,1,CURRENT,Active,2022-12-25,389996.1
9377,AC00009377,70,1,Current,Dormant,2022-09-16,491546.5
9378,AC00009378,27,1,CURRENT,Dormant,2024-07-03,196384.38
9379,AC00009379,15,1,CURRENT,Active,2022-09-16,477759.27
9380,AC00009380,8,2,Fixed Deposit,Active,2025-08-11,244821.41
9381,AC00009381,38,2,Current,active,2026-05-20,186337.94
9382,AC00009382,70,1,Savings,Dormant,2025-12-11,148738.39
9383,AC00009383,42,2,Current,Dormant,2022-12-28,443790.51
9384,AC00009384,6,2,Savings,Inactive,2024-09-01,442083.27
9385,AC00009385,50,1,Savings,Closed,2025-02-28,490514.42
9386,AC00009386,31,4,Current,Dormant,2024-04-02,287841.84
9387,AC00009387,36,3,CURRENT,Inactive,2026-05-23,459662.33
9388,AC00009388,31,3,Fixed Deposit,Dormant,2023-01-19,472891.91
9389,AC00009389,59,2,Savings,Active,2025-05-22,407784.54
9390,AC00009390,4,4,Current,Inactive,2023-07-05,321053.76
9391,AC00009391,65,2,Fixed Deposit,Dormant,2023-04-17,63681.22
9392,AC00009392,57,4,Fixed Deposit,Closed,2024-12-22,348731.93
9393,AC00009393,53,4,Savings,active,2022-08-25,294109.4
9394,AC00009394,98,3,Current,Active,2026-06-05,29510.04
9395,AC00009395,80,1,CURRENT,Inactive,2024-03-10,336861.03
9396,AC00009396,72,3,Current,Dormant,2023-09-12,458997.11
9397,AC00009397,30,1,Savings,Active,2025-12-06,124226.46
9398,AC00009398,62,2,Fixed Deposit,Dormant,2025-10-27,439773.13
9399,AC00009399,76,3,Fixed Deposit,Closed,2022-09-08,489485.1
9400,AC00009400,36,4,CURRENT,Active,2022-12-26,240952.12
9401,AC00009401,91,3,saving,Dormant,2023-11-29,132523.67
9402,AC00009402,24,4,saving,Dormant,2026-02-04,5958.01
9403,AC00009403,78,1,saving,active,2023-11-04,240545.7
9404,AC00009404,47,4,CURRENT,Closed,2024-10-26,112378.43
9405,AC00009405,45,1,Savings,Active,2023-09-10,267880.56
9406,AC00009406,65,2,saving,Closed,2023-05-30,392206.94
9407,AC00009407,49,1,Current,Closed,2024-03-26,106643.8
9408,AC00009408,22,4,CURRENT,active,2025-09-28,294787.51
9409,AC00009409,8,2,CURRENT,Active,2024-06-25,3237.51
9410,AC00009410,60,1,CURRENT,Inactive,2023-02-04,80785.84
9411,AC00009411,11,1,saving,Closed,2023-07-01,308773.88
9412,AC00009412,94,2,Current,Dormant,2024-03-02,23568.31
9413,AC00009413,28,1,CURRENT,Dormant,2022-10-08,425850.57
9414,AC00009414,51,3,Fixed Deposit,Inactive,2023-09-20,79005.22
9415,AC00009415,55,4,Savings,Closed,2023-05-01,109316.04
9416,AC00009416,4,1,CURRENT,Active,2024-06-19,72347.71
9417,AC00009417,96,3,Savings,Dormant,2025-01-05,196339.19
9418,AC00009418,46,1,Savings,Dormant,2025-11-16,4052.36
9419,AC00009419,92,3,Fixed Deposit,Active,2024-12-24,9404.13
9420,AC00009420,61,4,Fixed Deposit,active,2023-11-01,430773.9
9421,AC00009421,57,4,saving,Dormant,2024-03-26,250509.99
9422,AC00009422,66,3,saving,Dormant,2024-06-23,56911.05
9423,AC00009423,23,4,Fixed Deposit,Closed,2022-12-19,22138.91
9424,AC00009424,38,3,Current,Active,2022-10-09,13302.85
9425,AC00009425,64,1,Savings,Active,2023-07-02,119566.62
9426,AC00009426,96,1,CURRENT,Dormant,2025-11-09,448030.3
9427,AC00009427,48,3,Savings,Closed,2022-09-10,294429.1
9428,AC00009428,82,3,CURRENT,Dormant,2026-03-14,249100.62
9429,AC00009429,95,1,saving,Closed,2023-07-05,31815.87
9430,AC00009430,100,4,Savings,Dormant,2024-06-02,382746.96
9431,AC00009431,20,2,Savings,Closed,2025-07-15,424969.05
9432,AC00009432,6,4,Fixed Deposit,Active,2024-07-01,103483.37
9433,AC00009433,59,2,CURRENT,Inactive,2023-06-16,445340.38
9434,AC00009434,47,4,CURRENT,Dormant,2022-10-23,147996.6
9435,AC00009435,76,3,Savings,Closed,2026-05-01,204254.12
9436,AC00009436,25,2,saving,Closed,2023-04-30,181689.04
9437,AC00009437,24,1,Savings,active,2023-10-25,473512.48
9438,AC00009438,34,4,CURRENT,Active,2024-06-18,354707.14
9439,AC00009439,36,3,Savings,active,2025-11-15,455280.45
9440,AC00009440,39,4,CURRENT,Closed,2024-10-09,345252.07
9441,AC00009441,40,4,Fixed Deposit,Closed,2023-09-10,395720.87
9442,AC00009442,14,1,Savings,Active,2023-02-02,36515.35
9443,AC00009443,21,2,Fixed Deposit,Active,2023-03-29,5692.27
9444,AC00009444,48,3,saving,Dormant,2025-03-17,261728.07
9445,AC00009445,21,1,saving,active,2023-07-21,256488.78
9446,AC00009446,12,2,saving,active,2022-11-03,298728.69
9447,AC00009447,49,4,saving,active,2024-07-17,372571.73
9448,AC00009448,74,2,Savings,Inactive,2023-10-04,362839.81
9449,AC00009449,7,2,saving,active,2022-10-03,78736.29
9450,AC00009450,33,2,CURRENT,Closed,2025-01-13,176000.24
9451,AC00009451,32,2,CURRENT,Dormant,2023-08-02,223607.43
9452,AC00009452,57,1,Fixed Deposit,Inactive,2024-02-10,71572.99
9453,AC00009453,20,1,saving,Closed,2025-05-28,457483.2
9454,AC00009454,67,1,Fixed Deposit,active,2024-10-27,212142.34
9455,AC00009455,95,1,Current,active,2026-05-11,165324.12
9456,AC00009456,49,2,CURRENT,Active,2023-08-07,222920.21
9457,AC00009457,57,2,Savings,Active,2025-10-27,370911.83
9458,AC00009458,35,2,Current,Dormant,2022-10-18,191300.56
9459,AC00009459,35,4,Fixed Deposit,Closed,2026-03-08,369271.77
9460,AC00009460,2,2,Savings,Closed,2022-11-21,254487.93
9461,AC00009461,23,3,saving,active,2023-07-28,264596.24
9462,AC00009462,34,3,saving,Closed,2024-01-18,394731.96
9463,AC00009463,58,4,saving,Inactive,2026-06-25,152204.86
9464,AC00009464,34,4,saving,Active,2024-09-15,315291.92
9465,AC00009465,71,2,saving,Dormant,2023-04-06,438993.76
9466,AC00009466,95,3,Fixed Deposit,Closed,2023-01-15,114219.59
9467,AC00009467,87,3,Savings,Closed,2023-10-26,429602.19
9468,AC00009468,71,3,saving,Dormant,2024-12-17,269331.69
9469,AC00009469,55,3,saving,Inactive,2024-02-22,348200.96
9470,AC00009470,38,2,Fixed Deposit,Closed,2026-04-27,268033.19
9471,AC00009471,51,4,CURRENT,active,2025-03-20,162019.65
9472,AC00009472,73,3,CURRENT,Inactive,2024-03-24,464791.89
9473,AC00009473,54,1,saving,Active,2025-12-24,116937.32
9474,AC00009474,83,1,Savings,Dormant,2024-06-18,456581.87
9475,AC00009475,47,2,Savings,Inactive,2023-10-09,350967.36
9476,AC00009476,6,3,saving,Dormant,2024-04-10,31832.05
9477,AC00009477,3,1,saving,Inactive,2024-11-06,152996.09
9478,AC00009478,83,3,saving,Dormant,2025-05-17,247106.61
9479,AC00009479,19,3,Savings,Active,2025-08-17,271948.95
9480,AC00009480,100,3,CURRENT,active,2024-06-19,190138.13
9481,AC00009481,73,2,Savings,Inactive,2023-04-29,325987.84
9482,AC00009482,34,1,CURRENT,Active,2025-09-24,124530.64
9483,AC00009483,53,3,CURRENT,Active,2025-01-31,257163.77
9484,AC00009484,75,1,CURRENT,Inactive,2024-01-21,15384.18
9485,AC00009485,18,4,saving,Active,2025-10-13,250057.64
9486,AC00009486,17,3,saving,Closed,2025-06-18,229404.51
9487,AC00009487,18,1,Current,Inactive,2024-06-05,177833.11
9488,AC00009488,37,1,Current,Closed,2024-08-05,267280.2
9489,AC00009489,89,4,Current,Inactive,2026-08-08,128718.86
9490,AC00009490,53,3,Current,Dormant,2025-09-04,451797.98
9491,AC00009491,59,2,saving,Closed,2024-01-24,320526.56
9492,AC00009492,87,1,CURRENT,Closed,2025-07-02,489714.44
9493,AC00009493,26,4,CURRENT,Closed,2023-07-26,217788.71
9494,AC00009494,25,2,Fixed Deposit,Active,2022-08-25,331594.34
9495,AC00009495,82,2,Savings,Inactive,2023-07-29,448449.17
9496,AC00009496,13,4,Fixed Deposit,Dormant,2026-07-28,473050.24
9497,AC00009497,69,1,Savings,active,2026-01-06,320546.38
9498,AC00009498,33,4,CURRENT,Closed,2026-01-20,23800.73
9499,AC00009499,52,2,Fixed Deposit,Inactive,2024-11-12,388958.2
9500,AC00009500,8,1,Savings,Closed,2026-05-13,343793.64
9501,AC00009501,45,1,saving,Closed,2025-07-22,64618.1
9502,AC00009502,56,1,saving,Dormant,2025-03-17,203773.09
9503,AC00009503,16,3,Fixed Deposit,active,2022-11-12,144369.21
9504,AC00009504,79,3,Savings,Active,2025-01-27,232060.96
9505,AC00009505,8,2,Fixed Deposit,active,2023-07-16,144720.86
9506,AC00009506,31,3,Fixed Deposit,Dormant,2024-08-05,440691.86
9507,AC00009507,71,1,Fixed Deposit,active,2025-07-04,228471.45
9508,AC00009508,59,4,Fixed Deposit,Dormant,2025-10-05,298592.56
9509,AC00009509,64,2,Savings,Closed,2023-09-12,338281.4
9510,AC00009510,24,4,Savings,active,2022-10-14,140254.72
9511,AC00009511,58,4,Current,Dormant,2023-02-09,405300.37
9512,AC00009512,24,2,CURRENT,Active,2022-11-01,364690.92
9513,AC00009513,61,2,CURRENT,Inactive,2024-07-19,45088.24
9514,AC00009514,100,4,saving,Active,2023-09-29,272953.91
9515,AC00009515,20,3,saving,Inactive,2025-10-12,49666.05
9516,AC00009516,74,1,Fixed Deposit,Dormant,2023-11-08,418822.67
9517,AC00009517,55,2,saving,Closed,2023-08-13,403099.05
9518,AC00009518,11,4,Savings,active,2023-04-04,255769.75
9519,AC00009519,41,2,Current,Inactive,2025-07-19,137271.05
9520,AC00009520,26,2,CURRENT,Dormant,2025-06-27,20199.38
9521,AC00009521,47,3,CURRENT,Closed,2025-07-06,166053.57
9522,AC00009522,28,2,saving,active,2023-04-20,306920.42
9523,AC00009523,47,2,Current,Closed,2023-08-28,160181.55
9524,AC00009524,13,4,saving,active,2025-12-17,375101.76
9525,AC00009525,86,4,Savings,Inactive,2024-01-15,147043.86
9526,AC00009526,43,3,Current,Dormant,2024-05-26,174378.15
9527,AC00009527,35,1,CURRENT,Closed,2025-02-19,193342.56
9528,AC00009528,76,4,Current,Dormant,2024-07-31,95183.48
9529,AC00009529,82,4,Fixed Deposit,Inactive,2023-01-31,67198.22
9530,AC00009530,60,2,Savings,Dormant,2023-04-04,114103.46
9531,AC00009531,9,2,saving,Dormant,2026-04-01,491958.49
9532,AC00009532,61,4,Savings,active,2024-02-06,298647.86
9533,AC00009533,56,1,saving,Inactive,2023-04-25,437606.76
9534,AC00009534,50,1,Savings,Closed,2025-12-21,446430.18
9535,AC00009535,90,3,Fixed Deposit,Active,2023-05-07,317101.71
9536,AC00009536,48,2,Savings,Closed,2023-02-21,423848.84
9537,AC00009537,15,3,Fixed Deposit,Active,2026-03-25,322358.78
9538,AC00009538,18,2,Fixed Deposit,active,2023-01-18,467626.47
9539,AC00009539,3,2,CURRENT,active,2025-07-28,182867.88
9540,AC00009540,77,4,Current,Dormant,2024-09-25,79263.36
9541,AC00009541,15,3,saving,active,2023-10-14,291954.03
9542,AC00009542,30,4,CURRENT,Closed,2023-02-09,479054.52
9543,AC00009543,74,1,saving,Inactive,2023-05-05,102591.38
9544,AC00009544,56,1,Savings,active,2022-12-27,263327.49
9545,AC00009545,14,4,Savings,Active,2025-09-29,80729.12
9546,AC00009546,36,1,saving,Active,2025-09-05,81138.14
9547,AC00009547,81,1,saving,Inactive,2025-10-23,134882.9
9548,AC00009548,4,4,CURRENT,active,2024-01-18,83497.39
9549,AC00009549,40,1,saving,Closed,2025-05-06,283550.86
9550,AC00009550,82,4,CURRENT,active,2026-06-04,314609.51
9551,AC00009551,19,3,saving,active,2025-04-16,62747.66
9552,AC00009552,98,3,saving,Dormant,2026-08-07,233654.64
9553,AC00009553,20,1,CURRENT,Inactive,2024-06-11,432687.42
9554,AC00009554,28,2,saving,active,2024-01-08,128266.74
9555,AC00009555,22,1,Savings,active,2023-01-19,135143.03
9556,AC00009556,63,4,saving,active,2024-08-30,38606.82
9557,AC00009557,62,3,Fixed Deposit,active,2024-10-11,405283.55
9558,AC00009558,42,1,saving,Dormant,2023-12-14,113210.52
9559,AC00009559,73,1,saving,Dormant,2026-04-07,443174.6
9560,AC00009560,77,3,Fixed Deposit,active,2024-07-06,255394.3
9561,AC00009561,96,3,Fixed Deposit,Active,2025-06-01,183088.35
9562,AC00009562,56,2,Current,Inactive,2023-01-03,41273.92
9563,AC00009563,37,1,Savings,active,2023-09-07,301930.34
9564,AC00009564,36,3,Savings,active,2026-03-29,110978.11
9565,AC00009565,91,2,saving,active,2025-10-01,448258.47
9566,AC00009566,64,1,CURRENT,Closed,2023-10-21,399629.12
9567,AC00009567,45,4,Savings,Inactive,2023-11-28,227089.45
9568,AC00009568,33,3,CURRENT,Dormant,2024-06-10,213621.3
9569,AC00009569,59,2,Current,Dormant,2024-07-15,248203.02
9570,AC00009570,87,1,CURRENT,Dormant,2024-03-03,10647.1
9571,AC00009571,71,1,CURRENT,active,2022-10-06,478874.62
9572,AC00009572,82,4,CURRENT,Inactive,2026-01-30,296770.84
9573,AC00009573,23,4,CURRENT,Closed,2026-05-14,162382.28
9574,AC00009574,46,4,Fixed Deposit,Dormant,2025-09-28,355454.69
9575,AC00009575,2,4,CURRENT,Closed,2024-09-05,309350.93
9576,AC00009576,15,1,Fixed Deposit,Closed,2025-08-09,41912.21
9577,AC00009577,16,1,saving,Active,2023-02-10,3509.1
9578,AC00009578,97,4,Fixed Deposit,Closed,2026-04-30,387752.07
9579,AC00009579,5,3,CURRENT,Closed,2025-08-23,452799.53
9580,AC00009580,32,2,CURRENT,active,2023-05-31,237857.47
9581,AC00009581,23,2,Current,Active,2025-01-26,95657.5
9582,AC00009582,45,4,saving,Closed,2023-09-20,255903.66
9583,AC00009583,6,2,CURRENT,Inactive,2023-02-07,263547.06
9584,AC00009584,80,2,Current,Dormant,2025-12-31,354967.04
9585,AC00009585,65,3,CURRENT,active,2026-06-06,197085.42
9586,AC00009586,48,1,Current,Dormant,2024-11-18,322514.58
9587,AC00009587,15,2,Current,Dormant,2025-10-24,280647.88
9588,AC00009588,51,2,Fixed Deposit,active,2025-04-06,301969.15
9589,AC00009589,41,3,Current,active,2024-05-31,360702.13
9590,AC00009590,87,2,saving,Closed,2025-03-14,199257.84
9591,AC00009591,97,3,CURRENT,Closed,2024-06-28,306573.71
9592,AC00009592,57,1,Current,active,2023-06-14,14936.05
9593,AC00009593,76,3,Current,active,2023-04-17,351883.88
9594,AC00009594,4,3,saving,Inactive,2022-12-21,249748.4
9595,AC00009595,61,1,saving,active,2023-12-07,209312.75
9596,AC00009596,77,4,Current,Inactive,2022-10-26,144575.18
9597,AC00009597,86,1,CURRENT,active,2024-12-13,14972.61
9598,AC00009598,58,1,Current,Dormant,2024-05-06,104743.9
9599,AC00009599,25,2,Savings,Closed,2024-09-27,175479.13
9600,AC00009600,49,1,Savings,Closed,2024-02-20,354270.54
9601,AC00009601,28,1,saving,active,2023-08-30,435954.27
9602,AC00009602,46,4,Savings,Active,2023-02-19,163884.57
9603,AC00009603,8,2,saving,Inactive,2023-03-23,262091.09
9604,AC00009604,29,2,Current,Inactive,2023-07-29,223136.96
9605,AC00009605,95,3,Fixed Deposit,active,2023-04-20,46653.29
9606,AC00009606,17,4,Savings,active,2025-07-20,341953.42
9607,AC00009607,47,1,Current,Dormant,2026-05-01,87593.39
9608,AC00009608,12,2,Savings,Closed,2023-09-06,485559.81
9609,AC00009609,58,2,Fixed Deposit,Closed,2025-07-23,446345.82
9610,AC00009610,48,2,Savings,Inactive,2023-05-06,293139.19
9611,AC00009611,38,3,CURRENT,Closed,2022-12-17,2062.66
9612,AC00009612,46,4,CURRENT,Closed,2023-06-30,481868.85
9613,AC00009613,90,4,Savings,active,2025-03-20,149939.47
9614,AC00009614,96,1,Fixed Deposit,active,2023-08-28,184394.82
9615,AC00009615,67,2,Savings,Inactive,2024-05-17,415773.29
9616,AC00009616,63,3,CURRENT,Inactive,2023-04-26,479500.86
9617,AC00009617,69,3,Fixed Deposit,Active,2025-05-23,288404.29
9618,AC00009618,42,2,Savings,Inactive,2025-10-05,101313.72
9619,AC00009619,95,2,CURRENT,Inactive,2023-09-26,308895.51
9620,AC00009620,45,2,CURRENT,Active,2023-06-04,2072.29
9621,AC00009621,14,3,Current,active,2024-02-29,443694.58
9622,AC00009622,40,1,Current,Closed,2026-05-28,43823.02
9623,AC00009623,96,1,CURRENT,Inactive,2022-08-29,122335.98
9624,AC00009624,59,2,saving,active,2024-10-31,129751.48
9625,AC00009625,36,4,Savings,Active,2026-01-29,40272.49
9626,AC00009626,42,4,Current,active,2024-07-07,306530.26
9627,AC00009627,23,2,CURRENT,Closed,2024-06-03,69103.07
9628,AC00009628,90,4,saving,Closed,2022-08-20,357988.45
9629,AC00009629,85,4,Fixed Deposit,active,2023-11-10,232168.61
9630,AC00009630,11,2,Fixed Deposit,Active,2023-03-12,172080.53
9631,AC00009631,80,4,Fixed Deposit,Inactive,2022-09-26,484443.91
9632,AC00009632,54,2,saving,Closed,2024-02-04,282452.52
9633,AC00009633,2,4,Fixed Deposit,Inactive,2023-06-05,389158.52
9634,AC00009634,18,1,Fixed Deposit,Active,2023-08-20,492641.04
9635,AC00009635,97,1,Savings,active,2024-06-15,234653.61
9636,AC00009636,41,4,Savings,active,2026-04-29,244180.13
9637,AC00009637,43,3,Savings,Dormant,2024-05-16,96940.61
9638,AC00009638,11,1,Savings,Active,2026-04-02,2984.28
9639,AC00009639,12,2,CURRENT,Active,2022-09-26,147131.95
9640,AC00009640,90,2,CURRENT,active,2022-12-30,28787.32
9641,AC00009641,27,1,CURRENT,Inactive,2026-01-30,6429.16
9642,AC00009642,80,3,Current,Inactive,2026-05-30,292307.73
9643,AC00009643,18,4,Current,Inactive,2023-08-17,123590.97
9644,AC00009644,77,1,Fixed Deposit,active,2023-08-18,161322.03
9645,AC00009645,2,2,Savings,Closed,2023-06-12,159368.99
9646,AC00009646,93,1,Savings,Closed,2024-02-11,62212.81
9647,AC00009647,7,2,Savings,Dormant,2024-06-18,401842.82
9648,AC00009648,6,4,saving,Closed,2025-05-22,16165.9
9649,AC00009649,90,4,CURRENT,Closed,2026-07-27,427578.36
9650,AC00009650,38,3,Current,active,2022-09-25,281627.83
9651,AC00009651,13,3,saving,active,2026-04-07,259865.34
9652,AC00009652,13,2,Savings,Dormant,2026-05-09,270283.46
9653,AC00009653,43,4,Savings,active,2025-02-17,145939.29
9654,AC00009654,12,1,CURRENT,Inactive,2025-04-08,103560.14
9655,AC00009655,20,2,Savings,Inactive,2024-09-14,288284.85
9656,AC00009656,72,1,saving,Dormant,2025-01-01,26486.11
9657,AC00009657,18,3,Fixed Deposit,Inactive,2025-01-02,440952.19
9658,AC00009658,37,2,CURRENT,active,2024-08-10,271448.6
9659,AC00009659,75,1,Fixed Deposit,Active,2024-06-18,455772.67
9660,AC00009660,18,2,Fixed Deposit,active,2024-07-21,67338.73
9661,AC00009661,82,4,Savings,active,2026-08-06,244497.46
9662,AC00009662,12,2,Fixed Deposit,Dormant,2025-05-23,477430.83
9663,AC00009663,24,2,CURRENT,Dormant,2025-04-28,413119.96
9664,AC00009664,50,4,Savings,Closed,2024-04-25,450758.96
9665,AC00009665,7,1,Current,Closed,2023-09-06,206119.01
9666,AC00009666,4,1,Fixed Deposit,Dormant,2024-01-30,323245.94
9667,AC00009667,76,2,CURRENT,active,2026-05-27,460136.88
9668,AC00009668,36,4,Fixed Deposit,Closed,2023-04-03,300335.45
9669,AC00009669,51,4,Current,Dormant,2025-04-27,337703.95
9670,AC00009670,75,4,Fixed Deposit,Inactive,2024-09-04,230302.93
9671,AC00009671,100,1,Fixed Deposit,Dormant,2023-09-03,132273.97
9672,AC00009672,36,2,Current,Inactive,2024-11-17,498907.01
9673,AC00009673,30,1,CURRENT,Active,2024-11-19,155915.13
9674,AC00009674,89,2,Savings,active,2024-12-08,306352.7
9675,AC00009675,65,1,CURRENT,Dormant,2024-12-06,305558.47
9676,AC00009676,60,1,Current,Active,2025-09-16,246088.59
9677,AC00009677,7,3,Current,Dormant,2024-10-25,137515.17
9678,AC00009678,92,4,Savings,Closed,2024-10-16,106632.68
9679,AC00009679,42,1,CURRENT,Dormant,2026-03-18,452827.1
9680,AC00009680,35,2,CURRENT,Inactive,2022-11-12,195830.32
9681,AC00009681,39,3,Current,Inactive,2026-01-30,249416.57
9682,AC00009682,81,2,Fixed Deposit,Dormant,2023-06-15,329599.91
9683,AC00009683,23,2,Fixed Deposit,Inactive,2023-12-15,383788.25
9684,AC00009684,42,1,Current,active,2024-04-18,364310.52
9685,AC00009685,11,1,Fixed Deposit,Closed,2026-01-11,40423.58
9686,AC00009686,35,3,Fixed Deposit,Active,2026-06-25,256911.69
9687,AC00009687,35,2,Savings,Dormant,2026-07-05,45006.4
9688,AC00009688,4,1,Fixed Deposit,Active,2026-04-20,98944.52
9689,AC00009689,82,2,Fixed Deposit,Inactive,2023-12-16,184425.58
9690,AC00009690,79,3,Savings,Active,2023-07-07,213489.65
9691,AC00009691,1,3,saving,Inactive,2022-11-20,451850.38
9692,AC00009692,64,1,Fixed Deposit,Dormant,2023-07-31,246143.9
9693,AC00009693,2,3,saving,Inactive,2025-06-14,493841.95
9694,AC00009694,37,4,CURRENT,Active,2023-08-21,231667.72
9695,AC00009695,84,2,Current,active,2025-07-10,441044.71
9696,AC00009696,59,1,CURRENT,Dormant,2024-02-07,176561.42
9697,AC00009697,39,1,Current,Closed,2024-01-12,138963.59
9698,AC00009698,20,4,Savings,active,2024-05-14,16891.88
9699,AC00009699,1,4,Savings,Active,2025-04-18,136716.31
9700,AC00009700,50,3,Current,Closed,2024-09-05,161853.85
9701,AC00009701,28,1,Current,Closed,2026-04-21,275523.73
9702,AC00009702,27,4,CURRENT,Inactive,2025-08-04,189472.5
9703,AC00009703,59,4,Current,Active,2026-03-27,291661.63
9704,AC00009704,6,4,Fixed Deposit,Dormant,2022-11-01,266739.76
9705,AC00009705,66,2,Current,Inactive,2025-09-22,356415.54
9706,AC00009706,75,1,saving,active,2026-04-11,409554.52
9707,AC00009707,42,2,Savings,Active,2023-02-15,271164.02
9708,AC00009708,62,1,saving,Dormant,2025-01-31,257269.85
9709,AC00009709,16,4,saving,Active,2025-11-21,142607.68
9710,AC00009710,84,3,Savings,active,2026-07-19,233293.47
9711,AC00009711,9,4,saving,Closed,2025-06-22,332480.11
9712,AC00009712,39,4,CURRENT,Active,2024-11-26,36647.6
9713,AC00009713,66,1,CURRENT,Closed,2024-06-08,166561.74
9714,AC00009714,67,2,saving,Dormant,2025-10-07,116127.82
9715,AC00009715,70,2,Current,Closed,2023-04-28,409292.17
9716,AC00009716,72,4,Current,Closed,2023-03-10,278085.2
9717,AC00009717,2,3,Fixed Deposit,Dormant,2023-01-01,247804.86
9718,AC00009718,66,3,Current,Closed,2026-03-17,217177.68
9719,AC00009719,26,4,CURRENT,active,2023-03-27,424842.7
9720,AC00009720,5,1,CURRENT,Inactive,2023-08-07,363117.05
9721,AC00009721,85,4,CURRENT,Dormant,2023-07-17,162353.38
9722,AC00009722,84,1,Fixed Deposit,Inactive,2025-12-14,209893.58
9723,AC00009723,74,4,Savings,Dormant,2023-08-25,226726.34
9724,AC00009724,33,2,Fixed Deposit,active,2023-01-13,311736.89
9725,AC00009725,76,4,saving,Closed,2023-02-02,397504.81
9726,AC00009726,19,1,Current,active,2022-10-06,209458.13
9727,AC00009727,4,3,Current,Inactive,2026-05-07,205110.74
9728,AC00009728,34,4,saving,active,2025-10-18,415589.44
9729,AC00009729,11,4,CURRENT,Active,2023-07-27,76846.3
9730,AC00009730,75,2,saving,Dormant,2025-07-26,60532.17
9731,AC00009731,55,4,CURRENT,Dormant,2024-09-04,172417.63
9732,AC00009732,16,1,Savings,Dormant,2023-01-31,151791.72
9733,AC00009733,64,2,Current,Dormant,2026-03-13,376051.47
9734,AC00009734,23,2,saving,Closed,2024-09-27,185179.45
9735,AC00009735,73,1,saving,active,2023-04-28,261633.04
9736,AC00009736,37,2,Savings,active,2025-07-29,178520.74
9737,AC00009737,5,1,saving,Closed,2025-08-15,50973.84
9738,AC00009738,67,3,Fixed Deposit,Active,2025-06-04,394777.9
9739,AC00009739,58,2,saving,active,2024-12-29,319349.06
9740,AC00009740,97,1,saving,Dormant,2025-05-18,80618.69
9741,AC00009741,94,2,Fixed Deposit,Dormant,2025-06-06,58377.95
9742,AC00009742,42,1,Savings,Dormant,2024-09-20,318884.45
9743,AC00009743,80,3,Fixed Deposit,Closed,2024-05-21,410345.81
9744,AC00009744,27,2,Savings,active,2024-05-20,144157.62
9745,AC00009745,58,2,Current,Active,2024-10-06,191860.7
9746,AC00009746,77,2,saving,Closed,2023-04-22,265304.71
9747,AC00009747,59,3,Savings,Closed,2024-11-01,362251.53
9748,AC00009748,93,4,CURRENT,Active,2024-12-29,306235.5
9749,AC00009749,35,4,Savings,Dormant,2025-09-16,185616.13
9750,AC00009750,5,3,Savings,Inactive,2023-12-12,69721.61
9751,AC00009751,82,2,Current,Active,2024-06-16,495094.08
9752,AC00009752,83,1,saving,Closed,2023-08-16,131235.79
9753,AC00009753,54,4,saving,active,2026-06-11,417561.72
9754,AC00009754,25,1,Savings,Dormant,2026-06-07,358322.42
9755,AC00009755,14,1,saving,Inactive,2023-10-25,492727.91
9756,AC00009756,11,2,saving,Dormant,2023-03-01,419711.7
9757,AC00009757,10,2,Savings,Closed,2026-05-02,463207.38
9758,AC00009758,29,4,Savings,Inactive,2024-10-04,218671.23
9759,AC00009759,52,1,CURRENT,Closed,2026-03-17,366574.86
9760,AC00009760,98,4,Fixed Deposit,Inactive,2024-06-15,73491.89
9761,AC00009761,99,2,CURRENT,active,2023-01-21,74743.74
9762,AC00009762,99,1,Savings,Closed,2022-12-30,103113.72
9763,AC00009763,45,1,Savings,Inactive,2022-10-27,417829.29
9764,AC00009764,46,4,Current,Inactive,2023-04-07,114023.41
9765,AC00009765,49,3,Fixed Deposit,active,2025-10-03,378624.82
9766,AC00009766,90,3,saving,Closed,2025-01-18,119141.11
9767,AC00009767,13,1,Fixed Deposit,active,2024-10-29,353810.99
9768,AC00009768,94,3,saving,Closed,2024-09-07,155860.46
9769,AC00009769,57,1,CURRENT,Closed,2025-02-03,275899.9
9770,AC00009770,29,4,saving,Active,2024-06-07,385075.79
9771,AC00009771,2,2,CURRENT,Closed,2026-01-24,163118.36
9772,AC00009772,60,2,CURRENT,Closed,2023-09-09,279352.52
9773,AC00009773,44,1,Current,Closed,2026-06-02,124104.52
9774,AC00009774,48,1,Current,Closed,2024-05-24,169984.76
9775,AC00009775,11,4,Current,Closed,2023-07-23,378340.46
9776,AC00009776,76,2,Savings,active,2024-02-16,99055.45
9777,AC00009777,32,1,Current,Dormant,2024-08-16,459555.9
9778,AC00009778,10,4,saving,Closed,2024-01-19,273680.68
9779,AC00009779,52,4,Savings,Active,2025-03-08,122373.11
9780,AC00009780,64,3,Fixed Deposit,active,2026-07-22,4425.23
9781,AC00009781,98,3,Fixed Deposit,Closed,2026-03-13,348165.99
9782,AC00009782,46,4,Savings,Closed,2026-06-23,323476.63
9783,AC00009783,99,2,Savings,Closed,2025-06-17,14019.99
9784,AC00009784,44,1,saving,Dormant,2025-06-29,476441.05
9785,AC00009785,46,4,Fixed Deposit,Inactive,2023-03-01,416173.75
9786,AC00009786,66,4,Current,active,2024-05-12,9237.51
9787,AC00009787,87,3,Current,Active,2023-12-07,355113.94
9788,AC00009788,15,3,saving,Closed,2026-01-11,427602.63
9789,AC00009789,35,2,Fixed Deposit,active,2022-11-14,65892.19
9790,AC00009790,98,3,Fixed Deposit,Active,2025-09-21,437990.35
9791,AC00009791,53,3,Current,active,2024-09-17,163399.74
9792,AC00009792,2,1,saving,Inactive,2023-05-13,301002.4
9793,AC00009793,54,3,saving,active,2024-08-16,321752.97
9794,AC00009794,33,1,CURRENT,Inactive,2024-02-14,477720.96
9795,AC00009795,59,3,CURRENT,Active,2023-05-31,182432.43
9796,AC00009796,73,1,Savings,active,2023-01-09,409685.95
9797,AC00009797,59,2,saving,Closed,2022-08-23,420677.18
9798,AC00009798,20,1,saving,Dormant,2022-10-05,71963.63
9799,AC00009799,68,3,Current,Inactive,2023-08-06,61707.11
9800,AC00009800,70,1,saving,Inactive,2024-12-31,233674.24
9801,AC00009801,43,4,CURRENT,Inactive,2024-02-02,171240.77
9802,AC00009802,5,4,Savings,Dormant,2024-08-03,71244.06
9803,AC00009803,48,3,Fixed Deposit,Active,2024-10-24,41519.12
9804,AC00009804,53,2,Fixed Deposit,active,2023-06-09,106309.81
9805,AC00009805,50,3,Fixed Deposit,Inactive,2024-09-07,425867.48
9806,AC00009806,99,2,Current,Dormant,2025-06-07,464526.55
9807,AC00009807,32,1,Fixed Deposit,Closed,2022-11-06,168250.61
9808,AC00009808,21,4,Fixed Deposit,Dormant,2024-04-03,58276.34
9809,AC00009809,71,3,Fixed Deposit,Inactive,2024-05-27,58826.78
9810,AC00009810,9,1,saving,Inactive,2024-02-08,367943.91
9811,AC00009811,80,2,CURRENT,Active,2025-06-30,443397.58
9812,AC00009812,10,2,Fixed Deposit,Active,2023-09-14,377181.69
9813,AC00009813,67,2,Savings,Inactive,2024-11-30,282460.3
9814,AC00009814,6,3,Savings,active,2025-01-25,50398.16
9815,AC00009815,67,3,Current,active,2024-08-16,390672.18
9816,AC00009816,20,1,Fixed Deposit,Active,2024-02-06,229312.28
9817,AC00009817,80,1,saving,Closed,2025-04-18,306338.54
9818,AC00009818,92,4,Fixed Deposit,Inactive,2023-02-07,108115.9
9819,AC00009819,96,2,Fixed Deposit,Active,2026-02-21,85009.22
9820,AC00009820,12,3,Current,Closed,2023-04-03,81741.19
9821,AC00009821,66,4,Current,Inactive,2024-09-21,44472.05
9822,AC00009822,70,1,saving,active,2025-04-02,344672.11
9823,AC00009823,90,2,CURRENT,Closed,2023-03-12,262507.41
9824,AC00009824,32,1,saving,Closed,2025-09-06,497058.07
9825,AC00009825,74,1,saving,Inactive,2025-10-23,240003.03
9826,AC00009826,18,2,Fixed Deposit,Active,2025-01-06,437295.69
9827,AC00009827,77,2,Savings,Active,2023-09-26,259857.21
9828,AC00009828,85,3,Fixed Deposit,Dormant,2024-10-22,220296.39
9829,AC00009829,40,3,saving,Active,2026-06-02,167899.76
9830,AC00009830,86,1,Current,Active,2022-09-22,478441.87
9831,AC00009831,5,4,Savings,Active,2023-10-15,226536.98
9832,AC00009832,33,1,saving,Closed,2023-01-11,212133.72
9833,AC00009833,100,3,Savings,Inactive,2022-10-15,390033.94
9834,AC00009834,1,4,Savings,Active,2026-07-02,266566.35
9835,AC00009835,71,1,Savings,Closed,2023-07-13,424235.72
9836,AC00009836,41,3,saving,Inactive,2023-04-16,424123.44
9837,AC00009837,64,2,Savings,Inactive,2023-09-23,248398.18
9838,AC00009838,15,2,Savings,Inactive,2026-01-15,229813.1
9839,AC00009839,36,2,Fixed Deposit,Closed,2024-01-13,229702.06
9840,AC00009840,55,1,Current,Closed,2023-03-11,127799.95
9841,AC00009841,62,2,Savings,Closed,2022-10-02,103736.6
9842,AC00009842,6,4,Savings,Closed,2025-04-25,240470.53
9843,AC00009843,33,3,saving,Active,2025-12-15,304057.43
9844,AC00009844,47,2,Current,active,2026-08-04,214226.55
9845,AC00009845,86,2,Fixed Deposit,Closed,2025-08-15,421421.1
9846,AC00009846,88,2,Savings,Closed,2023-08-07,117256.84
9847,AC00009847,97,4,saving,Dormant,2024-08-18,344846.15
9848,AC00009848,65,2,Fixed Deposit,active,2026-05-07,72943.98
9849,AC00009849,26,1,Fixed Deposit,active,2025-11-30,278875.83
9850,AC00009850,67,4,CURRENT,Dormant,2025-08-31,457513.99
9851,AC00009851,73,3,Fixed Deposit,Closed,2022-11-25,283005.77
9852,AC00009852,48,2,Fixed Deposit,active,2025-05-15,478126.38
9853,AC00009853,14,1,Current,Active,2024-03-25,214092.43
9854,AC00009854,80,3,Fixed Deposit,Closed,2024-01-25,447287.94
9855,AC00009855,51,1,saving,Closed,2024-07-08,393750.38
9856,AC00009856,61,3,saving,Dormant,2025-01-28,100586.49
9857,AC00009857,9,3,Savings,Active,2024-05-29,301008.04
9858,AC00009858,61,3,CURRENT,Closed,2024-07-11,198666.89
9859,AC00009859,39,2,Savings,Closed,2023-10-02,413403.45
9860,AC00009860,46,4,Fixed Deposit,Active,2026-03-13,111069.63
9861,AC00009861,57,1,saving,Inactive,2025-07-07,357441.52
9862,AC00009862,13,3,Savings,Inactive,2025-07-13,335919.98
9863,AC00009863,84,3,Current,Dormant,2025-11-15,441341.26
9864,AC00009864,84,2,Savings,Active,2022-11-13,275742.65
9865,AC00009865,25,1,CURRENT,Inactive,2024-01-01,493082.81
9866,AC00009866,64,4,CURRENT,Active,2024-06-23,232344.21
9867,AC00009867,1,1,Current,Active,2024-11-15,69733.95
9868,AC00009868,29,4,saving,Dormant,2025-10-29,335088.02
9869,AC00009869,77,4,saving,Active,2026-03-24,380624.79
9870,AC00009870,63,3,Savings,active,2026-04-21,404364.74
9871,AC00009871,39,1,Savings,active,2025-09-09,325230.79
9872,AC00009872,33,1,Current,Dormant,2025-02-05,113401.35
9873,AC00009873,49,3,CURRENT,Dormant,2023-10-31,99913.93
9874,AC00009874,41,2,CURRENT,Active,2022-11-07,80788.07
9875,AC00009875,5,1,saving,Closed,2023-06-02,232934.11
9876,AC00009876,19,4,Fixed Deposit,Dormant,2023-02-21,85327.47
9877,AC00009877,52,3,Fixed Deposit,Dormant,2022-10-27,496721.04
9878,AC00009878,19,4,CURRENT,Active,2023-07-26,41353.35
9879,AC00009879,20,3,Savings,active,2026-06-16,202695.34
9880,AC00009880,85,1,Savings,Closed,2023-03-06,417988.89
9881,AC00009881,4,2,saving,active,2023-09-16,214752.93
9882,AC00009882,97,3,Current,Inactive,2023-02-16,46458.19
9883,AC00009883,32,3,Savings,Inactive,2022-10-29,410331.22
9884,AC00009884,14,1,CURRENT,Dormant,2023-10-23,214611.27
9885,AC00009885,60,1,Current,Dormant,2026-04-11,307291.56
9886,AC00009886,49,3,Fixed Deposit,Active,2026-05-15,151049.78
9887,AC00009887,14,3,Current,Closed,2023-01-18,94475.93
9888,AC00009888,9,4,CURRENT,Closed,2022-11-10,440071.68
9889,AC00009889,13,3,Current,Dormant,2026-04-16,39337.11
9890,AC00009890,7,4,CURRENT,Inactive,2026-08-04,312047.04
9891,AC00009891,21,4,CURRENT,Closed,2024-11-27,132501.77
9892,AC00009892,37,4,Current,Active,2025-11-10,278551.56
9893,AC00009893,21,1,Savings,Inactive,2023-07-10,494144.5
9894,AC00009894,25,1,Savings,active,2024-05-10,188516.54
9895,AC00009895,13,3,CURRENT,active,2025-11-07,398679.73
9896,AC00009896,84,3,Fixed Deposit,Closed,2024-09-24,91635.85
9897,AC00009897,24,2,Fixed Deposit,Dormant,2025-09-21,495085.74
9898,AC00009898,6,4,Savings,active,2026-06-13,313284.58
9899,AC00009899,91,3,saving,Closed,2024-01-29,185997.6
9900,AC00009900,61,4,CURRENT,active,2024-10-31,36161.23
9901,AC00009901,88,1,Savings,active,2024-10-29,475138.79
9902,AC00009902,98,4,Fixed Deposit,Active,2025-07-23,411445.46
9903,AC00009903,72,3,Fixed Deposit,Inactive,2026-08-04,116380.99
9904,AC00009904,89,2,CURRENT,Dormant,2023-08-24,495687.48
9905,AC00009905,83,1,Fixed Deposit,Closed,2025-01-01,207496.09
9906,AC00009906,61,4,Savings,Dormant,2026-01-27,326471.36
9907,AC00009907,34,2,CURRENT,Closed,2025-03-14,143095.88
9908,AC00009908,51,3,Fixed Deposit,active,2026-03-31,205457.58
9909,AC00009909,32,2,Fixed Deposit,Inactive,2022-12-19,139541.47
9910,AC00009910,63,2,CURRENT,active,2024-05-20,304231.75
9911,AC00009911,5,4,saving,Inactive,2025-09-19,120514.62
9912,AC00009912,72,2,CURRENT,Inactive,2025-02-10,419464.94
9913,AC00009913,66,4,Fixed Deposit,Active,2024-07-15,444851.7
9914,AC00009914,46,1,Fixed Deposit,active,2025-02-24,91530.84
9915,AC00009915,38,3,Savings,Active,2024-12-05,484898.72
9916,AC00009916,71,4,Current,Closed,2026-01-30,336039.99
9917,AC00009917,87,2,Current,Active,2024-05-21,306951.99
9918,AC00009918,10,3,CURRENT,Inactive,2024-07-12,19262.65
9919,AC00009919,81,3,Current,Dormant,2023-10-25,474863.71
9920,AC00009920,32,3,Fixed Deposit,Closed,2022-12-21,499181.01
9921,AC00009921,10,2,Fixed Deposit,Closed,2025-11-16,439864.03
9922,AC00009922,56,2,Savings,active,2026-04-14,389186.03
9923,AC00009923,5,2,Current,Inactive,2025-09-15,363127.45
9924,AC00009924,98,4,Current,Inactive,2025-04-18,402767.74
9925,AC00009925,61,2,saving,Closed,2023-06-22,7239.82
9926,AC00009926,48,3,saving,Active,2024-05-28,286745.63
9927,AC00009927,53,1,CURRENT,active,2024-03-27,206519.38
9928,AC00009928,33,3,CURRENT,Inactive,2025-03-27,91371.82
9929,AC00009929,84,4,saving,Inactive,2023-05-15,57963.64
9930,AC00009930,55,3,saving,Inactive,2024-10-16,84142.26
9931,AC00009931,11,3,saving,Dormant,2026-02-16,319125.22
9932,AC00009932,80,3,Savings,Inactive,2025-08-20,360343.92
9933,AC00009933,64,4,CURRENT,Closed,2025-07-10,181344.95
9934,AC00009934,78,2,saving,Closed,2024-12-16,153497.95
9935,AC00009935,23,2,Savings,Closed,2025-10-21,450800.31
9936,AC00009936,3,2,Current,Active,2026-03-10,491138.45
9937,AC00009937,91,4,saving,Dormant,2024-07-01,193080.77
9938,AC00009938,91,1,Current,Closed,2025-04-09,448231.64
9939,AC00009939,12,3,Current,Dormant,2024-10-03,105517.68
9940,AC00009940,54,2,Savings,Inactive,2025-06-05,159623.85
9941,AC00009941,22,2,CURRENT,Dormant,2023-09-08,225570.23
9942,AC00009942,30,4,saving,Active,2023-09-23,167148.49
9943,AC00009943,79,2,saving,Active,2024-07-21,428023.35
9944,AC00009944,72,4,Fixed Deposit,Active,2024-12-07,318129.54
9945,AC00009945,82,3,CURRENT,active,2023-07-24,493747.92
9946,AC00009946,54,4,CURRENT,active,2025-05-22,284985.37
9947,AC00009947,79,4,saving,active,2024-07-11,63806.94
9948,AC00009948,9,3,Current,Dormant,2025-02-20,162974.48
9949,AC00009949,28,1,Savings,Closed,2025-12-30,66954.39
9950,AC00009950,8,4,saving,Closed,2025-12-11,165860.08
9951,AC00009951,72,3,saving,Dormant,2024-02-02,124555.69
9952,AC00009952,8,2,CURRENT,Active,2024-10-16,180405.25
9953,AC00009953,19,3,Fixed Deposit,active,2024-01-02,333433.53
9954,AC00009954,19,2,Savings,active,2024-10-18,150364.37
9955,AC00009955,43,3,saving,Inactive,2026-03-24,404119.26
9956,AC00009956,28,3,Savings,Active,2025-09-28,194012.57
9957,AC00009957,98,4,Fixed Deposit,active,2023-09-14,35909.21
9958,AC00009958,96,3,Fixed Deposit,Dormant,2024-11-08,226874.72
9959,AC00009959,76,1,Current,Closed,2023-09-10,286643.22
9960,AC00009960,88,2,CURRENT,Inactive,2025-08-22,5913.83
9961,AC00009961,28,4,CURRENT,Closed,2024-09-29,324749.32
9962,AC00009962,70,4,saving,Inactive,2024-10-22,214082.83
9963,AC00009963,53,2,Savings,active,2025-10-03,193255.69
9964,AC00009964,44,3,Fixed Deposit,Dormant,2024-05-17,242809.46
9965,AC00009965,82,2,Savings,Closed,2026-01-26,159285.89
9966,AC00009966,10,3,CURRENT,Closed,2024-12-14,58232.03
9967,AC00009967,98,3,Fixed Deposit,Active,2025-12-05,466561.85
9968,AC00009968,8,2,Fixed Deposit,Active,2024-03-11,260726.69
9969,AC00009969,66,3,CURRENT,Dormant,2023-06-29,101121.91
9970,AC00009970,17,4,CURRENT,Dormant,2024-02-27,93256.63
9971,AC00009971,35,2,Savings,Dormant,2024-04-16,151734.56
9972,AC00009972,81,3,Savings,active,2023-11-14,29472.13
9973,AC00009973,98,2,saving,Inactive,2025-09-30,204162.6
9974,AC00009974,83,1,Fixed Deposit,Inactive,2023-02-18,389347.07
9975,AC00009975,47,1,Savings,Closed,2025-08-18,46310.98
9976,AC00009976,23,4,Savings,Active,2025-07-02,394423.08
9977,AC00009977,60,3,CURRENT,Closed,2025-01-05,352271.29
9978,AC00009978,19,1,Current,Active,2025-02-04,338809.13
9979,AC00009979,17,1,Current,Closed,2024-08-31,486022.33
9980,AC00009980,44,2,Fixed Deposit,Dormant,2024-08-13,235279.29
9981,AC00009981,54,4,Fixed Deposit,Active,2023-09-02,236140.07
9982,AC00009982,17,1,Savings,Inactive,2024-08-09,95884.25
9983,AC00009983,36,3,CURRENT,active,2025-07-29,224172.07
9984,AC00009984,76,1,Savings,Active,2025-01-17,87715.37
9985,AC00009985,47,3,saving,Active,2024-02-27,493824.08
9986,AC00009986,35,1,Fixed Deposit,active,2024-01-30,168515.26
9987,AC00009987,3,1,Savings,active,2025-12-26,482713.18
9988,AC00009988,18,4,CURRENT,Active,2025-04-01,96136.68
9989,AC00009989,75,2,Fixed Deposit,Dormant,2024-04-14,482387.23
9990,AC00009990,23,2,saving,Inactive,2022-11-15,344885.23
9991,AC00009991,100,1,Fixed Deposit,Dormant,2025-01-04,70561.57
9992,AC00009992,23,1,Fixed Deposit,Inactive,2023-12-11,294876.39
9993,AC00009993,20,3,saving,Active,2023-10-05,145928.43
9994,AC00009994,88,2,Fixed Deposit,Closed,2025-12-06,373045.39
9995,AC00009995,62,4,Savings,Dormant,2025-04-25,104439.09
9996,AC00009996,84,1,Fixed Deposit,Inactive,2023-09-15,470431.75
9997,AC00009997,95,3,saving,Active,2023-12-09,283221.97
9998,AC00009998,62,3,CURRENT,active,2022-10-11,269121.91
9999,AC00009999,100,4,Current,Dormant,2025-03-09,133935.07
10000,AC00010000,39,1,Current,Closed,2024-10-24,323977.98
10001,AC00010001,21,1,CURRENT,active,2024-10-13,369311.6
10002,AC00010002,12,2,Savings,Dormant,2025-10-30,82679.12
10003,AC00010003,56,1,CURRENT,active,2023-11-16,346910.6
10004,AC00010004,90,1,Savings,Dormant,2023-06-11,400925.48
10005,AC00010005,88,3,Fixed Deposit,active,2026-06-16,215809.78
10006,AC00010006,40,2,saving,Active,2026-04-08,462969.71
10007,AC00010007,80,1,Current,Closed,2024-01-09,153620.24
10008,AC00010008,4,2,Current,Inactive,2023-05-14,362698.83
10009,AC00010009,82,2,Savings,Dormant,2023-06-01,81129.19
10010,AC00010010,65,2,CURRENT,Active,2022-11-22,155122.54
10011,AC00010011,6,3,Savings,Dormant,2023-07-05,445699.07
10012,AC00010012,66,4,CURRENT,Dormant,2026-06-28,362092.11
10013,AC00010013,17,2,Fixed Deposit,Closed,2024-10-23,283612.07
10014,AC00010014,64,1,Savings,Active,2023-08-20,323645.43
10015,AC00010015,9,3,Savings,active,2025-11-21,283858.73
10016,AC00010016,12,4,Current,active,2023-09-21,112096.33
10017,AC00010017,12,4,CURRENT,Active,2026-01-25,472311.22
10018,AC00010018,26,3,saving,active,2025-09-22,18075.35
10019,AC00010019,49,1,Current,Closed,2022-12-27,358852.99
10020,AC00010020,35,4,Current,Active,2025-05-26,384511.12
10021,AC00010021,89,3,saving,Dormant,2022-08-31,137014.57
10022,AC00010022,73,3,Current,Dormant,2025-10-06,188615.61
10023,AC00010023,39,4,Current,active,2023-08-30,58238.11
10024,AC00010024,75,4,Fixed Deposit,Closed,2026-02-22,76514.64
10025,AC00010025,52,1,saving,active,2026-01-30,439805.82
10026,AC00010026,58,1,Current,Active,2024-10-14,246976.12
10027,AC00010027,29,4,Fixed Deposit,Closed,2024-12-16,46537.96
10028,AC00010028,98,1,Current,Active,2024-09-23,118470.04
10029,AC00010029,55,4,Savings,active,2022-10-30,350069.76
10030,AC00010030,7,2,Current,Dormant,2026-03-17,197146.14
10031,AC00010031,99,4,CURRENT,Active,2024-05-25,260176.9
10032,AC00010032,83,4,saving,active,2023-07-04,306459.73
10033,AC00010033,61,4,Current,Inactive,2024-02-15,160334.93
10034,AC00010034,87,3,Fixed Deposit,Dormant,2023-07-16,498928.78
10035,AC00010035,27,3,Current,active,2026-04-28,55351.99
10036,AC00010036,15,3,Savings,active,2025-10-13,122766.14
10037,AC00010037,46,3,Savings,Inactive,2025-05-24,373677.95
10038,AC00010038,67,4,Current,Active,2026-04-24,421141.33
10039,AC00010039,20,1,saving,Inactive,2023-09-17,465030.73
10040,AC00010040,59,3,Current,Active,2024-06-27,130357.86
10041,AC00010041,64,4,CURRENT,Active,2025-01-10,271145.54
10042,AC00010042,46,4,Current,Closed,2025-01-09,53524.88
10043,AC00010043,95,3,Savings,Inactive,2022-12-22,313747.67
10044,AC00010044,22,3,saving,Active,2023-11-09,39966.05
10045,AC00010045,72,1,CURRENT,active,2023-12-10,115921.51
10046,AC00010046,69,1,CURRENT,Active,2026-02-03,304085.67
10047,AC00010047,49,3,saving,Active,2025-06-16,113572.19
10048,AC00010048,27,3,Current,Dormant,2024-06-16,486417.91
10049,AC00010049,45,4,Fixed Deposit,Inactive,2023-07-31,172848.93
10050,AC00010050,38,3,CURRENT,Dormant,2023-01-30,220671.0
10051,AC00010051,2,4,saving,Inactive,2026-05-21,136648.61
10052,AC00010052,37,3,Fixed Deposit,Closed,2024-01-05,61843.52
10053,AC00010053,3,3,saving,active,2023-03-23,470066.31
10054,AC00010054,13,2,saving,Closed,2022-11-05,474291.33
10055,AC00010055,76,3,saving,Closed,2024-09-20,183904.99
10056,AC00010056,55,3,CURRENT,Inactive,2025-03-23,493525.92
10057,AC00010057,85,3,saving,Active,2023-04-07,92711.29
10058,AC00010058,45,4,Savings,active,2025-04-10,279090.98
10059,AC00010059,44,4,CURRENT,active,2024-09-15,499574.73
10060,AC00010060,45,3,CURRENT,Active,2024-02-04,109567.57
10061,AC00010061,91,2,Current,Inactive,2024-05-05,99189.99
10062,AC00010062,89,2,Current,Inactive,2023-01-05,442494.32
10063,AC00010063,20,1,CURRENT,Inactive,2024-09-10,371664.27
10064,AC00010064,39,1,saving,Inactive,2023-09-23,442749.38
10065,AC00010065,76,3,Fixed Deposit,Active,2022-09-26,358281.52
10066,AC00010066,6,1,Savings,active,2024-08-29,153683.29
10067,AC00010067,90,1,saving,Inactive,2026-05-05,257620.6
10068,AC00010068,81,3,saving,Dormant,2024-11-23,74707.13
10069,AC00010069,54,2,saving,Inactive,2023-08-31,298091.03
10070,AC00010070,91,2,saving,Dormant,2024-02-13,456932.32
10071,AC00010071,29,2,Current,Active,2023-03-23,257606.62
10072,AC00010072,3,1,Savings,active,2025-12-23,179967.93
10073,AC00010073,11,1,Current,active,2025-01-11,253661.12
10074,AC00010074,18,2,Fixed Deposit,Dormant,2024-11-15,392408.48
10075,AC00010075,42,3,Current,Dormant,2024-10-22,180468.76
10076,AC00010076,37,4,Current,Inactive,2022-09-05,318216.89
10077,AC00010077,67,2,Savings,Closed,2023-10-15,287745.23
10078,AC00010078,90,1,Current,active,2026-06-11,23446.66
10079,AC00010079,19,1,Fixed Deposit,Active,2023-12-13,242371.96
10080,AC00010080,95,1,saving,Closed,2025-05-12,184553.3
10081,AC00010081,31,3,CURRENT,Closed,2025-11-11,54279.19
10082,AC00010082,52,2,Fixed Deposit,Inactive,2024-03-13,485751.04
10083,AC00010083,41,1,Fixed Deposit,Closed,2024-05-03,472938.69
10084,AC00010084,75,2,Savings,active,2024-11-30,108655.83
10085,AC00010085,27,2,Fixed Deposit,Active,2025-04-11,138737.3
10086,AC00010086,62,2,Savings,Dormant,2023-07-07,278849.93
10087,AC00010087,40,3,Fixed Deposit,Inactive,2024-07-17,39620.03
10088,AC00010088,5,1,Current,Dormant,2022-10-30,124012.74
10089,AC00010089,25,1,Current,Dormant,2025-10-21,437619.48
10090,AC00010090,22,4,saving,Dormant,2026-05-20,297128.84
10091,AC00010091,53,2,Savings,active,2024-04-08,24304.39
10092,AC00010092,44,4,Fixed Deposit,Dormant,2025-03-02,70301.07
10093,AC00010093,47,1,Savings,Closed,2025-02-11,346644.9
10094,AC00010094,61,4,Fixed Deposit,Inactive,2025-03-01,455998.74
10095,AC00010095,46,4,Fixed Deposit,Inactive,2024-01-17,2947.78
10096,AC00010096,4,2,Fixed Deposit,Active,2026-07-14,378429.44
10097,AC00010097,73,2,Savings,Closed,2024-09-25,7547.46
10098,AC00010098,92,4,Fixed Deposit,Inactive,2025-05-10,33206.93
10099,AC00010099,6,2,Current,Dormant,2022-11-01,120556.05
10100,AC00010100,33,1,Fixed Deposit,Dormant,2024-10-02,220344.98
10101,AC00010101,97,2,saving,Dormant,2024-03-31,15562.16
10102,AC00010102,73,2,Current,Dormant,2025-04-20,143541.1
10103,AC00010103,5,1,Current,Dormant,2026-07-07,23031.43
10104,AC00010104,76,2,CURRENT,Inactive,2024-07-13,432643.5
10105,AC00010105,65,2,saving,Inactive,2022-12-27,475705.05
10106,AC00010106,4,1,CURRENT,Inactive,2024-10-31,78349.76
10107,AC00010107,32,1,saving,Inactive,2023-09-29,369088.82
10108,AC00010108,68,1,CURRENT,Dormant,2025-07-10,83187.1
10109,AC00010109,27,3,saving,Active,2022-12-26,53294.88
10110,AC00010110,40,2,Current,Closed,2025-07-11,252927.07
10111,AC00010111,58,4,CURRENT,Inactive,2025-04-17,61986.04
10112,AC00010112,71,3,saving,Active,2025-02-03,114322.39
10113,AC00010113,50,4,Current,Active,2023-02-04,327033.55
10114,AC00010114,3,3,Current,Closed,2025-01-31,125545.45
10115,AC00010115,17,4,Current,Active,2026-01-15,53109.99
10116,AC00010116,83,4,Fixed Deposit,Active,2024-03-07,137997.44
10117,AC00010117,13,2,Savings,Inactive,2025-05-29,318136.96
10118,AC00010118,84,2,Current,Inactive,2025-10-03,41578.2
10119,AC00010119,36,1,Savings,active,2026-04-08,399223.58
10120,AC00010120,33,1,Current,Active,2025-10-25,165853.47
10121,AC00010121,33,3,Fixed Deposit,active,2026-05-23,277237.67
10122,AC00010122,90,2,Current,Dormant,2024-10-18,177859.19
10123,AC00010123,13,3,CURRENT,Active,2022-11-08,319615.96
10124,AC00010124,44,2,Savings,Active,2024-12-09,368869.91
10125,AC00010125,64,1,saving,Dormant,2026-04-15,197679.3
10126,AC00010126,71,1,Fixed Deposit,Closed,2024-02-14,262914.6
10127,AC00010127,21,4,CURRENT,active,2024-01-13,388126.43
10128,AC00010128,37,4,CURRENT,Closed,2023-06-06,472826.64
10129,AC00010129,58,1,CURRENT,Closed,2022-10-02,478319.3
10130,AC00010130,27,2,CURRENT,Dormant,2022-12-24,1985.83
10131,AC00010131,67,4,Fixed Deposit,Inactive,2023-09-17,66865.78
10132,AC00010132,8,2,saving,active,2026-03-21,74469.21
10133,AC00010133,43,3,Current,Inactive,2024-02-20,315811.47
10134,AC00010134,52,3,Fixed Deposit,Closed,2022-08-22,446797.86
10135,AC00010135,57,4,Fixed Deposit,Dormant,2025-12-11,286050.75
10136,AC00010136,28,2,saving,Active,2024-01-27,432921.71
10137,AC00010137,42,1,Savings,Inactive,2025-01-21,430002.38
10138,AC00010138,85,3,Current,Dormant,2023-11-18,364129.85
10139,AC00010139,84,1,CURRENT,Active,2023-11-16,387430.88
10140,AC00010140,45,2,Current,Active,2023-01-24,290079.62
10141,AC00010141,88,3,Current,Active,2025-01-20,412960.38
10142,AC00010142,32,4,Current,Inactive,2023-02-26,7516.85
10143,AC00010143,47,1,CURRENT,Active,2024-12-13,252663.18
10144,AC00010144,39,1,Current,Closed,2025-02-05,147391.95
10145,AC00010145,60,1,Fixed Deposit,Inactive,2023-07-15,484493.18
10146,AC00010146,78,4,CURRENT,Inactive,2026-06-26,363214.56
10147,AC00010147,40,4,Savings,Inactive,2023-09-03,1280.33
10148,AC00010148,8,4,Savings,Closed,2023-07-08,320899.14
10149,AC00010149,95,2,Savings,Active,2024-04-16,305439.23
10150,AC00010150,53,2,Fixed Deposit,active,2022-09-03,306291.72
10151,AC00010151,44,3,CURRENT,Closed,2024-05-25,112460.83
10152,AC00010152,93,2,CURRENT,Inactive,2024-11-05,469632.09
10153,AC00010153,83,3,Savings,Closed,2026-02-10,32618.73
10154,AC00010154,19,1,saving,active,2026-06-11,461354.74
10155,AC00010155,28,3,Current,Inactive,2024-01-19,248129.3
10156,AC00010156,72,3,saving,Active,2024-12-17,27614.38
10157,AC00010157,28,3,Fixed Deposit,active,2023-07-08,356932.34
10158,AC00010158,11,1,saving,Inactive,2022-11-18,421903.19
10159,AC00010159,63,3,Savings,Inactive,2024-07-18,407634.92
10160,AC00010160,86,3,Current,active,2024-10-10,389427.16
10161,AC00010161,87,4,Savings,Closed,2026-01-09,89889.96
10162,AC00010162,54,1,Fixed Deposit,Closed,2026-06-09,17251.4
10163,AC00010163,11,1,Fixed Deposit,Active,2024-09-19,453971.31
10164,AC00010164,43,4,Savings,Dormant,2023-09-28,305680.95
10165,AC00010165,3,3,CURRENT,Inactive,2023-06-01,91391.07
10166,AC00010166,71,2,Current,Inactive,2026-06-22,108068.99
10167,AC00010167,51,2,CURRENT,Inactive,2022-12-16,103379.56
10168,AC00010168,29,4,Savings,Dormant,2023-12-12,298832.55
10169,AC00010169,59,4,Fixed Deposit,Inactive,2025-07-02,153358.67
10170,AC00010170,76,2,saving,Inactive,2025-11-12,345776.09
10171,AC00010171,87,4,Current,Closed,2023-04-15,254637.16
10172,AC00010172,98,1,Savings,active,2024-01-15,403445.99
10173,AC00010173,99,2,Fixed Deposit,Dormant,2025-05-02,199073.2
10174,AC00010174,87,1,Current,Closed,2024-10-22,321149.7
10175,AC00010175,7,1,Savings,Active,2023-08-29,227639.06
10176,AC00010176,45,4,Current,Closed,2023-02-07,130313.86
10177,AC00010177,48,3,Current,Inactive,2023-09-27,176867.88
10178,AC00010178,45,1,CURRENT,Inactive,2023-05-09,183943.96
10179,AC00010179,6,1,CURRENT,Closed,2025-05-07,39169.04
10180,AC00010180,65,3,Fixed Deposit,Inactive,2024-04-21,155727.6
10181,AC00010181,97,4,Current,Closed,2025-05-23,176891.54
10182,AC00010182,77,3,CURRENT,active,2026-01-03,370129.35
10183,AC00010183,35,3,Current,active,2025-03-23,329909.4
10184,AC00010184,98,1,saving,Closed,2023-01-11,472184.91
10185,AC00010185,61,3,CURRENT,Active,2024-01-28,31089.82
10186,AC00010186,4,3,Savings,Active,2026-06-17,86005.11
10187,AC00010187,15,4,Savings,Active,2024-10-28,189045.22
10188,AC00010188,60,3,CURRENT,Closed,2024-01-06,176097.85
10189,AC00010189,86,3,saving,Active,2023-10-01,485802.88
10190,AC00010190,8,1,Savings,active,2026-02-04,339737.31
10191,AC00010191,28,4,Savings,Closed,2022-08-28,149405.69
10192,AC00010192,27,3,saving,Closed,2023-11-30,71067.15
10193,AC00010193,42,3,Savings,Inactive,2024-04-21,128798.27
10194,AC00010194,69,2,saving,Dormant,2026-02-28,105012.14
10195,AC00010195,58,3,saving,active,2026-05-31,325446.66
10196,AC00010196,29,4,Savings,Active,2024-09-01,222031.81
10197,AC00010197,33,3,saving,active,2022-09-06,334353.24
10198,AC00010198,80,2,Savings,Dormant,2022-09-25,334140.46
10199,AC00010199,29,1,saving,Inactive,2024-06-10,328534.88
10200,AC00010200,33,1,saving,active,2025-04-20,298226.78
10201,AC00010201,93,3,saving,Dormant,2026-05-28,403607.55
10202,AC00010202,61,2,Current,Dormant,2024-02-21,363444.77
10203,AC00010203,68,2,Current,active,2023-10-22,425128.91
10204,AC00010204,44,4,Current,Active,2023-01-21,191505.26
10205,AC00010205,34,1,CURRENT,Inactive,2025-11-30,165128.03
10206,AC00010206,86,1,CURRENT,Closed,2026-06-30,32205.1
10207,AC00010207,98,1,Fixed Deposit,Dormant,2025-06-02,7938.54
10208,AC00010208,84,2,Current,Dormant,2024-12-25,146195.38
10209,AC00010209,71,1,Savings,Closed,2024-11-04,313330.1
10210,AC00010210,57,2,Fixed Deposit,Closed,2025-09-05,140758.68
10211,AC00010211,3,1,saving,Inactive,2024-05-02,13323.83
10212,AC00010212,5,3,saving,Closed,2023-03-14,217106.54
10213,AC00010213,29,4,Current,Dormant,2025-07-03,76673.11
10214,AC00010214,9,4,CURRENT,Active,2025-06-22,72045.95
10215,AC00010215,53,4,Current,Inactive,2022-08-24,190880.52
10216,AC00010216,58,3,Current,Inactive,2024-11-28,239819.38
10217,AC00010217,36,1,Current,Dormant,2026-05-19,98460.9
10218,AC00010218,22,4,Fixed Deposit,Dormant,2023-12-05,261710.36
10219,AC00010219,27,2,Current,Dormant,2024-05-07,437859.01
10220,AC00010220,49,4,Current,Active,2025-01-04,125385.62
10221,AC00010221,37,2,saving,Closed,2024-05-01,132010.56
10222,AC00010222,36,2,Current,active,2022-10-26,166525.82
10223,AC00010223,76,1,saving,Closed,2025-03-01,70348.62
10224,AC00010224,37,3,CURRENT,Inactive,2025-09-07,419158.62
10225,AC00010225,75,2,CURRENT,Dormant,2025-01-05,407716.46
10226,AC00010226,72,1,Current,active,2023-12-10,299059.22
10227,AC00010227,63,2,CURRENT,Inactive,2023-01-15,385123.83
10228,AC00010228,12,4,CURRENT,active,2023-03-22,120541.54
10229,AC00010229,41,3,CURRENT,Active,2025-11-14,328645.46
10230,AC00010230,1,3,CURRENT,Closed,2023-02-19,40807.1
10231,AC00010231,38,4,Savings,Dormant,2026-01-22,458526.0
10232,AC00010232,41,1,Current,Closed,2024-10-12,298696.16
10233,AC00010233,93,2,Fixed Deposit,Closed,2024-10-02,170263.98
10234,AC00010234,29,4,Current,active,2023-03-10,410926.32
10235,AC00010235,19,2,Fixed Deposit,Inactive,2023-08-23,133684.58
10236,AC00010236,17,1,Fixed Deposit,Active,2024-08-25,177173.18
10237,AC00010237,18,4,Fixed Deposit,active,2024-10-19,213624.14
10238,AC00010238,7,4,Savings,Closed,2023-05-11,393558.02
10239,AC00010239,27,1,CURRENT,active,2024-08-09,74565.14
10240,AC00010240,46,1,Savings,Inactive,2023-12-03,450192.82
10241,AC00010241,34,4,Fixed Deposit,Inactive,2025-01-27,154690.81
10242,AC00010242,79,2,saving,active,2025-08-30,10516.99
10243,AC00010243,20,1,Current,Active,2023-01-08,32343.17
10244,AC00010244,26,3,Current,Inactive,2024-09-14,101451.48
10245,AC00010245,93,3,CURRENT,active,2026-05-25,444567.99
10246,AC00010246,19,4,Current,Closed,2025-11-08,409902.38
10247,AC00010247,99,2,CURRENT,Closed,2026-04-27,241530.5
10248,AC00010248,9,1,CURRENT,Closed,2023-12-04,358341.57
10249,AC00010249,4,1,Savings,Inactive,2026-07-25,144695.81
10250,AC00010250,26,4,Fixed Deposit,Dormant,2023-01-15,12536.78
10251,AC00010251,22,4,Current,active,2025-11-12,335110.71
10252,AC00010252,79,4,Current,Active,2025-01-30,70299.16
10253,AC00010253,35,3,Fixed Deposit,Active,2026-05-19,484327.32
10254,AC00010254,39,4,Current,Active,2024-05-27,369756.83
10255,AC00010255,71,2,Savings,Dormant,2023-07-22,64308.08
10256,AC00010256,81,1,Savings,active,2023-11-20,349886.82
10257,AC00010257,29,1,saving,Active,2024-07-25,372046.64
10258,AC00010258,37,2,Current,Closed,2023-04-15,404712.19
10259,AC00010259,81,3,saving,Active,2025-10-12,95188.28
10260,AC00010260,80,2,Current,Closed,2022-12-27,243831.05
10261,AC00010261,42,4,CURRENT,Closed,2025-05-20,202541.97
10262,AC00010262,95,4,CURRENT,active,2023-11-14,52021.97
10263,AC00010263,18,3,CURRENT,active,2024-05-07,223197.0
10264,AC00010264,92,1,saving,Inactive,2025-07-23,310495.88
10265,AC00010265,96,1,saving,active,2026-06-30,436369.02
10266,AC00010266,23,2,Current,Inactive,2026-05-27,11373.68
10267,AC00010267,82,1,Fixed Deposit,Closed,2022-10-23,379665.82
10268,AC00010268,7,4,CURRENT,Dormant,2026-02-21,400093.1
10269,AC00010269,71,1,Fixed Deposit,active,2023-03-02,164865.17
10270,AC00010270,43,4,Savings,Dormant,2022-11-17,33133.76
10271,AC00010271,68,4,Savings,Dormant,2025-01-26,290856.17
10272,AC00010272,53,1,CURRENT,Active,2023-06-02,60159.8
10273,AC00010273,61,1,CURRENT,Dormant,2024-02-10,368181.4
10274,AC00010274,79,1,Savings,Inactive,2024-12-19,303847.23
10275,AC00010275,52,1,Current,Inactive,2022-11-10,476267.89
10276,AC00010276,12,1,Current,Closed,2024-10-02,79373.01
10277,AC00010277,74,1,Savings,Inactive,2025-01-28,215882.76
10278,AC00010278,46,2,Savings,Inactive,2026-07-11,435173.22
10279,AC00010279,59,2,CURRENT,Active,2024-03-01,29305.01
10280,AC00010280,8,2,Savings,Closed,2024-09-25,475210.49
10281,AC00010281,15,1,saving,Closed,2023-08-02,135699.18
10282,AC00010282,38,1,Current,Inactive,2026-06-24,388895.19
10283,AC00010283,37,4,Current,active,2023-11-11,299687.07
10284,AC00010284,58,1,Current,Active,2025-02-04,69015.86
10285,AC00010285,71,1,Savings,Closed,2022-10-10,239793.16
10286,AC00010286,87,4,Savings,Active,2026-05-25,493844.92
10287,AC00010287,39,3,CURRENT,active,2023-08-07,332733.82
10288,AC00010288,66,4,saving,Inactive,2023-07-07,224646.35
10289,AC00010289,57,2,CURRENT,Dormant,2024-02-10,138886.78
10290,AC00010290,66,1,CURRENT,Active,2024-05-10,478232.72
10291,AC00010291,15,1,Current,Dormant,2022-10-11,452233.98
10292,AC00010292,51,3,Fixed Deposit,Active,2024-10-06,167260.44
10293,AC00010293,39,1,Savings,Active,2025-09-13,298736.02
10294,AC00010294,36,4,Fixed Deposit,Dormant,2023-04-11,195716.31
10295,AC00010295,3,2,Fixed Deposit,Inactive,2026-02-19,426141.49
10296,AC00010296,42,2,CURRENT,Dormant,2023-03-06,128626.41
10297,AC00010297,15,4,saving,Closed,2023-08-04,453877.95
10298,AC00010298,42,2,saving,Closed,2024-03-02,313511.25
10299,AC00010299,63,3,CURRENT,active,2025-12-26,134593.03
10300,AC00010300,59,3,Savings,Dormant,2023-11-20,338347.36
10301,AC00010301,1,3,Current,Inactive,2024-11-24,354949.32
10302,AC00010302,9,4,Fixed Deposit,Inactive,2025-12-01,88420.0
10303,AC00010303,28,4,Savings,Closed,2022-12-09,89915.41
10304,AC00010304,46,3,Fixed Deposit,Active,2024-03-29,23504.64
10305,AC00010305,77,4,CURRENT,Active,2025-03-31,101509.49
10306,AC00010306,42,2,Savings,Inactive,2024-02-14,416957.04
10307,AC00010307,62,1,saving,Inactive,2025-08-05,173787.69
10308,AC00010308,66,1,Current,Dormant,2025-03-11,422052.22
10309,AC00010309,51,3,Current,active,2023-04-27,136188.98
10310,AC00010310,32,4,Current,Closed,2025-06-29,114666.86
10311,AC00010311,70,4,saving,Active,2024-05-29,71831.1
10312,AC00010312,70,4,Savings,Closed,2024-09-19,105467.77
10313,AC00010313,37,2,saving,Closed,2026-05-30,464301.58
10314,AC00010314,100,1,saving,Active,2024-05-12,155933.65
10315,AC00010315,67,4,CURRENT,Inactive,2024-03-10,404455.75
10316,AC00010316,82,2,saving,Active,2023-01-03,74988.22
10317,AC00010317,76,1,saving,Active,2025-07-22,265671.37
10318,AC00010318,9,4,CURRENT,Active,2025-12-30,204496.24
10319,AC00010319,71,4,saving,Closed,2026-06-11,115428.7
10320,AC00010320,63,3,Fixed Deposit,Inactive,2024-09-26,268257.64
10321,AC00010321,98,1,Fixed Deposit,Inactive,2026-07-29,343907.32
10322,AC00010322,29,1,Fixed Deposit,active,2024-03-02,424840.52
10323,AC00010323,3,3,Savings,Dormant,2025-04-14,29022.8
10324,AC00010324,63,1,Fixed Deposit,Dormant,2023-01-14,453216.84
10325,AC00010325,25,2,CURRENT,active,2025-03-15,497115.44
10326,AC00010326,58,1,saving,Closed,2022-08-30,45095.82
10327,AC00010327,54,3,Savings,Active,2026-01-24,282116.37
10328,AC00010328,53,1,CURRENT,Active,2023-09-19,81166.38
10329,AC00010329,62,3,Savings,active,2024-07-13,62939.21
10330,AC00010330,99,2,Fixed Deposit,Dormant,2025-02-14,431058.03
10331,AC00010331,51,2,CURRENT,Dormant,2026-03-10,39592.99
10332,AC00010332,71,1,Current,Dormant,2023-05-28,269076.38
10333,AC00010333,22,4,CURRENT,Dormant,2026-07-16,449526.05
10334,AC00010334,49,2,Savings,Inactive,2025-05-16,166136.97
10335,AC00010335,62,4,Savings,Dormant,2022-12-17,227515.74
10336,AC00010336,29,4,Fixed Deposit,Active,2024-12-25,177711.75
10337,AC00010337,41,1,CURRENT,Closed,2025-08-19,24719.35
10338,AC00010338,77,2,CURRENT,Active,2023-12-29,8981.89
10339,AC00010339,3,3,CURRENT,Active,2024-06-26,411822.26
10340,AC00010340,10,2,Current,active,2025-06-14,6904.39
10341,AC00010341,48,4,CURRENT,Inactive,2025-05-07,192268.88
10342,AC00010342,9,2,Current,Dormant,2024-04-08,173502.0
10343,AC00010343,98,2,saving,Inactive,2025-11-08,396853.12
10344,AC00010344,35,1,Savings,Inactive,2025-08-15,399180.38
10345,AC00010345,2,3,Savings,Active,2024-07-21,447093.01
10346,AC00010346,82,2,saving,Active,2024-10-17,83606.51
10347,AC00010347,20,4,CURRENT,active,2024-10-12,279968.9
10348,AC00010348,93,1,Savings,Closed,2024-02-29,391989.45
10349,AC00010349,87,1,CURRENT,Inactive,2023-04-05,493573.53
10350,AC00010350,47,3,Current,active,2022-11-03,398883.54
10351,AC00010351,63,4,CURRENT,Inactive,2024-01-31,5816.0
10352,AC00010352,33,4,Fixed Deposit,Active,2023-06-28,182314.02
10353,AC00010353,69,1,Savings,Inactive,2022-12-26,122515.39
10354,AC00010354,5,3,Savings,Active,2025-10-17,240881.67
10355,AC00010355,55,4,Savings,Active,2023-10-01,491485.71
10356,AC00010356,62,4,Fixed Deposit,Inactive,2026-04-20,34320.16
10357,AC00010357,87,1,CURRENT,active,2023-08-14,491961.87
10358,AC00010358,44,4,Fixed Deposit,Closed,2022-09-22,403517.76
10359,AC00010359,43,4,saving,Active,2022-12-11,194981.29
10360,AC00010360,52,4,saving,active,2024-08-08,227086.86
10361,AC00010361,96,2,Current,Active,2024-02-17,450227.16
10362,AC00010362,33,3,Savings,Dormant,2025-12-07,297059.86
10363,AC00010363,43,1,Savings,Active,2023-03-16,163884.43
10364,AC00010364,85,2,CURRENT,Inactive,2022-12-07,33954.19
10365,AC00010365,45,3,saving,Dormant,2025-02-21,421263.09
10366,AC00010366,56,2,saving,Inactive,2026-02-03,209660.58
10367,AC00010367,92,2,Savings,Dormant,2022-12-13,428588.47
10368,AC00010368,34,1,Fixed Deposit,Inactive,2023-04-07,168795.95
10369,AC00010369,20,3,Current,Active,2024-07-12,353908.91
10370,AC00010370,52,4,Current,Inactive,2023-04-08,209980.62
10371,AC00010371,58,3,CURRENT,Dormant,2023-08-04,206703.41
10372,AC00010372,36,2,saving,Active,2025-10-29,176082.7
10373,AC00010373,38,4,Savings,Dormant,2022-11-21,96113.24
10374,AC00010374,53,1,Current,active,2025-02-20,376676.07
10375,AC00010375,29,4,Fixed Deposit,Closed,2023-08-15,8757.85
10376,AC00010376,95,4,saving,Dormant,2025-04-03,44723.22
10377,AC00010377,21,4,Current,Dormant,2024-08-13,354834.9
10378,AC00010378,41,3,Current,Active,2022-12-13,111629.44
10379,AC00010379,8,2,CURRENT,Active,2022-12-09,91722.88
10380,AC00010380,33,1,Savings,Inactive,2026-08-01,236843.3
10381,AC00010381,47,1,saving,Dormant,2022-09-11,88628.53
10382,AC00010382,34,3,Savings,Inactive,2022-12-22,425530.4
10383,AC00010383,63,3,Current,Dormant,2022-10-13,447923.04
10384,AC00010384,52,4,Savings,Dormant,2023-09-18,302397.43
10385,AC00010385,21,3,saving,Inactive,2022-10-10,193810.65
10386,AC00010386,85,2,CURRENT,Closed,2023-02-28,136984.27
10387,AC00010387,62,2,saving,Active,2024-01-23,28270.04
10388,AC00010388,75,4,CURRENT,Closed,2022-09-03,201355.53
10389,AC00010389,19,3,CURRENT,Inactive,2022-10-28,151833.64
10390,AC00010390,38,3,Savings,Active,2023-05-27,72251.03
10391,AC00010391,75,4,Savings,Active,2026-08-04,395615.07
10392,AC00010392,51,3,CURRENT,Dormant,2025-06-19,70394.21
10393,AC00010393,13,2,Current,Closed,2025-03-28,148731.74
10394,AC00010394,41,4,Current,active,2024-10-21,93910.37
10395,AC00010395,56,1,CURRENT,Dormant,2025-04-02,24995.0
10396,AC00010396,39,1,saving,Active,2023-11-28,456576.71
10397,AC00010397,14,1,Current,Dormant,2024-09-10,498420.59
10398,AC00010398,58,1,Current,active,2026-06-05,395186.02
10399,AC00010399,55,4,Savings,Dormant,2024-11-03,137093.65
10400,AC00010400,75,4,Fixed Deposit,Dormant,2024-08-01,370686.16
10401,AC00010401,42,3,Current,Dormant,2024-05-10,265259.72
10402,AC00010402,80,4,Fixed Deposit,Active,2026-04-11,410382.48
10403,AC00010403,21,1,saving,active,2024-04-24,190826.31
10404,AC00010404,42,3,saving,Inactive,2022-11-10,436090.64
10405,AC00010405,38,2,Fixed Deposit,Active,2024-08-23,17863.44
10406,AC00010406,61,3,Fixed Deposit,active,2023-03-03,232934.83
10407,AC00010407,34,3,saving,Inactive,2024-02-11,226831.11
10408,AC00010408,47,1,CURRENT,Closed,2026-03-20,39841.97
10409,AC00010409,22,4,Current,Active,2024-06-11,329916.5
10410,AC00010410,18,2,Fixed Deposit,Active,2025-07-11,318562.38
10411,AC00010411,49,1,Savings,Active,2026-01-26,409905.22
10412,AC00010412,46,2,Savings,Closed,2023-12-09,109343.45
10413,AC00010413,56,2,saving,active,2023-03-23,420804.11
10414,AC00010414,89,2,Savings,active,2023-09-06,407692.86
10415,AC00010415,38,3,Current,Inactive,2023-03-27,391874.67
10416,AC00010416,49,3,Current,Dormant,2026-06-16,27998.68
10417,AC00010417,55,2,Savings,Closed,2026-02-16,361147.84
10418,AC00010418,33,3,Savings,Closed,2025-02-12,425527.72
10419,AC00010419,5,4,CURRENT,Dormant,2023-03-04,4311.4
10420,AC00010420,43,1,saving,Closed,2023-06-24,147941.52
10421,AC00010421,64,1,saving,active,2026-04-12,199441.19
10422,AC00010422,72,4,Current,Dormant,2026-05-25,470450.49
10423,AC00010423,57,3,Current,Active,2024-01-15,340669.32
10424,AC00010424,36,1,Fixed Deposit,Active,2023-05-03,49439.81
10425,AC00010425,45,2,Savings,Active,2024-02-05,52827.45
10426,AC00010426,7,1,Current,Closed,2023-11-26,165708.97
10427,AC00010427,48,3,Savings,Closed,2026-07-05,238396.85
10428,AC00010428,6,3,Fixed Deposit,Closed,2024-12-20,45150.14
10429,AC00010429,17,3,Savings,Closed,2023-01-20,408546.55
10430,AC00010430,54,4,Current,active,2024-10-12,164819.21
10431,AC00010431,100,2,CURRENT,active,2023-12-19,152570.52
10432,AC00010432,46,1,saving,Inactive,2025-07-01,382210.62
10433,AC00010433,58,4,saving,active,2023-08-17,34241.51
10434,AC00010434,100,1,saving,Dormant,2024-06-06,422698.68
10435,AC00010435,34,3,CURRENT,Closed,2022-11-08,16493.61
10436,AC00010436,92,2,Current,Active,2026-05-23,152848.73
10437,AC00010437,71,2,Savings,active,2023-06-24,476176.26
10438,AC00010438,29,1,Fixed Deposit,Active,2025-11-22,319108.76
10439,AC00010439,92,3,CURRENT,active,2025-11-13,210500.76
10440,AC00010440,87,1,CURRENT,Active,2024-07-12,118533.43
10441,AC00010441,42,4,Current,Closed,2023-08-23,314375.3
10442,AC00010442,24,4,CURRENT,Closed,2025-10-27,431348.34
10443,AC00010443,90,4,CURRENT,Inactive,2024-01-20,265226.06
10444,AC00010444,26,3,CURRENT,active,2023-01-30,183852.88
10445,AC00010445,73,4,Current,Closed,2025-11-03,7903.52
10446,AC00010446,84,2,saving,Active,2025-10-22,222993.47
10447,AC00010447,52,1,saving,active,2025-07-28,221100.44
10448,AC00010448,15,1,saving,Dormant,2024-04-08,80264.62
10449,AC00010449,22,3,saving,Active,2024-01-01,53087.1
10450,AC00010450,92,2,saving,Active,2024-11-13,268862.16
10451,AC00010451,75,1,Fixed Deposit,active,2026-05-04,69502.55
10452,AC00010452,47,3,Savings,Inactive,2026-02-17,35033.02
10453,AC00010453,69,4,Savings,Inactive,2023-12-11,53353.02
10454,AC00010454,58,2,Savings,Inactive,2022-10-16,181634.3
10455,AC00010455,47,1,Current,active,2025-07-13,493653.77
10456,AC00010456,98,1,saving,Inactive,2023-06-04,270118.61
10457,AC00010457,45,2,Current,Inactive,2026-02-05,40169.72
10458,AC00010458,95,4,Current,Active,2026-06-13,183158.32
10459,AC00010459,38,3,CURRENT,Active,2023-07-23,56099.06
10460,AC00010460,71,4,Fixed Deposit,Inactive,2023-05-20,159500.2
10461,AC00010461,48,3,Fixed Deposit,Closed,2022-10-16,475525.46
10462,AC00010462,19,1,CURRENT,Dormant,2023-11-08,364487.0
10463,AC00010463,23,2,saving,active,2026-06-13,441920.03
10464,AC00010464,91,1,CURRENT,Inactive,2024-11-13,332926.62
10465,AC00010465,10,1,Current,Inactive,2023-06-30,305849.72
10466,AC00010466,3,3,saving,Dormant,2026-02-03,437995.7
10467,AC00010467,8,1,saving,active,2024-07-08,8647.73
10468,AC00010468,3,3,Current,Active,2025-06-04,228486.8
10469,AC00010469,48,3,Fixed Deposit,Inactive,2026-05-30,65868.39
10470,AC00010470,24,4,saving,Closed,2024-12-23,460384.67
10471,AC00010471,58,4,Fixed Deposit,Inactive,2024-09-06,133783.25
10472,AC00010472,24,4,Savings,Active,2024-10-02,497516.44
10473,AC00010473,78,1,Savings,Inactive,2023-08-08,262421.55
10474,AC00010474,54,1,CURRENT,active,2022-11-25,420004.22
10475,AC00010475,47,4,Savings,Active,2022-10-01,430555.73
10476,AC00010476,97,4,Fixed Deposit,Dormant,2025-07-07,444349.47
10477,AC00010477,14,2,Savings,Closed,2026-04-30,287689.03
10478,AC00010478,35,1,CURRENT,Inactive,2025-03-03,17991.93
10479,AC00010479,100,2,Current,Active,2022-09-03,258895.54
10480,AC00010480,34,3,saving,Active,2025-03-10,23227.88
10481,AC00010481,41,3,CURRENT,active,2025-12-07,136965.88
10482,AC00010482,2,1,Savings,active,2026-07-25,461741.68
10483,AC00010483,57,3,Fixed Deposit,Closed,2024-07-01,275591.85
10484,AC00010484,65,1,CURRENT,Dormant,2023-09-22,436433.0
10485,AC00010485,99,4,Fixed Deposit,Inactive,2025-10-06,332089.44
10486,AC00010486,1,2,Savings,Dormant,2022-11-28,71022.07
10487,AC00010487,94,4,Current,Active,2026-07-15,484313.75
10488,AC00010488,75,3,CURRENT,Dormant,2026-06-14,467660.37
10489,AC00010489,78,1,saving,Dormant,2024-06-17,445503.99
10490,AC00010490,80,3,saving,Active,2026-06-02,369447.8
10491,AC00010491,55,4,Fixed Deposit,Closed,2023-11-21,198744.1
10492,AC00010492,45,4,CURRENT,Dormant,2025-02-25,8803.67
10493,AC00010493,97,3,CURRENT,active,2025-11-02,259011.86
10494,AC00010494,16,2,Savings,Closed,2024-06-22,16066.6
10495,AC00010495,72,3,Current,active,2022-12-01,316397.98
10496,AC00010496,50,4,Current,Closed,2026-02-15,284570.82
10497,AC00010497,94,1,Current,Dormant,2024-11-02,238615.49
10498,AC00010498,67,1,Savings,Inactive,2024-06-29,363152.95
10499,AC00010499,49,3,saving,Active,2025-05-20,167859.71
10500,AC00010500,23,3,Savings,Dormant,2026-04-13,64626.21
10501,AC00010501,57,1,CURRENT,Dormant,2026-05-17,491988.73
10502,AC00010502,12,1,Savings,Closed,2022-12-31,492430.37
10503,AC00010503,29,3,Savings,Active,2025-11-15,383322.54
10504,AC00010504,76,3,Current,Dormant,2023-03-05,291609.77
10505,AC00010505,79,3,Fixed Deposit,Inactive,2024-07-15,363752.03
10506,AC00010506,60,3,saving,Closed,2025-12-21,273606.53
10507,AC00010507,57,2,Current,Closed,2023-10-07,224518.53
10508,AC00010508,71,3,Current,Dormant,2023-01-14,348225.2
10509,AC00010509,84,3,Current,Closed,2025-07-01,145007.58
10510,AC00010510,51,2,Current,Dormant,2022-10-21,192689.99
10511,AC00010511,82,3,Fixed Deposit,Inactive,2023-01-18,124791.87
10512,AC00010512,18,1,saving,Active,2023-05-30,496968.1
10513,AC00010513,81,2,Current,Inactive,2024-03-30,46780.19
10514,AC00010514,9,4,Fixed Deposit,Inactive,2026-07-18,495320.0
10515,AC00010515,85,1,Fixed Deposit,Active,2022-09-06,169939.5
10516,AC00010516,36,3,Current,Dormant,2023-04-22,59284.15
10517,AC00010517,100,3,Current,Inactive,2025-06-22,221469.22
10518,AC00010518,23,1,Current,Closed,2023-09-17,375667.56
10519,AC00010519,84,3,Fixed Deposit,active,2024-07-17,384176.26
10520,AC00010520,74,4,Savings,Closed,2026-03-05,459159.63
10521,AC00010521,50,3,Fixed Deposit,Dormant,2024-08-23,376473.66
10522,AC00010522,58,1,CURRENT,Active,2024-05-14,183087.47
10523,AC00010523,18,3,saving,Inactive,2023-08-27,301739.87
10524,AC00010524,5,4,CURRENT,Dormant,2023-01-31,133027.73
10525,AC00010525,92,4,Savings,Dormant,2026-07-05,265493.88
10526,AC00010526,66,3,Savings,Inactive,2023-09-05,217839.48
10527,AC00010527,33,1,saving,active,2022-09-21,147704.26
10528,AC00010528,23,2,Savings,Active,2023-09-20,397874.76
10529,AC00010529,31,1,saving,Inactive,2023-09-02,336912.07
10530,AC00010530,69,3,Current,Active,2022-12-04,477360.11
10531,AC00010531,7,4,saving,Active,2024-11-16,447348.0
10532,AC00010532,1,2,Savings,active,2025-08-30,136993.05
10533,AC00010533,89,4,saving,active,2024-02-27,197102.93
10534,AC00010534,38,4,Current,Dormant,2023-06-10,340266.9
10535,AC00010535,67,4,saving,Active,2026-04-21,430925.16
10536,AC00010536,44,1,saving,Inactive,2022-09-11,54803.21
10537,AC00010537,7,4,Fixed Deposit,active,2024-03-25,44175.29
10538,AC00010538,28,3,saving,Active,2022-12-22,101268.62
10539,AC00010539,97,4,Current,active,2024-02-08,4335.01
10540,AC00010540,77,4,CURRENT,Inactive,2026-05-22,20567.37
10541,AC00010541,61,3,CURRENT,Closed,2024-08-07,220580.83
10542,AC00010542,39,1,CURRENT,active,2023-01-06,69950.39
10543,AC00010543,21,1,Current,Dormant,2026-02-17,386173.43
10544,AC00010544,49,1,Fixed Deposit,active,2023-03-14,369137.1
10545,AC00010545,96,3,Savings,Active,2026-06-24,79510.35
10546,AC00010546,56,4,Savings,Closed,2026-06-21,305076.59
10547,AC00010547,37,2,CURRENT,Active,2025-10-02,361862.71
10548,AC00010548,29,2,Current,Closed,2026-05-30,101449.86
10549,AC00010549,78,2,saving,Closed,2024-01-29,489395.74
10550,AC00010550,99,2,Fixed Deposit,Active,2022-11-11,133114.38
10551,AC00010551,72,2,Current,active,2025-04-15,355840.13
10552,AC00010552,7,3,saving,Closed,2024-10-27,375473.23
10553,AC00010553,59,4,saving,Active,2026-03-26,348373.03
10554,AC00010554,84,4,saving,active,2024-04-10,394187.89
10555,AC00010555,92,2,Current,Closed,2024-11-27,428939.92
10556,AC00010556,60,2,saving,Dormant,2025-12-11,499852.56
10557,AC00010557,20,1,Current,Dormant,2024-09-17,261558.43
10558,AC00010558,31,1,saving,Dormant,2025-08-22,285784.49
10559,AC00010559,54,1,Current,active,2024-06-04,293847.46
10560,AC00010560,55,1,saving,Closed,2022-10-12,125549.5
10561,AC00010561,77,1,saving,Active,2024-02-05,306394.13
10562,AC00010562,93,3,saving,active,2025-07-08,44654.57
10563,AC00010563,71,3,saving,active,2024-12-03,378379.27
10564,AC00010564,22,1,Current,Closed,2025-08-26,255215.83
10565,AC00010565,15,2,CURRENT,Inactive,2024-10-17,142813.18
10566,AC00010566,24,1,Current,active,2025-08-04,138440.24
10567,AC00010567,29,4,CURRENT,Inactive,2023-09-10,27151.64
10568,AC00010568,15,4,Savings,Inactive,2023-05-24,433909.29
10569,AC00010569,26,1,saving,active,2025-02-22,14441.45
10570,AC00010570,42,3,Savings,active,2024-08-11,147217.25
10571,AC00010571,88,1,Savings,active,2023-02-07,453095.65
10572,AC00010572,95,2,saving,Closed,2023-11-07,436273.75
10573,AC00010573,51,4,Fixed Deposit,Dormant,2023-01-04,363576.78
10574,AC00010574,70,3,CURRENT,Active,2025-11-14,473120.01
10575,AC00010575,25,3,Fixed Deposit,Active,2024-05-03,401210.13
10576,AC00010576,60,2,saving,active,2024-06-01,49779.1
10577,AC00010577,48,1,CURRENT,Closed,2026-05-12,111705.39
10578,AC00010578,56,1,saving,Inactive,2024-03-22,192584.83
10579,AC00010579,91,4,Current,active,2022-09-12,353451.2
10580,AC00010580,99,2,Current,Inactive,2023-10-11,315319.18
10581,AC00010581,71,1,CURRENT,Active,2025-03-21,25414.58
10582,AC00010582,95,1,Current,Active,2024-02-15,394409.37
10583,AC00010583,86,3,CURRENT,active,2023-07-26,432432.7
10584,AC00010584,48,3,Savings,active,2023-02-18,65625.26
10585,AC00010585,99,2,Fixed Deposit,Active,2025-06-12,365191.86
10586,AC00010586,67,2,Current,Inactive,2023-01-02,242083.27
10587,AC00010587,74,1,Fixed Deposit,active,2023-02-06,406011.33
10588,AC00010588,26,1,saving,Inactive,2022-10-28,293642.45
10589,AC00010589,68,1,CURRENT,Closed,2022-12-24,456239.02
10590,AC00010590,98,1,CURRENT,Inactive,2026-02-05,9299.52
10591,AC00010591,42,1,Savings,Dormant,2024-11-21,167285.32
10592,AC00010592,52,4,Savings,Active,2023-08-25,451602.66
10593,AC00010593,32,2,Savings,Closed,2024-01-19,472271.52
10594,AC00010594,52,3,CURRENT,Inactive,2022-10-12,255658.29
10595,AC00010595,75,1,CURRENT,Dormant,2026-07-10,498969.51
10596,AC00010596,50,2,CURRENT,active,2025-03-19,47935.06
10597,AC00010597,51,2,saving,active,2023-01-02,292170.07
10598,AC00010598,38,3,Fixed Deposit,active,2024-01-25,381207.3
10599,AC00010599,62,4,Current,Closed,2023-01-20,109138.8
10600,AC00010600,50,3,Current,Inactive,2023-11-24,57149.83
10601,AC00010601,73,3,CURRENT,Active,2025-04-12,18216.5
10602,AC00010602,28,2,Current,Dormant,2024-07-12,494051.07
10603,AC00010603,38,2,Savings,Active,2024-07-24,166275.58
10604,AC00010604,48,1,Current,active,2024-12-08,255582.63
10605,AC00010605,46,3,Fixed Deposit,active,2024-11-24,138166.13
10606,AC00010606,19,1,Savings,Inactive,2025-10-01,21354.16
10607,AC00010607,60,3,saving,Active,2022-09-02,250164.93
10608,AC00010608,58,4,CURRENT,Closed,2025-10-18,38189.51
10609,AC00010609,30,2,Savings,Inactive,2024-01-29,139808.1
10610,AC00010610,51,2,saving,Dormant,2026-01-02,103157.47
10611,AC00010611,26,4,saving,Inactive,2024-07-08,466835.64
10612,AC00010612,68,4,Savings,Closed,2025-07-31,453038.75
10613,AC00010613,46,1,Fixed Deposit,Dormant,2026-03-16,246397.62
10614,AC00010614,55,4,saving,active,2024-05-08,56682.34
10615,AC00010615,67,4,CURRENT,Dormant,2023-10-09,239845.08
10616,AC00010616,55,1,saving,Active,2022-11-18,8065.95
10617,AC00010617,30,1,saving,Dormant,2023-04-10,204941.42
10618,AC00010618,56,4,Current,Active,2023-07-03,299747.06
10619,AC00010619,60,2,saving,active,2024-10-07,473898.29
10620,AC00010620,47,2,saving,Dormant,2024-12-05,379555.37
10621,AC00010621,57,2,Savings,Dormant,2024-08-19,102496.17
10622,AC00010622,44,4,Current,Inactive,2023-04-23,18502.76
10623,AC00010623,7,4,CURRENT,Dormant,2025-06-16,285127.87
10624,AC00010624,52,4,Current,Active,2026-01-01,293298.85
10625,AC00010625,11,3,Current,Closed,2026-03-16,40144.32
10626,AC00010626,56,1,saving,Dormant,2022-09-28,267502.0
10627,AC00010627,14,1,Savings,Closed,2025-10-23,237067.76
10628,AC00010628,18,1,CURRENT,Active,2025-12-17,79418.52
10629,AC00010629,94,4,Fixed Deposit,Dormant,2026-01-13,161495.19
10630,AC00010630,76,3,Savings,active,2022-09-05,45322.31
10631,AC00010631,39,4,saving,Active,2024-09-07,387144.68
10632,AC00010632,95,4,saving,Dormant,2024-03-12,401670.52
10633,AC00010633,88,1,Savings,Active,2022-12-20,314596.15
10634,AC00010634,63,2,saving,Active,2025-06-01,465678.85
10635,AC00010635,90,3,Savings,Dormant,2026-05-07,465522.84
10636,AC00010636,42,2,saving,Closed,2024-02-25,488175.94
10637,AC00010637,46,1,saving,Active,2024-07-28,71860.74
10638,AC00010638,82,4,saving,Dormant,2023-02-15,283467.43
10639,AC00010639,96,3,Savings,active,2024-08-13,39595.56
10640,AC00010640,71,1,Savings,Active,2023-08-18,351612.22
10641,AC00010641,33,1,Savings,active,2022-08-31,147816.21
10642,AC00010642,46,4,saving,Closed,2025-03-02,357695.37
10643,AC00010643,90,4,Savings,Dormant,2023-03-18,92226.49
10644,AC00010644,31,3,Fixed Deposit,Active,2025-06-01,143828.0
10645,AC00010645,97,2,CURRENT,active,2026-07-18,181358.13
10646,AC00010646,94,3,Fixed Deposit,Dormant,2022-11-25,47265.89
10647,AC00010647,14,2,Current,Active,2025-09-20,362254.58
10648,AC00010648,97,4,CURRENT,active,2024-05-01,17497.45
10649,AC00010649,20,3,Fixed Deposit,Inactive,2024-01-14,47249.62
10650,AC00010650,48,4,Savings,Active,2025-06-01,176615.52
10651,AC00010651,91,3,saving,Active,2023-10-02,499648.27
10652,AC00010652,4,3,Current,Closed,2023-11-03,178713.24
10653,AC00010653,21,3,CURRENT,Dormant,2025-11-28,29941.83
10654,AC00010654,30,3,Current,Dormant,2025-06-24,450166.92
10655,AC00010655,11,4,Savings,Closed,2025-09-13,265723.3
10656,AC00010656,31,4,Savings,Dormant,2023-11-16,71750.45
10657,AC00010657,3,1,Savings,Dormant,2024-06-07,5877.32
10658,AC00010658,68,4,Fixed Deposit,Dormant,2024-02-19,202712.88
10659,AC00010659,10,3,saving,Active,2025-06-08,313349.33
10660,AC00010660,96,2,CURRENT,active,2024-01-09,410915.89
10661,AC00010661,18,1,Fixed Deposit,Inactive,2026-06-11,65946.07
10662,AC00010662,20,2,CURRENT,Dormant,2023-04-03,146343.18
10663,AC00010663,76,3,saving,active,2024-05-19,36007.89
10664,AC00010664,47,4,Current,Active,2025-07-19,473760.88
10665,AC00010665,31,1,Savings,Inactive,2024-12-18,231183.48
10666,AC00010666,50,3,Savings,Dormant,2023-06-14,13275.69
10667,AC00010667,36,2,Fixed Deposit,Dormant,2023-07-24,486706.91
10668,AC00010668,95,3,Fixed Deposit,Active,2025-01-11,431968.72
10669,AC00010669,37,4,Fixed Deposit,Dormant,2023-09-10,456587.55
10670,AC00010670,89,4,Fixed Deposit,Closed,2024-12-03,427699.34
10671,AC00010671,84,3,saving,Closed,2025-10-02,63718.41
10672,AC00010672,84,1,CURRENT,active,2023-10-11,406137.6
10673,AC00010673,89,2,CURRENT,Active,2022-10-28,464902.5
10674,AC00010674,20,1,CURRENT,Inactive,2023-11-25,80789.58
10675,AC00010675,7,3,Savings,Closed,2022-12-24,377829.99
10676,AC00010676,44,1,Savings,active,2024-06-18,311157.92
10677,AC00010677,61,1,Fixed Deposit,Dormant,2024-06-19,127702.95
10678,AC00010678,32,1,saving,Closed,2023-01-17,80771.44
10679,AC00010679,78,3,saving,active,2023-11-06,147341.61
10680,AC00010680,4,1,Savings,Closed,2023-05-09,490647.84
10681,AC00010681,42,1,Current,Active,2025-08-07,284005.86
10682,AC00010682,23,3,Current,Inactive,2025-03-25,315311.42
10683,AC00010683,11,3,Savings,Dormant,2026-05-05,312015.48
10684,AC00010684,44,4,Current,Closed,2024-03-03,325588.81
10685,AC00010685,38,1,Fixed Deposit,Active,2026-03-02,311680.8
10686,AC00010686,91,2,Current,Inactive,2022-11-14,229429.95
10687,AC00010687,9,4,Savings,Active,2026-06-07,279451.49
10688,AC00010688,47,4,Current,Active,2024-05-09,456689.57
10689,AC00010689,66,2,CURRENT,Inactive,2026-07-27,2721.93
10690,AC00010690,50,2,Fixed Deposit,Active,2023-11-29,130401.75
10691,AC00010691,1,1,CURRENT,Inactive,2023-10-19,128834.7
10692,AC00010692,83,1,Current,Active,2023-01-21,232436.42
10693,AC00010693,90,2,Current,Dormant,2026-05-31,163315.84
10694,AC00010694,94,4,Savings,Dormant,2024-10-06,140031.06
10695,AC00010695,62,4,Current,active,2024-07-07,308889.33
10696,AC00010696,18,4,Current,Active,2023-08-05,247289.57
10697,AC00010697,17,3,saving,Active,2024-12-21,493014.55
10698,AC00010698,36,4,Fixed Deposit,Dormant,2022-11-05,296232.86
10699,AC00010699,35,2,Savings,active,2023-08-05,32874.4
10700,AC00010700,48,2,Savings,Closed,2022-11-22,442972.57
10701,AC00010701,32,4,Current,Inactive,2024-02-04,49235.69
10702,AC00010702,34,3,saving,Closed,2024-08-02,485725.64
10703,AC00010703,40,1,saving,active,2025-03-22,451439.36
10704,AC00010704,91,4,saving,Closed,2024-09-04,326382.8
10705,AC00010705,40,4,CURRENT,Inactive,2025-12-09,108417.57
10706,AC00010706,70,1,Savings,active,2024-02-19,348789.38
10707,AC00010707,29,3,Current,Active,2023-07-06,324271.46
10708,AC00010708,88,3,Current,Closed,2024-01-26,185933.02
10709,AC00010709,6,2,Current,Inactive,2022-11-08,282705.37
10710,AC00010710,9,4,Savings,Active,2023-01-22,40449.44
10711,AC00010711,25,2,saving,Inactive,2024-05-05,252858.21
10712,AC00010712,100,3,Savings,Closed,2026-06-27,68425.34
10713,AC00010713,39,1,Savings,Inactive,2025-02-21,129903.29
10714,AC00010714,99,4,Fixed Deposit,Active,2023-05-17,411102.23
10715,AC00010715,26,1,CURRENT,Dormant,2026-05-10,112839.79
10716,AC00010716,15,3,Current,Dormant,2022-09-03,170062.81
10717,AC00010717,64,3,CURRENT,Inactive,2023-07-01,7736.29
10718,AC00010718,59,4,Savings,Active,2023-08-07,158799.72
10719,AC00010719,65,2,saving,Closed,2024-08-01,480275.03
10720,AC00010720,52,2,Current,Inactive,2025-09-21,478120.7
10721,AC00010721,74,4,CURRENT,Active,2023-03-04,141716.32
10722,AC00010722,3,3,CURRENT,Closed,2025-12-01,293186.08
10723,AC00010723,91,4,CURRENT,Inactive,2025-08-05,355199.28
10724,AC00010724,46,2,Savings,active,2022-11-02,119228.37
10725,AC00010725,66,3,saving,Active,2025-05-31,364956.74
10726,AC00010726,54,3,Savings,Inactive,2024-10-13,498735.46
10727,AC00010727,11,4,Savings,Active,2024-09-21,212803.78
10728,AC00010728,62,1,Savings,Inactive,2026-01-06,91367.46
10729,AC00010729,69,2,Fixed Deposit,Inactive,2023-10-31,264732.18
10730,AC00010730,1,4,Fixed Deposit,Inactive,2022-11-03,298895.98
10731,AC00010731,24,4,Savings,Closed,2024-04-03,432015.92
10732,AC00010732,45,1,Fixed Deposit,Closed,2022-10-18,265590.06
10733,AC00010733,86,1,Savings,Closed,2025-06-23,248455.64
10734,AC00010734,2,3,Savings,active,2025-05-28,336180.94
10735,AC00010735,15,2,Savings,Active,2023-12-22,481235.3
10736,AC00010736,29,2,CURRENT,Closed,2026-02-12,486760.69
10737,AC00010737,16,1,Fixed Deposit,Active,2026-07-03,487641.05
10738,AC00010738,52,1,Fixed Deposit,Dormant,2023-09-12,56600.5
10739,AC00010739,87,3,saving,Active,2026-01-10,116827.75
10740,AC00010740,44,2,saving,Dormant,2024-08-16,495387.16
10741,AC00010741,21,1,Current,Dormant,2023-10-14,394885.76
10742,AC00010742,43,3,Savings,Closed,2026-01-07,289072.34
10743,AC00010743,82,1,saving,Dormant,2024-11-09,286688.04
10744,AC00010744,93,3,Current,Closed,2022-10-04,105058.21
10745,AC00010745,68,2,CURRENT,Inactive,2025-08-18,116007.81
10746,AC00010746,3,4,Savings,Active,2026-03-29,215092.36
10747,AC00010747,60,3,CURRENT,Closed,2024-09-27,290414.49
10748,AC00010748,35,2,saving,active,2025-08-18,286147.1
10749,AC00010749,18,2,CURRENT,Closed,2025-06-27,398666.8
10750,AC00010750,55,3,Fixed Deposit,Inactive,2023-11-23,450997.37
10751,AC00010751,20,4,CURRENT,active,2022-11-07,191384.66
10752,AC00010752,94,3,CURRENT,Dormant,2024-05-28,377548.47
10753,AC00010753,88,2,Fixed Deposit,active,2025-01-21,288739.72
10754,AC00010754,81,1,CURRENT,Active,2022-09-04,84138.14
10755,AC00010755,17,1,Fixed Deposit,Dormant,2024-08-27,190821.17
10756,AC00010756,3,4,CURRENT,Dormant,2025-04-21,441476.23
10757,AC00010757,58,4,CURRENT,Inactive,2023-10-19,159568.06
10758,AC00010758,84,4,saving,Closed,2026-04-07,268399.24
10759,AC00010759,97,1,CURRENT,Closed,2025-05-16,393175.53
10760,AC00010760,28,4,Current,Active,2026-03-21,82373.56
10761,AC00010761,79,1,saving,Inactive,2023-08-15,76616.13
10762,AC00010762,46,1,Current,Dormant,2023-06-15,68004.2
10763,AC00010763,2,3,Fixed Deposit,Active,2024-10-25,206978.94
10764,AC00010764,20,4,Savings,Active,2026-02-25,132973.6
10765,AC00010765,66,4,Current,Dormant,2023-01-08,479482.41
10766,AC00010766,38,4,saving,Dormant,2025-05-27,309191.22
10767,AC00010767,34,4,saving,Inactive,2023-12-11,392136.22
10768,AC00010768,78,1,Savings,Dormant,2026-02-26,415235.41
10769,AC00010769,60,3,saving,Active,2024-10-07,43226.89
10770,AC00010770,67,3,Savings,Dormant,2023-01-04,368343.86
10771,AC00010771,26,2,CURRENT,Closed,2023-07-08,291718.84
10772,AC00010772,15,3,Fixed Deposit,Active,2023-10-21,310849.86
10773,AC00010773,7,4,Current,Dormant,2024-03-12,240418.45
10774,AC00010774,14,3,saving,Active,2025-04-15,111667.69
10775,AC00010775,76,2,Savings,Active,2024-11-14,12923.56
10776,AC00010776,61,1,Current,active,2025-08-18,167274.2
10777,AC00010777,44,4,Fixed Deposit,active,2025-12-21,286885.49
10778,AC00010778,87,2,saving,active,2025-05-15,491509.45
10779,AC00010779,31,3,Savings,Active,2026-03-08,476264.38
10780,AC00010780,71,1,Savings,Dormant,2022-10-17,396816.95
10781,AC00010781,66,3,Savings,Closed,2026-03-29,272030.61
10782,AC00010782,55,2,saving,Active,2025-07-18,21554.85
10783,AC00010783,9,1,Savings,active,2026-04-29,79390.85
10784,AC00010784,71,1,Fixed Deposit,Dormant,2025-03-27,305857.23
10785,AC00010785,87,2,Savings,Active,2024-07-07,215206.23
10786,AC00010786,94,1,saving,active,2024-07-30,279363.22
10787,AC00010787,79,3,Savings,active,2024-11-17,143444.75
10788,AC00010788,23,3,Savings,Dormant,2025-07-20,278543.23
10789,AC00010789,37,1,Fixed Deposit,active,2023-02-27,5595.01
10790,AC00010790,75,3,CURRENT,Dormant,2023-05-30,404537.3
10791,AC00010791,98,2,Fixed Deposit,Active,2024-04-21,450981.57
10792,AC00010792,42,4,Fixed Deposit,Inactive,2023-01-22,448426.95
10793,AC00010793,69,1,Savings,Dormant,2025-02-09,409195.77
10794,AC00010794,92,1,saving,Active,2026-07-02,316939.87
10795,AC00010795,83,4,Current,Active,2025-04-11,405751.09
10796,AC00010796,10,2,Fixed Deposit,active,2024-07-30,244450.36
10797,AC00010797,27,1,Current,active,2025-08-06,24602.57
10798,AC00010798,90,2,Savings,Closed,2025-04-25,56329.25
10799,AC00010799,93,1,CURRENT,Dormant,2023-03-03,123055.68
10800,AC00010800,60,4,CURRENT,Dormant,2024-11-16,168311.57
10801,AC00010801,26,1,CURRENT,Inactive,2023-04-18,96430.52
10802,AC00010802,72,2,CURRENT,active,2023-07-06,144326.94
10803,AC00010803,8,3,Current,Active,2026-02-19,454874.27
10804,AC00010804,99,4,Current,Dormant,2023-04-01,169969.47
10805,AC00010805,95,1,Fixed Deposit,Closed,2023-12-12,278738.73
10806,AC00010806,36,2,CURRENT,Active,2026-05-31,364803.21
10807,AC00010807,49,4,CURRENT,Dormant,2024-12-02,221527.75
10808,AC00010808,85,3,Current,Closed,2024-12-25,153749.85
10809,AC00010809,45,1,CURRENT,Active,2023-12-15,32023.01
10810,AC00010810,75,2,Savings,Dormant,2024-06-28,338976.84
10811,AC00010811,89,1,saving,Dormant,2022-09-26,64171.25
10812,AC00010812,12,1,Savings,active,2023-04-24,233517.82
10813,AC00010813,77,4,CURRENT,Inactive,2024-05-11,144598.61
10814,AC00010814,98,3,CURRENT,active,2023-10-06,363196.0
10815,AC00010815,56,1,Current,Inactive,2026-07-19,65003.9
10816,AC00010816,5,1,saving,Closed,2026-05-05,127762.49
10817,AC00010817,86,2,saving,Closed,2025-08-02,345031.38
10818,AC00010818,15,3,Current,Active,2024-05-13,358984.79
10819,AC00010819,16,2,CURRENT,Dormant,2024-11-24,318572.89
10820,AC00010820,41,2,saving,Closed,2023-04-19,67287.94
10821,AC00010821,1,4,Fixed Deposit,Inactive,2026-07-08,282344.77
10822,AC00010822,50,3,Fixed Deposit,Closed,2022-10-25,326449.24
10823,AC00010823,34,4,Savings,Closed,2024-10-05,129030.6
10824,AC00010824,41,3,CURRENT,Inactive,2026-01-12,260025.81
10825,AC00010825,13,1,saving,active,2022-08-27,469082.65
10826,AC00010826,22,1,CURRENT,Inactive,2024-03-03,248918.94
10827,AC00010827,59,4,CURRENT,Active,2023-07-05,253689.53
10828,AC00010828,65,2,saving,Active,2023-06-06,475330.22
10829,AC00010829,94,3,Fixed Deposit,Active,2024-05-06,37294.3
10830,AC00010830,94,2,CURRENT,Inactive,2023-06-05,321475.07
10831,AC00010831,66,3,Savings,Closed,2026-01-12,100590.75
10832,AC00010832,40,3,Current,Dormant,2025-03-27,441708.29
10833,AC00010833,55,4,Savings,Active,2026-04-05,352449.15
10834,AC00010834,85,2,CURRENT,Active,2024-11-12,460917.73
10835,AC00010835,71,1,Current,active,2023-11-21,170354.82
10836,AC00010836,62,1,CURRENT,Inactive,2026-05-04,29640.96
10837,AC00010837,82,2,Savings,active,2025-07-01,33024.46
10838,AC00010838,42,4,Fixed Deposit,Inactive,2025-12-15,163061.37
10839,AC00010839,5,3,Savings,Dormant,2024-05-23,124944.51
10840,AC00010840,89,2,Savings,Inactive,2025-02-28,355957.77
10841,AC00010841,93,4,CURRENT,Active,2023-05-05,370286.75
10842,AC00010842,4,2,saving,Inactive,2026-03-16,170724.19
10843,AC00010843,30,1,Savings,Closed,2024-02-20,417907.54
10844,AC00010844,51,4,saving,Closed,2025-10-01,153302.87
10845,AC00010845,96,4,CURRENT,Active,2023-05-11,369267.89
10846,AC00010846,89,3,saving,Inactive,2026-08-08,20090.89
10847,AC00010847,52,1,CURRENT,Dormant,2023-10-22,23955.94
10848,AC00010848,95,1,Current,Inactive,2026-01-14,395396.42
10849,AC00010849,36,1,Savings,Closed,2022-11-12,381948.06
10850,AC00010850,5,2,Fixed Deposit,Closed,2023-07-17,300535.33
10851,AC00010851,39,4,saving,Dormant,2023-07-20,192058.32
10852,AC00010852,68,1,saving,active,2024-09-24,43670.6
10853,AC00010853,66,2,Current,Active,2026-02-19,115351.78
10854,AC00010854,80,1,Savings,Dormant,2026-06-05,383273.46
10855,AC00010855,23,3,Current,Dormant,2025-09-06,46108.42
10856,AC00010856,54,2,Fixed Deposit,Closed,2026-03-27,112734.25
10857,AC00010857,85,1,CURRENT,active,2022-09-26,317219.07
10858,AC00010858,85,3,Savings,Dormant,2023-11-17,284019.1
10859,AC00010859,36,3,Current,active,2025-08-26,162537.18
10860,AC00010860,62,2,Fixed Deposit,Inactive,2023-12-26,224278.74
10861,AC00010861,57,2,Savings,Inactive,2024-12-15,314709.91
10862,AC00010862,53,3,Savings,active,2026-01-22,295863.82
10863,AC00010863,23,4,Current,Closed,2024-11-20,115094.82
10864,AC00010864,66,1,Current,Inactive,2023-10-03,60124.48
10865,AC00010865,100,3,Fixed Deposit,Closed,2023-01-18,60685.0
10866,AC00010866,3,4,Savings,active,2023-01-12,372554.69
10867,AC00010867,6,4,CURRENT,active,2026-03-22,391077.73
10868,AC00010868,20,2,Savings,Dormant,2022-09-12,219064.65
10869,AC00010869,32,3,saving,active,2022-11-13,198185.14
10870,AC00010870,86,1,Fixed Deposit,Closed,2023-03-04,479481.62
10871,AC00010871,5,4,Current,Dormant,2022-08-27,425117.73
10872,AC00010872,36,4,saving,Dormant,2025-01-19,357933.14
10873,AC00010873,64,3,CURRENT,Active,2025-11-20,71190.3
10874,AC00010874,30,4,CURRENT,active,2023-03-29,459475.42
10875,AC00010875,52,4,CURRENT,Inactive,2023-11-19,113568.12
10876,AC00010876,36,4,Savings,Inactive,2023-10-11,129267.03
10877,AC00010877,19,2,saving,Closed,2024-03-27,268039.43
10878,AC00010878,90,4,Current,Active,2026-06-02,317952.7
10879,AC00010879,48,1,saving,active,2023-03-06,492638.07
10880,AC00010880,17,1,Savings,Active,2026-06-29,85290.46
10881,AC00010881,94,1,CURRENT,Active,2024-03-03,349908.64
10882,AC00010882,75,1,CURRENT,Closed,2024-11-22,411385.7
10883,AC00010883,29,1,CURRENT,Active,2024-07-17,426715.81
10884,AC00010884,43,4,saving,Inactive,2025-06-28,310016.43
10885,AC00010885,96,4,Fixed Deposit,Closed,2026-03-17,456244.35
10886,AC00010886,3,4,Fixed Deposit,active,2023-02-02,198688.51
10887,AC00010887,75,3,Fixed Deposit,active,2022-11-11,393393.08
10888,AC00010888,44,1,Fixed Deposit,Dormant,2022-08-25,380744.68
10889,AC00010889,46,1,Savings,Active,2024-02-03,462398.52
10890,AC00010890,10,2,Fixed Deposit,Closed,2025-11-09,196166.66
10891,AC00010891,88,3,Savings,Dormant,2022-10-26,294099.04
10892,AC00010892,59,2,saving,active,2024-07-25,338162.43
10893,AC00010893,70,1,Fixed Deposit,active,2023-01-03,318593.0
10894,AC00010894,75,4,saving,Dormant,2024-09-23,258806.74
10895,AC00010895,95,3,Fixed Deposit,active,2026-01-21,403982.65
10896,AC00010896,94,3,CURRENT,Inactive,2023-11-18,227735.83
10897,AC00010897,4,2,Current,Dormant,2025-04-02,494638.76
10898,AC00010898,89,4,saving,Closed,2024-07-10,375195.68
10899,AC00010899,37,2,CURRENT,Dormant,2025-09-01,348400.2
10900,AC00010900,1,4,Savings,Dormant,2025-08-11,423752.21
10901,AC00010901,88,4,Current,active,2026-05-09,217844.84
10902,AC00010902,65,3,Current,Dormant,2024-11-06,498228.0
10903,AC00010903,55,1,Current,Inactive,2024-12-28,213464.85
10904,AC00010904,85,2,Savings,Active,2024-06-01,94375.89
10905,AC00010905,71,3,CURRENT,Closed,2022-11-24,462540.32
10906,AC00010906,44,1,saving,Closed,2025-08-16,389452.56
10907,AC00010907,77,4,saving,Dormant,2024-09-10,138398.56
10908,AC00010908,78,1,Current,Active,2024-07-25,360902.0
10909,AC00010909,17,3,CURRENT,Closed,2023-10-08,279000.86
10910,AC00010910,99,1,Savings,Dormant,2025-10-27,418836.62
10911,AC00010911,41,2,Current,Active,2025-12-01,79958.59
10912,AC00010912,55,4,Fixed Deposit,Active,2024-05-19,355434.81
10913,AC00010913,76,1,CURRENT,Closed,2023-01-01,12528.01
10914,AC00010914,12,2,saving,active,2023-03-23,335334.98
10915,AC00010915,26,2,CURRENT,Active,2025-06-23,427614.33
10916,AC00010916,62,2,saving,Dormant,2025-04-03,164831.48
10917,AC00010917,38,1,Current,Active,2023-12-13,459034.2
10918,AC00010918,51,4,CURRENT,active,2025-05-07,339556.08
10919,AC00010919,69,3,Fixed Deposit,Dormant,2024-04-20,216940.33
10920,AC00010920,22,4,Fixed Deposit,active,2023-01-24,241980.23
10921,AC00010921,42,1,CURRENT,active,2023-09-20,395704.1
10922,AC00010922,34,2,Savings,Inactive,2025-06-20,169349.27
10923,AC00010923,30,3,Fixed Deposit,Inactive,2024-12-13,97806.16
10924,AC00010924,60,2,Current,active,2024-10-17,310004.51
10925,AC00010925,79,4,Fixed Deposit,active,2026-02-18,142198.45
10926,AC00010926,76,1,CURRENT,active,2023-02-04,414396.19
10927,AC00010927,16,1,Current,Active,2024-08-19,268046.92
10928,AC00010928,72,3,Current,Inactive,2022-12-03,148422.86
10929,AC00010929,24,3,CURRENT,Dormant,2023-03-27,441150.53
10930,AC00010930,73,2,saving,Closed,2024-06-01,264434.14
10931,AC00010931,87,1,Current,Inactive,2023-09-12,340831.68
10932,AC00010932,44,1,Fixed Deposit,Inactive,2024-06-04,232014.65
10933,AC00010933,95,3,Current,active,2024-10-08,473793.02
10934,AC00010934,43,1,Savings,Closed,2026-05-15,270857.17
10935,AC00010935,52,1,Current,active,2025-10-11,164688.09
10936,AC00010936,75,4,Current,Closed,2026-08-07,493830.46
10937,AC00010937,39,4,Fixed Deposit,Inactive,2023-03-03,496829.51
10938,AC00010938,59,4,CURRENT,Closed,2024-07-02,375306.63
10939,AC00010939,84,1,saving,Closed,2025-05-28,9039.57
10940,AC00010940,94,4,Savings,Active,2025-03-29,249440.32
10941,AC00010941,61,3,Current,active,2025-09-01,486946.5
10942,AC00010942,59,4,Savings,Active,2025-04-04,114030.61
10943,AC00010943,74,1,CURRENT,Closed,2025-08-14,461376.06
10944,AC00010944,22,2,Fixed Deposit,Dormant,2024-06-05,225447.25
10945,AC00010945,17,3,saving,Active,2024-04-18,225410.35
10946,AC00010946,54,1,saving,active,2023-05-19,357797.07
10947,AC00010947,86,3,saving,Inactive,2023-12-19,253973.1
10948,AC00010948,87,1,Fixed Deposit,Dormant,2023-06-10,122839.49
10949,AC00010949,95,2,CURRENT,Closed,2023-09-29,128553.5
10950,AC00010950,98,3,saving,Closed,2025-10-29,291089.62
10951,AC00010951,81,3,saving,Closed,2024-10-01,298072.72
10952,AC00010952,5,4,Fixed Deposit,active,2024-07-13,111907.49
10953,AC00010953,48,3,Current,Closed,2024-09-19,147967.23
10954,AC00010954,83,2,Fixed Deposit,Dormant,2023-09-01,450008.88
10955,AC00010955,94,2,Current,Inactive,2023-06-25,446037.9
10956,AC00010956,69,3,saving,Active,2025-05-15,320647.66
10957,AC00010957,65,1,CURRENT,Closed,2025-11-25,433184.36
10958,AC00010958,93,4,Savings,Inactive,2025-05-23,476125.67
10959,AC00010959,95,4,Fixed Deposit,active,2023-11-17,402482.33
10960,AC00010960,21,3,Fixed Deposit,Closed,2024-06-18,441663.54
10961,AC00010961,80,3,Savings,Inactive,2026-05-14,286511.54
10962,AC00010962,39,2,saving,Closed,2025-01-28,54400.73
10963,AC00010963,82,3,Current,Closed,2024-03-18,474026.95
10964,AC00010964,25,4,Current,Active,2024-07-14,370658.03
10965,AC00010965,53,2,Savings,active,2023-01-16,370937.83
10966,AC00010966,29,4,Savings,Inactive,2023-08-11,438920.69
10967,AC00010967,46,4,CURRENT,active,2025-08-18,835.44
10968,AC00010968,52,2,saving,Dormant,2025-02-14,797.56
10969,AC00010969,71,4,CURRENT,active,2025-10-31,28813.47
10970,AC00010970,44,2,Fixed Deposit,Closed,2024-05-10,139445.87
10971,AC00010971,2,1,CURRENT,Active,2024-06-03,109061.58
10972,AC00010972,88,2,Savings,Active,2023-04-29,150004.42
10973,AC00010973,74,2,Savings,Closed,2022-11-30,272108.29
10974,AC00010974,30,2,Current,active,2024-09-26,375948.27
10975,AC00010975,69,4,Current,Inactive,2023-07-17,281080.95
10976,AC00010976,76,4,Current,Inactive,2026-07-13,336440.75
10977,AC00010977,27,2,CURRENT,Dormant,2023-05-22,321567.71
10978,AC00010978,53,2,Current,Closed,2026-07-02,198674.09
10979,AC00010979,4,2,Fixed Deposit,active,2023-03-30,132188.64
10980,AC00010980,84,4,Savings,active,2025-08-15,263630.49
10981,AC00010981,3,4,Savings,active,2025-06-21,355484.18
10982,AC00010982,67,3,Fixed Deposit,Active,2025-09-07,274150.91
10983,AC00010983,57,3,Savings,Dormant,2024-02-25,227703.51
10984,AC00010984,96,1,Savings,Inactive,2023-05-16,329955.68
10985,AC00010985,61,1,saving,Closed,2024-12-24,479556.76
10986,AC00010986,90,4,Savings,active,2023-07-02,113963.55
10987,AC00010987,92,2,saving,active,2025-04-11,47734.41
10988,AC00010988,58,2,CURRENT,Dormant,2026-08-06,260590.14
10989,AC00010989,57,4,Fixed Deposit,Closed,2024-01-21,336119.05
10990,AC00010990,53,2,Fixed Deposit,Dormant,2024-08-03,287258.76
10991,AC00010991,22,3,Current,Active,2026-06-15,441429.91
10992,AC00010992,88,1,CURRENT,active,2025-01-11,479710.74
10993,AC00010993,40,1,Savings,active,2023-05-26,487954.06
10994,AC00010994,59,1,Current,Active,2023-08-08,292264.87
10995,AC00010995,55,4,Fixed Deposit,Inactive,2022-12-29,172621.17
10996,AC00010996,47,1,CURRENT,active,2024-07-20,3983.76
10997,AC00010997,21,4,Savings,Inactive,2024-11-10,441175.63
10998,AC00010998,51,4,Fixed Deposit,Active,2023-01-09,54358.89
10999,AC00010999,4,2,saving,active,2025-11-27,279793.97
11000,AC00011000,80,2,saving,active,2026-01-26,8120.22
11001,AC00011001,9,2,Fixed Deposit,active,2026-02-08,51924.6
11002,AC00011002,45,4,saving,Dormant,2023-12-08,225030.56
11003,AC00011003,81,1,Current,Inactive,2026-06-07,110067.8
11004,AC00011004,55,4,saving,Active,2023-03-26,226686.39
11005,AC00011005,71,3,Current,active,2024-09-11,213384.36
11006,AC00011006,71,4,CURRENT,active,2025-12-30,435473.69
11007,AC00011007,57,3,CURRENT,Dormant,2026-01-06,308088.55
11008,AC00011008,44,3,saving,active,2024-04-24,63181.68
11009,AC00011009,9,4,saving,Active,2023-04-06,197302.42
11010,AC00011010,79,4,Savings,Inactive,2024-04-14,303581.8
11011,AC00011011,27,2,Savings,Active,2024-05-08,213521.9
11012,AC00011012,49,4,saving,active,2025-07-11,195047.15
11013,AC00011013,50,3,CURRENT,active,2023-09-03,225799.1
11014,AC00011014,43,2,Savings,Closed,2024-11-25,492564.79
11015,AC00011015,24,4,CURRENT,Closed,2026-02-26,209966.98
11016,AC00011016,74,1,CURRENT,Dormant,2024-10-27,360370.96
11017,AC00011017,27,2,saving,Dormant,2023-02-17,57040.5
11018,AC00011018,99,1,Current,Active,2025-07-15,392956.62
11019,AC00011019,72,3,Fixed Deposit,Closed,2023-06-03,290980.46
11020,AC00011020,52,3,CURRENT,Active,2022-12-03,219533.62
11021,AC00011021,75,2,Fixed Deposit,active,2024-02-06,224340.2
11022,AC00011022,23,4,Current,Active,2026-04-02,261051.78
11023,AC00011023,33,2,Savings,Closed,2026-05-02,286016.6
11024,AC00011024,26,1,Current,Closed,2025-02-22,385626.48
11025,AC00011025,1,2,Current,active,2025-02-26,292181.42
11026,AC00011026,6,2,Savings,Closed,2025-05-28,339967.71
11027,AC00011027,39,4,Savings,Active,2026-06-05,434992.88
11028,AC00011028,85,2,Fixed Deposit,active,2024-06-29,54169.53
11029,AC00011029,53,3,Current,active,2026-04-21,286573.23
11030,AC00011030,12,3,saving,Inactive,2022-10-19,464356.69
11031,AC00011031,13,2,Fixed Deposit,active,2025-05-15,85309.47
11032,AC00011032,77,2,Current,active,2024-06-16,127794.9
11033,AC00011033,63,2,Fixed Deposit,Active,2023-11-28,351782.75
11034,AC00011034,46,3,CURRENT,Inactive,2025-11-08,219746.98
11035,AC00011035,22,4,Savings,active,2026-02-02,461871.42
11036,AC00011036,66,2,Fixed Deposit,Active,2023-09-20,298057.8
11037,AC00011037,55,2,Savings,Inactive,2025-11-24,285808.24
11038,AC00011038,68,4,Savings,Dormant,2023-12-25,19556.81
11039,AC00011039,92,1,Current,Dormant,2025-12-14,472329.73
11040,AC00011040,86,3,saving,Closed,2025-07-17,198581.01
11041,AC00011041,99,3,Current,Dormant,2025-05-25,365822.28
11042,AC00011042,66,1,saving,Active,2026-05-11,52891.06
11043,AC00011043,37,2,saving,Closed,2026-03-14,463687.27
11044,AC00011044,73,4,CURRENT,Closed,2022-10-15,484774.34
11045,AC00011045,78,3,CURRENT,Dormant,2025-05-16,59919.47
11046,AC00011046,24,2,Current,Closed,2023-07-28,433626.75
11047,AC00011047,58,2,CURRENT,Closed,2023-04-17,341481.52
11048,AC00011048,23,2,saving,Closed,2024-05-31,50113.59
11049,AC00011049,39,1,saving,active,2024-01-26,145768.11
11050,AC00011050,13,1,saving,Dormant,2025-01-01,123581.05
11051,AC00011051,45,4,saving,Active,2026-04-22,99094.62
11052,AC00011052,7,1,Fixed Deposit,active,2023-03-25,57212.01
11053,AC00011053,72,1,CURRENT,Active,2025-10-24,126463.58
11054,AC00011054,60,4,CURRENT,Inactive,2023-09-20,63355.86
11055,AC00011055,89,2,Fixed Deposit,Closed,2026-07-18,44765.12
11056,AC00011056,54,2,saving,Active,2023-11-28,284313.69
11057,AC00011057,43,3,Current,Closed,2025-01-19,348475.0
11058,AC00011058,80,3,Fixed Deposit,active,2024-03-17,104971.58
11059,AC00011059,55,4,CURRENT,Inactive,2022-08-28,269465.48
11060,AC00011060,72,4,Current,Closed,2024-03-30,312595.61
11061,AC00011061,61,2,saving,Active,2024-10-27,257493.67
11062,AC00011062,78,3,Current,Active,2023-03-16,197287.44
11063,AC00011063,27,2,Fixed Deposit,Closed,2024-02-24,370164.31
11064,AC00011064,22,1,CURRENT,active,2022-09-08,168186.44
11065,AC00011065,76,1,Fixed Deposit,active,2024-03-19,450948.39
11066,AC00011066,10,3,saving,Dormant,2026-04-07,65100.82
11067,AC00011067,30,1,Current,Closed,2024-01-23,442542.7
11068,AC00011068,34,3,Current,Dormant,2022-10-07,463796.66
11069,AC00011069,54,4,Fixed Deposit,active,2024-02-15,313407.3
11070,AC00011070,91,1,Current,Inactive,2025-03-22,391017.42
11071,AC00011071,21,1,Fixed Deposit,Dormant,2022-12-04,52175.82
11072,AC00011072,42,2,Savings,Closed,2026-06-16,236694.76
11073,AC00011073,27,4,Savings,Dormant,2025-05-05,69020.83
11074,AC00011074,23,4,CURRENT,active,2025-01-20,77420.36
11075,AC00011075,32,4,CURRENT,Closed,2025-05-19,371279.88
11076,AC00011076,11,3,Current,Inactive,2026-03-30,108287.8
11077,AC00011077,78,4,Savings,Closed,2026-04-04,424689.75
11078,AC00011078,23,1,Current,Closed,2025-01-31,28678.62
11079,AC00011079,21,3,Fixed Deposit,Active,2023-10-07,315932.35
11080,AC00011080,17,2,CURRENT,Dormant,2026-07-27,66771.75
11081,AC00011081,32,1,CURRENT,Inactive,2025-02-12,479759.93
11082,AC00011082,79,3,Savings,Closed,2023-08-07,117808.79
11083,AC00011083,53,3,Fixed Deposit,Active,2022-10-13,228193.22
11084,AC00011084,6,3,Savings,Inactive,2023-02-12,357681.21
11085,AC00011085,73,3,CURRENT,Dormant,2023-05-06,67588.6
11086,AC00011086,59,2,saving,Inactive,2023-04-20,338474.37
11087,AC00011087,75,3,Fixed Deposit,active,2025-05-24,329709.81
11088,AC00011088,45,4,Current,Inactive,2025-11-02,92111.63
11089,AC00011089,38,2,saving,Closed,2024-02-27,420776.91
11090,AC00011090,47,2,Savings,Closed,2025-01-09,211924.38
11091,AC00011091,51,1,Savings,active,2025-05-27,188160.25
11092,AC00011092,75,4,Fixed Deposit,Dormant,2022-10-29,42985.23
11093,AC00011093,59,3,Fixed Deposit,Inactive,2024-12-14,339923.69
11094,AC00011094,4,3,Current,Dormant,2024-06-01,92464.68
11095,AC00011095,2,2,Fixed Deposit,active,2026-04-29,99460.21
11096,AC00011096,81,4,Fixed Deposit,Dormant,2025-08-03,140944.38
11097,AC00011097,74,4,saving,active,2023-12-24,144348.31
11098,AC00011098,88,3,CURRENT,Active,2022-09-07,340096.74
11099,AC00011099,21,1,Savings,Active,2023-11-12,413447.39
11100,AC00011100,95,3,Savings,Inactive,2022-12-18,12574.23
11101,AC00011101,78,1,saving,Inactive,2023-11-27,360634.13
11102,AC00011102,24,4,Fixed Deposit,Dormant,2024-11-19,362759.77
11103,AC00011103,45,2,Fixed Deposit,Inactive,2025-12-01,143979.59
11104,AC00011104,30,2,CURRENT,Active,2026-01-27,197526.95
11105,AC00011105,74,4,CURRENT,active,2023-11-16,162072.3
11106,AC00011106,48,2,Fixed Deposit,Inactive,2025-03-21,404039.91
11107,AC00011107,83,4,Current,Active,2025-07-01,39673.49
11108,AC00011108,96,3,Savings,Dormant,2023-11-28,391348.96
11109,AC00011109,48,3,Current,active,2022-10-17,342314.51
11110,AC00011110,59,2,Current,active,2023-09-11,250529.97
11111,AC00011111,4,4,Savings,Dormant,2025-06-09,68839.36
11112,AC00011112,58,3,CURRENT,Inactive,2024-04-07,10847.6
11113,AC00011113,51,2,Savings,active,2022-08-25,163310.79
11114,AC00011114,99,1,saving,Dormant,2023-05-15,102509.7
11115,AC00011115,39,4,Fixed Deposit,Active,2026-07-03,398695.97
11116,AC00011116,21,1,Current,Inactive,2023-10-30,352335.83
11117,AC00011117,19,1,Savings,active,2022-11-18,90489.55
11118,AC00011118,93,2,Current,Dormant,2022-09-30,53524.69
11119,AC00011119,59,2,saving,Closed,2024-03-28,203683.5
11120,AC00011120,5,1,Fixed Deposit,active,2023-06-26,438613.3
11121,AC00011121,68,4,Current,Active,2025-04-11,305494.04
11122,AC00011122,26,2,saving,active,2023-06-07,215358.5
11123,AC00011123,65,3,Fixed Deposit,Closed,2026-05-23,272538.51
11124,AC00011124,83,4,saving,Inactive,2023-02-26,317897.39
11125,AC00011125,81,1,CURRENT,Active,2025-11-09,7263.8
11126,AC00011126,24,2,Fixed Deposit,Inactive,2024-12-23,222552.42
11127,AC00011127,95,1,saving,active,2023-07-19,392888.82
11128,AC00011128,72,1,saving,Closed,2024-01-16,236596.63
11129,AC00011129,95,3,saving,Dormant,2025-10-16,434614.2
11130,AC00011130,42,4,saving,Inactive,2024-05-13,6256.98
11131,AC00011131,95,2,saving,Inactive,2023-04-03,291370.94
11132,AC00011132,77,1,Fixed Deposit,Dormant,2024-10-26,166547.75
11133,AC00011133,18,2,Current,active,2023-04-04,10741.81
11134,AC00011134,87,3,CURRENT,Inactive,2026-02-19,427012.35
11135,AC00011135,35,3,CURRENT,active,2024-03-04,288187.81
11136,AC00011136,28,4,saving,Closed,2025-01-10,234040.55
11137,AC00011137,61,4,CURRENT,Dormant,2025-05-16,40122.11
11138,AC00011138,9,4,Fixed Deposit,active,2025-02-07,256418.44
11139,AC00011139,47,4,saving,Dormant,2023-11-30,451304.49
11140,AC00011140,43,4,Current,active,2023-09-15,325173.42
11141,AC00011141,34,3,Savings,Active,2022-10-24,203330.38
11142,AC00011142,67,1,Current,Inactive,2025-08-14,457664.53
11143,AC00011143,27,1,Current,active,2026-05-12,202838.45
11144,AC00011144,45,4,Fixed Deposit,Inactive,2024-04-07,35142.28
11145,AC00011145,79,3,Current,Closed,2022-12-23,335847.45
11146,AC00011146,79,1,Fixed Deposit,Active,2025-02-10,249838.91
11147,AC00011147,17,3,Fixed Deposit,Dormant,2023-09-27,233653.05
11148,AC00011148,69,3,Fixed Deposit,Dormant,2023-11-16,292809.12
11149,AC00011149,86,2,CURRENT,active,2023-11-26,415817.74
11150,AC00011150,10,2,Savings,Dormant,2024-12-16,241693.11
11151,AC00011151,2,2,saving,Active,2025-03-09,279538.41
11152,AC00011152,81,1,Fixed Deposit,Active,2023-04-29,487810.29
11153,AC00011153,17,1,CURRENT,Dormant,2024-10-15,240795.9
11154,AC00011154,72,2,CURRENT,Dormant,2026-05-07,226559.27
11155,AC00011155,74,3,saving,Dormant,2026-04-27,96442.19
11156,AC00011156,39,3,CURRENT,Active,2025-03-29,317087.5
11157,AC00011157,28,3,Fixed Deposit,Active,2024-12-24,235070.1
11158,AC00011158,34,1,Current,Closed,2024-10-02,86321.32
11159,AC00011159,55,4,Current,Dormant,2023-02-24,177996.67
11160,AC00011160,16,4,CURRENT,Closed,2024-12-23,143958.6
11161,AC00011161,63,1,Fixed Deposit,active,2025-02-26,414917.47
11162,AC00011162,13,1,saving,active,2023-06-06,297165.24
11163,AC00011163,80,3,Fixed Deposit,Closed,2025-09-09,463756.7
11164,AC00011164,54,1,Fixed Deposit,Dormant,2023-08-25,62133.43
11165,AC00011165,55,1,Savings,active,2024-12-22,194445.85
11166,AC00011166,21,4,saving,Dormant,2024-12-16,492218.44
11167,AC00011167,17,1,CURRENT,Inactive,2022-11-14,492056.17
11168,AC00011168,10,1,Savings,Active,2024-01-01,285294.62
11169,AC00011169,50,4,saving,Closed,2023-05-11,166002.67
11170,AC00011170,12,3,Current,Dormant,2023-01-26,476769.62
11171,AC00011171,82,4,Fixed Deposit,Active,2025-10-19,369423.97
11172,AC00011172,24,4,Savings,Dormant,2026-05-03,259866.79
11173,AC00011173,92,1,Current,Active,2024-01-27,122297.82
11174,AC00011174,9,3,saving,active,2024-05-07,157865.29
11175,AC00011175,54,3,Current,active,2024-10-10,171597.57
11176,AC00011176,49,1,saving,Closed,2025-11-26,266032.25
11177,AC00011177,30,4,CURRENT,Active,2025-06-16,304386.19
11178,AC00011178,63,4,saving,Dormant,2026-03-07,325325.99
11179,AC00011179,97,3,saving,active,2025-08-22,117243.57
11180,AC00011180,26,1,saving,active,2023-02-06,375494.5
11181,AC00011181,89,3,Current,Active,2025-05-16,86201.76
11182,AC00011182,19,3,Current,Closed,2026-04-16,465348.79
11183,AC00011183,11,4,CURRENT,Inactive,2025-03-07,219443.42
11184,AC00011184,75,4,Current,Dormant,2025-12-10,280670.82
11185,AC00011185,47,1,CURRENT,Closed,2025-12-05,249599.38
11186,AC00011186,66,3,Current,Active,2026-07-27,469505.55
11187,AC00011187,26,2,Savings,active,2023-10-21,204951.61
11188,AC00011188,35,1,saving,Dormant,2023-03-06,107839.91
11189,AC00011189,61,2,saving,Active,2026-05-24,348499.58
11190,AC00011190,53,3,CURRENT,Active,2024-03-15,95339.9
11191,AC00011191,77,3,CURRENT,Closed,2023-01-08,20092.19
11192,AC00011192,44,2,CURRENT,active,2023-10-18,380328.29
11193,AC00011193,25,3,saving,Dormant,2025-02-06,190288.27
11194,AC00011194,84,4,saving,Active,2025-03-21,50319.44
11195,AC00011195,32,2,Savings,Active,2023-12-13,38890.37
11196,AC00011196,4,2,saving,active,2024-11-18,343244.22
11197,AC00011197,77,1,Current,Dormant,2024-04-28,264128.45
11198,AC00011198,63,4,CURRENT,Closed,2026-08-03,493755.54
11199,AC00011199,14,3,saving,Active,2026-05-24,400592.89
11200,AC00011200,73,1,Savings,Dormant,2023-06-02,438977.85
11201,AC00011201,70,4,Current,Closed,2023-06-20,119148.04
11202,AC00011202,59,1,Fixed Deposit,Active,2024-07-09,196385.27
11203,AC00011203,71,3,CURRENT,Dormant,2024-11-09,336770.03
11204,AC00011204,81,1,CURRENT,active,2025-09-23,81514.98
11205,AC00011205,95,1,CURRENT,Closed,2025-01-01,341216.93
11206,AC00011206,98,2,Current,Active,2026-02-24,27064.15
11207,AC00011207,57,3,Savings,active,2025-11-28,336403.76
11208,AC00011208,67,3,saving,Active,2023-02-09,187123.55
11209,AC00011209,29,2,Savings,Closed,2023-02-19,117998.95
11210,AC00011210,69,1,Current,Closed,2023-07-15,169811.19
11211,AC00011211,68,2,Savings,Closed,2023-01-22,392828.23
11212,AC00011212,98,4,CURRENT,Active,2024-07-30,11028.24
11213,AC00011213,74,1,Savings,Dormant,2024-01-14,409001.75
11214,AC00011214,3,2,CURRENT,active,2025-11-09,430873.1
11215,AC00011215,82,4,saving,Closed,2024-08-16,98690.6
11216,AC00011216,98,2,Fixed Deposit,Dormant,2025-03-09,241785.64
11217,AC00011217,39,4,Current,Dormant,2025-01-15,234255.78
11218,AC00011218,80,4,Savings,active,2023-10-06,312085.9
11219,AC00011219,16,2,saving,Closed,2025-07-19,10804.08
11220,AC00011220,92,1,Savings,active,2025-11-22,167361.54
11221,AC00011221,53,1,CURRENT,Active,2025-01-21,354294.14
11222,AC00011222,50,1,Savings,Closed,2026-06-14,191294.45
11223,AC00011223,100,3,Current,Closed,2024-09-22,347937.31
11224,AC00011224,2,3,Fixed Deposit,Inactive,2025-01-20,110027.4
11225,AC00011225,65,1,saving,Active,2023-10-05,441823.51
11226,AC00011226,91,3,CURRENT,Active,2026-04-23,101914.46
11227,AC00011227,83,1,Savings,Closed,2024-02-23,345506.48
11228,AC00011228,49,3,Current,Inactive,2023-07-22,107167.33
11229,AC00011229,45,2,CURRENT,Closed,2024-06-14,54211.39
11230,AC00011230,78,3,CURRENT,Closed,2025-05-21,456997.24
11231,AC00011231,50,3,Fixed Deposit,Active,2022-10-26,141772.28
11232,AC00011232,16,2,saving,Closed,2025-01-17,399506.92
11233,AC00011233,78,3,Savings,Active,2022-09-19,458782.53
11234,AC00011234,66,2,Current,Closed,2023-02-05,192653.35
11235,AC00011235,22,2,saving,Inactive,2023-01-01,444634.92
11236,AC00011236,69,4,CURRENT,Dormant,2023-09-13,342811.56
11237,AC00011237,65,1,Savings,Inactive,2024-03-09,460781.34
11238,AC00011238,17,3,CURRENT,Closed,2025-04-19,325176.23
11239,AC00011239,35,3,Fixed Deposit,Dormant,2025-01-14,415273.96
11240,AC00011240,20,4,Fixed Deposit,Active,2023-07-29,50327.73
11241,AC00011241,35,2,Current,Inactive,2024-10-14,7644.01
11242,AC00011242,36,4,Current,Closed,2025-04-10,485201.8
11243,AC00011243,61,2,Current,Active,2024-08-14,2555.66
11244,AC00011244,2,4,CURRENT,Inactive,2023-08-24,294139.77
11245,AC00011245,40,2,Savings,Active,2024-05-26,204891.57
11246,AC00011246,11,3,Savings,Active,2024-04-26,333429.09
11247,AC00011247,27,1,Savings,Active,2023-11-14,469367.53
11248,AC00011248,82,2,CURRENT,active,2023-09-07,228544.13
11249,AC00011249,78,1,Fixed Deposit,Active,2024-06-15,52504.37
11250,AC00011250,68,4,CURRENT,Active,2023-06-09,174480.09
11251,AC00011251,23,4,Current,Inactive,2022-12-22,117486.9
11252,AC00011252,82,4,Savings,Closed,2023-02-28,130708.02
11253,AC00011253,63,2,Fixed Deposit,Dormant,2024-02-25,221975.02
11254,AC00011254,46,2,Fixed Deposit,Active,2023-10-07,335646.32
11255,AC00011255,75,4,saving,Inactive,2023-01-07,138835.4
11256,AC00011256,73,1,Fixed Deposit,active,2025-05-04,338792.14
11257,AC00011257,89,2,Savings,Inactive,2023-06-28,481825.03
11258,AC00011258,11,2,Fixed Deposit,Active,2025-12-08,365995.05
11259,AC00011259,22,3,CURRENT,Inactive,2024-09-11,181974.19
11260,AC00011260,76,1,saving,Dormant,2024-11-23,166362.75
11261,AC00011261,18,4,Current,Active,2024-08-18,185615.72
11262,AC00011262,79,4,saving,Active,2023-07-11,428497.81
11263,AC00011263,83,2,Savings,Dormant,2026-05-31,275715.94
11264,AC00011264,76,3,Savings,Inactive,2025-07-13,27474.85
11265,AC00011265,70,3,CURRENT,Closed,2023-12-09,62500.5
11266,AC00011266,65,1,Savings,active,2023-05-09,352664.17
11267,AC00011267,82,3,CURRENT,Dormant,2023-11-12,163954.63
11268,AC00011268,20,1,Current,Dormant,2023-04-16,89852.55
11269,AC00011269,19,4,Current,Inactive,2026-05-18,34938.93
11270,AC00011270,27,1,Fixed Deposit,active,2023-08-28,158268.52
11271,AC00011271,54,4,Fixed Deposit,Active,2025-08-08,91092.48
11272,AC00011272,41,1,Current,Closed,2022-12-16,253531.06
11273,AC00011273,97,1,CURRENT,Active,2023-07-09,337658.64
11274,AC00011274,35,2,Savings,Closed,2023-01-25,33253.58
11275,AC00011275,33,3,saving,Dormant,2023-08-05,256800.27
11276,AC00011276,37,1,CURRENT,Closed,2025-01-21,141631.18
11277,AC00011277,4,1,CURRENT,Inactive,2026-07-31,486948.98
11278,AC00011278,69,1,CURRENT,active,2023-09-17,106318.49
11279,AC00011279,21,4,Fixed Deposit,Closed,2023-10-05,310595.14
11280,AC00011280,70,1,CURRENT,Dormant,2023-02-07,315182.02
11281,AC00011281,12,4,saving,Inactive,2024-06-02,364016.19
11282,AC00011282,89,1,CURRENT,Inactive,2024-11-03,146471.05
11283,AC00011283,76,2,Current,Dormant,2023-03-11,333150.32
11284,AC00011284,24,4,Current,Dormant,2026-02-11,14228.88
11285,AC00011285,40,3,saving,Dormant,2026-08-08,282121.49
11286,AC00011286,33,3,Current,active,2025-02-24,340950.01
11287,AC00011287,49,3,Fixed Deposit,Inactive,2025-01-07,415700.63
11288,AC00011288,46,1,CURRENT,active,2026-03-11,371229.51
11289,AC00011289,3,2,Savings,active,2024-12-07,238961.0
11290,AC00011290,97,4,Savings,Closed,2022-11-13,398824.12
11291,AC00011291,73,2,Current,Closed,2025-08-12,176274.69
11292,AC00011292,13,3,Savings,active,2022-09-09,429674.1
11293,AC00011293,84,3,Current,Inactive,2026-02-23,171225.41
11294,AC00011294,89,3,Savings,Active,2024-02-13,16959.89
11295,AC00011295,83,3,Savings,Active,2023-02-18,34077.24
11296,AC00011296,25,4,Fixed Deposit,Active,2024-04-06,404042.23
11297,AC00011297,71,2,Fixed Deposit,Closed,2026-02-06,264355.99
11298,AC00011298,98,3,Savings,Closed,2025-08-22,205048.69
11299,AC00011299,23,2,Current,Active,2025-01-18,224210.18
11300,AC00011300,6,3,CURRENT,Inactive,2025-11-24,318442.05
11301,AC00011301,28,1,CURRENT,Dormant,2025-10-06,249377.73
11302,AC00011302,37,3,Savings,Active,2023-02-09,216735.57
11303,AC00011303,45,1,saving,Inactive,2026-04-28,218938.87
11304,AC00011304,73,2,Fixed Deposit,Dormant,2023-11-30,1702.26
11305,AC00011305,38,1,Current,Closed,2025-11-09,49834.27
11306,AC00011306,13,3,Current,Closed,2023-04-29,278973.82
11307,AC00011307,82,4,Fixed Deposit,active,2024-04-29,249361.72
11308,AC00011308,88,1,Current,active,2026-05-03,1991.65
11309,AC00011309,21,1,Savings,Active,2026-07-20,90744.3
11310,AC00011310,40,4,Fixed Deposit,Inactive,2024-10-21,404257.5
11311,AC00011311,91,1,saving,Inactive,2025-12-17,175133.43
11312,AC00011312,27,1,saving,Dormant,2024-02-14,297015.1
11313,AC00011313,8,4,Current,Inactive,2023-12-12,390576.66
11314,AC00011314,37,1,Fixed Deposit,Inactive,2025-04-07,218514.33
11315,AC00011315,81,4,saving,Active,2023-09-20,18922.24
11316,AC00011316,34,1,CURRENT,Active,2026-04-29,361690.48
11317,AC00011317,51,4,Current,Dormant,2025-06-12,358371.0
11318,AC00011318,4,3,Current,Dormant,2023-11-19,399002.09
11319,AC00011319,34,3,Current,Dormant,2022-09-07,3352.08
11320,AC00011320,1,4,Fixed Deposit,Closed,2023-05-20,292427.8
11321,AC00011321,68,1,CURRENT,Dormant,2026-07-04,23764.12
11322,AC00011322,53,3,CURRENT,Inactive,2024-09-24,233746.0
11323,AC00011323,36,4,Savings,Inactive,2024-05-16,382493.13
11324,AC00011324,10,4,CURRENT,Closed,2023-08-30,387318.93
11325,AC00011325,77,2,Savings,Inactive,2024-05-31,90613.07
11326,AC00011326,1,1,CURRENT,Closed,2024-10-01,197700.77
11327,AC00011327,87,4,Savings,Active,2024-05-25,163192.06
11328,AC00011328,82,3,Savings,Closed,2025-07-16,476847.71
11329,AC00011329,70,2,Savings,Active,2023-12-20,152600.39
11330,AC00011330,1,4,Fixed Deposit,Closed,2023-07-15,364052.72
11331,AC00011331,78,3,Savings,Active,2025-04-05,496331.29
11332,AC00011332,50,3,Savings,Inactive,2026-06-26,83526.89
11333,AC00011333,55,2,CURRENT,Active,2026-02-11,618.41
11334,AC00011334,28,4,saving,active,2024-01-31,324674.06
11335,AC00011335,42,1,Fixed Deposit,Inactive,2023-05-08,421340.28
11336,AC00011336,42,3,Savings,Inactive,2025-10-25,303810.73
11337,AC00011337,18,1,CURRENT,Closed,2025-02-05,425654.56
11338,AC00011338,98,1,saving,Active,2024-12-08,675.8
11339,AC00011339,64,1,Current,Closed,2024-03-30,113833.57
11340,AC00011340,74,3,saving,Inactive,2026-04-29,281971.17
11341,AC00011341,1,2,Savings,Active,2024-05-05,192338.0
11342,AC00011342,67,3,Savings,Inactive,2024-06-13,58812.56
11343,AC00011343,64,3,Fixed Deposit,Closed,2025-10-08,379035.06
11344,AC00011344,46,2,CURRENT,Closed,2025-02-03,431774.13
11345,AC00011345,46,4,CURRENT,Active,2025-02-16,491949.72
11346,AC00011346,30,1,Fixed Deposit,Inactive,2023-05-20,61357.11
11347,AC00011347,100,4,Current,Closed,2022-11-16,230743.01
11348,AC00011348,29,4,saving,Closed,2024-02-02,57605.86
11349,AC00011349,52,1,Fixed Deposit,Active,2023-07-25,365654.35
11350,AC00011350,22,4,saving,Dormant,2026-04-28,198564.82
11351,AC00011351,53,3,Current,Dormant,2022-12-16,138605.05
11352,AC00011352,45,1,Current,Closed,2024-07-09,163099.43
11353,AC00011353,45,2,Current,active,2023-08-02,108168.43
11354,AC00011354,26,2,Fixed Deposit,active,2024-04-11,63195.47
11355,AC00011355,80,4,CURRENT,Dormant,2022-12-04,292912.73
11356,AC00011356,27,3,saving,Closed,2023-11-25,483997.73
11357,AC00011357,59,2,Current,Inactive,2023-06-03,220317.53
11358,AC00011358,48,4,Current,Inactive,2023-11-12,63058.03
11359,AC00011359,70,4,saving,Closed,2023-10-25,372724.68
11360,AC00011360,22,2,saving,Active,2025-06-25,318384.96
11361,AC00011361,13,3,Fixed Deposit,Dormant,2024-02-26,281940.9
11362,AC00011362,93,2,saving,Inactive,2026-06-07,187558.71
11363,AC00011363,52,2,CURRENT,Closed,2023-07-28,183865.39
11364,AC00011364,83,1,Savings,Closed,2024-12-22,73023.85
11365,AC00011365,7,3,Current,Dormant,2024-12-14,351103.81
11366,AC00011366,29,4,CURRENT,Closed,2022-11-13,62387.73
11367,AC00011367,77,4,Current,Dormant,2024-01-19,294597.55
11368,AC00011368,66,1,saving,active,2024-10-09,197323.14
11369,AC00011369,59,4,Savings,Active,2023-01-12,67093.0
11370,AC00011370,39,4,Savings,Closed,2025-06-14,397664.31
11371,AC00011371,42,4,Savings,Dormant,2025-10-06,254438.35
11372,AC00011372,4,1,Fixed Deposit,Dormant,2024-09-24,151199.64
11373,AC00011373,73,2,Fixed Deposit,Active,2025-03-09,110268.29
11374,AC00011374,35,2,saving,Dormant,2024-04-16,279664.88
11375,AC00011375,59,4,Fixed Deposit,Dormant,2025-03-20,348314.22
11376,AC00011376,88,2,Savings,active,2025-07-30,334532.57
11377,AC00011377,93,4,Current,Closed,2026-03-01,187641.36
11378,AC00011378,50,3,Fixed Deposit,Inactive,2025-04-06,460005.64
11379,AC00011379,77,1,Current,Inactive,2024-01-11,422554.79
11380,AC00011380,81,1,Fixed Deposit,active,2025-05-19,39518.79
11381,AC00011381,44,4,Savings,Closed,2026-04-16,78939.51
11382,AC00011382,41,2,Current,active,2026-01-02,229788.76
11383,AC00011383,81,4,Fixed Deposit,Closed,2024-07-16,461546.56
11384,AC00011384,68,3,Current,Dormant,2023-02-16,193551.89
11385,AC00011385,84,3,Current,Active,2023-06-12,169496.48
11386,AC00011386,3,2,CURRENT,Active,2024-04-18,347242.47
11387,AC00011387,57,4,Current,Closed,2022-09-26,24774.33
11388,AC00011388,35,4,saving,Closed,2024-11-07,204785.21
11389,AC00011389,10,4,saving,Closed,2024-01-31,35210.35
11390,AC00011390,90,1,saving,Dormant,2026-08-06,455668.8
11391,AC00011391,5,4,saving,active,2026-01-15,363196.29
11392,AC00011392,14,3,Fixed Deposit,Active,2024-04-26,82754.69
11393,AC00011393,97,4,saving,Dormant,2024-06-28,138436.74
11394,AC00011394,15,3,CURRENT,Dormant,2022-09-04,338775.72
11395,AC00011395,49,1,saving,Active,2026-01-13,151528.75
11396,AC00011396,22,3,Savings,Inactive,2023-09-17,173832.27
11397,AC00011397,56,2,Current,active,2023-05-01,92471.17
11398,AC00011398,3,1,Fixed Deposit,active,2023-11-24,68649.26
11399,AC00011399,22,2,Current,Dormant,2024-04-05,4007.89
11400,AC00011400,73,2,saving,Dormant,2022-10-19,210164.94
11401,AC00011401,48,1,Fixed Deposit,Closed,2024-07-11,201888.25
11402,AC00011402,32,3,CURRENT,Active,2022-09-06,293530.71
11403,AC00011403,36,2,Savings,active,2026-07-05,387653.97
11404,AC00011404,92,4,saving,Dormant,2025-06-04,346687.02
11405,AC00011405,53,4,Savings,Dormant,2023-08-10,265975.25
11406,AC00011406,81,4,CURRENT,Active,2025-03-02,25551.49
11407,AC00011407,84,4,Savings,active,2025-08-30,324049.78
11408,AC00011408,1,4,Fixed Deposit,Inactive,2025-10-19,211794.11
11409,AC00011409,53,2,Savings,Dormant,2022-09-06,350783.14
11410,AC00011410,17,3,Fixed Deposit,Closed,2022-10-22,70640.25
11411,AC00011411,63,3,Savings,Closed,2026-02-08,43393.88
11412,AC00011412,59,1,saving,Closed,2024-03-20,474695.12
11413,AC00011413,28,3,Fixed Deposit,Inactive,2026-05-22,7478.85
11414,AC00011414,1,3,saving,Active,2025-06-27,347566.07
11415,AC00011415,95,3,Fixed Deposit,Dormant,2022-12-28,69234.9
11416,AC00011416,100,3,Current,Dormant,2024-04-23,381276.09
11417,AC00011417,67,4,Current,Active,2022-09-02,261843.74
11418,AC00011418,16,3,CURRENT,Dormant,2023-01-23,353357.86
11419,AC00011419,5,1,saving,Closed,2024-07-12,317101.88
11420,AC00011420,53,1,CURRENT,Closed,2026-05-02,231813.97
11421,AC00011421,41,4,Current,Inactive,2025-04-14,109696.11
11422,AC00011422,95,2,CURRENT,Dormant,2023-02-02,36479.82
11423,AC00011423,29,2,saving,active,2025-02-19,120627.17
11424,AC00011424,40,1,saving,Inactive,2023-02-12,110574.11
11425,AC00011425,7,3,saving,Closed,2025-09-26,208949.55
11426,AC00011426,38,3,Current,active,2025-10-29,233053.3
11427,AC00011427,31,4,CURRENT,Dormant,2026-04-12,12284.26
11428,AC00011428,79,2,Fixed Deposit,Closed,2025-04-05,324826.21
11429,AC00011429,89,3,Fixed Deposit,Dormant,2024-10-29,107306.65
11430,AC00011430,79,4,Fixed Deposit,Closed,2026-02-20,296247.77
11431,AC00011431,77,1,saving,Dormant,2023-10-13,319271.71
11432,AC00011432,47,2,CURRENT,active,2025-05-24,78241.89
11433,AC00011433,95,1,Current,active,2026-04-05,489779.06
11434,AC00011434,43,1,Savings,Inactive,2023-01-17,246271.41
11435,AC00011435,70,2,Current,Closed,2023-06-20,267343.8
11436,AC00011436,9,4,Current,Inactive,2025-02-10,331337.73
11437,AC00011437,92,1,Savings,active,2024-01-27,40866.74
11438,AC00011438,13,1,Current,Closed,2025-05-07,38199.04
11439,AC00011439,12,3,CURRENT,Dormant,2023-11-10,235872.12
11440,AC00011440,12,2,Fixed Deposit,Dormant,2023-10-31,305308.29
11441,AC00011441,45,4,saving,Dormant,2025-04-22,298339.9
11442,AC00011442,95,1,Current,active,2023-09-02,314895.66
11443,AC00011443,18,1,Savings,Closed,2023-01-13,360978.19
11444,AC00011444,33,2,Savings,Active,2023-08-14,285066.8
11445,AC00011445,17,4,CURRENT,Dormant,2023-08-11,384257.27
11446,AC00011446,82,4,CURRENT,Inactive,2023-11-16,6405.02
11447,AC00011447,5,4,saving,Dormant,2022-10-07,365096.61
11448,AC00011448,6,1,Current,Active,2026-01-22,266720.59
11449,AC00011449,63,4,Current,Dormant,2025-05-31,399442.34
11450,AC00011450,80,3,Fixed Deposit,Active,2023-09-18,377536.36
11451,AC00011451,55,3,Savings,Dormant,2022-10-03,4461.26
11452,AC00011452,97,3,CURRENT,Dormant,2023-07-27,485557.68
11453,AC00011453,74,3,saving,active,2025-03-22,392823.41
11454,AC00011454,14,4,Current,Dormant,2025-12-04,407127.68
11455,AC00011455,22,3,CURRENT,Dormant,2025-09-01,399230.25
11456,AC00011456,25,3,CURRENT,active,2023-08-25,148904.15
11457,AC00011457,51,4,Savings,Closed,2024-05-01,280273.86
11458,AC00011458,51,2,Current,Active,2023-01-21,195771.85
11459,AC00011459,86,1,CURRENT,Inactive,2023-07-01,57117.42
11460,AC00011460,45,1,saving,Dormant,2024-03-09,310469.34
11461,AC00011461,35,4,Current,Closed,2023-12-19,322079.59
11462,AC00011462,43,2,CURRENT,Inactive,2023-10-16,56867.1
11463,AC00011463,54,4,Savings,Inactive,2026-07-09,90390.64
11464,AC00011464,14,2,Savings,Closed,2026-07-08,40904.05
11465,AC00011465,19,2,Savings,Dormant,2025-03-23,342036.11
11466,AC00011466,41,4,Fixed Deposit,Closed,2026-02-22,108936.4
11467,AC00011467,27,3,Savings,active,2024-04-06,188382.74
11468,AC00011468,23,4,saving,Inactive,2022-10-04,459803.19
11469,AC00011469,17,3,CURRENT,Closed,2023-09-12,114585.07
11470,AC00011470,7,3,CURRENT,Inactive,2024-09-16,457642.94
11471,AC00011471,37,3,CURRENT,active,2025-06-03,22153.65
11472,AC00011472,53,3,saving,Closed,2025-11-04,401592.27
11473,AC00011473,79,1,saving,Inactive,2023-06-07,277444.04
11474,AC00011474,59,3,saving,active,2025-09-19,481219.3
11475,AC00011475,89,2,Current,active,2023-10-25,29842.51
11476,AC00011476,26,4,Fixed Deposit,Dormant,2025-01-29,370174.22
11477,AC00011477,45,2,saving,Closed,2023-11-29,173825.57
11478,AC00011478,19,4,Fixed Deposit,Closed,2024-12-29,121727.48
11479,AC00011479,16,2,Current,Dormant,2022-11-05,188800.01
11480,AC00011480,50,2,Current,Active,2025-07-19,12546.64
11481,AC00011481,33,3,Fixed Deposit,Dormant,2026-04-01,127542.24
11482,AC00011482,75,3,Fixed Deposit,Inactive,2023-05-04,461766.24
11483,AC00011483,97,1,saving,Closed,2026-02-17,228402.94
11484,AC00011484,95,3,saving,active,2025-03-26,265099.89
11485,AC00011485,33,3,CURRENT,Closed,2023-02-23,237019.5
11486,AC00011486,39,1,CURRENT,Active,2025-02-27,83961.01
11487,AC00011487,69,1,CURRENT,Closed,2025-02-26,233834.74
11488,AC00011488,15,2,CURRENT,Dormant,2024-03-06,39270.14
11489,AC00011489,57,3,saving,Dormant,2022-09-25,182029.47
11490,AC00011490,17,3,Current,Closed,2023-03-19,399687.75
11491,AC00011491,61,3,Fixed Deposit,Dormant,2025-01-16,122603.99
11492,AC00011492,58,3,Current,Active,2022-11-07,220091.15
11493,AC00011493,55,1,Savings,Inactive,2023-11-21,325280.07
11494,AC00011494,27,3,Savings,Active,2023-10-14,440390.51
11495,AC00011495,79,4,saving,Active,2025-04-04,52432.65
11496,AC00011496,11,3,Fixed Deposit,active,2024-02-29,447951.65
11497,AC00011497,41,1,saving,Inactive,2025-07-14,459137.91
11498,AC00011498,97,4,Fixed Deposit,Active,2025-02-16,164652.73
11499,AC00011499,61,4,Current,Active,2026-01-07,140366.04
11500,AC00011500,33,4,saving,Closed,2023-02-16,342204.74
11501,AC00011501,59,2,Savings,active,2025-08-13,74118.84
11502,AC00011502,3,2,CURRENT,Dormant,2023-05-07,475049.94
11503,AC00011503,67,4,Savings,Active,2025-10-01,70906.56
11504,AC00011504,6,3,saving,Inactive,2022-11-28,358755.84
11505,AC00011505,55,2,saving,Dormant,2023-07-26,371057.62
11506,AC00011506,1,1,Savings,Closed,2023-05-22,16051.4
11507,AC00011507,77,1,CURRENT,Closed,2022-09-20,282292.78
11508,AC00011508,34,2,Fixed Deposit,Dormant,2022-10-30,429580.02
11509,AC00011509,23,3,Current,Closed,2024-07-06,313700.65
11510,AC00011510,69,3,saving,Closed,2026-02-28,135181.12
11511,AC00011511,66,4,Fixed Deposit,Dormant,2025-09-06,437878.06
11512,AC00011512,74,1,Savings,Inactive,2025-01-04,184851.45
11513,AC00011513,81,1,CURRENT,Inactive,2023-02-06,496282.16
11514,AC00011514,100,2,CURRENT,active,2022-09-19,320614.33
11515,AC00011515,52,4,Fixed Deposit,active,2023-02-13,33896.59
11516,AC00011516,6,3,saving,active,2023-11-18,414936.19
11517,AC00011517,14,4,saving,Closed,2026-02-06,370864.16
11518,AC00011518,49,4,Fixed Deposit,active,2025-10-19,52991.41
11519,AC00011519,38,3,CURRENT,Dormant,2025-09-20,73940.93
11520,AC00011520,61,2,Savings,Active,2023-04-16,334691.69
11521,AC00011521,13,3,Current,active,2023-03-02,59290.82
11522,AC00011522,80,2,Savings,active,2025-10-29,183051.29
11523,AC00011523,71,1,Savings,Active,2024-01-23,245206.1
11524,AC00011524,39,4,Current,Closed,2026-03-03,393518.22
11525,AC00011525,46,3,Current,Closed,2023-02-22,88484.42
11526,AC00011526,71,1,CURRENT,Inactive,2024-09-20,453592.29
11527,AC00011527,40,4,CURRENT,Inactive,2024-11-28,471377.77
11528,AC00011528,71,2,CURRENT,Dormant,2024-07-07,327695.81
11529,AC00011529,74,1,Current,Active,2024-02-21,374689.49
11530,AC00011530,49,1,Current,active,2025-02-03,484875.16
11531,AC00011531,99,3,CURRENT,active,2024-07-03,291095.76
11532,AC00011532,88,1,Savings,Closed,2026-06-29,407784.22
11533,AC00011533,33,3,CURRENT,Active,2023-11-15,170530.74
11534,AC00011534,54,4,CURRENT,active,2025-11-29,99842.45
11535,AC00011535,69,3,Savings,active,2026-02-06,316974.7
11536,AC00011536,60,1,Savings,Active,2023-03-18,174507.56
11537,AC00011537,41,3,CURRENT,active,2023-03-30,241029.64
11538,AC00011538,80,1,Current,Inactive,2025-04-28,360162.66
11539,AC00011539,52,2,Fixed Deposit,Closed,2024-03-21,223590.52
11540,AC00011540,64,3,Fixed Deposit,Closed,2023-11-13,367570.12
11541,AC00011541,5,1,Current,Inactive,2024-11-25,124012.89
11542,AC00011542,7,1,Current,Closed,2025-04-27,150376.28
11543,AC00011543,89,1,Fixed Deposit,Active,2024-03-15,270553.94
11544,AC00011544,8,1,CURRENT,Closed,2023-01-31,383988.47
11545,AC00011545,7,3,Savings,Active,2025-06-28,425435.49
11546,AC00011546,40,3,Savings,Inactive,2024-03-16,23215.6
11547,AC00011547,60,3,Savings,Inactive,2024-10-10,90090.0
11548,AC00011548,67,4,CURRENT,Active,2023-02-05,400623.42
11549,AC00011549,73,2,CURRENT,Active,2025-08-12,467362.07
11550,AC00011550,84,1,CURRENT,Active,2024-06-25,103337.63
11551,AC00011551,74,2,Savings,Active,2025-06-02,100086.54
11552,AC00011552,66,3,saving,Inactive,2022-10-12,448689.47
11553,AC00011553,82,1,Current,active,2024-09-14,108624.22
11554,AC00011554,43,3,saving,Inactive,2025-05-09,287228.56
11555,AC00011555,27,3,Fixed Deposit,active,2026-04-03,142670.22
11556,AC00011556,12,2,saving,Inactive,2023-05-19,271820.99
11557,AC00011557,52,4,Savings,Active,2023-05-19,266777.28
11558,AC00011558,37,3,Current,Closed,2025-12-02,275773.85
11559,AC00011559,53,2,Current,Dormant,2025-03-07,112150.81
11560,AC00011560,14,1,Current,Dormant,2025-01-30,446637.59
11561,AC00011561,16,1,Fixed Deposit,Active,2024-11-18,321825.12
11562,AC00011562,86,1,Current,Inactive,2025-12-09,19453.05
11563,AC00011563,90,1,Current,Closed,2024-05-27,304870.87
11564,AC00011564,42,2,Current,active,2026-07-15,436808.36
11565,AC00011565,82,4,Current,Closed,2025-09-20,411756.8
11566,AC00011566,54,1,Savings,Dormant,2023-08-04,245746.84
11567,AC00011567,51,3,saving,Dormant,2024-03-02,4084.99
11568,AC00011568,9,2,Savings,Closed,2025-04-13,144571.19
11569,AC00011569,37,4,Savings,active,2022-10-23,137403.99
11570,AC00011570,71,4,Fixed Deposit,Active,2026-05-20,396674.21
11571,AC00011571,65,3,Savings,active,2023-07-30,445252.02
11572,AC00011572,63,1,saving,Dormant,2025-12-11,418850.2
11573,AC00011573,41,4,CURRENT,Active,2026-03-31,484745.6
11574,AC00011574,53,1,CURRENT,active,2023-06-27,73182.8
11575,AC00011575,43,3,Current,Active,2024-02-01,201106.72
11576,AC00011576,49,1,CURRENT,active,2022-11-04,337154.83
11577,AC00011577,43,3,saving,Dormant,2024-10-08,439565.66
11578,AC00011578,44,4,saving,Inactive,2025-04-21,33251.22
11579,AC00011579,41,2,saving,Closed,2023-08-23,225517.74
11580,AC00011580,31,4,Savings,Dormant,2024-03-19,70111.39
11581,AC00011581,56,2,saving,Closed,2024-04-11,397964.06
11582,AC00011582,21,4,saving,Dormant,2023-04-15,87801.81
11583,AC00011583,17,1,CURRENT,Inactive,2025-03-12,173208.39
11584,AC00011584,67,1,Current,Dormant,2024-03-29,238326.1
11585,AC00011585,93,1,Savings,Dormant,2026-01-14,355469.75
11586,AC00011586,81,2,Savings,active,2024-02-16,272054.43
11587,AC00011587,10,1,Fixed Deposit,Inactive,2025-02-20,364452.89
11588,AC00011588,86,3,Fixed Deposit,Active,2025-11-02,465320.42
11589,AC00011589,45,1,saving,Inactive,2024-10-18,383947.69
11590,AC00011590,11,2,Current,Closed,2024-01-15,110521.56
11591,AC00011591,92,4,Fixed Deposit,Inactive,2022-10-15,269720.25
11592,AC00011592,36,1,Fixed Deposit,Dormant,2025-08-06,329885.0
11593,AC00011593,83,3,saving,active,2023-03-30,258786.51
11594,AC00011594,80,4,Fixed Deposit,Inactive,2026-06-19,174833.43
11595,AC00011595,46,1,Savings,Dormant,2024-05-23,268973.3
11596,AC00011596,11,4,Fixed Deposit,active,2025-05-24,11902.44
11597,AC00011597,51,3,Current,Inactive,2023-10-11,236149.89
11598,AC00011598,83,4,saving,Dormant,2025-04-29,44841.26
11599,AC00011599,62,1,saving,Closed,2025-08-27,241661.94
11600,AC00011600,79,1,CURRENT,Active,2025-08-11,236709.07
11601,AC00011601,39,2,Fixed Deposit,Dormant,2024-11-29,255515.27
11602,AC00011602,49,4,CURRENT,active,2025-03-15,271523.54
11603,AC00011603,72,2,CURRENT,active,2023-04-13,269576.51
11604,AC00011604,85,2,Savings,Inactive,2026-02-15,460901.8
11605,AC00011605,45,3,Fixed Deposit,Closed,2025-08-23,66770.44
11606,AC00011606,84,1,saving,Inactive,2024-05-11,239978.92
11607,AC00011607,52,4,saving,Active,2024-09-03,155428.7
11608,AC00011608,41,1,Savings,Closed,2025-04-25,88690.71
11609,AC00011609,50,2,saving,Closed,2022-08-30,2502.09
11610,AC00011610,76,3,saving,active,2023-06-12,182683.98
11611,AC00011611,100,1,saving,Dormant,2024-03-06,102108.98
11612,AC00011612,63,4,CURRENT,Active,2024-12-12,418340.06
11613,AC00011613,47,1,Current,Active,2023-10-28,6826.32
11614,AC00011614,40,3,saving,active,2026-06-18,285949.61
11615,AC00011615,51,2,Savings,Inactive,2023-05-18,134134.89
11616,AC00011616,26,2,saving,Active,2026-08-06,125908.21
11617,AC00011617,34,4,Current,active,2023-03-08,456335.4
11618,AC00011618,55,2,CURRENT,Closed,2023-01-31,244885.48
11619,AC00011619,33,3,Fixed Deposit,active,2025-07-09,78460.92
11620,AC00011620,44,3,saving,Inactive,2024-01-08,269904.02
11621,AC00011621,69,1,Savings,Closed,2026-06-28,421186.63
11622,AC00011622,5,3,saving,Active,2023-11-13,147782.05
11623,AC00011623,12,2,saving,Inactive,2025-05-08,113383.57
11624,AC00011624,16,2,Current,Dormant,2022-11-19,99294.44
11625,AC00011625,67,4,Savings,Closed,2025-11-19,130613.36
11626,AC00011626,70,2,CURRENT,Dormant,2023-11-20,340480.6
11627,AC00011627,83,4,saving,Dormant,2026-02-26,56627.07
11628,AC00011628,96,1,saving,active,2026-03-25,183952.59
11629,AC00011629,43,2,Savings,Inactive,2025-03-02,202248.4
11630,AC00011630,55,2,Fixed Deposit,Closed,2023-12-22,310789.01
11631,AC00011631,20,1,saving,Closed,2026-03-07,3548.14
11632,AC00011632,97,4,Savings,Inactive,2025-01-29,170068.24
11633,AC00011633,75,4,saving,Inactive,2025-11-28,234753.72
11634,AC00011634,16,2,Fixed Deposit,Dormant,2023-06-03,131388.73
11635,AC00011635,90,4,Savings,Closed,2023-03-19,276589.22
11636,AC00011636,66,3,Current,active,2023-03-07,364865.27
11637,AC00011637,25,2,Fixed Deposit,Dormant,2022-11-15,287102.09
11638,AC00011638,29,3,Current,active,2024-07-09,364603.41
11639,AC00011639,33,2,CURRENT,Active,2026-02-07,319810.94
11640,AC00011640,9,3,Current,active,2024-05-03,72031.27
11641,AC00011641,55,4,Savings,Dormant,2024-09-20,102370.2
11642,AC00011642,65,4,Savings,Inactive,2023-05-06,188309.15
11643,AC00011643,40,1,saving,Dormant,2022-11-10,18122.08
11644,AC00011644,22,3,Fixed Deposit,Dormant,2024-04-24,52595.9
11645,AC00011645,81,4,Fixed Deposit,Inactive,2025-12-10,384476.77
11646,AC00011646,32,3,CURRENT,Dormant,2025-03-31,301093.49
11647,AC00011647,93,4,Savings,Inactive,2024-12-03,473451.75
11648,AC00011648,59,3,Fixed Deposit,active,2022-10-29,217652.25
11649,AC00011649,39,4,Current,active,2024-04-09,173975.89
11650,AC00011650,58,1,saving,Dormant,2023-01-22,179479.32
11651,AC00011651,63,4,CURRENT,Dormant,2024-09-09,241500.07
11652,AC00011652,82,4,CURRENT,active,2025-08-11,173122.5
11653,AC00011653,9,2,Fixed Deposit,Closed,2025-04-19,187775.48
11654,AC00011654,100,4,CURRENT,Closed,2023-10-30,376155.84
11655,AC00011655,49,1,saving,active,2025-07-08,362020.36
11656,AC00011656,60,3,Savings,Inactive,2023-01-15,421787.64
11657,AC00011657,35,1,CURRENT,Inactive,2025-05-03,81478.87
11658,AC00011658,76,3,Savings,Dormant,2022-11-05,111009.85
11659,AC00011659,29,3,saving,Closed,2025-08-10,260941.04
11660,AC00011660,55,2,Fixed Deposit,Closed,2026-08-02,381768.59
11661,AC00011661,77,1,CURRENT,Inactive,2024-05-02,9678.62
11662,AC00011662,54,3,saving,Dormant,2023-04-12,388292.56
11663,AC00011663,81,2,Fixed Deposit,active,2025-09-03,211467.78
11664,AC00011664,23,4,Current,Inactive,2024-01-30,481814.59
11665,AC00011665,95,2,CURRENT,Closed,2022-11-18,44867.96
11666,AC00011666,27,4,saving,Active,2024-10-04,165284.1
11667,AC00011667,44,3,CURRENT,Inactive,2024-07-07,12376.54
11668,AC00011668,98,1,Savings,active,2024-09-18,114736.26
11669,AC00011669,11,1,Fixed Deposit,Inactive,2026-06-25,470306.41
11670,AC00011670,94,3,CURRENT,Inactive,2026-07-14,167931.72
11671,AC00011671,84,4,CURRENT,active,2025-11-19,48277.45
11672,AC00011672,25,2,Savings,Dormant,2025-03-02,250438.27
11673,AC00011673,15,2,saving,Active,2023-09-22,365033.95
11674,AC00011674,79,2,Savings,Closed,2025-08-07,364994.44
11675,AC00011675,45,4,saving,Closed,2023-11-06,52594.03
11676,AC00011676,82,4,saving,Closed,2023-07-12,348045.44
11677,AC00011677,44,2,Current,Closed,2022-09-30,126958.83
11678,AC00011678,79,3,Savings,active,2024-12-09,460577.93
11679,AC00011679,55,3,Fixed Deposit,Closed,2023-01-22,314915.2
11680,AC00011680,53,1,Savings,Inactive,2023-08-31,64419.83
11681,AC00011681,1,4,Savings,Closed,2024-09-10,432104.82
11682,AC00011682,54,3,saving,Dormant,2023-12-19,120512.9
11683,AC00011683,12,2,Fixed Deposit,Active,2026-03-06,323350.71
11684,AC00011684,20,4,Current,Dormant,2026-01-03,110147.54
11685,AC00011685,99,3,Savings,Dormant,2026-08-08,217477.71
11686,AC00011686,44,1,Savings,Inactive,2022-12-13,353431.11
11687,AC00011687,58,2,CURRENT,Inactive,2022-11-14,389487.09
11688,AC00011688,55,1,Current,Closed,2026-07-04,271046.25
11689,AC00011689,48,2,Current,Closed,2023-10-29,41228.3
11690,AC00011690,19,4,Fixed Deposit,Dormant,2026-01-11,376988.4
11691,AC00011691,47,4,Current,Dormant,2023-01-31,127728.56
11692,AC00011692,73,1,CURRENT,Closed,2026-01-01,356382.04
11693,AC00011693,23,1,Savings,Closed,2026-01-10,195802.48
11694,AC00011694,26,3,saving,active,2024-07-17,89707.28
11695,AC00011695,87,4,Fixed Deposit,Inactive,2022-10-09,208990.33
11696,AC00011696,44,2,saving,Inactive,2024-11-09,180980.81
11697,AC00011697,67,4,Current,Active,2025-12-03,401618.32
11698,AC00011698,25,3,Fixed Deposit,Dormant,2025-05-07,320268.6
11699,AC00011699,6,2,CURRENT,active,2024-02-05,312231.98
11700,AC00011700,29,4,Savings,Active,2022-12-08,244870.62
11701,AC00011701,55,1,CURRENT,Inactive,2023-03-15,36918.08
11702,AC00011702,39,3,saving,Inactive,2024-09-25,418539.88
11703,AC00011703,2,2,saving,Active,2022-11-14,439474.56
11704,AC00011704,88,1,Savings,Active,2025-01-02,373625.08
11705,AC00011705,11,2,Fixed Deposit,Dormant,2025-08-07,193821.35
11706,AC00011706,35,1,Savings,active,2024-07-11,375208.72
11707,AC00011707,46,3,saving,Inactive,2023-03-10,48637.47
11708,AC00011708,3,4,Fixed Deposit,Active,2026-07-22,350357.39
11709,AC00011709,57,1,saving,Inactive,2025-04-10,492886.2
11710,AC00011710,71,4,Fixed Deposit,Dormant,2024-02-28,230717.12
11711,AC00011711,91,3,Fixed Deposit,Dormant,2026-05-07,143911.02
11712,AC00011712,63,1,Savings,Closed,2025-01-01,427705.18
11713,AC00011713,74,3,Fixed Deposit,Dormant,2023-08-11,495746.32
11714,AC00011714,75,1,Savings,Inactive,2023-06-09,495139.96
11715,AC00011715,66,1,Savings,Inactive,2023-07-24,340543.21
11716,AC00011716,36,4,Savings,Active,2024-11-25,70261.03
11717,AC00011717,62,4,Fixed Deposit,Dormant,2024-08-21,453162.01
11718,AC00011718,58,1,saving,active,2026-06-15,163263.78
11719,AC00011719,56,2,saving,Closed,2024-05-25,414656.81
11720,AC00011720,78,1,CURRENT,Inactive,2025-10-16,214693.96
11721,AC00011721,75,1,CURRENT,Active,2022-11-08,261763.1
11722,AC00011722,39,3,Fixed Deposit,active,2024-05-01,181294.48
11723,AC00011723,24,2,Fixed Deposit,active,2026-05-13,316199.61
11724,AC00011724,5,4,Current,Active,2023-07-11,297773.73
11725,AC00011725,84,1,Savings,Active,2024-07-23,368538.57
11726,AC00011726,10,1,CURRENT,Closed,2025-08-02,87316.28
11727,AC00011727,81,2,Current,Inactive,2024-09-06,66145.5
11728,AC00011728,48,1,Savings,Closed,2023-09-12,136812.83
11729,AC00011729,49,2,Current,Dormant,2026-07-07,96885.15
11730,AC00011730,71,1,Current,Active,2024-01-02,471181.04
11731,AC00011731,11,4,Savings,active,2026-05-30,191692.33
11732,AC00011732,59,4,Current,active,2025-07-03,96037.93
11733,AC00011733,93,3,Current,Dormant,2024-12-19,288988.08
11734,AC00011734,57,2,Current,Dormant,2026-06-29,63689.42
11735,AC00011735,75,3,Fixed Deposit,Active,2025-01-12,310885.39
11736,AC00011736,73,2,Fixed Deposit,Dormant,2026-03-20,223151.95
11737,AC00011737,73,3,CURRENT,Dormant,2026-01-23,383441.52
11738,AC00011738,27,1,Current,Dormant,2026-04-23,383860.08
11739,AC00011739,88,3,Current,Closed,2023-02-21,435050.29
11740,AC00011740,10,4,Current,Closed,2023-08-16,334635.88
11741,AC00011741,48,4,Fixed Deposit,active,2024-06-13,240920.58
11742,AC00011742,26,2,saving,Inactive,2026-07-04,35034.2
11743,AC00011743,40,1,saving,Dormant,2023-06-16,123309.29
11744,AC00011744,63,1,Fixed Deposit,Inactive,2023-02-27,172765.71
11745,AC00011745,68,3,Savings,Active,2024-05-24,158734.44
11746,AC00011746,90,2,Fixed Deposit,Closed,2024-08-07,159831.31
11747,AC00011747,22,3,Fixed Deposit,active,2023-03-31,316891.25
11748,AC00011748,62,3,Current,active,2025-01-08,259485.42
11749,AC00011749,48,4,Savings,Active,2025-09-18,317391.56
11750,AC00011750,90,4,Current,Active,2025-05-08,218029.79
11751,AC00011751,6,2,Current,Inactive,2026-01-07,316287.6
11752,AC00011752,12,1,Savings,Inactive,2025-04-22,108051.82
11753,AC00011753,47,4,saving,active,2025-08-17,14679.66
11754,AC00011754,16,1,Fixed Deposit,Inactive,2023-05-12,233042.09
11755,AC00011755,77,4,Savings,Dormant,2023-06-02,121168.45
11756,AC00011756,50,4,Fixed Deposit,active,2024-06-17,378860.54
11757,AC00011757,8,2,saving,Dormant,2026-03-12,343967.5
11758,AC00011758,21,4,Savings,Active,2024-08-15,133292.68
11759,AC00011759,71,4,Fixed Deposit,active,2025-11-18,29243.79
11760,AC00011760,39,1,Current,Inactive,2024-11-19,412052.16
11761,AC00011761,40,3,Fixed Deposit,Active,2023-07-19,169807.62
11762,AC00011762,78,2,Savings,active,2024-02-14,496595.6
11763,AC00011763,76,1,Current,active,2024-01-17,195470.87
11764,AC00011764,82,1,CURRENT,Dormant,2026-03-26,143789.0
11765,AC00011765,71,1,saving,Inactive,2022-10-18,382862.78
11766,AC00011766,13,4,CURRENT,Closed,2025-07-16,48717.59
11767,AC00011767,55,4,CURRENT,Active,2024-08-15,477961.16
11768,AC00011768,28,1,Fixed Deposit,active,2026-04-27,456761.04
11769,AC00011769,35,3,saving,Dormant,2025-11-18,453075.75
11770,AC00011770,74,1,Savings,active,2025-02-22,377212.45
11771,AC00011771,49,3,Savings,Inactive,2024-04-27,399600.35
11772,AC00011772,71,2,CURRENT,Inactive,2023-05-20,267702.88
11773,AC00011773,94,3,CURRENT,Closed,2026-03-16,122100.65
11774,AC00011774,22,2,Current,Inactive,2025-01-20,422772.74
11775,AC00011775,63,1,Current,active,2022-08-29,219941.7
11776,AC00011776,12,4,Savings,Dormant,2023-09-09,315954.16
11777,AC00011777,71,3,Savings,Active,2025-11-21,424607.39
11778,AC00011778,23,1,saving,Inactive,2023-12-16,81063.17
11779,AC00011779,82,1,Fixed Deposit,Inactive,2026-05-06,401549.5
11780,AC00011780,83,3,CURRENT,Inactive,2022-10-27,434659.05
11781,AC00011781,28,2,Savings,Inactive,2025-11-13,497168.73
11782,AC00011782,76,2,saving,active,2022-11-03,10899.47
11783,AC00011783,85,4,CURRENT,Dormant,2024-11-27,353871.41
11784,AC00011784,55,1,saving,Closed,2025-10-27,414071.25
11785,AC00011785,65,2,Current,Inactive,2025-04-19,157163.33
11786,AC00011786,91,2,Savings,Active,2023-06-18,87222.03
11787,AC00011787,22,4,Savings,Dormant,2026-03-12,132020.99
11788,AC00011788,29,4,Current,Active,2023-09-18,222925.72
11789,AC00011789,14,2,CURRENT,active,2023-09-02,472372.95
11790,AC00011790,48,2,Current,Closed,2024-06-17,66121.77
11791,AC00011791,26,3,CURRENT,Active,2022-11-04,171316.49
11792,AC00011792,72,2,Fixed Deposit,Inactive,2025-01-25,55901.04
11793,AC00011793,35,4,Fixed Deposit,Dormant,2023-11-02,484378.84
11794,AC00011794,28,4,saving,Dormant,2025-03-22,68748.27
11795,AC00011795,76,2,Savings,Dormant,2026-01-06,321432.06
11796,AC00011796,87,1,saving,Active,2023-09-16,87671.51
11797,AC00011797,23,2,Fixed Deposit,Closed,2024-02-20,248825.66
11798,AC00011798,37,3,Current,Inactive,2022-12-10,100243.02
11799,AC00011799,81,4,Current,Closed,2024-05-24,159020.05
11800,AC00011800,48,1,saving,Active,2024-08-21,12011.35
11801,AC00011801,88,2,saving,Active,2026-04-16,212592.17
11802,AC00011802,80,1,Fixed Deposit,Active,2026-05-15,40528.93
11803,AC00011803,7,2,Current,active,2022-09-26,152492.16
11804,AC00011804,35,3,Savings,Dormant,2026-06-04,326960.83
11805,AC00011805,73,2,Savings,Closed,2025-03-10,55889.19
11806,AC00011806,7,4,Current,Dormant,2023-12-13,311414.5
11807,AC00011807,65,3,Savings,active,2023-02-07,232181.92
11808,AC00011808,95,4,Fixed Deposit,Dormant,2024-02-17,391475.34
11809,AC00011809,50,1,Fixed Deposit,active,2026-01-12,339086.39
11810,AC00011810,85,3,saving,Active,2024-02-02,27093.76
11811,AC00011811,44,2,CURRENT,Closed,2022-08-19,495269.49
11812,AC00011812,34,3,Fixed Deposit,Inactive,2023-03-15,128655.5
11813,AC00011813,54,1,Current,Dormant,2023-02-02,464745.57
11814,AC00011814,50,4,saving,Dormant,2024-09-29,423839.37
11815,AC00011815,25,2,Current,Closed,2025-02-12,2965.11
11816,AC00011816,16,2,Fixed Deposit,Active,2023-08-19,395735.48
11817,AC00011817,69,3,Current,Closed,2024-04-13,283847.94
11818,AC00011818,54,3,Fixed Deposit,Closed,2024-10-30,88501.66
11819,AC00011819,25,2,Current,Dormant,2024-03-23,262857.01
11820,AC00011820,80,4,Fixed Deposit,active,2023-01-17,23965.73
11821,AC00011821,63,1,saving,Closed,2023-01-22,113056.46
11822,AC00011822,72,4,Current,Closed,2025-10-08,186011.39
11823,AC00011823,35,4,Savings,Active,2023-11-30,222817.48
11824,AC00011824,19,3,Savings,Dormant,2023-11-11,270983.11
11825,AC00011825,37,1,Fixed Deposit,active,2024-02-04,457970.19
11826,AC00011826,39,4,Current,Dormant,2024-09-18,181980.93
11827,AC00011827,22,4,Fixed Deposit,Active,2024-07-17,207864.58
11828,AC00011828,37,4,saving,active,2026-01-15,369211.65
11829,AC00011829,56,4,Current,Dormant,2025-04-16,33250.92
11830,AC00011830,54,2,Fixed Deposit,active,2022-10-28,107731.29
11831,AC00011831,89,4,Current,Closed,2025-09-13,217455.96
11832,AC00011832,57,2,Fixed Deposit,Dormant,2025-11-01,194218.45
11833,AC00011833,8,4,Current,active,2026-01-22,148997.36
11834,AC00011834,77,2,Savings,Dormant,2023-01-01,54781.68
11835,AC00011835,3,4,Fixed Deposit,active,2024-07-01,319305.64
11836,AC00011836,26,3,saving,Closed,2023-11-23,461133.5
11837,AC00011837,23,2,Savings,Dormant,2024-10-05,357244.95
11838,AC00011838,69,1,Current,Inactive,2025-12-25,24796.7
11839,AC00011839,88,2,Fixed Deposit,Active,2022-10-23,41622.29
11840,AC00011840,90,4,Current,Closed,2024-12-10,427548.31
11841,AC00011841,44,2,Savings,Closed,2022-11-15,424394.23
11842,AC00011842,11,2,CURRENT,active,2026-03-23,357401.07
11843,AC00011843,67,3,Current,Inactive,2023-03-31,338768.28
11844,AC00011844,92,4,CURRENT,Dormant,2023-07-31,447076.52
11845,AC00011845,35,2,Current,active,2026-07-26,135307.29
11846,AC00011846,80,2,CURRENT,Active,2026-05-04,439342.92
11847,AC00011847,2,4,CURRENT,Inactive,2026-06-20,407976.73
11848,AC00011848,90,4,Fixed Deposit,Closed,2025-03-20,477031.19
11849,AC00011849,35,1,Fixed Deposit,active,2026-06-10,280251.11
11850,AC00011850,4,1,Current,Inactive,2023-10-10,404756.15
11851,AC00011851,91,2,Savings,Closed,2024-09-06,425925.28
11852,AC00011852,31,1,Savings,Dormant,2026-03-21,14851.67
11853,AC00011853,73,2,Savings,Active,2023-02-15,482513.91
11854,AC00011854,75,3,Savings,Inactive,2026-05-13,325989.05
11855,AC00011855,20,4,Current,active,2025-09-12,239938.37
11856,AC00011856,94,1,saving,Active,2024-08-10,191438.71
11857,AC00011857,15,3,Savings,Inactive,2026-05-01,169718.0
11858,AC00011858,31,2,CURRENT,Active,2023-11-21,229437.73
11859,AC00011859,100,1,Fixed Deposit,active,2023-12-20,301381.34
11860,AC00011860,71,3,Fixed Deposit,Dormant,2026-07-08,481572.76
11861,AC00011861,1,3,Savings,Dormant,2023-09-24,151334.54
11862,AC00011862,43,3,CURRENT,Closed,2023-07-04,430174.45
11863,AC00011863,97,1,Fixed Deposit,Active,2025-05-15,89414.49
11864,AC00011864,73,3,Current,Inactive,2025-09-05,173358.39
11865,AC00011865,1,1,Savings,Closed,2025-01-10,264206.39
11866,AC00011866,46,3,saving,Dormant,2025-10-19,135913.92
11867,AC00011867,58,4,Savings,Closed,2025-05-07,264148.88
11868,AC00011868,97,3,Current,Inactive,2023-01-29,204027.54
11869,AC00011869,17,1,CURRENT,active,2024-05-18,401693.83
11870,AC00011870,10,2,Current,Inactive,2025-03-19,257844.94
11871,AC00011871,10,2,Fixed Deposit,Inactive,2023-04-05,82319.46
11872,AC00011872,55,3,Savings,Dormant,2024-08-06,5106.45
11873,AC00011873,70,2,saving,Active,2022-09-11,468964.51
11874,AC00011874,90,4,saving,Active,2024-07-04,404640.73
11875,AC00011875,68,2,CURRENT,Inactive,2023-09-24,311591.18
11876,AC00011876,10,3,Fixed Deposit,active,2022-11-24,383084.99
11877,AC00011877,80,3,Current,Inactive,2023-08-25,53214.72
11878,AC00011878,74,4,saving,Inactive,2024-12-05,357731.77
11879,AC00011879,93,4,Current,Active,2025-03-26,371831.89
11880,AC00011880,29,2,Savings,Active,2024-10-30,481871.17
11881,AC00011881,81,3,Savings,Inactive,2022-11-14,281977.87
11882,AC00011882,37,2,Current,Active,2024-04-27,445845.59
11883,AC00011883,94,1,Fixed Deposit,Inactive,2025-12-29,282311.26
11884,AC00011884,21,4,Fixed Deposit,Inactive,2022-12-02,149905.91
11885,AC00011885,61,1,Fixed Deposit,active,2026-06-23,76977.24
11886,AC00011886,44,4,Current,active,2024-01-03,373770.77
11887,AC00011887,11,3,saving,Inactive,2023-02-18,57790.18
11888,AC00011888,78,2,saving,Active,2025-10-08,113073.49
11889,AC00011889,72,3,saving,Dormant,2024-05-01,207932.47
11890,AC00011890,6,2,Savings,Closed,2026-06-01,483464.2
11891,AC00011891,4,2,Fixed Deposit,Closed,2025-07-03,397976.13
11892,AC00011892,15,1,CURRENT,active,2025-11-30,367559.21
11893,AC00011893,51,2,Current,Closed,2025-12-23,191345.42
11894,AC00011894,37,4,Fixed Deposit,Inactive,2024-07-21,59261.04
11895,AC00011895,36,3,saving,Dormant,2025-11-12,338691.15
11896,AC00011896,39,3,saving,Active,2023-05-11,409147.1
11897,AC00011897,81,3,CURRENT,Active,2026-05-30,47189.33
11898,AC00011898,73,4,Savings,Active,2022-09-27,285777.76
11899,AC00011899,89,4,saving,Inactive,2024-08-21,272139.4
11900,AC00011900,90,4,Fixed Deposit,Dormant,2024-07-27,324877.75
11901,AC00011901,44,2,Current,Inactive,2024-04-23,343029.05
11902,AC00011902,77,3,CURRENT,Active,2026-02-01,92832.58
11903,AC00011903,20,4,saving,Closed,2022-12-13,36171.86
11904,AC00011904,92,2,Savings,Active,2025-12-31,252286.45
11905,AC00011905,83,2,CURRENT,Active,2023-05-10,439552.87
11906,AC00011906,17,4,saving,Dormant,2024-04-26,115539.32
11907,AC00011907,72,2,Savings,Active,2025-05-30,114001.35
11908,AC00011908,76,3,saving,Inactive,2022-09-07,309132.0
11909,AC00011909,71,2,Current,Dormant,2023-03-25,51217.08
11910,AC00011910,88,3,Savings,Dormant,2024-06-08,299988.54
11911,AC00011911,9,1,Savings,Inactive,2025-05-26,426233.44
11912,AC00011912,53,4,saving,Active,2025-03-20,379822.94
11913,AC00011913,56,2,Current,Dormant,2026-01-14,461815.35
11914,AC00011914,66,3,Fixed Deposit,Closed,2023-06-12,401547.39
11915,AC00011915,61,4,Savings,Inactive,2023-01-08,197988.46
11916,AC00011916,13,2,Current,Closed,2026-02-02,499021.43
11917,AC00011917,79,2,CURRENT,Inactive,2022-09-12,104985.25
11918,AC00011918,84,1,Fixed Deposit,active,2026-04-17,436338.38
11919,AC00011919,57,3,saving,Closed,2025-12-02,133188.71
11920,AC00011920,43,4,CURRENT,Closed,2023-02-09,495529.8
11921,AC00011921,59,4,Current,Closed,2024-03-22,327258.02
11922,AC00011922,55,2,Fixed Deposit,Inactive,2025-06-28,175537.14
11923,AC00011923,45,4,Fixed Deposit,active,2023-10-14,86804.38
11924,AC00011924,92,2,CURRENT,Dormant,2023-09-25,45326.45
11925,AC00011925,42,1,Current,Closed,2026-04-25,29081.49
11926,AC00011926,34,4,Current,Closed,2023-08-12,221285.46
11927,AC00011927,11,4,saving,active,2024-10-23,77808.54
11928,AC00011928,20,3,Savings,Inactive,2025-09-11,456917.07
11929,AC00011929,97,1,CURRENT,active,2023-02-22,92430.93
11930,AC00011930,60,1,Fixed Deposit,Closed,2025-02-04,374946.29
11931,AC00011931,22,2,saving,Dormant,2023-05-27,358847.75
11932,AC00011932,86,2,CURRENT,Closed,2025-02-14,308430.59
11933,AC00011933,58,1,Current,Active,2023-05-03,45410.63
11934,AC00011934,7,4,CURRENT,active,2026-05-04,120271.08
11935,AC00011935,43,1,saving,Dormant,2024-08-16,186216.69
11936,AC00011936,18,2,Savings,Inactive,2025-09-17,340886.42
11937,AC00011937,58,2,Fixed Deposit,active,2024-05-09,445957.8
11938,AC00011938,96,4,saving,active,2022-12-19,51729.65
11939,AC00011939,46,3,saving,Closed,2023-06-29,350410.45
11940,AC00011940,62,3,saving,Active,2023-10-29,283951.7
11941,AC00011941,47,1,Savings,Dormant,2025-01-26,279632.7
11942,AC00011942,75,2,Fixed Deposit,Active,2026-07-21,59980.48
11943,AC00011943,51,2,saving,Closed,2025-02-01,36787.54
11944,AC00011944,75,1,Current,active,2025-05-02,283998.2
11945,AC00011945,7,4,saving,Inactive,2024-07-12,71864.59
11946,AC00011946,89,3,Savings,Closed,2024-06-25,317589.88
11947,AC00011947,10,3,Savings,Dormant,2023-05-06,460573.37
11948,AC00011948,96,4,Current,active,2024-04-13,378985.1
11949,AC00011949,60,2,saving,Inactive,2026-08-05,420727.94
11950,AC00011950,13,1,Current,Dormant,2023-10-13,176981.92
11951,AC00011951,99,4,Fixed Deposit,active,2025-03-28,399325.29
11952,AC00011952,88,1,saving,Dormant,2025-09-17,267830.73
11953,AC00011953,80,3,Current,active,2023-09-11,213397.65
11954,AC00011954,23,4,Current,Closed,2025-01-20,18813.87
11955,AC00011955,12,1,Fixed Deposit,active,2024-06-23,317706.59
11956,AC00011956,91,3,CURRENT,Active,2023-11-04,312097.98
11957,AC00011957,5,4,saving,Dormant,2025-02-08,377511.51
11958,AC00011958,71,4,saving,Active,2022-12-01,67801.13
11959,AC00011959,86,2,CURRENT,Active,2022-12-28,310770.57
11960,AC00011960,3,4,Savings,active,2024-12-21,413334.26
11961,AC00011961,60,1,Current,active,2022-09-10,255705.17
11962,AC00011962,83,1,Current,Active,2025-09-26,355516.92
11963,AC00011963,100,3,Savings,Closed,2026-04-05,307843.39
11964,AC00011964,7,2,Savings,Closed,2023-05-15,225984.0
11965,AC00011965,59,4,Current,active,2022-08-21,438327.78
11966,AC00011966,74,4,Current,Active,2022-12-07,390647.28
11967,AC00011967,65,1,Current,Dormant,2025-03-31,369244.9
11968,AC00011968,22,4,Savings,Inactive,2024-07-13,402661.25
11969,AC00011969,29,3,Current,Closed,2023-08-05,484972.41
11970,AC00011970,37,1,CURRENT,Inactive,2023-04-02,7326.43
11971,AC00011971,80,2,Current,Active,2024-08-08,197155.76
11972,AC00011972,29,4,Current,Inactive,2025-10-25,164602.68
11973,AC00011973,50,1,Fixed Deposit,Inactive,2025-08-03,412646.93
11974,AC00011974,11,4,Current,Active,2023-12-04,193693.0
11975,AC00011975,78,2,Savings,active,2025-12-05,20379.78
11976,AC00011976,90,3,Fixed Deposit,Dormant,2023-12-30,50317.69
11977,AC00011977,35,2,Savings,Dormant,2023-02-18,309098.71
11978,AC00011978,91,2,Fixed Deposit,Closed,2024-05-27,116277.82
11979,AC00011979,47,2,saving,Closed,2025-11-23,34045.07
11980,AC00011980,80,3,Fixed Deposit,Inactive,2024-11-24,400651.6
11981,AC00011981,5,2,saving,Closed,2022-10-24,311022.56
11982,AC00011982,87,2,Current,Inactive,2023-09-28,188542.93
11983,AC00011983,23,2,CURRENT,Active,2025-06-03,408357.3
11984,AC00011984,18,2,Fixed Deposit,Closed,2024-01-14,431759.47
11985,AC00011985,16,3,Fixed Deposit,Closed,2026-05-15,32744.9
11986,AC00011986,32,3,Fixed Deposit,Inactive,2023-02-06,445329.51
11987,AC00011987,56,4,Current,Dormant,2022-12-06,248396.57
11988,AC00011988,47,4,CURRENT,Closed,2024-04-03,386748.02
11989,AC00011989,70,4,Savings,Dormant,2024-11-14,243785.03
11990,AC00011990,94,2,Current,active,2022-12-10,429334.64
11991,AC00011991,54,3,CURRENT,Active,2026-03-27,255883.8
11992,AC00011992,2,4,Fixed Deposit,Inactive,2024-08-14,152119.98
11993,AC00011993,4,3,Savings,Active,2024-03-03,232462.98
11994,AC00011994,20,1,CURRENT,Inactive,2024-07-06,448855.33
11995,AC00011995,28,2,CURRENT,Dormant,2025-05-21,454635.72
11996,AC00011996,36,3,Current,Inactive,2025-06-14,353436.82
11997,AC00011997,7,4,Fixed Deposit,Active,2025-07-13,345575.97
11998,AC00011998,7,1,Current,Closed,2023-11-29,478329.76
11999,AC00011999,24,3,CURRENT,Closed,2023-12-16,140612.37
12000,AC00012000,75,1,saving,Closed,2025-05-10,19279.46
12001,AC00012001,36,4,Fixed Deposit,Closed,2026-01-13,165698.19
12002,AC00012002,40,1,Savings,Closed,2026-03-03,361161.74
12003,AC00012003,66,2,Current,Inactive,2025-06-06,46565.54
12004,AC00012004,49,3,saving,Closed,2025-11-04,346041.59
12005,AC00012005,80,3,saving,Closed,2026-03-25,217684.41
12006,AC00012006,19,3,Fixed Deposit,Active,2026-06-20,209980.1
12007,AC00012007,50,4,Savings,active,2023-07-04,102748.06
12008,AC00012008,41,2,saving,Closed,2023-03-26,180124.96
12009,AC00012009,82,4,Fixed Deposit,Closed,2024-09-29,87188.83
12010,AC00012010,3,4,Current,active,2023-11-14,147031.75
12011,AC00012011,4,4,CURRENT,active,2023-05-20,492646.07
12012,AC00012012,36,4,Current,Closed,2025-04-21,154798.18
12013,AC00012013,78,2,saving,Active,2023-10-11,208756.14
12014,AC00012014,85,4,Savings,Inactive,2023-07-26,307662.93
12015,AC00012015,87,1,CURRENT,Inactive,2026-02-16,425365.25
12016,AC00012016,96,3,CURRENT,active,2024-01-16,88996.44
12017,AC00012017,46,4,Fixed Deposit,Active,2023-06-14,466806.74
12018,AC00012018,38,4,CURRENT,Active,2026-04-06,98246.2
12019,AC00012019,56,4,Fixed Deposit,Closed,2024-01-17,702.11
12020,AC00012020,67,4,Fixed Deposit,active,2023-02-23,233842.66
12021,AC00012021,9,4,Savings,Inactive,2026-05-11,399537.59
12022,AC00012022,84,1,Fixed Deposit,Inactive,2024-07-25,105671.38
12023,AC00012023,9,1,Fixed Deposit,Dormant,2025-09-05,90634.26
12024,AC00012024,57,1,Fixed Deposit,Active,2024-04-08,46771.6
12025,AC00012025,60,2,saving,active,2024-06-11,239039.92
12026,AC00012026,16,1,Fixed Deposit,Active,2025-06-09,381277.38
12027,AC00012027,66,2,Savings,Active,2024-08-01,25485.19
12028,AC00012028,25,3,CURRENT,active,2023-11-13,173820.05
12029,AC00012029,53,2,saving,Dormant,2024-09-18,438071.6
12030,AC00012030,3,1,Savings,active,2023-10-28,3246.65
12031,AC00012031,66,4,Current,Dormant,2026-07-09,240315.77
12032,AC00012032,40,1,Savings,active,2023-12-16,351970.91
12033,AC00012033,8,1,saving,Dormant,2023-02-17,418815.95
12034,AC00012034,15,2,saving,Closed,2025-03-12,51875.01
12035,AC00012035,86,4,Fixed Deposit,Active,2023-08-16,159016.35
12036,AC00012036,30,3,CURRENT,Closed,2026-02-14,207171.79
12037,AC00012037,100,2,CURRENT,Closed,2026-03-28,259497.28
12038,AC00012038,42,1,saving,Dormant,2026-04-25,326524.09
12039,AC00012039,58,2,Fixed Deposit,Inactive,2022-12-02,315523.7
12040,AC00012040,34,4,Savings,Active,2026-01-09,168643.83
12041,AC00012041,36,4,CURRENT,Dormant,2023-02-10,369466.68
12042,AC00012042,100,4,Fixed Deposit,Inactive,2024-04-04,265018.43
12043,AC00012043,91,1,CURRENT,Closed,2022-09-15,380574.03
12044,AC00012044,58,1,Savings,active,2023-01-15,23577.48
12045,AC00012045,90,1,Savings,Inactive,2026-07-20,394198.87
12046,AC00012046,12,2,Current,Dormant,2024-01-19,308080.84
12047,AC00012047,9,2,CURRENT,Dormant,2023-09-17,189732.36
12048,AC00012048,51,4,Fixed Deposit,active,2024-12-19,84533.33
12049,AC00012049,20,2,CURRENT,Active,2026-06-18,19037.61
12050,AC00012050,38,4,Current,Closed,2024-01-12,90135.5
12051,AC00012051,19,1,Current,Inactive,2022-12-03,3055.93
12052,AC00012052,87,2,Current,Active,2024-09-10,247435.07
12053,AC00012053,92,3,Savings,Inactive,2025-03-12,52123.81
12054,AC00012054,20,4,saving,Active,2024-06-19,468399.36
12055,AC00012055,63,2,Fixed Deposit,Dormant,2024-05-03,361274.89
12056,AC00012056,46,2,Fixed Deposit,Inactive,2023-04-07,313112.08
12057,AC00012057,9,1,CURRENT,Inactive,2025-03-23,472533.33
12058,AC00012058,76,4,CURRENT,Dormant,2022-11-13,23768.66
12059,AC00012059,87,3,CURRENT,active,2024-11-09,323265.16
12060,AC00012060,3,3,Current,Inactive,2026-07-09,65294.44
12061,AC00012061,23,1,Current,Closed,2024-01-15,302249.2
12062,AC00012062,41,3,Fixed Deposit,active,2025-06-12,10065.99
12063,AC00012063,99,1,Current,Inactive,2023-01-31,148554.75
12064,AC00012064,61,2,Fixed Deposit,active,2024-09-21,335782.71
12065,AC00012065,93,4,saving,Inactive,2026-01-13,391727.2
12066,AC00012066,37,4,Fixed Deposit,Inactive,2026-07-31,449609.3
12067,AC00012067,29,3,Savings,Dormant,2024-10-31,322653.04
12068,AC00012068,42,4,Savings,Dormant,2024-12-10,403504.19
12069,AC00012069,6,3,Current,Closed,2023-05-23,351049.01
12070,AC00012070,26,4,saving,active,2022-10-25,78098.25
12071,AC00012071,91,1,Fixed Deposit,Inactive,2025-07-11,89423.51
12072,AC00012072,47,3,Savings,Inactive,2022-11-03,179589.88
12073,AC00012073,77,4,Fixed Deposit,Inactive,2023-07-28,135685.18
12074,AC00012074,59,3,saving,Inactive,2023-01-22,20794.72
12075,AC00012075,42,1,Current,Inactive,2026-04-02,490509.91
12076,AC00012076,83,1,saving,Closed,2023-09-30,69939.66
12077,AC00012077,84,3,saving,active,2024-02-02,129836.85
12078,AC00012078,97,4,Savings,Closed,2026-04-21,124006.49
12079,AC00012079,65,4,Current,Dormant,2023-03-04,405530.06
12080,AC00012080,6,1,Savings,Dormant,2025-10-19,298893.39
12081,AC00012081,1,1,Fixed Deposit,Dormant,2024-06-20,47557.06
12082,AC00012082,9,3,Savings,Closed,2023-09-21,316462.05
12083,AC00012083,61,2,saving,Closed,2026-01-11,325919.04
12084,AC00012084,18,3,Savings,Dormant,2024-12-17,26784.02
12085,AC00012085,70,4,saving,active,2025-08-22,100262.35
12086,AC00012086,92,3,Savings,Active,2025-09-26,275083.47
12087,AC00012087,50,1,saving,Dormant,2022-09-14,348760.74
12088,AC00012088,49,1,CURRENT,active,2026-06-18,247967.8
12089,AC00012089,62,2,saving,Closed,2023-08-07,151860.79
12090,AC00012090,39,2,Fixed Deposit,Closed,2024-09-19,181103.33
12091,AC00012091,96,3,saving,Inactive,2022-12-19,376884.65
12092,AC00012092,77,3,Savings,Inactive,2024-02-06,370708.7
12093,AC00012093,30,4,Savings,Dormant,2024-11-28,218276.09
12094,AC00012094,100,4,CURRENT,Active,2022-10-30,407963.25
12095,AC00012095,17,1,Fixed Deposit,Inactive,2023-01-23,394933.29
12096,AC00012096,44,1,saving,Closed,2023-05-13,111784.77
12097,AC00012097,77,1,Current,Dormant,2023-10-18,30804.58
12098,AC00012098,95,3,CURRENT,Dormant,2025-05-10,114852.82
12099,AC00012099,77,2,Current,active,2024-06-12,476202.46
12100,AC00012100,4,1,CURRENT,Inactive,2026-04-22,139615.85
12101,AC00012101,38,4,CURRENT,active,2024-04-07,468924.67
12102,AC00012102,22,4,Fixed Deposit,Closed,2024-12-01,37815.6
12103,AC00012103,32,1,Fixed Deposit,active,2023-01-17,302440.5
12104,AC00012104,33,4,Current,Active,2022-12-20,95340.23
12105,AC00012105,68,3,Savings,Closed,2022-09-02,495493.83
12106,AC00012106,54,4,saving,active,2025-02-01,436453.47
12107,AC00012107,80,4,Savings,Closed,2024-11-13,41236.24
12108,AC00012108,66,1,Savings,Inactive,2026-02-26,149007.6
12109,AC00012109,17,4,Current,active,2026-03-10,122773.95
12110,AC00012110,98,4,CURRENT,Inactive,2023-02-28,242085.11
12111,AC00012111,48,3,Savings,Inactive,2023-08-17,183201.48
12112,AC00012112,5,4,Savings,Inactive,2025-05-08,125711.72
12113,AC00012113,16,4,Current,Active,2023-08-14,495403.04
12114,AC00012114,32,3,Current,Dormant,2023-06-03,214485.89
12115,AC00012115,1,4,Fixed Deposit,Closed,2023-04-22,351205.83
12116,AC00012116,4,1,Savings,active,2024-12-02,465685.03
12117,AC00012117,85,2,CURRENT,active,2024-03-05,230314.16
12118,AC00012118,71,1,Current,Inactive,2025-09-03,119539.45
12119,AC00012119,71,3,Fixed Deposit,Inactive,2026-02-07,393134.15
12120,AC00012120,29,1,saving,Inactive,2026-04-01,261387.13
12121,AC00012121,73,3,Savings,Active,2023-10-19,74350.27
12122,AC00012122,51,1,saving,Active,2024-08-27,455304.47
12123,AC00012123,76,2,saving,Dormant,2025-08-12,18915.57
12124,AC00012124,6,1,CURRENT,active,2024-02-03,259485.04
12125,AC00012125,63,3,saving,Active,2023-06-01,10877.95
12126,AC00012126,75,4,Current,Active,2025-04-11,345555.14
12127,AC00012127,89,3,Fixed Deposit,Active,2026-04-22,484613.95
12128,AC00012128,79,1,saving,active,2023-11-30,189064.52
12129,AC00012129,69,2,Fixed Deposit,Active,2023-09-15,481762.53
12130,AC00012130,62,1,CURRENT,active,2025-01-21,276611.74
12131,AC00012131,77,4,Savings,Inactive,2023-09-21,465225.39
12132,AC00012132,24,4,Current,Dormant,2023-01-27,276552.54
12133,AC00012133,8,2,Fixed Deposit,Dormant,2026-06-06,386367.29
12134,AC00012134,27,1,saving,active,2023-11-22,264277.31
12135,AC00012135,42,4,Current,Closed,2025-10-04,12110.78
12136,AC00012136,52,1,Fixed Deposit,Active,2025-02-14,397909.86
12137,AC00012137,41,3,Current,Dormant,2023-12-07,84248.2
12138,AC00012138,72,1,Fixed Deposit,Active,2023-01-12,155294.92
12139,AC00012139,54,4,CURRENT,active,2025-05-07,322298.22
12140,AC00012140,33,2,Savings,Inactive,2024-10-25,329470.91
12141,AC00012141,6,1,CURRENT,Inactive,2023-02-05,348655.46
12142,AC00012142,95,2,Savings,Closed,2023-11-18,50284.69
12143,AC00012143,5,1,Fixed Deposit,Closed,2025-01-10,338187.08
12144,AC00012144,36,3,Savings,Closed,2022-12-08,326587.52
12145,AC00012145,17,1,Savings,active,2024-10-05,71143.8
12146,AC00012146,45,4,Savings,Active,2023-05-02,434777.19
12147,AC00012147,7,1,CURRENT,Active,2026-03-10,206414.87
12148,AC00012148,39,1,Current,Active,2024-02-03,414724.74
12149,AC00012149,17,2,saving,Closed,2023-03-07,431591.88
12150,AC00012150,39,3,Savings,active,2025-08-21,114707.52
12151,AC00012151,99,1,Current,Dormant,2026-07-18,470243.59
12152,AC00012152,21,3,CURRENT,Active,2024-01-21,261902.82
12153,AC00012153,22,1,Fixed Deposit,Closed,2023-11-20,295619.25
12154,AC00012154,77,1,CURRENT,active,2024-08-03,497017.99
12155,AC00012155,87,3,Savings,active,2023-01-21,342525.42
12156,AC00012156,32,2,Current,Closed,2025-08-10,377302.19
12157,AC00012157,24,3,Fixed Deposit,Closed,2025-07-13,284425.82
12158,AC00012158,70,2,saving,Inactive,2022-12-01,424823.31
12159,AC00012159,57,4,Current,Closed,2022-12-27,476501.25
12160,AC00012160,61,1,CURRENT,active,2023-12-28,486059.26
12161,AC00012161,87,2,CURRENT,Active,2024-04-06,107976.77
12162,AC00012162,81,1,Fixed Deposit,Active,2024-07-24,238517.55
12163,AC00012163,24,3,CURRENT,Active,2023-02-18,341796.21
12164,AC00012164,33,4,CURRENT,Inactive,2023-12-15,104656.18
12165,AC00012165,40,1,saving,active,2025-03-07,468775.96
12166,AC00012166,94,2,CURRENT,Active,2022-12-03,339701.72
12167,AC00012167,44,2,saving,Closed,2024-12-07,329887.96
12168,AC00012168,26,3,Current,Inactive,2024-08-26,223641.72
12169,AC00012169,70,4,Savings,Inactive,2023-09-15,299152.75
12170,AC00012170,45,2,Savings,Inactive,2025-09-21,126936.09
12171,AC00012171,75,4,CURRENT,Inactive,2024-12-10,165975.15
12172,AC00012172,99,1,Current,Dormant,2025-03-21,333054.3
12173,AC00012173,71,4,Current,Closed,2025-12-21,474731.83
12174,AC00012174,32,3,saving,active,2022-11-06,95363.3
12175,AC00012175,13,4,Current,Dormant,2025-06-18,499561.3
12176,AC00012176,9,3,Savings,Dormant,2022-08-23,45953.96
12177,AC00012177,48,2,Current,Dormant,2023-10-29,178191.97
12178,AC00012178,82,2,Savings,Inactive,2026-01-08,271846.3
12179,AC00012179,31,3,CURRENT,Active,2026-06-27,178159.82
12180,AC00012180,33,4,Savings,Inactive,2023-06-10,101743.46
12181,AC00012181,5,1,CURRENT,Inactive,2025-01-31,207344.4
12182,AC00012182,75,1,Fixed Deposit,active,2023-04-07,96037.11
12183,AC00012183,48,2,Savings,active,2025-09-06,454572.02
12184,AC00012184,44,1,Savings,Active,2025-01-04,204202.34
12185,AC00012185,79,4,Current,Active,2023-12-26,322094.0
12186,AC00012186,2,4,Savings,Active,2023-06-18,340946.73
12187,AC00012187,10,4,Current,Inactive,2024-12-15,311113.5
12188,AC00012188,72,2,Current,Dormant,2024-11-30,120661.73
12189,AC00012189,74,1,Fixed Deposit,Active,2023-12-08,204802.09
12190,AC00012190,45,2,Current,Dormant,2024-09-28,6291.3
12191,AC00012191,74,1,CURRENT,Active,2023-02-07,233747.08
12192,AC00012192,12,2,Savings,active,2023-04-22,448510.13
12193,AC00012193,23,1,saving,active,2024-11-17,37306.98
12194,AC00012194,21,2,Current,Active,2025-08-18,291024.15
12195,AC00012195,14,1,Fixed Deposit,active,2026-02-03,175288.01
12196,AC00012196,64,3,saving,Active,2024-07-20,67480.54
12197,AC00012197,46,2,Savings,Inactive,2022-11-20,190477.05
12198,AC00012198,51,3,Savings,active,2025-04-04,184156.87
12199,AC00012199,79,1,Fixed Deposit,Closed,2025-04-27,203258.71
12200,AC00012200,76,3,Savings,Dormant,2025-09-01,402352.73
12201,AC00012201,82,4,saving,Closed,2023-08-15,86807.16
12202,AC00012202,80,3,Fixed Deposit,Active,2025-12-20,279571.27
12203,AC00012203,82,4,Savings,Closed,2026-03-28,292705.12
12204,AC00012204,66,3,CURRENT,Closed,2023-09-20,463078.87
12205,AC00012205,82,3,Fixed Deposit,active,2022-09-19,365936.61
12206,AC00012206,51,1,CURRENT,Inactive,2024-07-11,411635.22
12207,AC00012207,60,1,Fixed Deposit,Closed,2025-01-09,83043.36
12208,AC00012208,80,1,Fixed Deposit,active,2023-01-15,150109.19
12209,AC00012209,66,2,saving,Closed,2023-01-31,447228.6
12210,AC00012210,68,3,Fixed Deposit,Active,2023-05-16,498086.04
12211,AC00012211,10,2,Savings,Dormant,2022-09-26,36793.34
12212,AC00012212,8,3,saving,active,2026-06-24,416530.77
12213,AC00012213,53,2,Current,active,2025-05-04,260851.07
12214,AC00012214,14,4,saving,Active,2023-05-30,368888.85
12215,AC00012215,93,1,Savings,Inactive,2025-12-02,87036.58
12216,AC00012216,17,2,Fixed Deposit,Inactive,2022-10-31,445123.8
12217,AC00012217,49,3,CURRENT,Closed,2024-12-23,456203.43
12218,AC00012218,69,4,CURRENT,Active,2025-06-15,148372.89
12219,AC00012219,58,4,Current,Dormant,2025-03-18,124654.37
12220,AC00012220,77,4,Savings,Active,2024-07-04,287937.49
12221,AC00012221,56,3,Savings,Closed,2023-01-09,447877.78
12222,AC00012222,10,1,Fixed Deposit,Active,2024-12-05,172515.51
12223,AC00012223,71,1,Fixed Deposit,active,2024-09-25,146407.19
12224,AC00012224,85,3,Fixed Deposit,Inactive,2025-12-09,150492.91
12225,AC00012225,54,2,CURRENT,Active,2023-03-16,479241.37
12226,AC00012226,30,4,CURRENT,Dormant,2022-12-11,373530.9
12227,AC00012227,97,3,Fixed Deposit,Active,2025-05-17,265848.58
12228,AC00012228,80,3,Fixed Deposit,active,2026-03-15,230624.81
12229,AC00012229,34,2,Savings,active,2026-07-08,475725.14
12230,AC00012230,45,4,Savings,Active,2026-06-02,451482.64
12231,AC00012231,98,2,CURRENT,Active,2023-02-23,220992.22
12232,AC00012232,35,3,Current,Closed,2023-01-08,469179.15
12233,AC00012233,50,3,Current,Closed,2025-01-03,100772.39
12234,AC00012234,47,3,Savings,Dormant,2025-08-14,298657.39
12235,AC00012235,99,1,Current,Dormant,2023-02-24,133189.88
12236,AC00012236,64,1,Savings,active,2025-05-14,431609.22
12237,AC00012237,23,3,Savings,active,2024-08-03,434052.24
12238,AC00012238,90,4,Savings,Active,2024-07-25,292555.23
12239,AC00012239,80,1,Current,Dormant,2025-08-18,293955.37
12240,AC00012240,55,1,saving,Inactive,2024-08-29,421789.36
12241,AC00012241,74,4,Savings,Active,2022-09-16,95440.59
12242,AC00012242,89,3,Fixed Deposit,active,2023-12-12,254313.07
12243,AC00012243,32,2,CURRENT,Inactive,2026-03-23,99978.16
12244,AC00012244,22,2,Fixed Deposit,Inactive,2023-01-27,255329.09
12245,AC00012245,93,3,Current,Active,2026-05-28,453057.57
12246,AC00012246,44,1,Savings,Inactive,2023-02-15,411357.23
12247,AC00012247,18,2,Savings,active,2025-06-09,221996.85
12248,AC00012248,14,1,CURRENT,Active,2023-10-04,213672.91
12249,AC00012249,19,2,Savings,active,2026-04-30,373455.65
12250,AC00012250,14,2,CURRENT,Active,2023-07-25,479769.22
12251,AC00012251,72,3,Fixed Deposit,Active,2022-09-26,330944.0
12252,AC00012252,75,1,Savings,Closed,2023-12-28,475969.33
12253,AC00012253,45,3,Current,active,2025-08-23,474384.76
12254,AC00012254,16,3,CURRENT,active,2025-02-14,490056.13
12255,AC00012255,99,4,Current,active,2024-11-19,454911.59
12256,AC00012256,92,4,CURRENT,active,2024-05-22,261209.65
12257,AC00012257,13,4,saving,Inactive,2026-03-29,135886.74
12258,AC00012258,85,4,Current,Active,2023-01-25,151631.79
12259,AC00012259,50,3,Fixed Deposit,Active,2025-07-17,199993.8
12260,AC00012260,50,1,CURRENT,Active,2025-11-27,228483.42
12261,AC00012261,9,2,saving,Inactive,2025-02-20,423436.67
12262,AC00012262,83,4,CURRENT,Closed,2026-06-17,488266.04
12263,AC00012263,33,3,Current,Inactive,2024-09-09,273964.38
12264,AC00012264,83,4,Current,Inactive,2026-01-27,383097.48
12265,AC00012265,10,1,Savings,Closed,2026-05-13,494860.16
12266,AC00012266,38,3,CURRENT,Closed,2026-07-14,367545.58
12267,AC00012267,73,1,Current,Active,2023-05-10,477465.04
12268,AC00012268,17,4,Current,active,2026-06-05,434387.59
12269,AC00012269,65,3,Savings,Inactive,2025-06-13,494182.16
12270,AC00012270,4,3,CURRENT,active,2024-06-24,267174.01
12271,AC00012271,79,4,CURRENT,active,2025-05-30,429532.89
12272,AC00012272,95,1,Fixed Deposit,Active,2025-01-17,346969.17
12273,AC00012273,25,1,Fixed Deposit,Dormant,2024-07-29,126617.95
12274,AC00012274,99,1,CURRENT,Closed,2023-06-25,424360.98
12275,AC00012275,67,3,Fixed Deposit,Closed,2024-12-03,268773.13
12276,AC00012276,31,4,CURRENT,Active,2024-07-02,292939.08
12277,AC00012277,46,4,saving,Closed,2026-03-13,213660.55
12278,AC00012278,19,3,Fixed Deposit,Active,2023-05-31,89463.49
12279,AC00012279,34,4,Fixed Deposit,Inactive,2025-03-16,120601.02
12280,AC00012280,3,3,saving,Active,2024-06-29,28675.64
12281,AC00012281,40,4,Current,Closed,2024-05-24,387225.85
12282,AC00012282,43,3,Fixed Deposit,Dormant,2024-05-27,212729.42
12283,AC00012283,57,2,Savings,Active,2024-01-03,499709.04
12284,AC00012284,8,4,Current,Active,2024-04-14,185210.54
12285,AC00012285,53,2,Savings,Active,2022-10-10,416059.57
12286,AC00012286,94,2,saving,Closed,2025-04-10,177412.72
12287,AC00012287,64,4,Current,Active,2025-09-24,178718.19
12288,AC00012288,88,3,Fixed Deposit,active,2024-05-23,476825.18
12289,AC00012289,73,1,Savings,Closed,2025-04-17,294890.26
12290,AC00012290,26,4,CURRENT,Active,2026-04-01,226411.1
12291,AC00012291,90,1,Fixed Deposit,Dormant,2025-10-29,184400.44
12292,AC00012292,16,4,saving,Closed,2022-09-14,331069.52
12293,AC00012293,92,1,Current,Active,2026-08-03,229183.59
12294,AC00012294,71,1,Current,Inactive,2026-05-21,424237.64
12295,AC00012295,46,3,Fixed Deposit,Active,2024-06-20,45326.71
12296,AC00012296,73,2,Current,Dormant,2022-09-22,480600.92
12297,AC00012297,27,2,CURRENT,Closed,2025-04-22,78878.43
12298,AC00012298,83,3,Fixed Deposit,Closed,2025-02-21,481330.17
12299,AC00012299,22,4,saving,Inactive,2023-06-23,474242.37
12300,AC00012300,71,4,Current,Active,2025-08-28,101842.18
12301,AC00012301,5,2,Fixed Deposit,Active,2024-01-01,402665.01
12302,AC00012302,20,2,Savings,Active,2024-02-09,166029.61
12303,AC00012303,34,3,Savings,Inactive,2022-10-07,309090.82
12304,AC00012304,28,2,Savings,Active,2026-03-12,105976.64
12305,AC00012305,72,3,CURRENT,Dormant,2025-04-10,436583.43
12306,AC00012306,27,2,Current,Active,2026-03-02,186092.1
12307,AC00012307,91,4,Fixed Deposit,Active,2026-06-17,212264.92
12308,AC00012308,45,4,Fixed Deposit,Dormant,2024-08-13,300405.08
12309,AC00012309,43,4,Savings,Inactive,2026-02-13,126617.25
12310,AC00012310,72,4,Savings,Inactive,2026-01-22,433037.11
12311,AC00012311,85,4,Current,Inactive,2024-08-01,50727.52
12312,AC00012312,77,4,Fixed Deposit,active,2025-08-06,481458.41
12313,AC00012313,53,2,saving,Inactive,2025-12-05,146919.47
12314,AC00012314,68,3,Fixed Deposit,Dormant,2026-04-20,310740.11
12315,AC00012315,82,1,saving,active,2023-04-26,379272.28
12316,AC00012316,48,2,Savings,Active,2024-09-20,311496.96
12317,AC00012317,51,4,CURRENT,active,2026-04-20,153959.95
12318,AC00012318,62,2,CURRENT,Dormant,2024-02-02,473411.04
12319,AC00012319,6,4,Savings,Active,2026-05-17,481517.22
12320,AC00012320,70,4,saving,Closed,2024-09-11,255888.71
12321,AC00012321,37,2,saving,active,2025-09-03,128379.23
12322,AC00012322,82,4,Current,Active,2025-05-21,347676.73
12323,AC00012323,18,3,Current,Inactive,2023-09-05,495624.47
12324,AC00012324,22,1,CURRENT,active,2022-11-21,343804.36
12325,AC00012325,95,3,Fixed Deposit,Dormant,2022-12-03,358182.36
12326,AC00012326,22,3,saving,Dormant,2024-11-09,84854.77
12327,AC00012327,90,2,Savings,Inactive,2023-11-03,468560.35
12328,AC00012328,64,3,saving,Dormant,2024-01-28,223135.05
12329,AC00012329,100,1,Current,active,2025-05-26,214066.48
12330,AC00012330,58,3,Current,Dormant,2025-09-11,78978.0
12331,AC00012331,80,1,Current,Active,2024-06-28,178198.69
12332,AC00012332,30,1,Current,active,2025-12-11,306085.62
12333,AC00012333,67,2,CURRENT,Dormant,2025-03-02,71195.8
12334,AC00012334,9,4,Savings,Dormant,2025-10-31,318066.87
12335,AC00012335,52,3,CURRENT,Dormant,2025-12-05,157384.08
12336,AC00012336,19,3,CURRENT,active,2023-06-11,72257.11
12337,AC00012337,31,2,Current,active,2023-02-21,382197.05
12338,AC00012338,8,4,saving,Closed,2025-03-22,70608.1
12339,AC00012339,47,4,Fixed Deposit,Dormant,2024-09-30,344607.72
12340,AC00012340,22,3,saving,Dormant,2023-03-20,224027.45
12341,AC00012341,80,1,CURRENT,Dormant,2025-05-21,279771.17
12342,AC00012342,73,3,Fixed Deposit,Active,2023-04-11,364310.22
12343,AC00012343,73,1,Current,active,2026-08-04,394999.02
12344,AC00012344,66,2,Fixed Deposit,Active,2026-01-01,121507.65
12345,AC00012345,32,1,saving,Active,2022-10-10,397600.67
12346,AC00012346,18,1,Current,Inactive,2023-06-30,320844.61
12347,AC00012347,89,3,CURRENT,Dormant,2023-10-09,54309.19
12348,AC00012348,69,4,Fixed Deposit,Dormant,2025-10-19,401539.84
12349,AC00012349,43,2,saving,active,2023-02-02,482411.87
12350,AC00012350,10,2,Current,Dormant,2025-05-07,282745.98
12351,AC00012351,70,2,CURRENT,Dormant,2022-09-21,472247.78
12352,AC00012352,61,1,CURRENT,active,2023-06-22,309550.15
12353,AC00012353,59,1,Fixed Deposit,Active,2023-10-07,164644.51
12354,AC00012354,52,2,Savings,Inactive,2024-06-06,57352.34
12355,AC00012355,31,3,Current,active,2025-09-13,130770.15
12356,AC00012356,29,2,CURRENT,Active,2023-01-04,297955.73
12357,AC00012357,74,1,CURRENT,Inactive,2024-05-27,199101.48
12358,AC00012358,6,4,CURRENT,Closed,2023-09-13,177055.94
12359,AC00012359,100,1,saving,Active,2024-06-03,419493.29
12360,AC00012360,72,4,Current,Active,2025-09-06,493914.81
12361,AC00012361,62,2,Fixed Deposit,Dormant,2025-11-19,46369.2
12362,AC00012362,6,4,Fixed Deposit,Inactive,2022-12-09,356413.28
12363,AC00012363,73,1,saving,Closed,2024-12-15,106363.02
12364,AC00012364,73,1,Current,active,2025-08-16,355813.46
12365,AC00012365,72,2,Fixed Deposit,Closed,2023-10-15,139086.29
12366,AC00012366,7,2,Fixed Deposit,Closed,2022-08-20,481763.8
12367,AC00012367,39,4,Savings,Inactive,2023-11-04,68126.49
12368,AC00012368,96,2,CURRENT,active,2024-10-13,321515.38
12369,AC00012369,31,2,CURRENT,Dormant,2023-09-22,177323.4
12370,AC00012370,4,2,saving,active,2025-05-27,3475.55
12371,AC00012371,40,2,Current,Inactive,2024-01-28,65999.68
12372,AC00012372,50,1,CURRENT,active,2024-07-08,192720.28
12373,AC00012373,15,4,Current,Dormant,2025-05-26,293637.73
12374,AC00012374,4,1,Fixed Deposit,Closed,2024-03-21,72605.19
12375,AC00012375,39,2,Current,Inactive,2023-04-16,87314.0
12376,AC00012376,53,4,saving,Closed,2025-05-11,452824.66
12377,AC00012377,71,4,Fixed Deposit,Active,2025-10-13,283140.08
12378,AC00012378,61,2,Current,active,2026-04-23,61681.35
12379,AC00012379,70,3,Current,active,2026-03-08,104382.11
12380,AC00012380,78,4,Current,Dormant,2022-10-23,491425.07
12381,AC00012381,51,4,saving,Closed,2026-08-02,203955.77
12382,AC00012382,36,1,CURRENT,Dormant,2025-10-02,163149.18
12383,AC00012383,50,3,Fixed Deposit,Inactive,2025-05-06,316042.03
12384,AC00012384,16,4,saving,Dormant,2023-07-26,429840.94
12385,AC00012385,77,4,Fixed Deposit,Inactive,2026-06-20,454748.51
12386,AC00012386,63,1,Fixed Deposit,Closed,2022-08-21,431316.84
12387,AC00012387,36,2,CURRENT,active,2023-11-08,198066.15
12388,AC00012388,95,4,Current,Closed,2022-12-27,297009.99
12389,AC00012389,10,2,saving,Dormant,2024-12-15,206635.21
12390,AC00012390,38,2,Current,Closed,2023-04-28,497575.12
12391,AC00012391,53,4,Current,Closed,2025-03-21,106715.28
12392,AC00012392,9,1,Savings,Closed,2026-02-14,261447.32
12393,AC00012393,83,3,saving,active,2025-08-21,266389.05
12394,AC00012394,64,3,Current,Dormant,2023-04-01,98634.87
12395,AC00012395,64,1,Fixed Deposit,Dormant,2024-03-06,416961.81
12396,AC00012396,68,3,Current,Inactive,2022-12-30,28533.46
12397,AC00012397,13,2,Savings,Closed,2022-12-27,18570.1
12398,AC00012398,8,1,saving,Active,2025-04-26,404492.06
12399,AC00012399,11,4,CURRENT,Inactive,2024-12-27,473793.83
12400,AC00012400,53,2,Fixed Deposit,active,2025-07-17,260706.51
12401,AC00012401,92,2,Fixed Deposit,active,2023-11-02,36991.06
12402,AC00012402,98,1,CURRENT,Inactive,2023-05-13,398048.62
12403,AC00012403,92,2,CURRENT,Closed,2026-01-31,439861.41
12404,AC00012404,2,2,saving,Active,2026-06-28,466397.63
12405,AC00012405,5,2,saving,active,2022-11-04,194102.6
12406,AC00012406,89,3,Current,Inactive,2026-07-06,229544.09
12407,AC00012407,43,3,saving,Active,2024-07-13,241933.12
12408,AC00012408,86,4,CURRENT,active,2024-07-07,260149.97
12409,AC00012409,21,4,Current,Inactive,2023-02-01,278506.55
12410,AC00012410,1,1,Fixed Deposit,Inactive,2023-02-19,373025.81
12411,AC00012411,30,3,Current,Dormant,2023-11-27,426599.1
12412,AC00012412,97,3,CURRENT,Inactive,2025-05-22,295501.73
12413,AC00012413,7,2,Current,active,2023-02-19,227554.49
12414,AC00012414,12,1,Fixed Deposit,active,2023-03-04,2212.36
12415,AC00012415,46,1,saving,Inactive,2023-03-06,361798.99
12416,AC00012416,64,2,saving,Inactive,2025-01-02,446638.42
12417,AC00012417,86,3,CURRENT,active,2025-10-01,62889.53
12418,AC00012418,99,1,Savings,active,2023-07-06,114569.2
12419,AC00012419,63,2,saving,active,2023-08-20,85893.24
12420,AC00012420,63,4,CURRENT,active,2023-09-26,302044.41
12421,AC00012421,2,3,Current,Dormant,2023-11-09,26351.1
12422,AC00012422,38,4,Savings,active,2025-01-14,164512.74
12423,AC00012423,17,3,Savings,Closed,2026-01-31,38002.0
12424,AC00012424,43,3,Savings,Dormant,2024-07-03,99676.71
12425,AC00012425,55,1,Current,Dormant,2026-07-08,324776.63
12426,AC00012426,63,3,Savings,active,2022-10-12,311062.64
12427,AC00012427,26,2,Fixed Deposit,Closed,2022-12-08,42685.72
12428,AC00012428,99,3,Current,Dormant,2025-07-27,320244.12
12429,AC00012429,83,2,saving,active,2022-12-09,401124.62
12430,AC00012430,63,3,Current,active,2025-03-27,60132.51
12431,AC00012431,33,1,saving,Inactive,2023-01-06,199403.46
12432,AC00012432,39,3,CURRENT,Dormant,2026-01-19,404797.96
12433,AC00012433,37,4,Fixed Deposit,active,2023-08-15,43683.33
12434,AC00012434,19,2,Current,Inactive,2025-10-22,189796.16
12435,AC00012435,80,1,Current,active,2023-10-21,316506.32
12436,AC00012436,4,2,saving,Inactive,2024-02-01,175626.42
12437,AC00012437,84,2,Current,Dormant,2023-09-18,368407.95
12438,AC00012438,93,4,Fixed Deposit,Active,2026-01-05,159453.37
12439,AC00012439,18,4,CURRENT,Dormant,2026-03-22,446777.47
12440,AC00012440,21,4,Current,Inactive,2023-07-06,456562.67
12441,AC00012441,19,3,Fixed Deposit,Inactive,2024-03-21,106525.82
12442,AC00012442,88,3,CURRENT,Active,2024-12-29,457731.62
12443,AC00012443,33,3,Fixed Deposit,Dormant,2026-06-06,26743.84
12444,AC00012444,50,1,Current,active,2024-03-11,163020.77
12445,AC00012445,68,4,Fixed Deposit,Closed,2024-01-24,310176.73
12446,AC00012446,67,4,Current,active,2024-07-02,16332.4
12447,AC00012447,61,2,Fixed Deposit,Inactive,2022-11-20,396193.81
12448,AC00012448,97,3,Savings,Inactive,2025-11-22,163186.09
12449,AC00012449,36,3,Fixed Deposit,Active,2025-12-09,289982.16
12450,AC00012450,36,4,Fixed Deposit,Dormant,2023-12-21,300534.36
12451,AC00012451,23,4,Fixed Deposit,active,2023-04-23,116213.78
12452,AC00012452,83,1,Fixed Deposit,Inactive,2022-11-05,104149.02
12453,AC00012453,38,2,Fixed Deposit,Inactive,2025-03-02,123748.0
12454,AC00012454,63,2,Savings,Closed,2024-03-13,410720.92
12455,AC00012455,59,3,Current,Inactive,2023-07-09,319717.15
12456,AC00012456,51,2,Savings,Active,2023-10-16,30827.05
12457,AC00012457,100,2,CURRENT,Dormant,2023-08-20,135305.47
12458,AC00012458,9,2,CURRENT,Inactive,2024-06-05,263923.59
12459,AC00012459,50,2,Fixed Deposit,Dormant,2022-10-03,480785.93
12460,AC00012460,8,4,Savings,Dormant,2023-11-27,158646.78
12461,AC00012461,47,1,Savings,active,2023-01-09,186886.23
12462,AC00012462,3,1,Savings,Dormant,2024-10-14,39093.05
12463,AC00012463,66,2,CURRENT,Dormant,2023-05-01,353657.31
12464,AC00012464,18,1,Fixed Deposit,Active,2023-02-24,186487.72
12465,AC00012465,86,3,Fixed Deposit,Inactive,2022-12-04,149263.97
12466,AC00012466,72,3,CURRENT,Dormant,2025-05-09,446482.31
12467,AC00012467,22,4,CURRENT,Closed,2025-07-24,476616.35
12468,AC00012468,47,2,saving,Inactive,2023-09-06,430219.48
12469,AC00012469,79,2,Current,Dormant,2025-02-25,120532.07
12470,AC00012470,61,4,saving,Inactive,2022-08-24,170291.06
12471,AC00012471,86,4,saving,Active,2023-04-25,195566.14
12472,AC00012472,92,4,saving,Inactive,2023-12-01,226445.02
12473,AC00012473,68,3,saving,Closed,2023-06-20,205461.2
12474,AC00012474,12,2,saving,Closed,2024-03-28,198301.06
12475,AC00012475,72,4,Savings,active,2024-04-19,316900.25
12476,AC00012476,72,2,Fixed Deposit,active,2023-02-10,434259.87
12477,AC00012477,37,2,Current,Closed,2025-08-09,125898.61
12478,AC00012478,34,4,CURRENT,Closed,2022-09-08,452626.12
12479,AC00012479,78,1,CURRENT,active,2024-04-19,406875.55
12480,AC00012480,73,2,saving,Dormant,2022-09-13,173040.61
12481,AC00012481,10,3,Fixed Deposit,active,2023-11-13,296631.0
12482,AC00012482,71,2,CURRENT,active,2023-08-05,354997.56
12483,AC00012483,60,4,Savings,Active,2025-07-04,254083.41
12484,AC00012484,98,1,Savings,active,2025-11-05,2318.62
12485,AC00012485,53,3,Current,Dormant,2024-02-04,330129.66
12486,AC00012486,56,3,Fixed Deposit,Closed,2024-03-14,193302.03
12487,AC00012487,17,3,Fixed Deposit,Inactive,2023-10-27,85210.99
12488,AC00012488,74,4,Fixed Deposit,Active,2024-06-15,105360.3
12489,AC00012489,65,3,saving,Dormant,2024-07-26,493197.88
12490,AC00012490,50,4,saving,Active,2023-11-05,363390.75
12491,AC00012491,18,4,Fixed Deposit,Inactive,2024-10-20,404475.9
12492,AC00012492,90,3,Savings,Active,2024-12-26,430972.26
12493,AC00012493,76,1,Savings,Dormant,2023-10-24,85619.93
12494,AC00012494,83,4,Fixed Deposit,Dormant,2026-02-09,103138.54
12495,AC00012495,84,4,CURRENT,Closed,2022-09-25,183792.9
12496,AC00012496,9,1,Fixed Deposit,Active,2023-08-06,234656.31
12497,AC00012497,40,3,Fixed Deposit,Closed,2024-11-17,344791.81
12498,AC00012498,2,3,CURRENT,Dormant,2025-08-18,36393.07
12499,AC00012499,24,4,Fixed Deposit,Active,2022-12-23,18592.95
12500,AC00012500,79,2,CURRENT,Dormant,2024-08-04,148769.35
12501,AC00012501,93,2,Current,active,2024-06-17,481718.4
12502,AC00012502,65,4,saving,active,2025-11-29,79404.14
12503,AC00012503,62,1,Savings,active,2024-07-08,347523.2
12504,AC00012504,6,2,Current,active,2023-11-11,340514.26
12505,AC00012505,38,4,Savings,Closed,2025-07-17,414736.37
12506,AC00012506,27,1,Savings,Closed,2023-11-27,454165.72
12507,AC00012507,44,1,CURRENT,Dormant,2024-03-03,250015.07
12508,AC00012508,51,1,Current,Dormant,2024-02-29,433838.62
12509,AC00012509,69,2,saving,Inactive,2025-10-20,252701.07
12510,AC00012510,12,2,Savings,Inactive,2024-06-05,310676.86
12511,AC00012511,46,3,Savings,active,2026-05-12,277863.95
12512,AC00012512,18,1,saving,Active,2025-07-02,31912.84
12513,AC00012513,19,2,Current,active,2023-10-25,448803.99
12514,AC00012514,7,2,CURRENT,Active,2023-08-12,304598.02
12515,AC00012515,62,1,Current,active,2023-03-26,452192.57
12516,AC00012516,78,2,Savings,Closed,2023-12-07,481644.28
12517,AC00012517,7,2,Fixed Deposit,active,2026-05-18,283355.3
12518,AC00012518,34,3,saving,active,2025-05-25,484869.41
12519,AC00012519,64,4,saving,Active,2023-02-24,280563.86
12520,AC00012520,50,1,CURRENT,Inactive,2025-07-14,348409.1
12521,AC00012521,81,1,Savings,Closed,2024-10-01,233890.67
12522,AC00012522,23,4,Fixed Deposit,Active,2025-11-04,246235.19
12523,AC00012523,65,4,Current,Dormant,2024-07-10,126154.96
12524,AC00012524,60,3,Savings,Active,2026-05-29,432369.52
12525,AC00012525,99,1,saving,Closed,2024-05-04,486243.48
12526,AC00012526,17,4,Savings,Inactive,2025-02-26,329588.32
12527,AC00012527,60,2,Fixed Deposit,Closed,2025-08-07,118457.26
12528,AC00012528,23,3,Current,Dormant,2023-04-17,12169.29
12529,AC00012529,80,2,Current,active,2024-01-11,102074.11
12530,AC00012530,84,2,saving,Closed,2022-10-06,228035.95
12531,AC00012531,12,2,Fixed Deposit,active,2023-02-20,391673.66
12532,AC00012532,17,3,Fixed Deposit,Closed,2023-11-16,404115.13
12533,AC00012533,42,2,Fixed Deposit,Closed,2026-01-30,258549.96
12534,AC00012534,86,4,Current,Closed,2025-10-15,96812.06
12535,AC00012535,98,4,saving,Active,2024-07-21,493180.93
12536,AC00012536,22,2,saving,Active,2024-05-23,276595.67
12537,AC00012537,28,3,Savings,active,2026-02-05,345526.47
12538,AC00012538,24,2,Fixed Deposit,active,2023-12-25,212737.09
12539,AC00012539,13,3,Fixed Deposit,active,2025-12-06,303666.14
12540,AC00012540,98,1,saving,active,2023-11-04,22842.48
12541,AC00012541,69,4,Current,Inactive,2024-06-01,275695.3
12542,AC00012542,43,3,Fixed Deposit,Inactive,2025-02-04,264159.52
12543,AC00012543,50,1,Savings,Dormant,2024-03-23,129404.61
12544,AC00012544,7,2,Savings,Inactive,2022-11-28,188590.93
12545,AC00012545,53,1,Current,Active,2026-01-29,167750.53
12546,AC00012546,13,4,Fixed Deposit,Active,2025-05-31,287975.2
12547,AC00012547,11,2,CURRENT,Inactive,2025-09-10,75911.87
12548,AC00012548,62,2,saving,active,2024-05-23,155218.12
12549,AC00012549,81,1,Fixed Deposit,Active,2026-08-03,342062.01
12550,AC00012550,88,3,saving,active,2023-11-16,49075.89
12551,AC00012551,8,2,Current,active,2026-05-18,25391.26
12552,AC00012552,87,1,CURRENT,Inactive,2023-05-15,172842.38
12553,AC00012553,42,3,Savings,Active,2025-04-06,331166.16
12554,AC00012554,69,3,saving,Inactive,2026-01-30,41987.23
12555,AC00012555,86,1,saving,Active,2023-05-20,355642.29
12556,AC00012556,9,1,CURRENT,Closed,2023-09-24,58894.33
12557,AC00012557,54,4,Current,Dormant,2023-12-29,322465.82
12558,AC00012558,98,3,Fixed Deposit,Closed,2024-03-17,106193.64
12559,AC00012559,92,3,CURRENT,Dormant,2023-05-28,227168.14
12560,AC00012560,42,1,Fixed Deposit,Active,2022-10-02,13038.28
12561,AC00012561,38,2,Savings,Dormant,2024-12-18,42889.39
12562,AC00012562,74,1,saving,Active,2025-07-05,108627.87
12563,AC00012563,86,3,Fixed Deposit,Closed,2023-01-19,2435.6
12564,AC00012564,11,1,Current,Active,2024-10-28,480299.78
12565,AC00012565,43,2,Fixed Deposit,Closed,2023-02-25,402746.85
12566,AC00012566,45,1,Current,active,2025-03-14,479766.35
12567,AC00012567,52,4,Current,Closed,2023-01-25,302830.01
12568,AC00012568,50,4,Fixed Deposit,Inactive,2025-03-17,422680.29
12569,AC00012569,28,1,saving,active,2025-07-27,443611.11
12570,AC00012570,58,4,Fixed Deposit,active,2023-09-05,235847.68
12571,AC00012571,46,3,Current,Inactive,2023-06-05,202819.63
12572,AC00012572,53,1,Savings,active,2023-04-26,93133.21
12573,AC00012573,41,2,Savings,Active,2023-10-07,406613.52
12574,AC00012574,24,2,CURRENT,Dormant,2026-02-23,155777.92
12575,AC00012575,98,2,saving,Inactive,2025-07-02,268258.63
12576,AC00012576,83,3,Fixed Deposit,Inactive,2024-01-01,143295.11
12577,AC00012577,16,3,Current,Closed,2022-11-15,91664.94
12578,AC00012578,51,3,saving,Dormant,2022-12-02,204463.03
12579,AC00012579,55,4,CURRENT,Dormant,2023-03-02,262013.94
12580,AC00012580,60,1,CURRENT,Closed,2024-02-25,474906.74
12581,AC00012581,47,4,Savings,Closed,2024-09-25,122278.56
12582,AC00012582,8,4,Savings,Active,2024-07-27,228154.82
12583,AC00012583,55,3,saving,Active,2022-09-23,315126.11
12584,AC00012584,58,4,CURRENT,Inactive,2024-10-13,401915.64
12585,AC00012585,37,2,Current,active,2022-12-31,376595.31
12586,AC00012586,30,3,saving,Closed,2024-04-12,297032.97
12587,AC00012587,73,1,CURRENT,active,2024-02-28,288370.41
12588,AC00012588,27,2,Fixed Deposit,Active,2025-01-16,5810.92
12589,AC00012589,94,2,Savings,active,2024-04-12,172060.4
12590,AC00012590,65,2,Fixed Deposit,Dormant,2024-04-20,350612.0
12591,AC00012591,38,4,Savings,Closed,2025-10-22,339299.06
12592,AC00012592,51,1,saving,Inactive,2025-07-01,255674.61
12593,AC00012593,42,1,CURRENT,Inactive,2024-08-06,79525.15
12594,AC00012594,61,4,CURRENT,Inactive,2025-03-12,301166.02
12595,AC00012595,3,2,Fixed Deposit,Inactive,2025-11-10,9079.42
12596,AC00012596,93,2,Fixed Deposit,active,2023-03-08,464685.43
12597,AC00012597,100,2,Fixed Deposit,active,2026-01-26,436537.15
12598,AC00012598,28,3,Fixed Deposit,active,2025-04-17,223172.18
12599,AC00012599,39,3,saving,Closed,2025-07-17,47173.47
12600,AC00012600,78,3,CURRENT,active,2023-09-23,286083.98
12601,AC00012601,35,3,CURRENT,Closed,2024-07-20,43009.42
12602,AC00012602,43,1,saving,Active,2024-12-12,286745.7
12603,AC00012603,55,1,saving,Inactive,2026-03-13,178137.79
12604,AC00012604,17,3,CURRENT,Inactive,2023-07-16,387488.67
12605,AC00012605,96,3,saving,active,2023-12-07,122299.42
12606,AC00012606,12,1,saving,active,2024-12-21,350497.13
12607,AC00012607,1,4,Current,Active,2025-08-07,322714.75
12608,AC00012608,17,3,CURRENT,Dormant,2023-09-27,317268.09
12609,AC00012609,83,2,CURRENT,Inactive,2022-10-20,446517.03
12610,AC00012610,75,2,Current,Inactive,2023-08-13,468079.64
12611,AC00012611,17,2,Fixed Deposit,Active,2025-04-10,352134.23
12612,AC00012612,21,3,Current,active,2026-01-14,206162.43
12613,AC00012613,16,3,Savings,Closed,2023-03-07,8183.72
12614,AC00012614,94,4,saving,active,2023-03-31,416573.8
12615,AC00012615,90,3,CURRENT,Dormant,2023-10-11,167514.39
12616,AC00012616,5,4,Fixed Deposit,Inactive,2024-05-10,55375.57
12617,AC00012617,60,2,Savings,Active,2023-05-24,430564.86
12618,AC00012618,55,2,Savings,Inactive,2023-03-11,417489.81
12619,AC00012619,7,4,saving,Inactive,2026-05-23,400556.48
12620,AC00012620,17,4,CURRENT,Active,2026-06-05,146145.14
12621,AC00012621,20,1,saving,Closed,2023-01-04,190523.51
12622,AC00012622,89,1,Fixed Deposit,Dormant,2024-02-14,491458.99
12623,AC00012623,81,2,Fixed Deposit,Closed,2025-07-18,206111.74
12624,AC00012624,8,3,Fixed Deposit,Inactive,2025-10-12,76851.1
12625,AC00012625,69,1,Current,active,2025-04-03,330234.67
12626,AC00012626,4,2,saving,Inactive,2025-06-13,232206.87
12627,AC00012627,90,1,saving,Dormant,2026-01-12,316152.05
12628,AC00012628,7,1,Current,Dormant,2025-11-12,407887.75
12629,AC00012629,50,4,CURRENT,Inactive,2022-12-27,210119.16
12630,AC00012630,86,4,Fixed Deposit,Dormant,2022-10-28,287586.54
12631,AC00012631,87,3,CURRENT,Active,2022-12-16,119327.97
12632,AC00012632,16,3,Savings,Inactive,2022-11-24,265228.08
12633,AC00012633,37,1,Savings,Inactive,2023-03-11,102816.35
12634,AC00012634,77,3,saving,Closed,2025-11-13,426089.14
12635,AC00012635,64,3,Savings,Inactive,2025-09-04,249046.77
12636,AC00012636,7,3,Savings,Inactive,2024-11-16,387590.34
12637,AC00012637,65,4,saving,Inactive,2022-11-30,395376.39
12638,AC00012638,9,1,Fixed Deposit,Active,2022-09-04,355839.12
12639,AC00012639,13,4,Fixed Deposit,Closed,2024-02-04,156043.58
12640,AC00012640,32,1,Savings,Inactive,2023-01-30,91371.69
12641,AC00012641,48,4,Savings,active,2025-09-01,430361.84
12642,AC00012642,3,4,saving,Dormant,2024-07-17,321888.57
12643,AC00012643,46,3,saving,Inactive,2023-11-05,330656.16
12644,AC00012644,77,4,saving,Dormant,2025-03-19,354674.04
12645,AC00012645,16,2,saving,Closed,2022-11-30,407988.6
12646,AC00012646,32,4,Current,active,2024-05-22,13579.27
12647,AC00012647,53,2,Current,active,2023-09-13,290988.81
12648,AC00012648,94,3,saving,Inactive,2025-07-01,280894.36
12649,AC00012649,89,2,Savings,Inactive,2024-06-25,432751.11
12650,AC00012650,90,2,Fixed Deposit,Active,2024-11-20,119754.23
12651,AC00012651,77,4,Fixed Deposit,Inactive,2025-12-17,213567.7
12652,AC00012652,10,4,CURRENT,Dormant,2024-11-21,67960.63
12653,AC00012653,6,4,Fixed Deposit,Active,2025-12-12,491940.38
12654,AC00012654,64,3,CURRENT,Closed,2023-02-15,23235.78
12655,AC00012655,96,1,Current,Closed,2026-01-23,201470.04
12656,AC00012656,8,2,CURRENT,Inactive,2023-01-27,418080.95
12657,AC00012657,65,4,Current,Inactive,2024-09-03,406040.15
12658,AC00012658,31,1,Fixed Deposit,Closed,2025-01-13,265831.2
12659,AC00012659,29,1,saving,active,2023-01-11,267095.18
12660,AC00012660,37,1,Fixed Deposit,Dormant,2025-08-20,430360.9
12661,AC00012661,15,3,Current,Closed,2024-12-08,177145.55
12662,AC00012662,98,1,Fixed Deposit,Inactive,2023-11-05,206967.75
12663,AC00012663,35,4,CURRENT,active,2024-06-01,7805.06
12664,AC00012664,11,1,saving,Active,2025-01-30,5369.83
12665,AC00012665,1,2,CURRENT,Dormant,2023-11-29,159694.71
12666,AC00012666,2,2,CURRENT,Active,2023-08-09,292857.83
12667,AC00012667,28,2,Savings,Inactive,2022-09-05,191181.58
12668,AC00012668,78,3,saving,Inactive,2024-11-02,387415.11
12669,AC00012669,57,4,Fixed Deposit,Closed,2025-07-30,203419.56
12670,AC00012670,57,4,saving,active,2026-03-24,398262.31
12671,AC00012671,15,2,Current,Closed,2026-03-10,121249.86
12672,AC00012672,95,3,Savings,Dormant,2025-02-27,3093.56
12673,AC00012673,19,3,saving,Active,2026-05-11,237819.35
12674,AC00012674,22,2,saving,Active,2023-08-12,133425.22
12675,AC00012675,84,3,Fixed Deposit,Inactive,2024-03-04,205885.87
12676,AC00012676,96,1,Fixed Deposit,Closed,2026-01-19,257818.03
12677,AC00012677,73,2,saving,Closed,2025-11-23,36224.07
12678,AC00012678,23,4,saving,Dormant,2025-07-25,425232.76
12679,AC00012679,47,4,Current,Inactive,2025-07-22,8172.08
12680,AC00012680,46,3,CURRENT,active,2024-04-16,344576.68
12681,AC00012681,89,3,Current,Dormant,2023-05-09,270160.61
12682,AC00012682,75,3,Fixed Deposit,active,2023-01-01,58216.09
12683,AC00012683,80,1,Current,Closed,2024-11-23,388358.17
12684,AC00012684,84,2,Savings,Dormant,2026-05-25,362762.17
12685,AC00012685,66,3,Current,active,2022-09-26,260411.78
12686,AC00012686,68,3,Current,Closed,2024-01-02,224488.74
12687,AC00012687,26,1,CURRENT,Closed,2026-02-06,150791.69
12688,AC00012688,15,1,Savings,Closed,2023-12-26,220691.63
12689,AC00012689,65,1,saving,Closed,2025-09-09,30304.19
12690,AC00012690,59,3,saving,active,2023-04-12,92621.04
12691,AC00012691,25,1,Fixed Deposit,active,2025-11-02,414282.67
12692,AC00012692,31,1,Current,Inactive,2025-06-05,446754.99
12693,AC00012693,71,2,Current,Active,2026-01-13,417299.9
12694,AC00012694,93,2,saving,active,2026-05-03,252396.99
12695,AC00012695,95,4,Savings,Inactive,2025-07-25,419271.95
12696,AC00012696,76,4,saving,Dormant,2024-10-14,486454.36
12697,AC00012697,80,3,saving,Inactive,2024-05-11,159481.87
12698,AC00012698,94,2,Savings,Closed,2025-12-04,391166.71
12699,AC00012699,82,4,Savings,active,2025-11-08,449708.84
12700,AC00012700,59,2,Current,active,2023-10-13,454901.24
12701,AC00012701,12,3,Savings,Active,2023-11-12,43222.48
12702,AC00012702,32,4,saving,Inactive,2024-04-03,217622.55
12703,AC00012703,13,4,CURRENT,Active,2022-09-15,363282.83
12704,AC00012704,28,3,saving,Dormant,2025-02-15,287783.88
12705,AC00012705,58,1,Savings,active,2023-02-27,474340.54
12706,AC00012706,20,2,Savings,Inactive,2025-03-19,161107.0
12707,AC00012707,60,3,Savings,Active,2026-05-26,82392.21
12708,AC00012708,40,3,saving,Closed,2025-09-14,291192.63
12709,AC00012709,44,4,Fixed Deposit,active,2026-01-26,304806.77
12710,AC00012710,4,2,saving,active,2024-12-12,343541.59
12711,AC00012711,86,4,saving,Inactive,2024-11-28,177120.21
12712,AC00012712,67,2,Fixed Deposit,Active,2026-03-13,345199.5
12713,AC00012713,15,3,saving,Inactive,2022-09-11,211425.02
12714,AC00012714,33,2,Fixed Deposit,Closed,2024-06-26,147587.55
12715,AC00012715,71,4,saving,Inactive,2025-10-13,78869.57
12716,AC00012716,15,2,Savings,Active,2024-02-14,300114.98
12717,AC00012717,1,4,CURRENT,Closed,2024-11-21,389083.1
12718,AC00012718,54,3,Current,active,2024-08-02,76670.65
12719,AC00012719,62,1,Savings,active,2025-09-06,33793.71
12720,AC00012720,75,1,CURRENT,active,2026-07-16,170572.47
12721,AC00012721,92,4,Current,active,2024-02-10,387527.31
12722,AC00012722,70,3,saving,active,2025-02-25,387050.0
12723,AC00012723,39,1,Fixed Deposit,Dormant,2022-11-04,129704.71
12724,AC00012724,99,3,Savings,Dormant,2023-11-02,263383.57
12725,AC00012725,27,2,saving,Closed,2024-02-05,213907.72
12726,AC00012726,65,3,saving,Closed,2025-05-02,406228.81
12727,AC00012727,68,1,Current,Active,2024-03-28,197230.64
12728,AC00012728,28,4,Current,Closed,2023-09-11,253447.3
12729,AC00012729,73,3,Fixed Deposit,active,2026-01-28,231319.12
12730,AC00012730,39,3,Current,Closed,2022-11-26,148581.94
12731,AC00012731,24,4,CURRENT,Inactive,2025-01-31,168285.35
12732,AC00012732,60,4,CURRENT,Dormant,2025-06-22,100979.34
12733,AC00012733,56,1,CURRENT,Active,2022-11-21,325415.11
12734,AC00012734,38,2,Savings,Dormant,2024-09-27,298252.86
12735,AC00012735,22,2,Savings,active,2023-11-24,124489.21
12736,AC00012736,81,4,Fixed Deposit,Inactive,2022-11-23,339373.94
12737,AC00012737,65,2,Savings,Dormant,2023-10-15,153629.82
12738,AC00012738,38,1,CURRENT,Active,2026-04-26,141964.29
12739,AC00012739,100,3,saving,Active,2026-05-31,141166.71
12740,AC00012740,93,2,Savings,Active,2023-01-10,498630.15
12741,AC00012741,36,4,Fixed Deposit,active,2024-09-21,26562.46
12742,AC00012742,30,3,Savings,Dormant,2025-03-12,297212.67
12743,AC00012743,8,1,Savings,Closed,2023-08-21,280255.04
12744,AC00012744,39,1,Fixed Deposit,Closed,2025-02-23,20386.21
12745,AC00012745,5,1,Savings,active,2025-12-26,37788.39
12746,AC00012746,16,1,Savings,Dormant,2023-02-02,111569.94
12747,AC00012747,43,3,Current,Dormant,2023-09-08,337385.84
12748,AC00012748,46,2,Current,active,2024-12-02,225352.43
12749,AC00012749,97,1,saving,Active,2023-12-18,135122.09
12750,AC00012750,25,2,saving,Closed,2024-08-02,405307.7
12751,AC00012751,16,1,saving,Closed,2023-07-21,281268.48
12752,AC00012752,22,1,saving,Active,2025-07-31,160833.56
12753,AC00012753,99,2,saving,Dormant,2024-01-02,88647.04
12754,AC00012754,74,3,CURRENT,Dormant,2024-07-30,33616.09
12755,AC00012755,45,3,Savings,Active,2026-05-15,295463.43
12756,AC00012756,35,3,Savings,Dormant,2024-07-17,484343.55
12757,AC00012757,54,4,Fixed Deposit,Inactive,2025-01-17,108196.51
12758,AC00012758,100,1,Fixed Deposit,Dormant,2026-01-13,378706.5
12759,AC00012759,38,3,Current,active,2023-01-14,101054.14
12760,AC00012760,100,2,Savings,Active,2025-12-30,350004.45
12761,AC00012761,87,4,saving,active,2024-07-18,299099.26
12762,AC00012762,96,2,Current,Active,2022-10-24,62259.94
12763,AC00012763,30,4,CURRENT,Inactive,2025-02-02,449734.81
12764,AC00012764,2,1,Current,Inactive,2023-06-07,362541.43
12765,AC00012765,47,1,Fixed Deposit,Active,2025-08-30,212828.81
12766,AC00012766,4,4,Savings,active,2024-12-31,295372.95
12767,AC00012767,41,2,saving,active,2025-12-24,392765.32
12768,AC00012768,61,1,Current,active,2024-01-06,8913.04
12769,AC00012769,61,4,Fixed Deposit,Dormant,2022-12-06,451273.04
12770,AC00012770,36,4,Savings,Dormant,2023-01-15,416996.08
12771,AC00012771,68,1,Current,Inactive,2023-07-29,292552.19
12772,AC00012772,24,4,Savings,Closed,2025-01-06,229482.07
12773,AC00012773,71,2,Current,Dormant,2025-06-09,352461.69
12774,AC00012774,16,1,saving,Inactive,2026-07-01,388706.05
12775,AC00012775,2,3,Current,Inactive,2023-11-25,143290.89
12776,AC00012776,86,2,Fixed Deposit,Active,2023-09-06,233803.51
12777,AC00012777,59,1,CURRENT,Active,2024-02-17,65211.85
12778,AC00012778,83,2,Current,Dormant,2026-08-07,31379.4
12779,AC00012779,36,3,saving,Dormant,2024-12-12,251374.09
12780,AC00012780,75,1,Current,Active,2023-07-01,166234.2
12781,AC00012781,99,1,Fixed Deposit,active,2025-06-15,339143.66
12782,AC00012782,95,1,Fixed Deposit,active,2022-10-19,259972.96
12783,AC00012783,87,3,CURRENT,Dormant,2023-05-04,163012.68
12784,AC00012784,10,4,saving,Dormant,2023-03-30,420562.89
12785,AC00012785,6,3,Current,Inactive,2023-10-14,389961.76
12786,AC00012786,24,3,Savings,Active,2026-08-06,29153.88
12787,AC00012787,29,2,Savings,active,2022-12-30,316726.98
12788,AC00012788,24,1,saving,Closed,2024-03-04,299014.76
12789,AC00012789,97,1,saving,active,2025-06-05,309083.42
12790,AC00012790,74,2,Fixed Deposit,Closed,2023-04-06,325955.54
12791,AC00012791,46,2,CURRENT,Closed,2025-09-12,18793.47
12792,AC00012792,16,1,CURRENT,Inactive,2024-12-04,316303.47
12793,AC00012793,32,4,Current,Active,2023-02-28,377419.65
12794,AC00012794,30,4,CURRENT,Closed,2023-06-11,401803.2
12795,AC00012795,66,2,saving,Closed,2024-05-02,41289.55
12796,AC00012796,9,3,saving,Active,2023-06-05,458134.62
12797,AC00012797,67,4,Current,Closed,2025-06-14,35329.71
12798,AC00012798,54,4,CURRENT,Closed,2023-08-15,120483.0
12799,AC00012799,86,3,saving,Active,2024-05-17,459160.56
12800,AC00012800,97,4,Current,Closed,2024-05-06,200177.94
12801,AC00012801,72,2,Current,Closed,2025-08-04,91664.88
12802,AC00012802,38,2,CURRENT,Closed,2026-04-29,76414.36
12803,AC00012803,89,3,saving,active,2022-10-18,123571.27
12804,AC00012804,11,4,Current,Dormant,2022-11-15,486916.68
12805,AC00012805,71,1,Fixed Deposit,active,2026-06-05,12403.77
12806,AC00012806,34,1,Current,Dormant,2025-10-15,250648.64
12807,AC00012807,39,1,CURRENT,Closed,2026-05-11,160059.7
12808,AC00012808,79,2,Savings,Active,2022-12-20,137277.23
12809,AC00012809,22,4,Current,Inactive,2026-04-13,456891.59
12810,AC00012810,20,4,Current,Active,2024-07-16,397613.45
12811,AC00012811,67,4,Current,Active,2024-07-01,360828.47
12812,AC00012812,78,2,Fixed Deposit,Closed,2026-01-25,386793.48
12813,AC00012813,71,4,Current,Inactive,2023-12-04,106450.22
12814,AC00012814,98,4,CURRENT,Dormant,2025-12-24,329169.14
12815,AC00012815,9,1,CURRENT,active,2025-07-16,496229.42
12816,AC00012816,23,4,Savings,active,2024-05-07,4984.24
12817,AC00012817,83,2,CURRENT,active,2025-06-13,115573.88
12818,AC00012818,57,4,saving,Dormant,2025-07-10,60811.71
12819,AC00012819,43,4,Current,Active,2023-06-13,340617.49
12820,AC00012820,99,2,Current,Inactive,2024-07-06,34013.58
12821,AC00012821,41,1,Current,active,2026-07-28,178472.02
12822,AC00012822,85,4,Fixed Deposit,Closed,2026-02-24,292024.19
12823,AC00012823,22,2,Savings,Inactive,2026-03-01,194118.51
12824,AC00012824,2,4,Fixed Deposit,Inactive,2026-01-03,407041.78
12825,AC00012825,73,1,Fixed Deposit,Active,2024-09-18,421850.82
12826,AC00012826,49,2,Savings,Inactive,2026-04-17,312938.13
12827,AC00012827,26,4,saving,active,2024-04-10,424295.54
12828,AC00012828,51,3,Current,Inactive,2023-07-19,298498.28
12829,AC00012829,95,3,Fixed Deposit,Active,2026-06-30,304136.35
12830,AC00012830,51,4,Savings,Inactive,2023-06-17,441399.89
12831,AC00012831,30,3,Fixed Deposit,Inactive,2023-09-09,391267.49
12832,AC00012832,13,1,Savings,active,2024-04-16,411606.13
12833,AC00012833,45,1,saving,active,2025-06-13,188100.69
12834,AC00012834,16,4,saving,Active,2024-02-07,189815.01
12835,AC00012835,69,1,Savings,Dormant,2026-05-07,353634.05
12836,AC00012836,78,3,CURRENT,Dormant,2024-04-05,485167.35
12837,AC00012837,6,2,Fixed Deposit,active,2025-03-10,383068.79
12838,AC00012838,58,1,saving,active,2023-03-01,306125.23
12839,AC00012839,40,1,Savings,Active,2024-03-31,18157.62
12840,AC00012840,51,4,Savings,Inactive,2025-09-07,488013.74
12841,AC00012841,78,2,Current,Dormant,2023-11-02,117128.7
12842,AC00012842,80,4,Savings,active,2022-12-06,396365.81
12843,AC00012843,34,4,CURRENT,Closed,2023-02-14,242743.31
12844,AC00012844,1,3,Fixed Deposit,Active,2023-11-27,249858.59
12845,AC00012845,9,1,Current,Inactive,2023-08-30,371426.44
12846,AC00012846,20,3,Fixed Deposit,active,2025-10-22,7588.45
12847,AC00012847,48,1,CURRENT,Active,2025-10-10,333174.06
12848,AC00012848,58,4,Fixed Deposit,Inactive,2023-03-08,108369.44
12849,AC00012849,37,2,Savings,Inactive,2025-07-29,363363.92
12850,AC00012850,93,1,saving,Closed,2026-04-27,320988.97
12851,AC00012851,37,1,saving,Dormant,2025-04-13,145251.93
12852,AC00012852,6,2,Current,Closed,2024-04-03,272842.98
12853,AC00012853,42,3,saving,Active,2025-03-15,247414.81
12854,AC00012854,27,2,CURRENT,Inactive,2026-06-10,241706.86
12855,AC00012855,56,3,Current,active,2025-08-30,480532.6
12856,AC00012856,73,2,Savings,Active,2026-03-23,106080.16
12857,AC00012857,89,1,Current,active,2025-09-14,118517.42
12858,AC00012858,45,2,Savings,Dormant,2024-06-03,158123.99
12859,AC00012859,41,3,Current,Active,2024-09-30,476630.8
12860,AC00012860,30,2,Current,Closed,2023-10-20,337091.16
12861,AC00012861,53,3,CURRENT,Closed,2024-06-30,307591.37
12862,AC00012862,8,3,CURRENT,Dormant,2022-11-17,141575.85
12863,AC00012863,33,1,Current,Inactive,2024-04-17,211173.14
12864,AC00012864,82,4,Savings,Active,2025-11-20,358376.04
12865,AC00012865,95,3,Savings,Closed,2024-12-29,374257.68
12866,AC00012866,38,4,saving,Active,2024-07-20,61092.9
12867,AC00012867,24,3,saving,Dormant,2025-06-03,318540.8
12868,AC00012868,41,4,Fixed Deposit,Active,2022-11-11,116442.34
12869,AC00012869,47,4,Savings,Inactive,2025-01-31,479661.06
12870,AC00012870,44,4,saving,active,2025-04-11,226229.99
12871,AC00012871,88,3,Fixed Deposit,Dormant,2023-02-07,392888.29
12872,AC00012872,61,2,Fixed Deposit,Inactive,2025-03-02,494139.04
12873,AC00012873,16,4,CURRENT,Dormant,2024-09-22,243728.63
12874,AC00012874,67,2,Savings,Inactive,2026-01-05,308199.54
12875,AC00012875,2,2,saving,active,2025-12-23,155210.73
12876,AC00012876,61,2,CURRENT,Inactive,2023-09-02,21117.31
12877,AC00012877,64,2,Savings,Closed,2023-09-10,307331.06
12878,AC00012878,85,2,Current,Closed,2026-06-22,277403.11
12879,AC00012879,68,3,CURRENT,Active,2023-07-07,454775.98
12880,AC00012880,23,1,CURRENT,Dormant,2024-01-08,355028.61
12881,AC00012881,55,1,saving,Inactive,2023-04-09,116853.81
12882,AC00012882,10,4,saving,Dormant,2022-10-03,52241.78
12883,AC00012883,62,4,saving,Inactive,2025-01-13,123917.43
12884,AC00012884,99,1,CURRENT,Active,2024-01-16,259640.05
12885,AC00012885,65,4,CURRENT,Active,2024-08-02,72407.64
12886,AC00012886,33,4,Fixed Deposit,Closed,2025-01-15,11205.81
12887,AC00012887,71,2,Savings,Active,2024-08-11,336885.78
12888,AC00012888,65,3,Fixed Deposit,Dormant,2024-01-01,70878.85
12889,AC00012889,11,2,Current,Closed,2023-06-13,383018.84
12890,AC00012890,100,4,Current,Closed,2024-10-07,372342.49
12891,AC00012891,19,3,Fixed Deposit,active,2026-02-24,345023.8
12892,AC00012892,36,3,saving,active,2023-12-22,243204.22
12893,AC00012893,56,3,Savings,Inactive,2024-03-27,294743.48
12894,AC00012894,43,1,saving,active,2024-02-07,175304.83
12895,AC00012895,49,3,Fixed Deposit,Active,2023-03-20,431372.37
12896,AC00012896,75,3,Fixed Deposit,Closed,2023-04-19,408281.49
12897,AC00012897,58,2,CURRENT,Inactive,2024-10-15,104293.89
12898,AC00012898,19,4,Savings,active,2022-12-11,486737.28
12899,AC00012899,18,1,CURRENT,Active,2023-03-10,33926.95
12900,AC00012900,97,4,Current,Inactive,2026-05-01,451670.16
12901,AC00012901,93,3,CURRENT,Inactive,2024-03-03,229883.93
12902,AC00012902,100,3,saving,Inactive,2023-04-15,347689.02
12903,AC00012903,32,3,Fixed Deposit,Active,2025-08-29,82879.43
12904,AC00012904,23,4,saving,Closed,2025-07-09,125802.35
12905,AC00012905,85,1,Current,Closed,2023-07-14,212628.21
12906,AC00012906,40,2,Current,Inactive,2023-05-14,154637.44
12907,AC00012907,51,3,CURRENT,Dormant,2024-10-28,177355.34
12908,AC00012908,92,2,CURRENT,Active,2023-11-15,147672.91
12909,AC00012909,5,1,Savings,Inactive,2023-02-26,85757.26
12910,AC00012910,41,1,saving,Closed,2024-07-19,154577.59
12911,AC00012911,58,4,Savings,Dormant,2024-07-12,362440.54
12912,AC00012912,24,4,Current,Active,2024-09-26,148927.06
12913,AC00012913,62,1,Fixed Deposit,Active,2023-02-19,114440.61
12914,AC00012914,72,4,Savings,Closed,2026-04-07,488150.17
12915,AC00012915,21,3,Savings,Inactive,2026-01-11,228541.88
12916,AC00012916,61,2,Current,active,2026-05-11,497090.95
12917,AC00012917,61,4,Savings,Dormant,2022-12-14,76897.24
12918,AC00012918,5,4,Current,active,2024-08-26,252206.94
12919,AC00012919,84,2,CURRENT,Closed,2024-03-01,85890.29
12920,AC00012920,41,4,Current,Closed,2025-02-14,398248.75
12921,AC00012921,72,3,Savings,Inactive,2026-07-30,267925.41
12922,AC00012922,48,3,Fixed Deposit,Closed,2023-04-25,115940.12
12923,AC00012923,18,4,Current,active,2025-10-13,167198.28
12924,AC00012924,65,3,Fixed Deposit,Active,2026-06-18,426065.2
12925,AC00012925,90,3,Fixed Deposit,Active,2026-03-25,424878.03
12926,AC00012926,17,4,Savings,active,2023-09-28,293490.54
12927,AC00012927,79,2,saving,Closed,2023-01-08,372155.06
12928,AC00012928,74,4,CURRENT,Inactive,2024-07-10,302329.4
12929,AC00012929,39,2,Savings,Closed,2022-10-24,444270.03
12930,AC00012930,68,4,Current,Active,2023-05-17,353773.71
12931,AC00012931,20,1,Fixed Deposit,Dormant,2023-05-13,29306.15
12932,AC00012932,29,1,saving,Closed,2023-05-05,157974.62
12933,AC00012933,55,4,CURRENT,Active,2026-03-22,489668.2
12934,AC00012934,58,3,Savings,Active,2023-01-28,309045.72
12935,AC00012935,73,1,Savings,active,2025-02-23,420274.53
12936,AC00012936,47,4,Fixed Deposit,Dormant,2026-02-20,491018.34
12937,AC00012937,77,2,Fixed Deposit,Dormant,2024-04-30,64202.27
12938,AC00012938,81,4,CURRENT,Inactive,2025-02-22,109889.21
12939,AC00012939,15,3,Fixed Deposit,Closed,2023-02-08,271811.83
12940,AC00012940,6,1,CURRENT,Inactive,2022-09-14,93931.54
12941,AC00012941,93,4,Fixed Deposit,active,2025-05-26,424948.6
12942,AC00012942,41,3,Fixed Deposit,Closed,2025-03-01,213239.75
12943,AC00012943,88,4,Savings,Dormant,2024-06-06,489608.28
12944,AC00012944,57,2,Fixed Deposit,Dormant,2023-11-26,392959.65
12945,AC00012945,27,3,CURRENT,Closed,2025-07-12,313514.17
12946,AC00012946,52,4,Savings,Dormant,2022-12-18,201304.4
12947,AC00012947,60,3,Fixed Deposit,Inactive,2025-02-24,234737.36
12948,AC00012948,45,3,Fixed Deposit,Dormant,2023-08-28,101947.83
12949,AC00012949,87,3,Fixed Deposit,Active,2023-03-11,128626.11
12950,AC00012950,35,1,saving,Closed,2024-12-10,116954.53
12951,AC00012951,93,3,Current,Active,2025-06-03,497345.92
12952,AC00012952,79,2,Savings,active,2024-04-16,134928.65
12953,AC00012953,45,1,Savings,Active,2024-12-29,399072.41
12954,AC00012954,92,2,Savings,active,2023-11-08,270531.43
12955,AC00012955,42,3,Current,active,2025-01-28,488714.54
12956,AC00012956,86,4,saving,Closed,2026-04-19,329033.09
12957,AC00012957,29,1,Fixed Deposit,Dormant,2025-08-31,238155.56
12958,AC00012958,65,4,Savings,Dormant,2024-02-23,68368.33
12959,AC00012959,89,3,Current,Inactive,2023-09-19,127438.79
12960,AC00012960,50,3,Current,Closed,2024-05-23,432319.91
12961,AC00012961,27,4,CURRENT,Active,2024-08-06,482732.7
12962,AC00012962,90,3,Current,Inactive,2023-04-26,187776.72
12963,AC00012963,72,1,Current,Inactive,2022-09-03,403651.32
12964,AC00012964,44,1,Current,Closed,2023-03-11,218405.2
12965,AC00012965,52,4,Current,Active,2024-11-18,180801.53
12966,AC00012966,14,2,saving,Inactive,2026-05-06,71584.44
12967,AC00012967,65,1,saving,Inactive,2022-09-12,369662.79
12968,AC00012968,91,1,Fixed Deposit,Inactive,2023-01-15,10683.78
12969,AC00012969,84,4,CURRENT,active,2026-05-04,284382.23
12970,AC00012970,62,1,saving,Dormant,2026-03-04,121279.66
12971,AC00012971,67,4,saving,Closed,2023-08-31,192178.53
12972,AC00012972,45,1,Savings,Closed,2024-06-13,24428.36
12973,AC00012973,15,2,Current,active,2025-03-18,338726.83
12974,AC00012974,62,3,Savings,Closed,2025-06-22,485828.14
12975,AC00012975,26,1,Current,Inactive,2023-04-19,285535.19
12976,AC00012976,79,4,Savings,Active,2025-10-04,338969.69
12977,AC00012977,43,2,CURRENT,Dormant,2023-06-15,120442.93
12978,AC00012978,89,4,CURRENT,Closed,2024-03-17,6417.12
12979,AC00012979,88,4,CURRENT,Active,2026-06-15,344304.02
12980,AC00012980,83,4,Fixed Deposit,Active,2024-06-29,1607.33
12981,AC00012981,16,1,Savings,Active,2025-09-20,407436.37
12982,AC00012982,20,3,Current,Inactive,2023-08-27,314027.78
12983,AC00012983,57,2,Savings,Active,2023-01-22,90990.28
12984,AC00012984,24,3,saving,Closed,2024-06-30,283916.83
12985,AC00012985,10,4,Current,Inactive,2023-08-21,204840.35
12986,AC00012986,49,3,Fixed Deposit,Active,2024-12-22,83594.43
12987,AC00012987,67,3,saving,Inactive,2026-04-17,214696.15
12988,AC00012988,98,3,CURRENT,active,2022-11-30,65088.91
12989,AC00012989,55,4,CURRENT,Active,2024-03-12,42987.18
12990,AC00012990,85,1,Savings,active,2023-10-30,138394.67
12991,AC00012991,3,2,Current,Active,2023-11-27,391507.82
12992,AC00012992,72,1,Fixed Deposit,Dormant,2023-11-29,339681.17
12993,AC00012993,19,4,CURRENT,Closed,2022-11-14,220924.85
12994,AC00012994,84,4,Savings,Closed,2026-04-02,63919.69
12995,AC00012995,10,4,Savings,Dormant,2025-04-21,423732.19
12996,AC00012996,37,1,Savings,Dormant,2023-03-05,307239.26
12997,AC00012997,78,2,saving,Inactive,2023-04-13,263161.55
12998,AC00012998,50,2,Fixed Deposit,Inactive,2022-09-17,238934.49
12999,AC00012999,86,3,Savings,Active,2025-11-14,121120.33
13000,AC00013000,2,2,Savings,active,2026-06-04,138797.4
13001,AC00013001,43,4,Current,Active,2022-11-23,224408.82
13002,AC00013002,65,2,saving,active,2026-03-06,80583.58
13003,AC00013003,4,1,CURRENT,active,2024-12-13,471602.48
13004,AC00013004,99,2,saving,Active,2022-12-23,1456.33
13005,AC00013005,56,2,Savings,Dormant,2023-01-16,25056.63
13006,AC00013006,98,2,Fixed Deposit,Inactive,2024-08-06,317303.84
13007,AC00013007,67,3,Fixed Deposit,active,2025-02-13,201490.72
13008,AC00013008,19,4,CURRENT,Active,2025-11-25,331979.2
13009,AC00013009,97,1,saving,Closed,2024-04-13,114428.47
13010,AC00013010,68,4,saving,Dormant,2026-06-28,199291.85
13011,AC00013011,63,4,saving,Dormant,2023-05-03,99018.2
13012,AC00013012,4,3,CURRENT,Active,2023-09-11,442295.81
13013,AC00013013,56,2,CURRENT,active,2025-02-01,75395.4
13014,AC00013014,74,1,Current,Closed,2025-12-25,367227.58
13015,AC00013015,13,4,Current,Dormant,2024-11-08,100542.86
13016,AC00013016,98,3,Savings,Closed,2026-01-11,161468.53
13017,AC00013017,62,4,saving,Inactive,2023-01-21,218015.56
13018,AC00013018,1,4,Savings,Inactive,2024-03-30,31952.2
13019,AC00013019,26,2,Savings,active,2025-06-10,434083.78
13020,AC00013020,96,3,CURRENT,Closed,2024-12-22,9358.69
13021,AC00013021,17,2,CURRENT,Active,2023-10-29,272182.05
13022,AC00013022,39,3,Fixed Deposit,Inactive,2023-04-27,201857.2
13023,AC00013023,94,2,saving,Closed,2025-09-16,360006.81
13024,AC00013024,43,4,Current,Active,2025-10-24,97645.97
13025,AC00013025,2,4,Savings,Dormant,2024-04-05,312051.52
13026,AC00013026,68,2,Fixed Deposit,Closed,2024-11-18,30531.85
13027,AC00013027,43,3,Current,active,2025-03-09,163296.25
13028,AC00013028,7,4,Fixed Deposit,Closed,2024-06-06,499464.71
13029,AC00013029,76,1,Savings,Closed,2024-07-10,331631.03
13030,AC00013030,85,3,Current,Dormant,2022-12-21,189450.17
13031,AC00013031,76,3,Current,Closed,2023-12-01,135821.89
13032,AC00013032,48,1,Savings,Inactive,2022-08-29,334377.64
13033,AC00013033,56,3,Fixed Deposit,Active,2025-12-16,382472.88
13034,AC00013034,33,3,saving,active,2023-02-12,437046.57
13035,AC00013035,9,1,Fixed Deposit,active,2025-07-30,212250.49
13036,AC00013036,95,2,Savings,Closed,2024-04-18,9953.65
13037,AC00013037,89,3,CURRENT,Active,2023-07-13,152842.88
13038,AC00013038,85,4,Fixed Deposit,Active,2024-01-30,81364.51
13039,AC00013039,56,1,Savings,Closed,2025-08-10,180993.82
13040,AC00013040,44,3,Current,Dormant,2025-06-14,18931.59
13041,AC00013041,40,2,Current,Closed,2025-07-05,346281.0
13042,AC00013042,71,1,saving,Active,2026-03-10,265627.75
13043,AC00013043,7,2,Fixed Deposit,Closed,2025-12-09,8328.32
13044,AC00013044,99,4,saving,Closed,2025-02-01,83547.38
13045,AC00013045,100,2,Fixed Deposit,Active,2023-08-15,196737.54
13046,AC00013046,26,3,CURRENT,Active,2024-12-17,313561.32
13047,AC00013047,52,2,CURRENT,Closed,2024-03-23,248888.08
13048,AC00013048,28,3,Fixed Deposit,Active,2025-05-27,468929.18
13049,AC00013049,62,2,Savings,active,2025-06-16,432755.0
13050,AC00013050,25,3,Savings,Dormant,2023-06-30,76698.4
13051,AC00013051,79,3,CURRENT,Inactive,2023-06-16,33203.42
13052,AC00013052,28,4,saving,Dormant,2025-12-05,264067.51
13053,AC00013053,95,4,Fixed Deposit,Dormant,2024-01-12,76601.56
13054,AC00013054,5,1,Savings,Active,2023-10-29,196820.79
13055,AC00013055,22,2,Fixed Deposit,active,2023-05-17,395644.77
13056,AC00013056,41,4,CURRENT,Dormant,2025-05-05,337799.91
13057,AC00013057,96,3,Savings,Closed,2022-09-16,278543.41
13058,AC00013058,23,2,Current,Dormant,2023-09-30,145527.49
13059,AC00013059,65,3,Fixed Deposit,active,2023-06-24,272230.61
13060,AC00013060,62,2,CURRENT,Dormant,2023-09-29,231680.88
13061,AC00013061,59,1,saving,Dormant,2026-02-12,56262.11
13062,AC00013062,66,4,CURRENT,Closed,2025-10-16,309560.93
13063,AC00013063,40,1,Savings,active,2023-02-04,198172.84
13064,AC00013064,69,3,saving,active,2025-09-22,114261.17
13065,AC00013065,17,3,Savings,Inactive,2024-08-04,308657.79
13066,AC00013066,68,2,Fixed Deposit,Active,2025-01-02,492261.41
13067,AC00013067,88,3,saving,Active,2024-04-09,393688.54
13068,AC00013068,57,2,Savings,Active,2023-02-21,281695.77
13069,AC00013069,76,1,Fixed Deposit,active,2024-11-11,493131.8
13070,AC00013070,66,2,saving,Dormant,2023-10-03,99934.06
13071,AC00013071,37,3,Savings,Inactive,2024-08-08,154959.47
13072,AC00013072,55,2,CURRENT,Active,2026-02-02,294863.91
13073,AC00013073,14,3,saving,Active,2023-12-28,314944.92
13074,AC00013074,14,1,Savings,Active,2023-05-15,138357.09
13075,AC00013075,17,1,Current,Inactive,2025-05-23,226071.7
13076,AC00013076,24,4,Current,Inactive,2025-10-22,276702.29
13077,AC00013077,39,1,CURRENT,active,2024-04-15,60180.33
13078,AC00013078,96,2,Current,Closed,2023-07-24,93246.58
13079,AC00013079,57,4,Fixed Deposit,active,2025-08-28,23257.44
13080,AC00013080,60,2,CURRENT,Inactive,2026-02-24,272500.99
13081,AC00013081,78,2,CURRENT,Closed,2023-03-03,44289.11
13082,AC00013082,45,4,Current,Dormant,2025-11-19,444967.76
13083,AC00013083,38,2,Current,active,2025-04-08,81876.64
13084,AC00013084,69,2,Fixed Deposit,Inactive,2022-12-31,362610.98
13085,AC00013085,7,3,CURRENT,Inactive,2025-02-14,496678.67
13086,AC00013086,28,3,Current,Dormant,2022-11-28,343903.29
13087,AC00013087,51,2,Current,Closed,2023-05-09,305034.44
13088,AC00013088,54,1,CURRENT,Inactive,2024-02-27,485808.16
13089,AC00013089,33,4,Savings,active,2026-03-04,268175.85
13090,AC00013090,11,4,Savings,Active,2026-07-18,48775.7
13091,AC00013091,57,1,Savings,Active,2023-05-13,117561.82
13092,AC00013092,95,1,saving,Dormant,2022-10-04,436188.03
13093,AC00013093,74,4,CURRENT,Active,2025-03-01,133090.14
13094,AC00013094,59,1,CURRENT,Inactive,2025-01-29,210870.92
13095,AC00013095,45,4,Fixed Deposit,Closed,2023-06-19,330251.26
13096,AC00013096,99,3,Savings,Dormant,2026-05-15,394531.0
13097,AC00013097,74,2,Current,Active,2025-03-18,78242.84
13098,AC00013098,64,4,CURRENT,Active,2024-02-14,282940.33
13099,AC00013099,95,2,Savings,Closed,2025-03-04,367548.75
13100,AC00013100,63,4,Current,Active,2023-08-29,251570.66
13101,AC00013101,40,4,Savings,Active,2022-09-16,475062.37
13102,AC00013102,75,4,Fixed Deposit,Dormant,2024-10-10,14266.44
13103,AC00013103,21,1,saving,Inactive,2023-12-20,472292.64
13104,AC00013104,65,4,CURRENT,Active,2025-11-17,130605.23
13105,AC00013105,47,4,Current,Active,2026-05-22,291567.94
13106,AC00013106,37,1,Current,Closed,2026-02-20,361762.92
13107,AC00013107,82,3,Current,Inactive,2026-02-26,172690.72
13108,AC00013108,21,4,CURRENT,active,2024-08-23,188355.93
13109,AC00013109,9,2,Fixed Deposit,active,2025-06-21,81983.39
13110,AC00013110,43,1,Savings,Closed,2026-02-13,129891.4
13111,AC00013111,51,2,saving,Inactive,2024-07-19,194544.4
13112,AC00013112,85,4,Current,active,2024-04-15,491210.34
13113,AC00013113,99,2,Fixed Deposit,Dormant,2024-01-16,340635.8
13114,AC00013114,13,1,Fixed Deposit,Active,2023-06-21,71578.98
13115,AC00013115,15,4,CURRENT,Closed,2024-03-29,318490.2
13116,AC00013116,16,2,Fixed Deposit,active,2023-03-15,26747.28
13117,AC00013117,70,4,Savings,Inactive,2023-10-20,291706.12
13118,AC00013118,33,2,Savings,Closed,2025-11-16,455347.4
13119,AC00013119,17,4,Savings,Closed,2025-06-03,482161.49
13120,AC00013120,49,4,saving,Active,2024-03-17,456872.29
13121,AC00013121,51,3,Savings,Inactive,2026-03-03,457311.82
13122,AC00013122,5,2,saving,Active,2023-07-26,18435.93
13123,AC00013123,66,1,Current,Closed,2025-04-24,349508.48
13124,AC00013124,16,2,saving,Inactive,2023-11-05,169925.72
13125,AC00013125,57,1,saving,Closed,2024-05-24,53282.41
13126,AC00013126,56,1,CURRENT,Closed,2023-05-12,370010.63
13127,AC00013127,64,3,Current,Active,2026-02-09,354220.24
13128,AC00013128,56,4,CURRENT,active,2026-05-24,256216.0
13129,AC00013129,46,1,Savings,Dormant,2024-06-30,411538.26
13130,AC00013130,79,1,Fixed Deposit,active,2025-01-26,415583.2
13131,AC00013131,96,2,Fixed Deposit,Active,2024-03-20,223120.05
13132,AC00013132,83,1,Savings,Dormant,2023-04-02,386259.57
13133,AC00013133,50,1,CURRENT,Active,2023-01-15,158636.65
13134,AC00013134,61,2,Savings,Closed,2023-10-24,487202.54
13135,AC00013135,64,3,Savings,active,2022-12-28,371576.75
13136,AC00013136,5,2,Savings,Closed,2023-01-07,84751.32
13137,AC00013137,1,1,CURRENT,Dormant,2025-03-13,255480.07
13138,AC00013138,72,3,saving,Closed,2025-11-27,391167.27
13139,AC00013139,74,3,Current,Closed,2026-07-28,451744.43
13140,AC00013140,47,4,CURRENT,Closed,2026-04-26,473192.59
13141,AC00013141,17,3,Savings,Dormant,2023-07-06,66616.67
13142,AC00013142,4,3,Current,Active,2025-10-02,125463.63
13143,AC00013143,8,2,saving,Closed,2023-08-13,331945.3
13144,AC00013144,46,4,Fixed Deposit,Active,2024-02-08,409005.06
13145,AC00013145,39,1,Savings,Closed,2023-08-12,425633.26
13146,AC00013146,76,2,Current,active,2024-03-17,329656.88
13147,AC00013147,97,4,Current,Closed,2026-02-08,463175.46
13148,AC00013148,10,1,Savings,Dormant,2023-09-14,107564.63
13149,AC00013149,40,2,Savings,active,2026-06-09,40436.67
13150,AC00013150,29,2,Fixed Deposit,Closed,2023-02-02,481505.78
13151,AC00013151,48,3,CURRENT,Closed,2024-08-03,429139.2
13152,AC00013152,31,2,saving,Inactive,2023-10-22,482694.02
13153,AC00013153,75,4,Current,active,2024-01-28,390944.1
13154,AC00013154,46,3,Current,Inactive,2023-12-19,458085.35
13155,AC00013155,83,2,CURRENT,active,2026-07-13,468231.51
13156,AC00013156,89,2,Fixed Deposit,active,2023-08-03,264061.74
13157,AC00013157,50,3,Savings,active,2024-04-18,157986.81
13158,AC00013158,68,4,saving,Active,2026-06-29,373347.57
13159,AC00013159,7,4,Savings,Dormant,2023-04-16,343159.54
13160,AC00013160,86,3,CURRENT,Dormant,2023-09-03,202611.17
13161,AC00013161,37,2,Fixed Deposit,Closed,2025-11-13,199423.78
13162,AC00013162,78,3,Fixed Deposit,Inactive,2023-06-21,151985.67
13163,AC00013163,65,3,Fixed Deposit,active,2023-06-13,3850.9
13164,AC00013164,76,2,saving,Closed,2026-02-26,131858.14
13165,AC00013165,55,2,Current,active,2024-02-01,263289.58
13166,AC00013166,33,3,saving,Dormant,2025-12-11,428520.21
13167,AC00013167,16,4,Current,Closed,2025-08-01,414097.29
13168,AC00013168,6,1,Current,Active,2023-12-25,73577.18
13169,AC00013169,100,2,saving,Closed,2025-11-24,344429.93
13170,AC00013170,41,4,CURRENT,active,2025-05-28,62855.34
13171,AC00013171,12,3,Current,active,2025-12-30,177218.66
13172,AC00013172,4,3,CURRENT,Dormant,2023-11-28,348560.84
13173,AC00013173,57,4,Fixed Deposit,active,2023-04-20,303256.04
13174,AC00013174,4,2,Savings,Closed,2023-09-22,261696.26
13175,AC00013175,8,1,Savings,Inactive,2024-09-15,296114.17
13176,AC00013176,77,2,CURRENT,Active,2026-03-21,264646.86
13177,AC00013177,37,3,Current,Inactive,2024-09-29,94051.07
13178,AC00013178,65,3,Fixed Deposit,active,2024-03-11,297765.11
13179,AC00013179,85,1,Current,active,2023-12-19,470644.79
13180,AC00013180,77,1,Current,Active,2026-07-04,95707.86
13181,AC00013181,40,1,CURRENT,active,2025-04-27,373900.86
13182,AC00013182,43,1,Current,Closed,2026-07-21,380759.39
13183,AC00013183,77,1,Current,Active,2023-09-28,474532.39
13184,AC00013184,72,2,CURRENT,active,2022-12-03,67979.41
13185,AC00013185,17,4,CURRENT,Active,2026-03-01,485706.06
13186,AC00013186,16,1,CURRENT,Active,2026-03-04,326523.39
13187,AC00013187,82,3,Current,Active,2025-01-07,178249.79
13188,AC00013188,41,3,Fixed Deposit,Closed,2023-06-13,381281.72
13189,AC00013189,10,3,Current,Closed,2022-12-26,375425.44
13190,AC00013190,52,1,saving,Closed,2026-03-14,110549.92
13191,AC00013191,65,2,saving,Closed,2026-07-18,290989.09
13192,AC00013192,9,3,CURRENT,Dormant,2023-06-16,338558.96
13193,AC00013193,73,4,Current,Active,2023-02-20,398470.01
13194,AC00013194,8,4,Savings,Active,2023-01-12,195391.8
13195,AC00013195,11,3,Current,Dormant,2024-02-12,459862.66
13196,AC00013196,11,4,Fixed Deposit,Active,2022-10-15,459051.16
13197,AC00013197,33,1,Savings,active,2022-11-10,328718.82
13198,AC00013198,37,4,Fixed Deposit,Inactive,2023-05-11,477021.29
13199,AC00013199,84,1,saving,Dormant,2024-05-10,55272.56
13200,AC00013200,71,3,saving,Closed,2026-05-07,148072.76
13201,AC00013201,93,1,saving,Active,2023-01-12,193228.73
13202,AC00013202,4,2,Savings,active,2025-09-24,468722.88
13203,AC00013203,21,4,Savings,Dormant,2025-09-19,102522.77
13204,AC00013204,60,4,Current,active,2023-06-21,168053.29
13205,AC00013205,18,1,Fixed Deposit,Active,2025-03-02,389362.4
13206,AC00013206,46,4,Current,Active,2025-05-21,377228.94
13207,AC00013207,55,2,CURRENT,Active,2025-06-06,480786.6
13208,AC00013208,66,2,Fixed Deposit,Inactive,2025-10-30,479863.13
13209,AC00013209,83,1,saving,active,2026-05-13,395916.27
13210,AC00013210,99,3,Current,Inactive,2026-08-03,226974.59
13211,AC00013211,52,1,Current,Inactive,2025-04-28,176637.94
13212,AC00013212,40,4,Savings,Dormant,2022-12-03,394213.83
13213,AC00013213,75,3,saving,Active,2023-04-01,35650.91
13214,AC00013214,49,4,CURRENT,Dormant,2023-10-04,259933.86
13215,AC00013215,74,1,Current,Dormant,2026-08-08,492039.18
13216,AC00013216,63,3,Savings,Inactive,2025-09-23,87062.9
13217,AC00013217,47,4,saving,Inactive,2026-05-21,337204.1
13218,AC00013218,66,1,Current,Inactive,2025-11-25,401797.54
13219,AC00013219,58,1,Fixed Deposit,Dormant,2024-12-01,410054.84
13220,AC00013220,56,2,saving,active,2023-01-13,209766.08
13221,AC00013221,100,3,CURRENT,Active,2026-02-26,318333.95
13222,AC00013222,21,2,Current,Active,2025-06-12,213942.34
13223,AC00013223,15,1,CURRENT,Active,2022-10-18,203541.61
13224,AC00013224,83,4,Savings,Dormant,2023-07-16,180918.73
13225,AC00013225,32,2,saving,Closed,2024-11-04,242248.16
13226,AC00013226,13,1,Fixed Deposit,active,2024-11-05,75839.4
13227,AC00013227,99,4,Savings,active,2022-11-23,116895.09
13228,AC00013228,37,4,Savings,Closed,2023-04-13,156401.68
13229,AC00013229,38,1,Savings,active,2025-05-27,308211.91
13230,AC00013230,68,4,Current,Closed,2023-09-10,64765.07
13231,AC00013231,12,2,Fixed Deposit,Dormant,2025-02-06,201971.72
13232,AC00013232,67,3,Savings,active,2024-03-17,155748.02
13233,AC00013233,82,3,Fixed Deposit,Closed,2023-04-13,370354.66
13234,AC00013234,10,4,saving,Active,2023-06-01,357795.02
13235,AC00013235,57,2,saving,Inactive,2025-10-29,87732.45
13236,AC00013236,96,2,CURRENT,Inactive,2024-07-11,80624.49
13237,AC00013237,9,3,Current,Inactive,2024-01-05,302674.15
13238,AC00013238,71,4,saving,Closed,2024-12-10,33635.24
13239,AC00013239,27,4,Current,Active,2023-02-26,460229.42
13240,AC00013240,11,1,Current,Inactive,2022-11-10,48027.9
13241,AC00013241,45,4,saving,Inactive,2023-11-27,465106.02
13242,AC00013242,87,2,Fixed Deposit,Closed,2023-03-19,204468.01
13243,AC00013243,60,3,Current,Active,2026-01-09,34404.23
13244,AC00013244,63,4,Current,Inactive,2025-03-03,2259.49
13245,AC00013245,6,3,Savings,Closed,2026-07-10,281762.21
13246,AC00013246,11,2,Fixed Deposit,active,2025-09-20,127751.13
13247,AC00013247,77,1,saving,Closed,2023-03-05,392128.62
13248,AC00013248,72,1,Savings,Active,2026-06-03,337748.16
13249,AC00013249,22,2,CURRENT,active,2025-10-16,453150.25
13250,AC00013250,37,2,CURRENT,active,2025-09-21,312575.97
13251,AC00013251,10,4,CURRENT,Active,2024-05-22,235207.1
13252,AC00013252,84,3,saving,Active,2023-04-25,193656.15
13253,AC00013253,57,2,saving,Active,2022-09-02,448041.85
13254,AC00013254,90,4,CURRENT,Inactive,2026-03-21,53125.02
13255,AC00013255,72,1,Current,Closed,2024-12-31,463877.21
13256,AC00013256,5,2,CURRENT,Active,2023-06-29,379242.71
13257,AC00013257,77,3,Savings,Active,2024-07-31,497685.33
13258,AC00013258,77,4,Savings,Closed,2025-08-11,168890.42
13259,AC00013259,4,3,Fixed Deposit,Dormant,2022-09-20,360050.92
13260,AC00013260,58,4,saving,Active,2022-11-25,324790.29
13261,AC00013261,83,3,Savings,Closed,2023-11-07,233881.52
13262,AC00013262,40,4,Savings,Active,2026-03-08,419125.72
13263,AC00013263,79,1,saving,active,2025-07-28,154278.57
13264,AC00013264,86,3,saving,Active,2024-05-07,72611.13
13265,AC00013265,59,2,Fixed Deposit,Closed,2025-08-11,432635.21
13266,AC00013266,29,3,Current,Dormant,2025-02-27,171985.32
13267,AC00013267,33,2,CURRENT,Closed,2025-05-28,213312.49
13268,AC00013268,7,3,Fixed Deposit,Dormant,2022-12-20,25365.31
13269,AC00013269,96,2,saving,Inactive,2026-06-22,19729.11
13270,AC00013270,26,4,saving,active,2026-06-12,185329.52
13271,AC00013271,13,2,saving,Closed,2024-05-22,229583.94
13272,AC00013272,75,2,Fixed Deposit,Active,2024-11-23,34077.59
13273,AC00013273,60,2,Savings,Closed,2024-10-14,73418.5
13274,AC00013274,5,3,CURRENT,Active,2025-03-08,281304.81
13275,AC00013275,12,3,saving,Active,2025-10-04,111101.0
13276,AC00013276,14,4,CURRENT,Closed,2023-03-18,291552.41
13277,AC00013277,7,4,Current,Active,2024-03-14,35035.81
13278,AC00013278,6,1,Current,Active,2023-06-05,151445.83
13279,AC00013279,50,3,saving,Dormant,2022-11-10,374868.7
13280,AC00013280,77,2,Savings,Inactive,2023-04-03,328687.53
13281,AC00013281,37,4,Fixed Deposit,Closed,2023-06-25,140911.97
13282,AC00013282,62,3,CURRENT,Inactive,2024-08-24,473979.95
13283,AC00013283,77,2,saving,Closed,2023-01-04,314847.05
13284,AC00013284,6,2,Fixed Deposit,Active,2024-02-12,327074.29
13285,AC00013285,47,4,CURRENT,Active,2025-06-05,87000.97
13286,AC00013286,25,1,Current,Inactive,2022-12-12,36424.95
13287,AC00013287,4,2,Savings,Inactive,2022-09-21,122157.4
13288,AC00013288,21,2,saving,Closed,2025-08-23,364200.69
13289,AC00013289,15,1,CURRENT,active,2024-01-28,481457.4
13290,AC00013290,63,3,Savings,active,2023-08-14,395669.76
13291,AC00013291,63,4,Savings,Inactive,2025-08-20,108190.29
13292,AC00013292,2,1,saving,active,2025-03-21,259767.58
13293,AC00013293,79,3,CURRENT,Inactive,2025-12-03,240062.47
13294,AC00013294,74,2,Current,Active,2023-10-24,184169.83
13295,AC00013295,34,1,Fixed Deposit,Active,2022-12-02,388538.81
13296,AC00013296,74,3,saving,active,2023-11-10,123997.92
13297,AC00013297,4,4,Savings,active,2026-05-21,197437.31
13298,AC00013298,60,4,Savings,Closed,2024-01-10,289991.5
13299,AC00013299,21,1,Fixed Deposit,Active,2023-10-07,381303.22
13300,AC00013300,11,1,CURRENT,Closed,2023-01-06,357754.18
13301,AC00013301,39,3,CURRENT,Dormant,2025-04-14,412296.76
13302,AC00013302,13,2,Fixed Deposit,Inactive,2025-04-08,146749.88
13303,AC00013303,37,4,Savings,Dormant,2023-02-06,46239.06
13304,AC00013304,27,1,CURRENT,Inactive,2025-08-27,51868.26
13305,AC00013305,84,1,CURRENT,Inactive,2026-02-03,384571.35
13306,AC00013306,47,2,Fixed Deposit,Active,2025-11-24,17083.68
13307,AC00013307,94,4,Current,Active,2023-05-01,209511.67
13308,AC00013308,6,3,Current,Active,2024-08-07,458822.61
13309,AC00013309,33,2,Current,Dormant,2024-02-29,219443.47
13310,AC00013310,65,2,CURRENT,Dormant,2022-09-26,274116.78
13311,AC00013311,7,3,Savings,Inactive,2024-11-29,237284.84
13312,AC00013312,32,1,CURRENT,Closed,2026-08-04,101622.45
13313,AC00013313,32,4,saving,Dormant,2022-10-31,55716.67
13314,AC00013314,44,3,Fixed Deposit,Dormant,2023-02-13,72572.22
13315,AC00013315,61,3,Fixed Deposit,Dormant,2025-03-08,461801.1
13316,AC00013316,1,1,Fixed Deposit,Active,2025-03-27,472898.83
13317,AC00013317,43,1,Savings,Active,2023-01-23,308423.91
13318,AC00013318,83,3,Savings,Inactive,2026-03-18,15481.85
13319,AC00013319,54,1,saving,active,2023-12-26,346691.34
13320,AC00013320,27,3,Current,Active,2024-05-29,238444.21
13321,AC00013321,100,1,Current,Active,2023-11-25,46203.42
13322,AC00013322,2,3,saving,Dormant,2026-03-26,419084.38
13323,AC00013323,86,4,Fixed Deposit,Inactive,2025-05-24,27485.2
13324,AC00013324,70,4,Savings,Active,2024-05-09,415443.07
13325,AC00013325,100,3,Current,Closed,2025-04-14,94470.62
13326,AC00013326,56,4,CURRENT,Dormant,2025-11-30,471922.53
13327,AC00013327,36,1,Fixed Deposit,Closed,2025-01-16,487292.87
13328,AC00013328,4,1,saving,Dormant,2024-02-07,231928.2
13329,AC00013329,55,4,saving,Closed,2023-03-04,104223.86
13330,AC00013330,55,2,Fixed Deposit,active,2025-12-18,114322.51
13331,AC00013331,23,2,CURRENT,Closed,2022-11-19,461681.07
13332,AC00013332,19,1,Current,Active,2023-09-10,426646.56
13333,AC00013333,3,1,CURRENT,Active,2023-06-16,397225.09
13334,AC00013334,44,2,Fixed Deposit,Active,2022-10-22,309951.92
13335,AC00013335,36,4,saving,Closed,2022-11-04,88644.73
13336,AC00013336,52,1,Savings,Active,2025-08-13,215601.66
13337,AC00013337,69,4,Savings,Inactive,2024-06-19,148974.28
13338,AC00013338,81,3,Savings,Dormant,2023-07-15,96292.27
13339,AC00013339,58,3,CURRENT,Inactive,2023-10-25,16222.02
13340,AC00013340,76,1,Current,Dormant,2025-08-28,168688.13
13341,AC00013341,35,2,Savings,Inactive,2025-07-17,37344.1
13342,AC00013342,86,1,saving,Inactive,2026-07-01,462648.05
13343,AC00013343,36,3,saving,active,2024-10-18,10127.35
13344,AC00013344,93,1,Current,Inactive,2025-11-16,373586.68
13345,AC00013345,35,1,CURRENT,active,2026-06-23,294298.76
13346,AC00013346,58,4,Current,Active,2023-04-24,418843.81
13347,AC00013347,53,3,Current,Active,2024-03-30,311520.24
13348,AC00013348,26,2,saving,Dormant,2025-03-15,460270.88
13349,AC00013349,86,3,saving,Dormant,2022-09-12,371354.69
13350,AC00013350,65,2,saving,Inactive,2026-01-06,130668.08
13351,AC00013351,96,2,saving,Closed,2023-03-23,241472.82
13352,AC00013352,77,3,Current,Inactive,2022-11-28,152628.47
13353,AC00013353,70,2,Savings,Closed,2023-10-21,479091.89
13354,AC00013354,4,1,saving,active,2023-04-15,96014.35
13355,AC00013355,46,3,CURRENT,Closed,2025-11-30,196876.24
13356,AC00013356,17,3,Fixed Deposit,Closed,2025-11-29,425145.71
13357,AC00013357,11,2,Fixed Deposit,Closed,2026-03-12,310325.77
13358,AC00013358,86,4,Fixed Deposit,Dormant,2023-09-17,353120.56
13359,AC00013359,74,4,CURRENT,Closed,2023-01-28,140572.38
13360,AC00013360,48,2,saving,Inactive,2023-02-11,44036.81
13361,AC00013361,99,1,saving,Dormant,2024-07-26,242278.51
13362,AC00013362,61,4,saving,Inactive,2026-04-05,266655.03
13363,AC00013363,49,1,Savings,Dormant,2026-02-11,401850.78
13364,AC00013364,47,4,saving,Inactive,2024-05-27,342931.7
13365,AC00013365,19,3,Fixed Deposit,Inactive,2024-08-12,470491.07
13366,AC00013366,54,1,saving,Dormant,2024-02-09,133577.24
13367,AC00013367,55,2,CURRENT,Active,2024-01-29,447308.6
13368,AC00013368,71,2,Fixed Deposit,active,2022-10-02,66164.55
13369,AC00013369,44,4,CURRENT,Dormant,2025-02-09,177528.31
13370,AC00013370,48,4,Fixed Deposit,Dormant,2025-10-08,48212.12
13371,AC00013371,60,2,Savings,Dormant,2023-04-25,244441.71
13372,AC00013372,82,4,Savings,active,2022-10-25,366855.69
13373,AC00013373,83,4,saving,Dormant,2024-12-08,454971.02
13374,AC00013374,31,2,saving,Closed,2023-09-22,408654.27
13375,AC00013375,7,4,CURRENT,Dormant,2026-05-25,368972.68
13376,AC00013376,57,2,CURRENT,Active,2023-03-11,6015.6
13377,AC00013377,83,2,Current,Closed,2024-04-30,414903.91
13378,AC00013378,18,1,saving,Inactive,2025-08-04,488800.39
13379,AC00013379,40,3,Savings,active,2026-02-04,335126.28
13380,AC00013380,70,1,saving,active,2024-02-14,43733.01
13381,AC00013381,21,1,Fixed Deposit,Inactive,2022-10-19,7530.31
13382,AC00013382,4,1,Savings,Closed,2024-08-05,42558.27
13383,AC00013383,20,4,saving,Inactive,2026-07-20,437959.17
13384,AC00013384,4,3,Current,Inactive,2026-04-07,92102.34
13385,AC00013385,20,3,Fixed Deposit,active,2024-03-07,309211.19
13386,AC00013386,43,4,CURRENT,Dormant,2025-01-10,356499.64
13387,AC00013387,19,3,saving,active,2026-06-26,142406.37
13388,AC00013388,60,2,Current,Active,2023-10-13,236236.64
13389,AC00013389,31,3,saving,active,2023-02-27,416079.59
13390,AC00013390,57,3,Fixed Deposit,Closed,2025-05-31,252326.08
13391,AC00013391,55,4,Savings,active,2025-02-18,29548.14
13392,AC00013392,26,2,Fixed Deposit,active,2025-05-07,64511.54
13393,AC00013393,16,1,Savings,active,2023-01-31,33134.55
13394,AC00013394,87,1,Savings,Inactive,2022-09-04,73086.09
13395,AC00013395,42,4,Savings,Active,2026-06-24,221831.14
13396,AC00013396,6,3,saving,Dormant,2026-05-01,202559.36
13397,AC00013397,42,4,Savings,Dormant,2023-10-17,311759.19
13398,AC00013398,94,4,saving,active,2025-10-28,244458.45
13399,AC00013399,60,4,Current,Closed,2024-10-09,415244.06
13400,AC00013400,92,2,Savings,Inactive,2026-07-11,234319.0
13401,AC00013401,2,4,Savings,active,2026-03-08,263756.55
13402,AC00013402,57,1,CURRENT,active,2022-10-11,29136.18
13403,AC00013403,8,2,saving,Active,2026-01-18,352999.27
13404,AC00013404,9,1,saving,Inactive,2026-04-26,366330.65
13405,AC00013405,35,1,saving,Dormant,2025-09-14,152161.34
13406,AC00013406,39,1,CURRENT,Closed,2023-12-14,53054.44
13407,AC00013407,1,1,Savings,Closed,2024-11-12,212939.91
13408,AC00013408,14,4,Current,Inactive,2026-05-23,173838.96
13409,AC00013409,7,4,CURRENT,Active,2025-12-15,165266.09
13410,AC00013410,45,3,CURRENT,Inactive,2025-05-30,42047.22
13411,AC00013411,84,3,Savings,Inactive,2025-11-21,245653.61
13412,AC00013412,28,2,CURRENT,Dormant,2024-12-24,252241.93
13413,AC00013413,16,4,Savings,Closed,2025-12-25,142111.08
13414,AC00013414,19,3,saving,active,2025-09-15,98119.81
13415,AC00013415,34,4,Current,Active,2023-10-14,484667.97
13416,AC00013416,34,4,CURRENT,Closed,2025-10-17,417969.91
13417,AC00013417,21,3,saving,Active,2022-12-31,330872.56
13418,AC00013418,78,1,CURRENT,Inactive,2024-07-25,375201.65
13419,AC00013419,74,4,Fixed Deposit,Inactive,2026-06-20,388622.68
13420,AC00013420,2,2,CURRENT,Dormant,2025-06-27,371743.83
13421,AC00013421,68,4,Savings,Active,2023-02-23,134168.3
13422,AC00013422,41,1,CURRENT,Active,2026-02-08,356104.81
13423,AC00013423,83,4,saving,active,2025-07-20,262118.54
13424,AC00013424,90,3,Current,Closed,2025-01-27,373940.75
13425,AC00013425,93,1,CURRENT,active,2024-06-15,366362.6
13426,AC00013426,1,3,Current,Inactive,2024-01-21,465701.31
13427,AC00013427,85,1,CURRENT,active,2023-06-22,147973.73
13428,AC00013428,51,4,Fixed Deposit,Dormant,2026-03-20,400859.32
13429,AC00013429,11,3,Current,Closed,2024-04-30,116827.83
13430,AC00013430,74,2,saving,active,2026-06-01,429682.08
13431,AC00013431,48,4,saving,active,2023-11-26,318721.91
13432,AC00013432,74,3,Savings,Active,2026-02-13,434658.79
13433,AC00013433,67,2,Fixed Deposit,Active,2022-09-05,327585.81
13434,AC00013434,13,3,Savings,Inactive,2023-07-07,241586.83
13435,AC00013435,55,4,CURRENT,Dormant,2024-12-19,273325.98
13436,AC00013436,78,1,Current,Dormant,2023-03-28,59335.41
13437,AC00013437,93,4,Fixed Deposit,Active,2023-08-28,76188.12
13438,AC00013438,66,1,Savings,Active,2022-08-27,272548.0
13439,AC00013439,63,1,Current,Active,2023-09-11,22112.25
13440,AC00013440,11,3,saving,active,2026-05-30,67934.69
13441,AC00013441,62,3,Savings,Closed,2025-04-29,284978.82
13442,AC00013442,94,2,Fixed Deposit,Inactive,2024-11-11,110070.1
13443,AC00013443,53,3,CURRENT,Active,2026-07-30,361185.8
13444,AC00013444,56,4,Fixed Deposit,Inactive,2022-09-07,226776.9
13445,AC00013445,51,3,Savings,Inactive,2024-06-10,234618.22
13446,AC00013446,63,1,saving,active,2024-05-27,415749.0
13447,AC00013447,14,1,saving,Dormant,2023-05-04,243031.47
13448,AC00013448,19,4,Current,Closed,2024-09-08,253052.9
13449,AC00013449,49,3,Fixed Deposit,active,2026-01-18,306799.91
13450,AC00013450,61,1,Savings,Closed,2025-04-23,436948.33
13451,AC00013451,41,3,CURRENT,Closed,2026-07-15,244259.16
13452,AC00013452,64,4,Current,Closed,2023-01-30,209461.63
13453,AC00013453,10,3,Savings,active,2026-07-26,85008.11
13454,AC00013454,1,1,Current,Inactive,2023-11-01,499358.75
13455,AC00013455,51,4,Current,Inactive,2023-10-22,498952.47
13456,AC00013456,54,2,Savings,Inactive,2023-01-08,445800.74
13457,AC00013457,25,3,Fixed Deposit,Active,2024-06-23,65814.81
13458,AC00013458,54,3,CURRENT,Dormant,2024-06-17,437196.65
13459,AC00013459,8,4,Savings,Inactive,2026-03-06,14298.13
13460,AC00013460,52,2,Fixed Deposit,Closed,2025-09-09,138380.73
13461,AC00013461,9,2,CURRENT,Dormant,2022-10-19,440734.44
13462,AC00013462,16,3,CURRENT,Closed,2024-11-01,486723.91
13463,AC00013463,66,3,Fixed Deposit,Inactive,2023-06-12,72184.53
13464,AC00013464,47,3,CURRENT,Closed,2025-05-09,76965.47
13465,AC00013465,66,1,Fixed Deposit,Closed,2023-11-09,367330.46
13466,AC00013466,32,3,Fixed Deposit,Closed,2025-08-04,35894.17
13467,AC00013467,45,1,Current,Closed,2023-10-29,335797.72
13468,AC00013468,26,2,Savings,Inactive,2022-11-11,449314.93
13469,AC00013469,29,2,Fixed Deposit,Closed,2026-02-02,344312.59
13470,AC00013470,97,2,Savings,Inactive,2022-11-01,127220.87
13471,AC00013471,95,4,Fixed Deposit,active,2025-06-28,94140.51
13472,AC00013472,31,1,Current,Active,2026-05-12,45919.75
13473,AC00013473,66,3,Current,Dormant,2024-04-12,251067.1
13474,AC00013474,35,2,saving,Dormant,2024-05-28,248221.55
13475,AC00013475,25,4,Fixed Deposit,Closed,2025-12-20,478160.96
13476,AC00013476,48,3,Savings,Closed,2023-10-22,123642.47
13477,AC00013477,93,3,CURRENT,active,2026-01-18,24666.84
13478,AC00013478,94,4,saving,Inactive,2023-09-29,91940.95
13479,AC00013479,83,3,CURRENT,Closed,2026-05-18,88784.82
13480,AC00013480,57,3,Fixed Deposit,Inactive,2023-05-29,282870.73
13481,AC00013481,89,2,CURRENT,Closed,2024-11-10,160428.03
13482,AC00013482,29,1,CURRENT,active,2026-07-10,253530.96
13483,AC00013483,35,2,CURRENT,Closed,2023-01-13,157029.71
13484,AC00013484,55,3,CURRENT,Dormant,2025-08-12,121681.55
13485,AC00013485,37,4,Current,Inactive,2023-10-05,441696.39
13486,AC00013486,97,2,Fixed Deposit,Active,2024-09-15,336930.49
13487,AC00013487,48,2,Savings,Inactive,2022-12-14,247786.63
13488,AC00013488,70,4,saving,Inactive,2025-08-30,247836.55
13489,AC00013489,83,3,CURRENT,Closed,2023-05-12,134372.33
13490,AC00013490,80,3,Savings,Dormant,2022-11-07,384235.67
13491,AC00013491,69,2,Fixed Deposit,Active,2022-09-10,370476.47
13492,AC00013492,74,2,saving,Dormant,2024-11-22,331106.5
13493,AC00013493,11,3,Savings,Active,2026-05-28,364095.49
13494,AC00013494,92,4,Savings,Closed,2023-03-31,47224.8
13495,AC00013495,41,2,Current,Inactive,2025-04-02,91057.7
13496,AC00013496,49,4,saving,Dormant,2023-01-27,248235.98
13497,AC00013497,46,4,CURRENT,Dormant,2023-04-19,351659.81
13498,AC00013498,96,1,Fixed Deposit,Dormant,2023-11-08,156930.64
13499,AC00013499,83,3,saving,Active,2026-04-26,352346.71
13500,AC00013500,21,2,Fixed Deposit,Inactive,2025-11-13,288380.77
13501,AC00013501,42,3,Savings,Dormant,2025-07-18,109244.07
13502,AC00013502,60,3,Fixed Deposit,Dormant,2026-03-16,85782.23
13503,AC00013503,18,1,saving,Inactive,2025-05-21,221783.34
13504,AC00013504,5,2,saving,Dormant,2025-02-20,478694.48
13505,AC00013505,1,4,Savings,Inactive,2023-01-08,192325.02
13506,AC00013506,49,4,CURRENT,Closed,2023-05-13,273908.46
13507,AC00013507,57,2,Savings,Inactive,2022-10-06,358196.42
13508,AC00013508,79,3,saving,Dormant,2022-11-05,358333.87
13509,AC00013509,63,1,saving,active,2024-12-11,313028.68
13510,AC00013510,99,4,CURRENT,Active,2025-04-22,30018.65
13511,AC00013511,86,2,Current,active,2025-12-13,184747.72
13512,AC00013512,54,3,saving,Inactive,2026-07-29,58505.85
13513,AC00013513,81,2,Savings,Dormant,2023-03-31,479117.52
13514,AC00013514,99,3,saving,Inactive,2026-06-23,457973.7
13515,AC00013515,89,4,Fixed Deposit,active,2024-06-06,360380.77
13516,AC00013516,67,3,CURRENT,Closed,2024-05-05,226325.94
13517,AC00013517,72,2,CURRENT,Active,2023-02-08,338930.27
13518,AC00013518,2,3,CURRENT,Inactive,2025-03-09,342921.59
13519,AC00013519,12,1,Current,Closed,2022-12-03,136831.1
13520,AC00013520,63,1,Fixed Deposit,Dormant,2025-12-18,79555.22
13521,AC00013521,92,4,Current,Closed,2025-08-19,156758.11
13522,AC00013522,68,1,saving,Active,2025-01-04,472367.44
13523,AC00013523,12,4,Current,Inactive,2023-09-13,247583.74
13524,AC00013524,13,3,Fixed Deposit,Dormant,2022-11-08,382177.47
13525,AC00013525,85,4,Fixed Deposit,Dormant,2022-12-24,454829.9
13526,AC00013526,34,1,CURRENT,Closed,2025-05-22,205227.36
13527,AC00013527,77,2,CURRENT,active,2024-01-24,259026.06
13528,AC00013528,66,1,Current,active,2025-07-28,427185.53
13529,AC00013529,15,2,Current,active,2026-03-05,422352.07
13530,AC00013530,20,3,CURRENT,Inactive,2023-11-27,67707.59
13531,AC00013531,18,4,Savings,Dormant,2024-06-23,456673.91
13532,AC00013532,17,4,Current,Closed,2022-09-06,493741.61
13533,AC00013533,60,4,Fixed Deposit,active,2025-03-02,47747.48
13534,AC00013534,78,3,CURRENT,Dormant,2025-01-01,132279.67
13535,AC00013535,30,1,Current,Closed,2023-04-19,437984.27
13536,AC00013536,76,4,Savings,active,2023-02-09,394146.59
13537,AC00013537,19,2,Savings,Active,2023-11-21,399177.84
13538,AC00013538,34,4,Savings,Inactive,2024-10-18,247899.26
13539,AC00013539,73,4,Current,Inactive,2023-04-29,155923.76
13540,AC00013540,71,1,Savings,Active,2023-09-17,179045.31
13541,AC00013541,86,1,Savings,active,2024-11-04,384477.12
13542,AC00013542,23,4,Current,Closed,2022-10-28,283921.55
13543,AC00013543,11,3,Savings,Active,2023-09-09,269605.6
13544,AC00013544,99,2,Fixed Deposit,active,2024-10-14,455897.65
13545,AC00013545,24,4,CURRENT,active,2026-01-22,25099.22
13546,AC00013546,85,3,CURRENT,Active,2025-06-03,496081.74
13547,AC00013547,41,3,CURRENT,Active,2024-08-02,133088.6
13548,AC00013548,36,1,Current,Active,2023-03-11,175444.21
13549,AC00013549,48,1,saving,Closed,2024-02-17,214257.84
13550,AC00013550,66,3,saving,Dormant,2023-09-28,296825.79
13551,AC00013551,15,1,Current,Closed,2025-11-15,158882.76
13552,AC00013552,63,2,Current,active,2023-07-23,161043.17
13553,AC00013553,64,3,Savings,Active,2022-12-08,470037.05
13554,AC00013554,62,2,Fixed Deposit,Dormant,2024-06-23,400751.28
13555,AC00013555,83,4,saving,active,2026-02-05,229934.25
13556,AC00013556,34,1,Fixed Deposit,Active,2023-12-10,163531.79
13557,AC00013557,92,4,Fixed Deposit,Dormant,2026-02-26,393777.34
13558,AC00013558,2,2,saving,Active,2024-05-18,275214.76
13559,AC00013559,8,4,saving,Dormant,2023-09-27,363376.42
13560,AC00013560,9,3,Current,Dormant,2026-06-02,387476.78
13561,AC00013561,65,2,Fixed Deposit,Inactive,2024-02-18,362212.74
13562,AC00013562,67,4,Current,Inactive,2026-01-16,320724.66
13563,AC00013563,45,1,saving,Closed,2024-08-03,442878.25
13564,AC00013564,76,2,Current,Active,2025-01-09,277208.06
13565,AC00013565,47,4,Current,Closed,2024-11-09,294567.74
13566,AC00013566,87,3,Savings,Active,2023-09-07,222209.6
13567,AC00013567,41,1,Current,active,2024-12-07,205631.43
13568,AC00013568,69,1,Current,Inactive,2023-10-21,71218.56
13569,AC00013569,37,4,CURRENT,Closed,2024-10-11,330717.19
13570,AC00013570,2,2,Current,Active,2022-08-30,126766.51
13571,AC00013571,86,1,Fixed Deposit,Dormant,2023-02-13,146139.3
13572,AC00013572,40,2,Current,Active,2023-01-05,234618.62
13573,AC00013573,2,3,Fixed Deposit,Dormant,2023-04-03,335950.63
13574,AC00013574,94,1,Savings,Dormant,2023-05-27,15963.15
13575,AC00013575,60,1,Fixed Deposit,Active,2026-02-20,315273.03
13576,AC00013576,15,4,CURRENT,Closed,2023-03-06,183828.24
13577,AC00013577,90,3,Fixed Deposit,Inactive,2024-01-09,292735.88
13578,AC00013578,18,4,Fixed Deposit,Dormant,2024-07-08,210912.66
13579,AC00013579,77,1,Savings,Inactive,2025-08-06,412310.82
13580,AC00013580,62,1,Current,active,2024-05-09,232378.59
13581,AC00013581,88,3,Fixed Deposit,Inactive,2023-07-06,495431.59
13582,AC00013582,41,4,Current,active,2024-09-06,272073.13
13583,AC00013583,31,3,CURRENT,Inactive,2024-02-10,386563.35
13584,AC00013584,93,3,Current,Active,2025-06-04,153104.43
13585,AC00013585,66,2,CURRENT,Inactive,2026-05-24,22201.65
13586,AC00013586,33,2,saving,active,2022-10-31,286287.99
13587,AC00013587,18,4,saving,Dormant,2024-12-15,167993.17
13588,AC00013588,60,3,saving,Active,2023-05-04,349073.64
13589,AC00013589,35,4,saving,Closed,2024-05-28,365996.79
13590,AC00013590,22,1,saving,Active,2023-07-19,267699.49
13591,AC00013591,22,1,CURRENT,active,2024-11-12,482481.6
13592,AC00013592,60,1,CURRENT,Inactive,2024-07-24,362178.39
13593,AC00013593,41,4,Current,Inactive,2022-09-23,253270.26
13594,AC00013594,42,2,Fixed Deposit,Closed,2026-02-01,287073.7
13595,AC00013595,48,3,Savings,Inactive,2024-07-21,151685.33
13596,AC00013596,48,2,Current,active,2026-07-23,360693.91
13597,AC00013597,47,2,CURRENT,Closed,2023-10-16,31544.42
13598,AC00013598,19,1,Savings,Inactive,2025-01-21,13991.73
13599,AC00013599,22,1,CURRENT,active,2025-04-10,82383.42
13600,AC00013600,22,4,saving,active,2023-10-25,419427.39
13601,AC00013601,22,4,Fixed Deposit,Inactive,2024-07-22,361829.88
13602,AC00013602,96,2,Current,Dormant,2023-01-06,482673.55
13603,AC00013603,96,3,Fixed Deposit,Inactive,2024-12-09,407008.4
13604,AC00013604,92,4,Fixed Deposit,active,2026-03-11,270115.04
13605,AC00013605,60,4,CURRENT,Active,2024-03-01,433469.35
13606,AC00013606,53,3,Savings,Dormant,2023-05-10,343760.8
13607,AC00013607,87,1,saving,active,2022-10-09,135839.0
13608,AC00013608,57,2,Savings,Closed,2022-10-10,267699.83
13609,AC00013609,44,2,CURRENT,Active,2023-01-09,316984.42
13610,AC00013610,9,4,saving,Closed,2024-07-09,243192.45
13611,AC00013611,31,2,Fixed Deposit,Dormant,2022-10-26,101218.8
13612,AC00013612,56,4,CURRENT,Closed,2024-06-08,159829.74
13613,AC00013613,63,4,saving,Inactive,2024-12-23,179565.74
13614,AC00013614,42,3,Fixed Deposit,Dormant,2023-05-31,339355.58
13615,AC00013615,48,3,Savings,active,2025-12-20,86627.96
13616,AC00013616,99,1,Savings,active,2024-09-28,341709.94
13617,AC00013617,38,4,Current,Active,2026-04-19,458721.03
13618,AC00013618,84,3,CURRENT,Inactive,2026-05-22,67222.98
13619,AC00013619,99,1,Fixed Deposit,Active,2024-01-18,486279.84
13620,AC00013620,91,2,CURRENT,active,2025-07-25,166460.28
13621,AC00013621,57,4,Current,Dormant,2026-03-10,253161.37
13622,AC00013622,68,1,CURRENT,Closed,2026-01-09,207226.86
13623,AC00013623,23,3,Fixed Deposit,active,2026-01-22,377413.46
13624,AC00013624,84,2,CURRENT,Dormant,2023-07-14,413487.65
13625,AC00013625,32,3,CURRENT,Inactive,2023-11-21,272040.02
13626,AC00013626,37,2,saving,Inactive,2025-08-12,212491.1
13627,AC00013627,61,4,Current,active,2022-08-20,338105.14
13628,AC00013628,4,4,Current,Inactive,2025-02-14,272868.91
13629,AC00013629,75,1,Current,active,2024-11-24,453352.05
13630,AC00013630,26,4,Savings,active,2024-08-10,402945.01
13631,AC00013631,87,3,Fixed Deposit,active,2025-09-18,352409.8
13632,AC00013632,13,4,Savings,Inactive,2024-06-02,5335.43
13633,AC00013633,80,2,CURRENT,Inactive,2022-09-16,248594.61
13634,AC00013634,19,4,Current,Active,2025-10-15,89711.94
13635,AC00013635,81,2,Savings,Dormant,2026-01-07,294275.69
13636,AC00013636,18,4,Fixed Deposit,Inactive,2022-09-03,169397.39
13637,AC00013637,78,4,Current,Closed,2025-02-17,289636.47
13638,AC00013638,12,2,Savings,Dormant,2022-11-18,70116.28
13639,AC00013639,39,3,Current,Active,2024-07-30,405484.51
13640,AC00013640,93,1,Current,Dormant,2024-06-26,399895.8
13641,AC00013641,41,2,Fixed Deposit,Active,2025-06-12,240053.59
13642,AC00013642,49,2,Current,Dormant,2025-08-11,229490.13
13643,AC00013643,15,3,CURRENT,Active,2023-12-28,28875.69
13644,AC00013644,90,1,saving,Closed,2022-09-27,283391.96
13645,AC00013645,96,2,Savings,active,2025-02-09,210886.66
13646,AC00013646,97,3,Savings,Inactive,2025-12-26,262426.36
13647,AC00013647,92,4,CURRENT,Closed,2025-06-19,65811.13
13648,AC00013648,9,1,Fixed Deposit,Closed,2026-07-13,172856.01
13649,AC00013649,75,2,Current,Dormant,2024-12-01,70296.36
13650,AC00013650,9,3,Savings,Active,2022-12-05,254938.65
13651,AC00013651,79,1,saving,Inactive,2026-01-18,209553.13
13652,AC00013652,89,2,Fixed Deposit,Active,2024-09-20,187283.65
13653,AC00013653,69,2,Savings,Closed,2024-07-25,40975.48
13654,AC00013654,23,1,Savings,Inactive,2023-04-06,408248.7
13655,AC00013655,78,2,CURRENT,Inactive,2023-04-04,126325.9
13656,AC00013656,87,1,saving,Closed,2024-01-14,353595.22
13657,AC00013657,58,2,Fixed Deposit,Active,2024-02-17,111141.18
13658,AC00013658,80,3,CURRENT,Dormant,2026-07-05,121741.95
13659,AC00013659,81,2,Current,active,2024-02-03,199744.53
13660,AC00013660,87,3,Savings,Closed,2025-07-19,394831.87
13661,AC00013661,46,3,Savings,active,2023-07-12,246191.09
13662,AC00013662,18,3,Current,Dormant,2025-12-23,468010.5
13663,AC00013663,55,4,Fixed Deposit,Closed,2023-03-05,111747.2
13664,AC00013664,12,1,CURRENT,Dormant,2023-03-19,463535.0
13665,AC00013665,57,4,Current,Inactive,2024-11-23,291647.13
13666,AC00013666,37,3,Current,active,2025-07-13,216973.13
13667,AC00013667,49,2,Current,active,2024-06-09,153989.83
13668,AC00013668,46,4,saving,Active,2026-01-25,452041.62
13669,AC00013669,65,3,Savings,Dormant,2025-04-19,484666.54
13670,AC00013670,4,3,Savings,active,2023-10-08,384420.26
13671,AC00013671,86,2,saving,active,2026-07-16,61169.9
13672,AC00013672,39,4,CURRENT,Inactive,2024-11-24,428554.74
13673,AC00013673,33,1,Savings,active,2025-08-19,289311.48
13674,AC00013674,67,3,saving,Dormant,2023-01-26,339953.0
13675,AC00013675,85,2,saving,Active,2023-07-12,177385.6
13676,AC00013676,93,2,Current,Inactive,2025-01-31,183851.67
13677,AC00013677,44,1,saving,active,2025-02-14,397747.89
13678,AC00013678,64,4,CURRENT,Inactive,2022-10-19,307763.6
13679,AC00013679,93,3,Current,Closed,2026-05-09,75605.64
13680,AC00013680,76,2,Current,Active,2026-07-12,471914.98
13681,AC00013681,3,1,CURRENT,Inactive,2024-09-08,215531.9
13682,AC00013682,26,3,Fixed Deposit,Inactive,2023-12-17,26757.4
13683,AC00013683,90,4,Current,Dormant,2023-11-08,433023.92
13684,AC00013684,15,4,saving,Inactive,2025-05-14,194400.21
13685,AC00013685,48,2,Fixed Deposit,Closed,2024-09-15,224809.63
13686,AC00013686,87,4,Savings,active,2023-07-19,75453.92
13687,AC00013687,61,2,Current,Inactive,2025-10-10,407696.74
13688,AC00013688,100,2,saving,Closed,2024-01-18,420905.12
13689,AC00013689,70,1,Fixed Deposit,active,2023-09-22,13697.21
13690,AC00013690,64,1,Savings,Closed,2026-07-29,262183.65
13691,AC00013691,37,3,saving,Closed,2023-04-08,257203.6
13692,AC00013692,61,1,Savings,Closed,2024-11-09,449469.35
13693,AC00013693,87,2,Savings,Inactive,2023-02-12,12205.44
13694,AC00013694,77,3,saving,Inactive,2025-02-25,343869.76
13695,AC00013695,36,2,Savings,Dormant,2025-09-02,114434.75
13696,AC00013696,12,4,Fixed Deposit,Dormant,2023-10-22,250036.09
13697,AC00013697,100,4,saving,Inactive,2025-05-20,454839.44
13698,AC00013698,77,2,Current,active,2023-07-28,204456.09
13699,AC00013699,23,1,Current,Dormant,2025-03-28,438466.32
13700,AC00013700,85,4,saving,Closed,2022-11-03,383484.4
13701,AC00013701,99,4,Fixed Deposit,Inactive,2023-02-17,252178.51
13702,AC00013702,9,4,Fixed Deposit,Dormant,2023-04-26,74932.68
13703,AC00013703,32,2,Current,Dormant,2024-11-15,467186.78
13704,AC00013704,16,4,saving,Dormant,2024-09-12,470384.12
13705,AC00013705,61,2,Savings,Closed,2023-10-04,322138.89
13706,AC00013706,12,4,Current,Inactive,2023-10-11,116550.11
13707,AC00013707,45,4,Fixed Deposit,active,2023-11-27,253992.4
13708,AC00013708,34,4,saving,Dormant,2024-08-14,417322.64
13709,AC00013709,58,3,saving,Closed,2023-11-23,406324.62
13710,AC00013710,4,4,CURRENT,Closed,2023-12-27,498440.83
13711,AC00013711,34,2,Current,Active,2024-11-17,102604.68
13712,AC00013712,73,1,Fixed Deposit,Closed,2023-07-21,335456.23
13713,AC00013713,88,1,Current,Dormant,2025-04-10,367479.25
13714,AC00013714,5,4,Savings,active,2025-01-16,51067.87
13715,AC00013715,52,3,Fixed Deposit,Dormant,2024-11-20,312768.42
13716,AC00013716,5,1,Current,Closed,2025-07-29,184539.28
13717,AC00013717,19,2,Fixed Deposit,Closed,2022-11-02,158274.23
13718,AC00013718,56,1,Fixed Deposit,active,2023-02-05,381571.5
13719,AC00013719,47,1,Savings,Closed,2025-05-03,184980.79
13720,AC00013720,29,1,Current,Inactive,2025-10-19,321500.9
13721,AC00013721,29,3,Current,Closed,2026-01-18,197769.37
13722,AC00013722,93,3,CURRENT,Inactive,2022-11-19,485138.23
13723,AC00013723,5,1,CURRENT,Closed,2024-10-19,465868.82
13724,AC00013724,25,4,Fixed Deposit,Closed,2023-06-15,123752.2
13725,AC00013725,8,4,Savings,active,2024-09-27,471322.95
13726,AC00013726,75,2,Fixed Deposit,Inactive,2023-08-09,186941.27
13727,AC00013727,21,2,CURRENT,Inactive,2026-07-08,86786.76
13728,AC00013728,66,4,saving,Inactive,2022-12-27,356377.69
13729,AC00013729,14,3,saving,Inactive,2025-10-13,491293.79
13730,AC00013730,56,2,saving,Active,2024-05-02,61458.23
13731,AC00013731,42,1,CURRENT,active,2024-07-02,407064.82
13732,AC00013732,48,3,CURRENT,Active,2025-04-02,362954.52
13733,AC00013733,24,1,Fixed Deposit,Active,2024-04-12,268290.5
13734,AC00013734,19,3,saving,Dormant,2023-11-13,349949.32
13735,AC00013735,97,1,saving,Inactive,2025-07-31,264162.57
13736,AC00013736,11,2,CURRENT,active,2024-05-28,281056.86
13737,AC00013737,71,2,saving,Dormant,2026-02-07,104786.78
13738,AC00013738,68,4,Current,Inactive,2024-04-07,131826.78
13739,AC00013739,55,2,Savings,Active,2024-07-06,104556.14
13740,AC00013740,9,3,Savings,Inactive,2023-08-25,266850.3
13741,AC00013741,56,2,Fixed Deposit,Inactive,2024-01-13,230065.47
13742,AC00013742,93,1,Current,Closed,2023-07-06,210058.73
13743,AC00013743,66,4,Savings,active,2025-12-03,183816.17
13744,AC00013744,29,2,Fixed Deposit,Inactive,2026-05-10,101228.9
13745,AC00013745,39,4,Fixed Deposit,Dormant,2024-11-16,412679.73
13746,AC00013746,8,1,CURRENT,active,2023-06-25,60734.79
13747,AC00013747,68,3,saving,Active,2023-06-22,395441.28
13748,AC00013748,27,2,Current,Dormant,2022-08-26,196822.28
13749,AC00013749,37,2,Savings,Dormant,2023-02-25,166430.29
13750,AC00013750,38,3,CURRENT,Inactive,2023-11-25,208995.7
13751,AC00013751,15,4,Current,active,2023-09-08,157090.03
13752,AC00013752,87,2,Current,Dormant,2023-07-21,20018.56
13753,AC00013753,95,3,Savings,active,2026-04-23,305477.16
13754,AC00013754,12,4,Current,Active,2026-03-20,370069.96
13755,AC00013755,16,1,Fixed Deposit,Active,2024-12-08,142525.57
13756,AC00013756,96,4,saving,active,2025-11-06,246975.26
13757,AC00013757,33,2,Savings,active,2024-03-27,412800.28
13758,AC00013758,8,4,Current,Closed,2023-04-08,108154.55
13759,AC00013759,60,4,CURRENT,active,2026-01-24,336540.42
13760,AC00013760,35,3,Current,Active,2024-06-05,214353.67
13761,AC00013761,36,4,Fixed Deposit,Inactive,2022-10-23,302653.9
13762,AC00013762,5,4,Current,active,2022-10-14,163374.92
13763,AC00013763,3,2,CURRENT,Active,2026-06-15,438070.1
13764,AC00013764,12,2,Savings,Dormant,2023-02-14,499859.25
13765,AC00013765,28,4,Current,Inactive,2024-10-24,489966.48
13766,AC00013766,20,3,CURRENT,Closed,2023-03-04,25204.19
13767,AC00013767,96,3,Fixed Deposit,Closed,2025-07-08,220640.59
13768,AC00013768,64,4,saving,active,2023-02-26,169611.45
13769,AC00013769,40,3,Current,Active,2022-12-01,104646.18
13770,AC00013770,73,1,Current,Closed,2024-11-01,276518.79
13771,AC00013771,24,2,saving,active,2022-10-15,142575.0
13772,AC00013772,1,2,Current,Inactive,2024-06-06,162021.79
13773,AC00013773,38,2,Savings,Dormant,2025-09-29,453567.53
13774,AC00013774,47,2,CURRENT,active,2025-01-07,464791.69
13775,AC00013775,86,2,Fixed Deposit,Closed,2026-06-08,90467.17
13776,AC00013776,13,2,Savings,Closed,2025-10-18,163689.52
13777,AC00013777,32,1,CURRENT,Inactive,2025-08-23,134239.97
13778,AC00013778,95,4,Current,Inactive,2023-07-28,395555.09
13779,AC00013779,67,1,saving,Dormant,2026-03-04,207483.38
13780,AC00013780,94,2,CURRENT,Active,2023-06-16,326502.75
13781,AC00013781,14,3,CURRENT,Inactive,2024-11-23,171495.14
13782,AC00013782,31,3,Savings,Active,2024-11-02,305801.43
13783,AC00013783,75,4,Savings,Dormant,2024-07-19,427076.19
13784,AC00013784,76,2,CURRENT,Inactive,2022-10-04,361618.63
13785,AC00013785,65,3,saving,Inactive,2024-12-24,201634.19
13786,AC00013786,78,2,saving,Inactive,2025-06-26,226566.95
13787,AC00013787,91,2,CURRENT,active,2025-03-06,129690.46
13788,AC00013788,45,1,Savings,Inactive,2022-09-30,212842.31
13789,AC00013789,93,3,saving,Closed,2025-12-01,472826.75
13790,AC00013790,68,1,saving,Dormant,2023-03-12,100935.63
13791,AC00013791,94,1,Fixed Deposit,active,2024-02-19,384553.2
13792,AC00013792,73,3,Savings,Dormant,2024-07-12,408762.41
13793,AC00013793,24,3,Current,active,2024-12-23,460338.69
13794,AC00013794,45,3,CURRENT,Inactive,2023-11-27,375897.94
13795,AC00013795,54,4,Fixed Deposit,Active,2024-02-07,106043.87
13796,AC00013796,73,1,saving,Dormant,2024-02-26,29834.95
13797,AC00013797,63,2,Fixed Deposit,Dormant,2023-07-02,177330.17
13798,AC00013798,55,4,saving,Closed,2024-08-09,260718.0
13799,AC00013799,62,1,CURRENT,active,2022-11-13,422320.42
13800,AC00013800,9,3,CURRENT,Active,2025-07-02,458960.24
13801,AC00013801,58,4,CURRENT,Inactive,2024-10-14,97227.95
13802,AC00013802,2,3,Fixed Deposit,Closed,2025-11-14,83724.89
13803,AC00013803,17,1,Fixed Deposit,Closed,2025-02-28,128510.44
13804,AC00013804,72,1,Savings,Closed,2026-07-15,428893.92
13805,AC00013805,5,2,Savings,Dormant,2023-05-01,426314.06
13806,AC00013806,53,2,Current,active,2026-04-28,155799.1
13807,AC00013807,85,3,CURRENT,Closed,2026-04-29,73518.6
13808,AC00013808,73,3,Savings,Inactive,2025-07-21,304556.89
13809,AC00013809,96,4,Fixed Deposit,Dormant,2024-09-16,352457.21
13810,AC00013810,21,1,Savings,Closed,2023-01-11,77500.28
13811,AC00013811,9,2,Current,Active,2025-02-04,254830.94
13812,AC00013812,54,2,Current,Dormant,2024-08-28,61940.75
13813,AC00013813,59,3,saving,Dormant,2024-06-22,453458.81
13814,AC00013814,72,1,saving,Inactive,2026-05-22,210537.49
13815,AC00013815,90,1,CURRENT,active,2023-09-14,107106.61
13816,AC00013816,37,2,CURRENT,Dormant,2025-06-04,434120.66
13817,AC00013817,69,4,Fixed Deposit,Closed,2023-01-23,14532.25
13818,AC00013818,19,1,CURRENT,active,2025-11-28,400877.11
13819,AC00013819,98,3,Fixed Deposit,Inactive,2026-05-10,130322.46
13820,AC00013820,47,1,Savings,Closed,2023-02-05,468766.29
13821,AC00013821,60,3,Savings,Inactive,2023-02-12,171220.58
13822,AC00013822,80,1,Fixed Deposit,Inactive,2025-11-11,218955.4
13823,AC00013823,85,3,Current,Closed,2026-03-31,58639.0
13824,AC00013824,7,1,Current,Dormant,2024-01-17,85434.8
13825,AC00013825,13,3,Fixed Deposit,Closed,2026-04-09,105562.9
13826,AC00013826,16,1,Fixed Deposit,active,2023-07-25,454647.25
13827,AC00013827,41,1,saving,active,2025-08-23,440759.57
13828,AC00013828,22,3,Savings,Closed,2025-01-27,68893.41
13829,AC00013829,18,1,Savings,Closed,2025-01-29,459918.52
13830,AC00013830,1,2,Current,Dormant,2024-08-09,137347.13
13831,AC00013831,94,1,Current,Closed,2024-03-09,322024.03
13832,AC00013832,50,1,Current,Active,2024-10-01,298116.2
13833,AC00013833,10,2,CURRENT,Dormant,2023-06-12,410275.78
13834,AC00013834,22,4,Savings,Active,2024-09-25,340443.11
13835,AC00013835,8,4,Current,Dormant,2023-05-03,39117.23
13836,AC00013836,86,3,saving,Inactive,2023-07-28,8460.11
13837,AC00013837,13,4,Savings,Inactive,2023-01-04,55148.89
13838,AC00013838,47,2,CURRENT,Dormant,2026-02-23,406427.71
13839,AC00013839,74,2,Current,Active,2026-05-13,6805.22
13840,AC00013840,3,3,CURRENT,Dormant,2023-03-04,436852.14
13841,AC00013841,83,1,CURRENT,Closed,2024-10-22,46247.57
13842,AC00013842,70,3,saving,active,2026-08-02,94028.52
13843,AC00013843,96,2,CURRENT,Active,2023-08-18,417444.45
13844,AC00013844,58,2,CURRENT,Dormant,2024-11-06,419112.77
13845,AC00013845,12,3,saving,Closed,2024-01-05,355777.89
13846,AC00013846,63,3,Fixed Deposit,Active,2024-02-02,224474.29
13847,AC00013847,58,3,Fixed Deposit,Active,2023-11-27,384164.6
13848,AC00013848,50,2,Fixed Deposit,Closed,2023-10-14,133686.77
13849,AC00013849,18,4,Fixed Deposit,Active,2026-08-08,423231.46
13850,AC00013850,29,2,Fixed Deposit,Active,2023-09-11,29250.99
13851,AC00013851,18,4,Current,active,2025-07-14,393699.13
13852,AC00013852,67,3,Savings,Active,2025-11-24,163503.07
13853,AC00013853,23,2,Fixed Deposit,Active,2025-08-09,71630.7
13854,AC00013854,2,1,CURRENT,Dormant,2025-05-25,330209.86
13855,AC00013855,89,2,saving,Closed,2025-05-02,64431.09
13856,AC00013856,39,1,saving,Active,2024-03-17,54618.87
13857,AC00013857,32,2,Current,Inactive,2025-06-21,185981.98
13858,AC00013858,18,3,saving,Inactive,2024-07-19,229437.85
13859,AC00013859,31,3,saving,Closed,2026-05-19,335681.19
13860,AC00013860,77,4,Current,Closed,2025-04-15,185803.36
13861,AC00013861,99,3,CURRENT,Dormant,2024-12-19,142581.61
13862,AC00013862,56,2,CURRENT,Closed,2023-11-04,190920.34
13863,AC00013863,30,3,CURRENT,Closed,2023-09-18,310101.53
13864,AC00013864,3,1,saving,Dormant,2025-07-29,107796.16
13865,AC00013865,56,3,CURRENT,Closed,2024-04-28,333113.55
13866,AC00013866,3,1,Savings,Active,2025-04-28,410791.58
13867,AC00013867,39,3,Current,Dormant,2025-11-14,441018.05
13868,AC00013868,27,2,Current,Closed,2023-08-09,372600.97
13869,AC00013869,73,1,Current,Dormant,2024-10-15,403411.45
13870,AC00013870,7,1,Savings,active,2023-09-04,284398.68
13871,AC00013871,49,1,CURRENT,Dormant,2025-06-28,336483.45
13872,AC00013872,67,4,CURRENT,Active,2026-03-25,360827.73
13873,AC00013873,66,3,saving,active,2026-04-03,228218.81
13874,AC00013874,89,4,Current,Active,2024-12-03,442607.4
13875,AC00013875,8,1,Savings,Dormant,2025-03-14,412689.41
13876,AC00013876,1,2,Savings,Inactive,2026-02-04,126461.35
13877,AC00013877,6,1,CURRENT,Inactive,2025-05-29,424242.36
13878,AC00013878,25,4,Savings,Active,2025-12-06,200596.68
13879,AC00013879,59,4,CURRENT,Active,2026-01-03,349409.67
13880,AC00013880,78,2,CURRENT,Active,2023-09-11,92147.69
13881,AC00013881,87,4,Savings,Active,2024-07-09,179856.53
13882,AC00013882,3,3,Current,Active,2025-04-16,113504.79
13883,AC00013883,14,2,Fixed Deposit,Active,2023-02-25,29152.23
13884,AC00013884,9,2,CURRENT,Closed,2024-12-06,95161.18
13885,AC00013885,65,1,Savings,Closed,2025-09-04,202232.27
13886,AC00013886,75,4,saving,active,2022-12-25,102603.93
13887,AC00013887,36,3,CURRENT,Active,2024-07-26,314437.04
13888,AC00013888,74,3,Fixed Deposit,Dormant,2024-08-04,34840.2
13889,AC00013889,84,1,Savings,Closed,2022-11-06,466562.04
13890,AC00013890,58,1,Current,Dormant,2024-12-09,469773.44
13891,AC00013891,33,1,CURRENT,active,2023-08-16,404743.04
13892,AC00013892,85,3,CURRENT,Closed,2026-02-22,451386.62
13893,AC00013893,90,4,CURRENT,active,2026-01-29,14170.71
13894,AC00013894,75,1,saving,Inactive,2024-09-30,27240.5
13895,AC00013895,77,3,saving,Inactive,2026-08-05,147464.11
13896,AC00013896,94,3,saving,active,2025-08-17,5206.4
13897,AC00013897,74,4,saving,Active,2022-11-17,363351.72
13898,AC00013898,56,3,saving,Active,2023-06-18,90603.24
13899,AC00013899,92,1,Savings,active,2026-02-12,355891.8
13900,AC00013900,45,2,Savings,Dormant,2023-12-17,250820.19
13901,AC00013901,85,3,CURRENT,Closed,2023-04-17,124205.35
13902,AC00013902,73,4,CURRENT,Closed,2024-10-07,324095.09
13903,AC00013903,26,4,Fixed Deposit,Inactive,2023-12-11,487181.78
13904,AC00013904,74,2,Fixed Deposit,Active,2022-12-10,85940.12
13905,AC00013905,29,2,Fixed Deposit,Dormant,2025-12-28,219342.16
13906,AC00013906,7,2,saving,Closed,2024-12-29,335629.67
13907,AC00013907,58,4,Savings,Active,2026-06-24,23122.52
13908,AC00013908,91,2,saving,active,2025-06-25,285785.13
13909,AC00013909,49,4,Current,Closed,2025-05-12,32804.46
13910,AC00013910,65,3,Savings,active,2026-04-14,477564.69
13911,AC00013911,54,1,Fixed Deposit,Dormant,2024-04-20,439373.87
13912,AC00013912,51,4,Current,Closed,2023-05-02,386524.8
13913,AC00013913,96,2,CURRENT,active,2025-12-25,372654.23
13914,AC00013914,41,1,CURRENT,Closed,2025-02-22,388374.53
13915,AC00013915,33,2,Savings,Dormant,2024-04-01,252947.71
13916,AC00013916,65,3,saving,active,2023-08-31,58619.46
13917,AC00013917,38,3,Fixed Deposit,active,2025-01-22,454993.98
13918,AC00013918,86,2,Current,Closed,2023-10-04,150525.01
13919,AC00013919,9,4,CURRENT,Inactive,2026-03-11,165532.51
13920,AC00013920,68,1,Savings,Closed,2022-12-07,449854.84
13921,AC00013921,2,3,Current,Dormant,2022-09-15,309608.08
13922,AC00013922,31,2,Fixed Deposit,Active,2025-06-14,292764.08
13923,AC00013923,47,1,saving,Closed,2024-05-07,241986.83
13924,AC00013924,9,1,saving,Inactive,2024-09-10,386993.82
13925,AC00013925,41,3,Current,active,2023-02-23,76892.51
13926,AC00013926,43,1,Fixed Deposit,Active,2025-11-12,99044.42
13927,AC00013927,53,4,saving,Dormant,2025-04-07,167586.97
13928,AC00013928,98,2,Current,Active,2025-06-09,155849.11
13929,AC00013929,2,2,Savings,Active,2023-10-31,199388.31
13930,AC00013930,79,4,Fixed Deposit,Active,2026-03-31,315667.01
13931,AC00013931,84,2,Current,Inactive,2024-12-29,450282.82
13932,AC00013932,83,2,Fixed Deposit,Closed,2023-11-20,141736.84
13933,AC00013933,80,1,saving,Inactive,2026-07-27,219026.03
13934,AC00013934,12,4,saving,Dormant,2024-10-26,363462.75
13935,AC00013935,6,2,Savings,Inactive,2023-05-25,371055.8
13936,AC00013936,32,2,saving,Closed,2024-09-28,70610.55
13937,AC00013937,73,1,CURRENT,Dormant,2025-10-28,350762.51
13938,AC00013938,23,4,Current,Closed,2025-02-01,32675.56
13939,AC00013939,44,2,saving,Inactive,2022-12-14,182323.09
13940,AC00013940,71,3,CURRENT,Inactive,2023-04-24,287015.27
13941,AC00013941,66,3,saving,Active,2024-11-27,67296.65
13942,AC00013942,4,1,Fixed Deposit,active,2023-03-22,272370.56
13943,AC00013943,45,2,Current,Dormant,2024-03-25,192243.36
13944,AC00013944,66,4,CURRENT,Inactive,2025-09-23,33539.94
13945,AC00013945,79,1,Fixed Deposit,Closed,2022-09-28,492420.15
13946,AC00013946,21,1,Current,Inactive,2025-10-19,479237.9
13947,AC00013947,87,1,Savings,Active,2026-05-23,253498.75
13948,AC00013948,44,4,Savings,Active,2025-03-16,373478.21
13949,AC00013949,8,4,saving,Inactive,2026-05-17,143381.17
13950,AC00013950,18,4,CURRENT,active,2025-08-25,261789.66
13951,AC00013951,80,4,Current,active,2026-06-21,242867.13
13952,AC00013952,53,2,Fixed Deposit,Dormant,2026-01-04,150925.57
13953,AC00013953,97,2,CURRENT,Active,2025-05-24,269043.86
13954,AC00013954,38,1,saving,Active,2026-04-05,234347.89
13955,AC00013955,92,1,Fixed Deposit,Dormant,2025-03-31,158225.06
13956,AC00013956,28,1,saving,Closed,2025-10-30,376932.15
13957,AC00013957,49,4,saving,Active,2024-06-06,245923.33
13958,AC00013958,38,4,Savings,Active,2026-06-10,183350.1
13959,AC00013959,74,3,CURRENT,Dormant,2026-07-07,109043.31
13960,AC00013960,73,3,CURRENT,Closed,2025-07-20,139095.68
13961,AC00013961,84,3,CURRENT,Active,2023-05-16,265886.86
13962,AC00013962,7,3,Current,active,2023-12-05,453825.07
13963,AC00013963,39,4,saving,Active,2025-06-08,431296.6
13964,AC00013964,52,3,Fixed Deposit,Inactive,2024-11-26,15880.67
13965,AC00013965,23,1,Current,Closed,2025-02-23,412366.88
13966,AC00013966,99,1,saving,Dormant,2025-12-18,136747.01
13967,AC00013967,57,2,Current,Dormant,2023-02-14,236583.69
13968,AC00013968,36,2,Fixed Deposit,Active,2023-08-27,381634.55
13969,AC00013969,11,4,Savings,active,2025-05-03,174799.87
13970,AC00013970,47,2,saving,Closed,2024-08-24,26297.22
13971,AC00013971,54,1,Savings,Dormant,2023-11-07,239760.13
13972,AC00013972,95,1,Savings,Inactive,2024-03-11,359006.95
13973,AC00013973,94,4,Fixed Deposit,Closed,2025-07-28,138872.53
13974,AC00013974,3,1,Savings,Active,2026-04-27,177947.76
13975,AC00013975,7,1,CURRENT,Closed,2026-05-17,213582.32
13976,AC00013976,21,3,Current,Closed,2025-05-07,79651.14
13977,AC00013977,15,4,CURRENT,Active,2026-07-31,124654.03
13978,AC00013978,11,4,Current,Active,2023-06-22,31998.5
13979,AC00013979,24,4,Fixed Deposit,Inactive,2024-09-07,368264.41
13980,AC00013980,56,2,Savings,Active,2025-02-07,24205.63
13981,AC00013981,58,4,Current,Closed,2025-08-25,179677.15
13982,AC00013982,15,1,Fixed Deposit,Inactive,2023-01-19,257365.57
13983,AC00013983,24,2,Fixed Deposit,Closed,2026-01-28,295895.58
13984,AC00013984,79,1,Savings,active,2025-11-24,248978.85
13985,AC00013985,86,2,Savings,Closed,2025-02-04,43347.86
13986,AC00013986,58,2,Current,Dormant,2025-11-26,236870.5
13987,AC00013987,47,1,Savings,Dormant,2023-01-19,39032.58
13988,AC00013988,85,3,Savings,Closed,2025-09-26,216978.21
13989,AC00013989,66,2,Savings,Dormant,2023-06-19,735.3
13990,AC00013990,77,4,Current,Active,2024-09-02,27945.8
13991,AC00013991,47,1,Savings,active,2026-03-01,359789.55
13992,AC00013992,57,4,Savings,Active,2023-11-29,214285.27
13993,AC00013993,13,1,CURRENT,Dormant,2024-06-02,406121.97
13994,AC00013994,31,4,saving,Closed,2023-11-06,329248.26
13995,AC00013995,62,4,saving,active,2024-03-14,63169.2
13996,AC00013996,24,1,CURRENT,Dormant,2024-02-02,357548.51
13997,AC00013997,70,2,CURRENT,Closed,2024-01-23,213046.81
13998,AC00013998,68,1,CURRENT,Closed,2024-07-29,46916.14
13999,AC00013999,54,3,Fixed Deposit,Dormant,2026-02-06,421160.62
14000,AC00014000,26,3,saving,Active,2023-05-27,456201.09
