customer_id,customer_code,full_name,gender,date_of_birth,email,phone_number,city,kyc_status,created_at,updated_at
1,CUST00001,Alex King,Female,1953-08-01,imiller@example.net,840.332.0366x00507,Lalitpur,verified,2026-07-17,2027-04-28
2,CUST00002,Mary Harrington,,1969-04-03,millertheodore@example.com,217-871-0117x747,Kathmandu,Pending,2023-04-06,2024-08-02
3,CUST00003,Jason Kelly,Female,1966-07-31,vmorgan@example.org,001-488-680-8266x923,Lalitpur,Pending,2025-06-17,2026-01-08
4,CUST00004,William Rose,,2005-02-06,invalid_email,802-968-6135x47271,Biratnagar,Rejected,2026-05-23,2026-10-08
5,CUST00005,Christopher Moore,,1995-02-25,mistylove@example.org,+1-954-576-0361x30587,Lalitpur,verified,2025-04-27,2026-04-09
6,CUST00006,Christopher Turner,Female,1954-02-25,adominguez@example.org,001-579-270-8456,Lalitpur,Verified,2023-09-26,2024-07-23
7,CUST00007,John Downs,Male,1986-02-14,sarahthomas@example.net,763.832.9400x38145,Butwal,Rejected,2023-04-09,2023-08-20
8,CUST00008,Amy Johnson,,1972-12-24,thomasalexander@example.net,(866)974-8912,Kathmandu,Verified,2022-09-25,2022-11-02
9,CUST00009,Curtis Payne,Female,1982-03-27,shubbard@example.net,001-885-628-5661x28682,Lalitpur,pending,2022-07-17,2023-11-09
10,CUST00010,Paul Trujillo,Other,1956-01-06,tdavis@example.org,+1-632-843-5117x97798,Pokhara,Pending,2026-01-06,2026-08-26
11,CUST00011,,,1983-08-27,gloriagarrett@example.org,331.902.1424x515,Lalitpur,Rejected,2025-06-02,2025-10-01
12,CUST00012,Ashley Smith,Female,1987-02-22,ohale@example.org,899.495.6426x7746,Butwal,Rejected,2021-08-23,2022-01-20
13,CUST00013,Laura Hickman,Other,1966-02-06,kingdavid@example.org,+1-301-807-1363x189,Kathmandu,verified,2025-03-21,2026-03-15
14,CUST00014,Jamie Williams,Other,1994-01-07,natasha70@example.net,001-857-287-8159,Biratnagar,Pending,2023-06-17,2024-10-12
15,CUST00015,Lisa Combs,,1966-11-30,dmoore@example.org,4105495759,Kathmandu,Verified,2022-05-02,2022-11-24
16,CUST00016,Mark Armstrong,Other,2007-05-29,williamjohnson@example.net,735.998.3938x919,Lalitpur,verified,2022-11-05,2024-01-17
17,CUST00017,Heather Hood,,2001-02-26,ashleyhorton@example.net,759-222-5318x65427,Kathmandu,verified,2021-08-28,2022-11-09
18,CUST00018,Jeff Rodriguez,,1995-11-03,,(977)984-0585x191,Lalitpur,Rejected,2022-05-29,2023-01-19
19,CUST00019,Rachel Macdonald,Female,1996-10-29,robert09@example.com,579.609.8661,Butwal,Verified,2024-02-20,2025-06-16
20,CUST00020,Andrew Boyd,,1983-07-16,joannemorrison@example.net,250-535-6786,Kathmandu,Rejected,2022-01-15,2022-09-13
21,CUST00021,Matthew Green,Male,1997-07-04,zgreene@example.com,(699)867-9992x802,Kathmandu,UNKNOWN,2024-06-28,2024-09-09
22,CUST00022,Jill Brown,Other,1976-02-25,isabel64@example.com,001-788-525-6092x2744,Lalitpur,Verified,2023-09-25,2024-08-13
23,CUST00023,Marilyn Brown,Other,1995-06-09,,001-970-304-2902x07300,Kathmandu,Rejected,2026-06-27,2027-01-05
24,CUST00024,Joshua Fields,Female,2001-07-03,john59@example.org,7534039141,Butwal,Pending,2024-11-07,2025-01-07
25,CUST00025,Catherine Jones,Female,1995-03-30,alexandrapeterson@example.org,(905)337-8143,Pokhara,verified,2026-04-07,2026-05-17
26,CUST00026,Jason Abbott,,1994-05-14,allison83@example.net,394.268.5713x899,Lalitpur,Pending,2023-02-14,2023-05-24
27,CUST00027,Ariel Olson,Other,1955-03-09,,459.739.7358x6046,Kathmandu,pending,2022-11-20,2023-01-09
28,CUST00028,Samantha Mathews,Male,1960-06-09,qibarra@example.com,+1-254-787-5903x2701,Biratnagar,pending,2023-11-29,2025-03-01
29,CUST00029,Miguel Brennan,,1999-08-01,,338-453-1294x84164,Lalitpur,Verified,2025-10-12,2026-07-21
30,CUST00030,Ernest Vaughn,Male,2002-04-03,,541.223.1509,Pokhara,Verified,2025-04-25,2025-08-30
31,CUST00031,Chad Lutz,Male,1955-09-24,wsimpson@example.net,759-631-6980x279,Butwal,Pending,2025-02-24,2025-07-20
32,CUST00032,Matthew Bentley,Other,1976-02-03,vickiejohnson@example.net,562.476.7086,Kathmandu,Verified,2025-09-23,2026-06-01
33,CUST00033,Rhonda Martin,Other,1997-10-02,,001-396-937-3072x9829,Butwal,Verified,2022-08-04,2022-08-25
34,CUST00034,Julia Oconnell,,1958-01-09,cabreraelaine@example.org,+1-326-446-3258x747,Biratnagar,pending,2022-07-21,2022-10-01
35,CUST00035,Emma Rocha,,1983-11-16,pricebrenda@example.com,643-779-3155,Butwal,Pending,2021-12-30,2022-05-28
36,CUST00036,Amy Marshall,Other,1965-09-29,kevin67@example.org,001-392-740-9330,Lalitpur,Verified,2026-07-15,2027-05-09
37,CUST00037,Bryan Obrien,Other,2002-02-07,erhodes@example.org,001-517-953-4707x936,Butwal,Pending,2021-11-08,2022-11-22
38,CUST00038,Angela Blankenship,Female,1981-06-30,scotthogan@example.com,5955248760,Pokhara,verified,2022-11-13,2023-02-16
39,CUST00039,Olivia Salinas,Male,1958-12-09,rebeccamurphy@example.net,258-912-6972,Lalitpur,Pending,2022-12-10,2023-06-08
40,CUST00040,Robert York,Female,1969-05-01,coxmatthew@example.com,743.929.0361x75250,Kathmandu,Verified,2022-12-19,2023-03-21
41,CUST00041,Sarah Stephens,Female,1960-02-04,patrick84@example.com,250.578.3706,Kathmandu,Pending,2025-03-12,2026-07-08
42,CUST00042,Gabrielle Wilson,Other,1991-04-28,hflores@example.org,+1-850-999-7379x141,Lalitpur,Pending,2024-03-19,2025-04-11
43,CUST00043,Joseph Pearson,Female,1998-08-22,brianbrown@example.com,(623)943-1809x502,Butwal,pending,2025-02-22,2026-05-29
44,CUST00044,Ashlee Blankenship,Female,1963-01-05,bradley54@example.org,(806)468-5864,Pokhara,pending,2022-04-07,2022-08-25
45,CUST00045,Ian Owen,Female,1964-12-14,kevinluna@example.com,986.494.4216x955,Butwal,Rejected,2024-01-24,2024-11-11
46,CUST00046,Rebecca Russell,,1979-07-17,jamieharris@example.net,+1-917-515-3772x564,Biratnagar,Rejected,2025-01-06,2025-10-25
47,CUST00047,Brittany Swanson,Other,1954-03-15,amybowers@example.com,457-529-2862x621,Kathmandu,Verified,2024-03-14,2024-10-28
48,CUST00048,Patricia Carter,Other,1978-03-14,lisa72@example.com,527-949-9485x52396,Kathmandu,verified,2024-11-13,2025-06-16
49,CUST00049,Robert Mooney,,1975-12-02,webbmiguel@example.org,744-516-7437,Pokhara,Pending,2026-01-12,2026-11-23
50,CUST00050,Michael Thompson,Male,1994-10-25,linpaul@example.net,379-584-3026x0627,Lalitpur,verified,2023-01-17,2023-06-16
51,CUST00051,David Powell,Female,1962-05-26,johnny62@example.com,925-930-1984,Lalitpur,Verified,2025-10-24,2026-05-15
52,CUST00052,Victoria Cook,Male,1990-05-28,abarrett@example.net,+1-461-646-8285x866,Lalitpur,verified,2024-08-11,2025-07-11
53,CUST00053,Tracy Alexander,,1980-11-26,alicia87@example.org,(765)237-9077x901,Pokhara,Rejected,2025-08-14,2026-05-13
54,CUST00054,Gregory Wilson,,1968-12-30,jacobslauren@example.net,(894)736-1179x653,Kathmandu,Rejected,2023-01-31,2023-02-03
55,CUST00055,Keith Gaines,Other,1956-11-12,washingtonvalerie@example.net,755-416-8591x493,Kathmandu,Rejected,2026-02-16,2026-12-24
56,CUST00056,Tammy Knapp MD,Other,1955-07-08,,361.669.5706,Kathmandu,Verified,2022-08-04,2023-05-14
57,CUST00057,Steven Velasquez,Male,1988-07-30,rebekahcallahan@example.org,316.892.6616,Kathmandu,pending,2025-01-23,2026-06-07
58,CUST00058,Mary Perez,Male,1979-01-26,,540.695.1413x6979,Kathmandu,Pending,2023-06-02,2024-04-13
59,CUST00059,Leslie Martin,Other,1976-11-10,julianhammond@example.net,001-559-884-3686x8236,Lalitpur,Pending,2021-12-31,2022-11-20
60,CUST00060,Jeffrey Welch,,1996-10-08,abarry@example.com,5986734164,Kathmandu,Verified,2024-12-24,2026-04-21
61,CUST00061,David Rogers,Female,1957-03-08,jimenezjoy@example.org,+1-362-921-1514x1463,Kathmandu,Pending,2023-11-13,2025-03-06
62,CUST00062,Rhonda Andersen,Female,1951-10-20,whill@example.org,001-696-555-1566x92780,Pokhara,pending,2023-02-07,2023-05-31
63,CUST00063,Rebecca Mckinney,,1988-06-03,christophernguyen@example.org,679-851-1323x62359,Lalitpur,pending,2021-10-28,2021-11-27
64,CUST00064,Austin Benton,Other,1989-06-17,khughes@example.net,001-610-476-8350x56740,Biratnagar,pending,2024-07-04,2024-08-11
65,CUST00065,Andrew Holloway,Female,1981-09-10,harristabitha@example.net,565.412.4981,Biratnagar,Verified,2022-09-14,2023-02-13
66,CUST00066,Melanie Mccann,Male,2005-12-04,karenwilliams@example.com,541-552-5600x132,Pokhara,Pending,2022-09-21,2022-10-10
67,CUST00067,Diane Daniels DDS,,1951-01-13,craig27@example.com,(335)480-9228,Lalitpur,Pending,2022-09-04,2023-09-14
68,CUST00068,Donna Nelson,,1970-04-17,campbellbrandon@example.net,883-615-3088,Butwal,pending,2023-03-20,2023-10-25
69,CUST00069,Brenda Bryan,,1976-08-28,ncoleman@example.net,001-884-716-9845x77553,Kathmandu,Pending,2022-01-12,2022-11-06
70,CUST00070,Dana Stone,,1967-09-03,ztran@example.com,847-967-7409,Pokhara,Rejected,2022-03-16,2023-03-01
71,CUST00071,Melissa Gray,Other,1988-05-18,,001-904-392-3746x096,Biratnagar,pending,2025-09-10,2026-01-21
72,CUST00072,Joseph Robinson,Female,1961-12-09,kimberly14@example.net,593-882-0230,Biratnagar,Pending,2026-03-15,2027-04-07
73,CUST00073,David Cohen,,1977-11-11,richardmueller@example.net,694-558-4019,Butwal,Pending,2023-06-29,2023-08-05
74,CUST00074,Alex Horton,Female,1956-06-15,erikalewis@example.com,488-624-2093,Biratnagar,Pending,2025-06-19,2026-01-16
75,CUST00075,Sarah Byrd,Other,1964-04-03,michael28@example.com,(385)591-0586x5568,Lalitpur,verified,2025-01-05,2025-10-01
76,CUST00076,Teresa Gonzales,Male,1974-04-23,,469-452-1911,Biratnagar,Rejected,2026-05-29,2027-09-16
77,CUST00077,Brian Brown,Other,2002-08-22,qgray@example.org,(633)981-5826,Pokhara,Verified,2025-10-28,2026-11-04
78,CUST00078,Jordan Avila,Male,1956-05-27,katiewarren@example.com,(730)380-9668x25611,Butwal,verified,2023-09-08,2024-10-17
79,CUST00079,Seth Smith,Male,1987-12-09,eric75@example.com,+1-992-853-1987x634,Pokhara,verified,2021-10-23,2022-06-04
80,CUST00080,Charles Sims,,1985-01-30,,(832)390-5624x6703,Lalitpur,Rejected,2023-11-14,2024-04-07
81,CUST00081,Natalie Mitchell,,1983-01-04,gentrykimberly@example.com,(444)780-1937x965,Pokhara,Rejected,2023-01-06,2023-12-18
82,CUST00082,Jessica Tapia,,1992-07-07,alexishall@example.net,+1-399-289-3001x28291,Pokhara,Verified,2025-04-09,2025-06-25
83,CUST00083,Angelica West,Female,1977-07-10,derrick56@example.net,001-701-233-3854x3224,Biratnagar,Verified,2024-04-05,2024-06-20
84,CUST00084,Cathy Fischer,Other,1971-11-11,whorn@example.com,001-606-745-8681,Kathmandu,Pending,2024-09-22,2025-05-27
85,CUST00085,Dr. Ryan Walker,,1959-12-07,donnabaker@example.com,001-678-381-2218x1953,Pokhara,Rejected,2024-08-03,2025-09-17
86,CUST00086,Kevin Murphy,Female,2001-10-26,anthonyrice@example.net,437-935-5919,Butwal,pending,2021-12-28,2022-03-05
87,CUST00087,Marc Nicholson,Male,1975-04-22,rebeccaallen@example.org,+1-431-365-6628x186,Butwal,Verified,2024-08-28,2025-11-23
88,CUST00088,Jade Church,Other,1978-08-16,thomas69@example.com,(700)927-7834,Kathmandu,Rejected,2022-09-21,2022-12-20
89,CUST00089,John Carson,Female,1975-03-19,ymcgrath@example.net,480.730.7785x237,Biratnagar,Verified,2022-02-24,2022-07-19
90,CUST00090,Michael Best,,1999-08-22,kramerchris@example.net,551.911.3283,Biratnagar,Verified,2021-11-17,2022-04-21
91,CUST00091,Erin Rodriguez,Male,2003-10-26,kcarrillo@example.org,593-903-1882,Pokhara,Rejected,2025-12-10,2026-11-03
92,CUST00092,Elizabeth Rodriguez,Female,1999-01-26,karacrawford@example.net,+1-573-771-1851,Kathmandu,Rejected,2025-11-17,2025-12-12
93,CUST00093,Larry Andrews,,1963-12-03,williamssarah@example.net,767.209.1356x61188,Lalitpur,verified,2025-09-19,2026-11-26
94,CUST00094,Mia Rowe,Female,1952-11-09,rebecca28@example.org,915-826-8866x99867,Pokhara,pending,2025-01-19,2026-05-01
95,CUST00095,Cynthia Wilson,,1978-09-16,christopherschultz@example.net,001-255-288-2563x89333,Pokhara,Verified,2024-06-28,2024-12-27
96,CUST00096,James Fleming,Other,1952-09-28,ericbarrett@example.org,846-997-8966,Butwal,pending,2024-09-24,2025-02-09
97,CUST00097,Donald Casey,,1950-09-30,fgray@example.org,+1-380-221-4672x3982,Kathmandu,verified,2026-03-23,2027-06-21
98,CUST00098,Toni Jenkins,Female,1956-07-31,,+1-267-681-8343x2121,Pokhara,pending,2022-10-07,2023-04-22
99,CUST00099,Michael Underwood,Female,1953-02-24,orrspencer@example.org,001-914-922-8864x772,Kathmandu,Pending,2026-03-19,2027-03-16
100,CUST00100,Alexander Hurley,,1966-05-02,sheppardkimberly@example.com,4116260834,Pokhara,Verified,2024-12-15,2025-10-17
101,CUST00101,Richard Harris,,1992-06-28,erichaney@example.org,406.217.1910x7535,Biratnagar,Rejected,2025-03-30,2025-11-05
102,CUST00102,Mario Huffman,Female,1956-09-13,jensenryan@example.net,(371)847-4546x9921,Kathmandu,Verified,2024-08-20,2025-05-28
103,CUST00103,Michelle Taylor,Other,1958-12-30,heidi18@example.org,747.813.2329x6783,Biratnagar,Rejected,2026-06-12,2027-03-17
104,CUST00104,Erica Moore,,2007-12-05,allisonjones@example.org,001-939-635-4848,Pokhara,verified,2025-05-09,2025-11-03
105,CUST00105,Alicia Harris,Female,1982-08-19,cassandra45@example.org,001-961-557-9275x686,Pokhara,Pending,2025-08-12,2026-06-05
106,CUST00106,Tammy Smith,Other,1968-03-10,,203-785-6848x134,Pokhara,Pending,2024-01-22,2025-01-16
107,CUST00107,William Carpenter,Female,1988-05-12,qwright@example.org,(238)509-1710,Lalitpur,Pending,2023-10-25,2023-12-16
108,CUST00108,Thomas Simmons,,1966-06-27,bperry@example.net,001-851-543-6236,Pokhara,verified,2024-07-08,2025-08-23
109,CUST00109,Amy Williams,Female,1977-02-07,scottvictoria@example.com,+1-917-740-0131x92144,Butwal,verified,2021-09-28,2022-12-26
110,CUST00110,Kristin Richmond,,1976-10-23,brandontaylor@example.net,701.383.5545x27661,Biratnagar,Pending,2025-09-17,2026-05-17
111,CUST00111,Steven Sawyer,Male,1977-10-23,brian98@example.com,737-952-6855x945,Kathmandu,Pending,2024-03-04,2025-07-16
112,CUST00112,Kaitlyn Parker,Female,1997-06-27,ramosjerry@example.org,(582)745-3770x429,Lalitpur,pending,2026-04-04,2027-05-26
113,CUST00113,Raymond Wheeler,,1952-04-25,,205-982-1850x3465,Biratnagar,verified,2026-02-15,2026-08-17
114,CUST00114,Benjamin Williams,Other,1965-08-26,,(373)686-5852x2087,Kathmandu,verified,2026-01-01,2027-04-01
115,CUST00115,Terry Owen,Female,1986-12-14,maria11@example.org,564.302.4170x34579,Lalitpur,Rejected,2024-09-06,2025-09-09
116,CUST00116,Karen Freeman,Other,1994-10-22,,8826583843,Lalitpur,Verified,2023-07-09,2023-08-19
117,CUST00117,Rita Harris,,1963-01-16,mtaylor@example.org,+1-822-424-0152x6444,Butwal,Pending,2024-12-17,2025-11-29
118,CUST00118,Michael Hernandez,Male,1958-05-18,fostersergio@example.org,(366)546-4382x64231,Lalitpur,Rejected,2022-09-19,2023-12-26
119,CUST00119,Jeremy Hall,Other,1998-10-13,robertwilson@example.net,581.320.1208x72779,Biratnagar,Verified,2025-09-01,2026-05-28
120,CUST00120,Deborah Johnston,,1971-07-31,clarkrichard@example.com,(666)378-1948x365,Kathmandu,pending,2023-03-14,2024-05-11
121,CUST00121,James King,Other,1980-01-19,phillip04@example.net,673-224-5814x9954,Biratnagar,verified,2024-02-26,2024-08-31
122,CUST00122,Kevin Martinez,Female,2008-04-06,veronicasampson@example.org,001-691-457-4304x94777,Kathmandu,verified,2023-03-01,2024-02-06
123,CUST00123,Troy Robinson,Other,1957-10-13,cmyers@example.com,6422115170,Pokhara,Verified,2025-03-12,2026-01-21
124,CUST00124,Lori Davis,Female,1971-02-06,pjackson@example.com,741-867-9358x930,Pokhara,pending,2026-04-20,2026-07-15
125,CUST00125,Dr. Marcia Schroeder,Male,1954-12-11,georgenicole@example.com,714.998.9290x492,Biratnagar,verified,2022-11-20,2023-04-07
126,CUST00126,Aaron Jones,Female,2004-01-19,carl92@example.net,(737)989-4265,Pokhara,Pending,2022-05-20,2023-09-09
127,CUST00127,Tracy Mitchell,Male,1982-01-01,kim96@example.org,547-893-2575x3702,Butwal,Verified,2021-10-20,2022-02-03
128,CUST00128,Lauren Snyder,,1972-05-12,cindyrowe@example.net,887-267-7606x449,Butwal,Rejected,2021-08-22,2022-08-19
129,CUST00129,Matthew Best,Female,1957-09-02,herickson@example.com,681-629-0662,Butwal,Rejected,2022-03-28,2022-10-05
130,CUST00130,Karen Diaz,Other,1957-03-23,,6622128097,Lalitpur,verified,2023-07-28,2023-12-05
131,CUST00131,Brandon Allen,Other,1951-02-04,moodycurtis@example.org,001-991-758-2624x3421,Lalitpur,verified,2023-10-28,2025-01-16
132,CUST00132,Alicia White,Other,1966-01-29,rodgershaley@example.org,001-572-431-2764x510,Lalitpur,verified,2026-02-08,2027-05-18
133,CUST00133,Rebecca Mann,Other,1996-10-22,alexisrivera@example.net,+1-438-342-9662x70509,Pokhara,Pending,2025-03-23,2026-05-09
134,CUST00134,Donna Parsons,Male,1986-08-16,fernandostevens@example.net,(991)605-1482x78505,Kathmandu,Pending,2025-05-22,2026-05-30
135,CUST00135,Angela Burnett,Male,1988-12-03,meadowscynthia@example.net,546-733-2666,Butwal,pending,2023-09-15,2024-01-16
136,CUST00136,Dean Flores,Female,1999-04-18,rbenson@example.net,001-687-273-2645x908,Biratnagar,Verified,2024-07-06,2025-10-20
137,CUST00137,Kathryn Martin,Female,1960-10-22,elizabethcollins@example.org,(448)833-5199x27004,Butwal,Verified,2022-01-05,2023-03-09
138,CUST00138,Jennifer Evans,Other,1997-04-08,melissa89@example.com,(766)434-7289x780,Biratnagar,Rejected,2021-09-17,2022-02-10
139,CUST00139,Jeffrey Taylor DVM,Male,2003-11-07,samuelperry@example.org,(770)686-2799x9964,Butwal,pending,2024-10-02,2025-09-09
140,CUST00140,Holly Blair,,1986-08-01,petersonanne@example.org,260.985.3229,Lalitpur,Pending,2022-08-14,2023-12-22
141,CUST00141,Emily Flores,Female,1956-09-03,james25@example.net,+1-234-540-2584x566,Kathmandu,Verified,2023-11-01,2024-10-17
142,CUST00142,Danielle Reynolds,Other,1962-11-21,sarastrickland@example.org,601.335.6329,Lalitpur,Pending,2024-03-11,2025-03-21
143,CUST00143,Michelle Sharp,,1951-08-01,timothywalters@example.net,001-411-841-0160x7326,Biratnagar,Pending,2024-11-30,2026-03-25
144,CUST00144,Wanda Williams,Female,1983-11-18,darrenevans@example.com,315-538-2413x42616,Butwal,Pending,2026-06-01,2026-08-05
145,CUST00145,Collin Walker,Other,1972-07-21,matthew78@example.com,562.398.6767,Kathmandu,pending,2026-02-24,2026-12-07
146,CUST00146,Mr. Michael Thompson,Female,1960-02-28,lkelly@example.net,8442524628,Butwal,Rejected,2021-09-27,2021-11-10
147,CUST00147,Christine Chaney,,1979-08-17,kristenyoung@example.com,2279390699,Biratnagar,pending,2023-04-04,2023-07-07
148,CUST00148,Kim Hernandez,Other,1980-03-08,jeffrey53@example.net,+1-744-635-3414,Butwal,Verified,2026-05-19,2027-08-04
149,CUST00149,Theresa Walker,,1963-04-07,melissa76@example.com,994.460.5784x55876,Butwal,Rejected,2022-02-02,2022-08-06
150,CUST00150,Cameron Garza,Female,1954-02-11,kyle49@example.org,(756)586-2091x1156,Pokhara,Pending,2023-10-21,2024-04-21
151,CUST00151,Jeremy Martin,,1961-08-30,nicholasnelson@example.org,342-889-1462x295,Lalitpur,Verified,2024-05-09,2025-07-18
152,CUST00152,Kimberly Mclaughlin,Female,1958-10-15,lmartinez@example.org,(820)424-1720x971,Kathmandu,pending,2024-09-10,2025-10-27
153,CUST00153,Aaron Singleton,Other,1965-04-24,brownjustin@example.net,994-892-9773x5597,Lalitpur,Rejected,2025-10-19,2026-12-01
154,CUST00154,Olivia George,Male,1998-01-14,robertsashley@example.org,(633)764-6489x85056,Pokhara,Verified,2022-03-20,2022-12-11
155,CUST00155,Dawn Allen,Female,2001-11-17,jason91@example.net,870-593-1165,Pokhara,Verified,2024-10-16,2025-03-02
156,CUST00156,Michael Hodge,Other,1971-02-12,ejohnson@example.org,(566)749-5892x40615,Lalitpur,Rejected,2024-10-26,2025-04-14
157,CUST00157,Christine Cole,,1952-11-17,amcguire@example.net,001-940-264-2237,Biratnagar,Rejected,2023-03-01,2023-11-13
158,CUST00158,Katherine Olson DVM,Female,1968-08-15,paula50@example.com,+1-511-672-4796x69557,Butwal,Verified,2023-05-23,2024-04-28
159,CUST00159,Kyle Galvan,,1982-06-12,hbarker@example.net,676.876.9552,Butwal,Pending,2022-05-03,2023-05-29
160,CUST00160,Kenneth Hamilton,Female,2005-09-19,danielkhan@example.net,614-418-2815x3121,Kathmandu,Rejected,2022-02-02,2023-05-29
161,CUST00161,Tammy Pennington,Male,1962-04-14,corey32@example.org,+1-808-711-2276x4331,Lalitpur,Rejected,2025-01-06,2025-10-04
162,CUST00162,Dr. John Graves,Other,1960-02-03,williamking@example.org,(642)686-3818x127,Butwal,pending,2024-12-09,2025-10-12
163,CUST00163,William Kerr,Male,1971-01-12,,410.375.4096x954,Pokhara,verified,2023-01-07,2024-03-25
164,CUST00164,Jennifer Mendoza,,1986-03-06,colealvarez@example.com,959.511.8889x592,Pokhara,Verified,2023-10-24,2024-12-16
165,CUST00165,Paul Hall,Male,1997-11-10,denniskaiser@example.net,001-742-282-9684x5111,Biratnagar,Pending,2025-07-21,2026-04-23
166,CUST00166,Alfred Bean,Female,1993-05-30,lauramurphy@example.net,334-471-3846x80821,Pokhara,verified,2026-07-11,2027-07-27
167,CUST00167,Christine Sparks,Male,1965-10-19,williamssarah@example.org,(724)907-5490x480,Butwal,Pending,2024-01-17,2024-10-05
168,CUST00168,Cynthia Sanchez,Female,1997-06-01,pamelaharris@example.org,001-572-322-6502,Butwal,pending,2024-03-04,2025-01-20
169,CUST00169,Jacob Thomas,Male,1989-07-16,nicholasjackson@example.net,946-314-5905x054,Pokhara,verified,2023-12-14,2025-04-18
170,CUST00170,Collin Chen,,1953-04-26,kimpham@example.org,001-315-904-8484x11597,Pokhara,Pending,2021-11-21,2022-12-12
171,CUST00171,Mary Bowen,Other,1960-05-10,kimberlyrussell@example.net,475-571-5370,Lalitpur,Pending,2023-10-15,2023-11-07
172,CUST00172,Rachel Becker,,1976-08-09,fcombs@example.net,(252)368-7075x675,Biratnagar,Rejected,2025-04-17,2026-01-11
173,CUST00173,Dustin Smith,,2004-03-24,zrowe@example.org,790.644.6722x899,Kathmandu,pending,2024-12-15,2026-03-17
174,CUST00174,Michael Nelson,Male,1969-03-20,louis41@example.com,(277)620-7455,Lalitpur,Pending,2025-04-19,2025-09-04
175,CUST00175,Heather Massey,Male,1953-01-28,solomonmichele@example.com,+1-995-276-8324x94344,Kathmandu,verified,2021-12-16,2022-03-05
176,CUST00176,Robert Marshall,Male,1972-08-11,wagnerkyle@example.org,264-792-0762x973,Butwal,Rejected,2023-11-29,2024-06-22
177,CUST00177,Corey Prince,Other,1991-08-01,elizabethharper@example.net,823.709.4916x701,Lalitpur,Pending,2025-03-04,2026-03-31
178,CUST00178,Kimberly Young,,1997-09-28,shannonwillis@example.org,001-892-986-1843x140,Lalitpur,pending,2025-08-07,2026-10-02
179,CUST00179,Samantha Hughes,,1972-09-29,,8425317393,Biratnagar,Verified,2022-12-23,2023-12-30
180,CUST00180,Mitchell Flores II,Female,1954-07-24,danielcaldwell@example.org,780-226-2430,Biratnagar,Rejected,2022-11-20,2024-01-30
181,CUST00181,Erik Johnson,Male,1978-01-02,bwall@example.org,001-366-618-4425,Kathmandu,verified,2025-10-02,2026-09-15
182,CUST00182,Brooke Patton,,1982-01-31,zkeller@example.net,001-928-286-9274x09586,Biratnagar,Pending,2022-04-05,2023-05-01
183,CUST00183,Lisa Kramer,Male,1991-01-29,meghan32@example.com,(280)758-6319,Kathmandu,pending,2021-10-30,2021-10-31
184,CUST00184,Bryan Rangel,Female,1972-03-10,inash@example.com,001-460-870-0473,Kathmandu,verified,2023-12-11,2024-06-24
185,CUST00185,Benjamin Hunter,,1953-12-03,cherylcasey@example.net,+1-603-560-6017x460,Pokhara,verified,2023-10-10,2025-01-30
186,CUST00186,Marissa Carrillo,Female,1950-08-21,santosjill@example.com,5449146330,Butwal,verified,2024-05-30,2025-04-08
187,CUST00187,Luis Erickson,Male,2000-12-03,christian81@example.com,385-278-2874x173,Lalitpur,verified,2023-03-24,2023-08-26
188,CUST00188,Samantha Whitehead,,1967-01-15,lwood@example.com,773-333-8164,Pokhara,Pending,2024-09-20,2025-08-26
189,CUST00189,Pamela Diaz,Female,1965-11-10,alishabrown@example.org,001-712-623-1140x8706,Kathmandu,pending,2023-01-20,2023-10-29
190,CUST00190,Michael Taylor,Other,1971-12-03,gabriel58@example.com,+1-607-367-2737x8807,Biratnagar,Pending,2025-05-31,2025-11-04
191,CUST00191,Jose Obrien,Female,1975-05-21,,(890)436-5497,Lalitpur,Verified,2023-02-23,2023-08-21
192,CUST00192,Sarah Morgan,Other,1984-02-19,joanneflores@example.net,+1-268-722-1857x54368,Biratnagar,pending,2025-10-25,2027-02-01
193,CUST00193,Collin Chapman,Female,2000-05-08,hwalker@example.org,+1-337-680-0082x969,Butwal,Rejected,2024-09-03,2024-10-16
194,CUST00194,Christopher Craig,,1990-06-04,,698-390-1396,Lalitpur,Pending,2022-03-30,2023-03-02
195,CUST00195,Bryan King,,1981-09-04,gonzalezsharon@example.org,001-768-763-1665x5371,Butwal,pending,2022-06-17,2023-06-30
196,CUST00196,Thomas Guzman,Other,1968-08-16,jessica21@example.com,271.476.4481x781,Lalitpur,Verified,2022-10-04,2023-05-24
197,CUST00197,David Taylor,Other,2002-11-04,markmiller@example.com,882-515-0165x69894,Biratnagar,Pending,2022-07-05,2023-08-29
198,CUST00198,Justin Aguirre,Other,1955-04-24,heidisullivan@example.net,620-629-3387x58444,Butwal,verified,2022-05-15,2023-09-08
199,CUST00199,Rodney Lloyd,Male,1957-04-15,joshua31@example.net,497.974.3207x5781,Kathmandu,Rejected,2023-02-08,2023-06-07
200,CUST00200,Adam Hernandez,Other,1979-11-30,donnahamilton@example.org,250.851.6479,Lalitpur,Rejected,2025-07-04,2026-01-03
201,CUST00201,Kim Hamilton,Female,1999-07-27,jonathan60@example.org,206-544-3394x1134,Pokhara,Rejected,2026-03-08,2027-07-06
202,CUST00202,Jonathan Graham,Male,1966-05-02,,868.544.0369x4449,Lalitpur,pending,2026-02-23,2026-04-14
203,CUST00203,David Phillips,Female,1978-01-20,dennislinda@example.org,2198700115,Kathmandu,Verified,2024-11-21,2026-02-02
204,CUST00204,Vincent Sanders,,1961-08-22,cassandrapadilla@example.org,476-264-2841,Pokhara,pending,2022-06-19,2022-10-06
205,CUST00205,Carlos Santos,Male,1977-08-13,jasonrobinson@example.com,3525769369,Butwal,Rejected,2025-10-03,2026-09-21
206,CUST00206,Mario Baird,Other,1959-08-13,melissasmith@example.net,450-894-4419,Biratnagar,Verified,2023-01-03,2024-04-22
207,CUST00207,Tiffany King,Other,1952-06-27,chris16@example.net,917.934.9344,Kathmandu,Pending,2021-08-20,2022-12-10
208,CUST00208,Melissa Calderon,Female,1974-12-22,,(953)485-2613,Kathmandu,Pending,2022-04-07,2022-10-23
209,CUST00209,Kathy Jones,,1979-10-02,kathleenmorrison@example.com,677-648-7519,Pokhara,Verified,2021-12-09,2022-03-07
210,CUST00210,Dr. Peter Everett,Female,1999-06-05,nmiller@example.com,568-973-4922,Lalitpur,Verified,2025-02-19,2025-05-04
211,CUST00211,Michelle Murphy,,1957-01-16,davidmeyer@example.net,989.910.2515x006,Kathmandu,Pending,2022-02-18,2022-12-24
212,CUST00212,Michael Johns,Other,2002-02-15,dterry@example.com,302-807-1260,Pokhara,Rejected,2026-04-14,2026-06-22
213,CUST00213,Cassandra Smith,Male,1995-08-08,morganbrandon@example.com,001-603-401-8879,Pokhara,Verified,2022-05-01,2022-08-31
214,CUST00214,Whitney Collins,Female,1955-11-29,vrobinson@example.net,(525)891-0173,Biratnagar,verified,2023-02-09,2023-08-08
215,CUST00215,Peter Rasmussen,,1976-02-18,sandra29@example.org,(445)691-7620,Butwal,Verified,2022-09-30,2023-11-09
216,CUST00216,Christopher Crawford,Female,1997-05-31,derektucker@example.net,+1-281-574-0850x263,Lalitpur,Verified,2024-12-17,2025-08-12
217,CUST00217,Laura Buck,,1995-03-03,vanessaduffy@example.org,+1-805-555-7833x81421,Lalitpur,verified,2022-06-10,2022-11-10
218,CUST00218,Johnathan Murphy,Male,1998-09-03,juliabryant@example.org,+1-225-321-4728x41101,Kathmandu,Pending,2025-06-23,2026-01-11
219,CUST00219,Laurie Rich,Female,1970-10-20,kendra30@example.net,(879)966-4989,Kathmandu,pending,2021-11-27,2021-12-06
220,CUST00220,Laura Dixon,Female,1954-10-17,nancyjohnson@example.org,+1-526-323-0908,Kathmandu,Pending,2025-10-17,2026-05-11
221,CUST00221,Earl Green,Other,1951-08-20,ugraham@example.com,419.445.8056x3109,Pokhara,verified,2023-03-22,2023-07-14
222,CUST00222,Brian Shea,Male,1994-03-18,kennedyanna@example.com,(960)913-5696x319,Lalitpur,Rejected,2023-08-27,2024-03-01
223,CUST00223,Brandon Walsh,,1974-10-10,james04@example.com,529.419.0437x7624,Lalitpur,Verified,2024-09-04,2024-09-06
224,CUST00224,Michael Morton,,1964-05-26,aprillewis@example.com,697-694-9984,Butwal,Pending,2024-09-06,2024-10-25
225,CUST00225,Jeffery Sutton,Female,1991-05-04,samuel26@example.net,211.459.5202x24503,Kathmandu,Pending,2025-02-03,2026-03-30
226,CUST00226,Donald Rodriguez,Female,1972-09-14,clarktracy@example.net,(652)320-2802x50083,Lalitpur,pending,2022-11-29,2023-03-27
227,CUST00227,Christopher Jones,Female,1989-09-18,tiffanyhopkins@example.com,460-443-6079x52607,Lalitpur,Rejected,2025-05-20,2026-02-18
228,CUST00228,David Duffy,Other,1955-08-30,,001-505-284-4324,Pokhara,verified,2025-07-15,2026-02-02
229,CUST00229,Victor Murphy,Female,1987-05-28,,2536198313,Lalitpur,Rejected,2024-06-26,2025-04-04
230,CUST00230,Anthony Giles,Other,1982-08-09,kimberlyleblanc@example.net,+1-794-596-6040x29413,Kathmandu,pending,2025-11-29,2026-07-08
231,CUST00231,Jennifer Levine,Male,1988-03-19,ginadonovan@example.org,6468487341,Biratnagar,Pending,2021-08-24,2022-08-19
232,CUST00232,Melissa Myers,Other,1980-03-02,tylerdonovan@example.com,7692646433,Lalitpur,pending,2023-09-24,2024-05-03
233,CUST00233,Thomas Perez,Female,1982-12-27,thomasandrew@example.com,001-661-854-1473x063,Lalitpur,verified,2023-06-15,2024-01-11
234,CUST00234,Jennifer Ross,Other,1966-03-05,fernandezbrian@example.net,+1-361-332-4634,Pokhara,Pending,2024-03-08,2025-07-09
235,CUST00235,Emily Jackson,,1999-07-24,mfox@example.com,454.324.2159,Pokhara,Verified,2025-06-20,2026-02-07
236,CUST00236,Lauren Benson,Female,1966-02-26,cynthiaterry@example.com,+1-321-681-0331x5280,Lalitpur,Pending,2022-04-02,2023-04-17
237,CUST00237,Karl Hudson,Other,1966-07-21,lechristopher@example.net,316.376.2112x254,Biratnagar,Verified,2024-12-29,2025-10-02
238,CUST00238,Jillian Cole,Other,1995-02-28,stephenvasquez@example.org,001-855-934-0874x9477,Biratnagar,pending,2025-02-04,2025-09-02
239,CUST00239,Deborah Johnson,Other,1955-02-11,,201.789.8105x949,Pokhara,Pending,2023-12-17,2024-11-19
240,CUST00240,Joshua Morris,Other,1959-04-18,mary03@example.net,563.953.0383x2730,Pokhara,Pending,2024-02-14,2024-06-19
241,CUST00241,Derrick Zamora,Male,1962-09-28,susanjones@example.com,(994)333-0763,Butwal,verified,2024-11-22,2025-06-11
242,CUST00242,Christian Garcia,,2005-12-01,lisablake@example.org,574.268.9022x61073,Biratnagar,verified,2025-07-25,2025-12-16
243,CUST00243,Michael Carey,Female,2003-02-22,jessicabarrett@example.net,001-777-942-5195x105,Biratnagar,Pending,2024-02-05,2024-07-30
244,CUST00244,Michael Burke,,1956-09-07,weberalex@example.com,700.536.7925x674,Biratnagar,pending,2022-06-07,2023-07-15
245,CUST00245,Michelle Miller DDS,Male,1994-10-09,peterdunlap@example.net,842-209-5935x26176,Lalitpur,Verified,2026-01-24,2026-06-22
246,CUST00246,Robert Wilson,Male,1958-05-20,elopez@example.com,001-945-410-2902x07448,Lalitpur,Rejected,2024-07-30,2025-10-10
247,CUST00247,Lonnie Olsen,,1953-06-18,elizabeth32@example.org,5648520165,Kathmandu,Verified,2026-02-11,2026-11-23
248,CUST00248,Rebecca Livingston,Female,1977-09-09,sandrachen@example.net,589-369-8852x111,Kathmandu,verified,2022-01-30,2023-04-23
249,CUST00249,Hannah Wheeler,Female,1979-04-23,timothyabbott@example.com,001-752-347-0520x888,Lalitpur,pending,2023-01-17,2023-02-08
250,CUST00250,Daniel Atkinson,Female,1983-05-13,michelle40@example.org,+1-457-241-2450x3435,Kathmandu,Pending,2025-12-27,2026-09-04
251,CUST00251,Alexander Gonzales,Other,1956-11-04,,911-983-5704x0631,Pokhara,Verified,2023-12-11,2025-01-28
252,CUST00252,David Henderson,,1982-07-16,whitechad@example.org,883.366.0621,Pokhara,pending,2025-03-28,2026-07-26
253,CUST00253,Patricia Berry,Female,2003-09-15,williamscathy@example.com,(991)248-2571x3165,Lalitpur,Pending,2022-05-21,2022-09-04
254,CUST00254,Jeffery Evans,Female,1966-06-25,julia03@example.com,5335346974,Lalitpur,Rejected,2022-02-12,2022-07-02
255,CUST00255,Michael Spencer,Female,1968-03-30,hollowayjessica@example.com,343-558-0737x60005,Biratnagar,verified,2021-11-27,2022-07-08
256,CUST00256,Sydney Buckley,Female,1979-12-17,lawrencedixon@example.net,993.922.1481x4365,Biratnagar,verified,2022-01-03,2023-01-22
257,CUST00257,Robert Foster,Male,1966-05-07,uleon@example.org,(675)744-9447x28298,Biratnagar,Pending,2022-01-30,2022-06-28
258,CUST00258,Jerry Graves,,1967-02-22,,(636)650-8364x7336,Butwal,verified,2021-10-21,2022-10-07
259,CUST00259,Melissa Holt,Other,1959-11-13,spencejeremy@example.net,554.382.3231x836,Pokhara,Rejected,2025-06-15,2026-07-19
260,CUST00260,Jennifer Carrillo,Female,1956-04-25,gphillips@example.com,940-273-9596x99192,Lalitpur,Pending,2026-07-03,2027-03-25
261,CUST00261,Alejandra Harding,Female,1986-05-17,deborahbridges@example.net,001-825-459-3504,Kathmandu,Verified,2024-12-15,2025-04-02
262,CUST00262,Patty Stephenson,Male,1966-09-24,carriestuart@example.org,808-215-6110,Lalitpur,pending,2026-05-01,2027-03-26
263,CUST00263,Joanna Peters,Male,1953-11-09,hollowaymaurice@example.org,+1-504-905-5163x7884,Lalitpur,Pending,2022-08-13,2023-08-24
264,CUST00264,Martha Lewis,Other,1975-03-22,mrodriguez@example.net,001-959-639-2615,Pokhara,Rejected,2022-06-20,2023-09-16
265,CUST00265,Tara Roy,Other,1997-11-23,munozheather@example.net,519-227-8137,Biratnagar,verified,2024-08-17,2024-09-20
266,CUST00266,Philip Blevins,,2001-11-17,zglenn@example.com,001-570-607-7903x1075,Lalitpur,pending,2025-05-03,2025-11-29
267,CUST00267,Laura Peterson,,1950-12-29,jorge65@example.org,001-342-352-7590x4825,Kathmandu,Pending,2026-02-03,2027-03-22
268,CUST00268,Stephen Jackson,Male,1975-12-20,michael39@example.org,(238)731-7453x0243,Pokhara,verified,2021-09-07,2021-11-28
269,CUST00269,Nicholas Dougherty,Other,1951-04-24,robertrodriguez@example.com,(450)395-2203x375,Butwal,Verified,2022-04-15,2022-10-08
270,CUST00270,Christopher Rodriguez,Female,1980-09-19,wweaver@example.com,(232)596-1790,Pokhara,Verified,2024-02-18,2025-04-16
271,CUST00271,Thomas Garcia,Male,1962-12-13,john33@example.org,948-673-7515x5984,Butwal,Rejected,2022-11-21,2024-01-29
272,CUST00272,Jeanne Williams,Male,1982-05-30,mullinschristopher@example.net,001-794-824-3941x104,Pokhara,Pending,2022-04-09,2022-09-13
273,CUST00273,Frank Singh,,1962-01-30,kevin97@example.net,(745)899-4105x12660,Biratnagar,pending,2026-01-25,2026-06-18
274,CUST00274,Michelle Jones,,1962-11-15,oandrews@example.org,(301)463-2387,Butwal,pending,2024-05-04,2024-05-07
275,CUST00275,David Vance,,1995-07-11,ruizbrian@example.org,467.408.0715x9432,Butwal,Pending,2023-11-30,2024-11-03
276,CUST00276,Ellen Berg,Female,1976-07-18,lewistimothy@example.com,(398)760-3438x500,Pokhara,Rejected,2022-10-11,2022-10-22
277,CUST00277,Philip Hancock,Female,1959-05-07,hoodricardo@example.com,450.979.0902x79616,Butwal,pending,2026-07-18,2026-09-29
278,CUST00278,Claire Harris,,2003-04-09,marie84@example.net,001-401-467-9070x995,Pokhara,Pending,2022-03-25,2022-09-15
279,CUST00279,Taylor Stanley,Male,1980-01-03,christopher53@example.org,(688)461-2609,Biratnagar,Pending,2022-04-21,2022-07-18
280,CUST00280,William Lawrence,Male,2006-10-30,torreswilliam@example.org,224.451.8532,Lalitpur,verified,2024-09-24,2024-11-01
281,CUST00281,Samantha Rodriguez,Male,1995-01-24,maria86@example.net,838.477.6529x78807,Lalitpur,Pending,2023-12-22,2024-12-09
282,CUST00282,Anna Frazier,Other,1975-12-17,schwartzralph@example.org,785-914-3264,Butwal,Pending,2024-05-29,2024-07-07
283,CUST00283,Kristina Fuller,Other,1963-10-11,rodriguezchristina@example.org,+1-771-393-9478x2551,Kathmandu,pending,2022-12-02,2023-08-06
284,CUST00284,Andrew Fuentes,Female,1972-01-18,,296.373.0803,Lalitpur,pending,2024-02-04,2025-01-11
285,CUST00285,Shelia Hogan,,1951-07-21,parkjessica@example.com,+1-475-300-3018x2465,Biratnagar,Pending,2024-07-01,2025-04-06
286,CUST00286,James Ashley,,1965-06-17,matthew81@example.org,(651)826-0466x3360,Pokhara,Verified,2022-12-01,2024-02-15
287,CUST00287,Amanda Ward,Other,1955-02-06,yolanda46@example.org,+1-398-873-6203x610,Pokhara,Pending,2025-10-28,2026-10-03
288,CUST00288,Robert Mccarthy,Male,1984-03-31,,+1-468-344-8476,Biratnagar,Pending,2023-11-19,2025-03-03
289,CUST00289,Thomas Newton,Male,1955-03-25,redwards@example.org,3198741637,Pokhara,Rejected,2025-08-07,2026-03-09
290,CUST00290,Lauren Reyes,Female,1962-05-12,michellebrown@example.net,398.591.0015,Lalitpur,Verified,2024-06-30,2024-10-25
291,CUST00291,Jessica Caldwell,Female,2000-05-12,zthomas@example.org,+1-233-293-6475x48888,Kathmandu,verified,2022-04-05,2023-03-24
292,CUST00292,Nicholas Brown,,1987-07-02,nharrison@example.net,738.226.4577,Kathmandu,Rejected,2023-02-22,2023-08-01
293,CUST00293,Christopher Richards,Male,1975-03-18,josephpollard@example.com,(632)417-4461,Lalitpur,Verified,2021-12-28,2022-12-21
294,CUST00294,Vanessa Rodriguez,Other,1977-05-22,ahood@example.org,+1-251-290-2934x19034,Lalitpur,pending,2025-07-10,2026-10-10
295,CUST00295,Robin Powell,Male,1971-11-21,kimberly11@example.org,(823)944-6383,Biratnagar,verified,2022-01-01,2022-09-02
296,CUST00296,John Harvey,Male,1975-02-22,potterbrianna@example.net,+1-368-814-2266x145,Biratnagar,Rejected,2023-04-18,2023-07-10
297,CUST00297,Maureen Roberts,Male,1993-01-22,underwoodjoyce@example.com,2287996779,Lalitpur,Pending,2025-07-19,2026-10-28
298,CUST00298,Ann Rodriguez,Other,1967-11-01,austindavis@example.org,706.763.1987x00772,Biratnagar,Verified,2026-04-21,2027-06-06
299,CUST00299,Leslie Joyce,,1972-12-07,robertwilliams@example.com,001-522-340-1564x0621,Lalitpur,Verified,2026-06-11,2027-03-23
300,CUST00300,Raymond Hunter,,1993-05-21,michael35@example.net,+1-492-294-9300x72723,Kathmandu,verified,2021-12-10,2022-02-10
301,CUST00301,David Hill,,1998-03-19,,3446788391,Biratnagar,Verified,2025-06-14,2026-09-09
302,CUST00302,Jose Brooks,Male,1960-05-03,fmiller@example.com,634-593-7690,Lalitpur,Verified,2024-03-21,2024-04-09
303,CUST00303,Patrick Smith,Male,1959-11-04,ofrazier@example.com,622-821-3034x683,Butwal,Verified,2022-08-19,2022-12-15
304,CUST00304,Veronica Good,,1973-06-28,,001-416-476-5031x222,Kathmandu,Pending,2022-08-17,2022-12-04
305,CUST00305,Kyle Barnes,Male,1952-07-12,brenda43@example.org,510.550.9312x411,Butwal,pending,2022-07-24,2023-07-20
306,CUST00306,Thomas Moore,Male,1953-09-18,nicholasmiller@example.net,211-410-5796x443,Butwal,verified,2026-04-27,2027-02-05
307,CUST00307,Daniel Moon,Male,1961-01-10,stefanie89@example.com,730-741-7147,Butwal,Verified,2022-03-03,2023-04-26
308,CUST00308,Warren Townsend,Female,2002-08-20,sandovalmolly@example.net,759.941.0220x079,Pokhara,Pending,2021-10-31,2022-11-30
309,CUST00309,Brian Thompson,Female,1977-05-07,steven40@example.com,(353)964-5060x03768,Biratnagar,Verified,2023-01-16,2023-09-06
310,CUST00310,Alicia Farmer,Other,1963-09-16,reesemelody@example.com,001-803-529-8577x47155,Biratnagar,Rejected,2024-03-08,2025-01-23
311,CUST00311,Catherine Porter,,2008-01-26,paige21@example.net,915-649-4039,Biratnagar,pending,2022-02-16,2022-03-06
312,CUST00312,Timothy Roberts,Female,1966-02-25,zunigakatie@example.org,657.924.7186x25823,Lalitpur,Verified,2025-03-21,2025-10-23
313,CUST00313,Joseph Berg,,1984-10-05,nwashington@example.com,+1-397-589-3666,Pokhara,pending,2023-02-15,2024-04-23
314,CUST00314,Luke Brown,Male,1965-03-05,fperez@example.org,001-500-961-0975x64133,Butwal,verified,2023-05-23,2023-09-21
315,CUST00315,Michael Adams,,1990-01-13,ntorres@example.net,6857338807,Butwal,verified,2025-04-04,2025-11-05
316,CUST00316,Dylan Rivera,Other,1962-02-03,wrightdana@example.net,001-250-430-8885x2382,Biratnagar,verified,2022-05-24,2022-09-15
317,CUST00317,James Snyder,Female,1959-04-22,hernandezjennifer@example.org,(508)557-8659x257,Butwal,verified,2025-03-03,2026-01-18
318,CUST00318,Scott Graham,Male,1989-01-20,,+1-653-544-3502x59688,Kathmandu,Pending,2025-04-22,2025-09-21
319,CUST00319,Kimberly Anderson,Other,1989-09-26,kaitlynross@example.org,881-488-7236,Biratnagar,Pending,2026-05-10,2026-08-29
320,CUST00320,Melissa Ramos,Female,1975-08-31,lburgess@example.org,001-539-937-3660x1544,Pokhara,verified,2025-09-08,2026-01-02
321,CUST00321,Charles Clark,Male,1958-05-06,ncontreras@example.net,(585)776-5386,Butwal,Verified,2025-10-15,2026-04-11
322,CUST00322,Valerie Allen,,2007-02-21,faulknerkrystal@example.com,748.231.8249x53816,Butwal,pending,2024-04-26,2024-12-27
323,CUST00323,Renee Frost,,1958-05-24,snyderjennifer@example.com,(505)407-1568,Lalitpur,Pending,2024-09-09,2025-05-15
324,CUST00324,Dylan Anderson,Other,1998-03-15,abrown@example.com,381-856-9382x710,Biratnagar,Rejected,2023-12-26,2024-03-13
325,CUST00325,Derek Young,Female,1963-03-06,derek07@example.org,001-343-206-2891x2596,Lalitpur,Rejected,2024-11-19,2025-05-17
326,CUST00326,Jacob Bauer,Male,1979-04-17,nlove@example.org,+1-354-386-9158x47815,Lalitpur,pending,2025-01-31,2025-05-20
327,CUST00327,James Warren,,1977-03-23,pamelalivingston@example.com,(298)972-5569x186,Biratnagar,Rejected,2022-12-03,2023-01-11
328,CUST00328,Michael Higgins,,1990-03-22,michaelmacdonald@example.net,597-366-4379x393,Lalitpur,pending,2022-02-02,2022-09-15
329,CUST00329,Bryce Jordan,Other,1992-09-25,,806-678-2330x1173,Biratnagar,Pending,2025-08-28,2026-09-04
330,CUST00330,Jacob Wu,Other,1967-10-21,ctaylor@example.net,(992)899-1921,Lalitpur,verified,2025-05-28,2025-08-31
331,CUST00331,Ronald Roberts,,1996-11-27,brittany34@example.org,(836)526-3738x417,Biratnagar,Verified,2023-01-16,2023-03-08
332,CUST00332,Mrs. Christina Walker MD,Other,1974-05-20,ucoleman@example.com,(956)722-6109x76673,Kathmandu,verified,2025-03-21,2026-06-28
333,CUST00333,Lauren Joseph,,1989-02-16,ewilson@example.net,(977)243-2984x201,Lalitpur,pending,2023-07-19,2024-02-05
334,CUST00334,Jason Anderson,,1979-08-11,christopherchoi@example.com,+1-835-240-0241x717,Kathmandu,Verified,2023-01-30,2023-04-15
335,CUST00335,John Williams,Female,1983-11-21,dthompson@example.org,754-439-2111x3610,Biratnagar,Rejected,2022-09-15,2023-04-25
336,CUST00336,Brian Taylor,Other,2003-09-06,franklinharper@example.org,+1-220-634-1553x2179,Pokhara,pending,2025-07-02,2025-09-29
337,CUST00337,Anna Wade,Male,2006-07-16,wilsonbrad@example.com,001-795-323-7336,Lalitpur,Verified,2022-12-29,2024-01-19
338,CUST00338,Lauren Lopez,Female,1997-08-19,clarkrichard@example.org,(798)985-4931x0155,Biratnagar,Pending,2022-12-18,2024-04-07
339,CUST00339,Francisco Jackson,Male,1955-03-25,lori71@example.com,237-731-3249x37922,Butwal,pending,2022-06-01,2022-12-23
340,CUST00340,Sheila Ward,Other,1999-12-05,cynthiatorres@example.net,+1-815-478-7518x8888,Butwal,Pending,2025-10-17,2026-11-01
341,CUST00341,Diane Woods,Female,1991-08-10,amandajohnson@example.net,470-752-2685,Kathmandu,Pending,2024-08-04,2024-10-25
342,CUST00342,Elizabeth Hancock,Male,1953-05-03,zacharymaynard@example.net,870-275-3771,Biratnagar,verified,2024-07-05,2024-10-07
343,CUST00343,Jade Bauer,Female,1977-02-28,matthewharrington@example.net,446-628-8642,Biratnagar,verified,2023-07-09,2024-01-09
344,CUST00344,Bradley Lopez,Other,1986-04-15,wrightdavid@example.com,426-629-7494x0706,Lalitpur,verified,2025-07-12,2025-12-13
345,CUST00345,Jasmine Hanson PhD,,1994-03-20,annaarmstrong@example.org,001-979-338-6626x401,Lalitpur,Verified,2024-09-15,2024-09-29
346,CUST00346,Hannah Chavez,Female,1995-07-02,jessica64@example.net,(718)850-9807x7247,Butwal,Pending,2026-04-01,2026-04-05
347,CUST00347,Deanna Shaffer,Male,1992-07-25,pjones@example.net,001-968-330-9854x571,Kathmandu,verified,2023-04-22,2023-05-10
348,CUST00348,Sheri Lester,Female,1997-09-25,trujillojessica@example.com,363-547-2608,Butwal,Verified,2023-08-30,2024-07-21
349,CUST00349,Angie Fox,,1994-01-15,rachel49@example.org,640.916.8883x32426,Pokhara,Pending,2022-10-31,2023-08-23
350,CUST00350,Joanna Marshall,Male,1998-08-11,jimeneztammy@example.org,755-397-0221x96106,Biratnagar,Pending,2023-01-01,2024-05-03
351,CUST00351,Eric Smith,Male,1992-09-20,bgardner@example.net,587.656.6984x08098,Pokhara,verified,2025-05-10,2025-11-06
352,CUST00352,Brianna Davis,,1987-08-12,milesjoseph@example.org,(328)744-9818,Butwal,Rejected,2023-09-01,2024-03-31
353,CUST00353,Brenda Willis,Male,1962-02-20,brownpamela@example.org,288.236.6983x4096,Lalitpur,Rejected,2022-03-04,2022-11-10
354,CUST00354,Mr. Charles Owen PhD,Female,1960-12-28,reedjasmin@example.com,001-355-312-2396x6849,Butwal,verified,2026-01-14,2027-01-24
355,CUST00355,Shawna Thomas,Other,1967-07-31,edward00@example.net,001-466-289-1588,Butwal,Pending,2022-12-05,2023-09-28
356,CUST00356,Mary Wheeler,Male,1955-05-17,jamespaige@example.org,473.386.1279x753,Butwal,Pending,2024-10-13,2025-01-07
357,CUST00357,Isaiah Miller,Other,1977-07-15,carl61@example.org,257-276-5822,Butwal,verified,2023-05-25,2023-06-18
358,CUST00358,Hannah Nelson,Other,1982-08-09,edward98@example.com,001-569-879-8231,Butwal,verified,2023-05-22,2023-06-02
359,CUST00359,Elizabeth Powell,Female,1987-01-31,saratran@example.org,748.233.4355x5147,Biratnagar,pending,2026-07-03,2026-10-08
360,CUST00360,Jacqueline Murphy,Female,1952-03-23,jvincent@example.org,+1-543-907-5338x573,Butwal,verified,2022-07-27,2023-04-18
361,CUST00361,Justin Bowen,Male,2003-02-23,jonesalexander@example.org,+1-781-755-6846x2314,Butwal,Rejected,2022-06-03,2022-06-17
362,CUST00362,Erin Garner,Male,1956-08-22,obennett@example.org,633.634.4523x05680,Butwal,verified,2022-08-14,2023-12-15
363,CUST00363,Justin Garcia,Female,1993-09-19,mckinneyjoel@example.com,966-298-8881,Lalitpur,Rejected,2023-08-19,2024-01-12
364,CUST00364,Alicia Santiago,Male,2006-10-26,dadams@example.net,+1-286-514-3834x9147,Butwal,verified,2025-04-04,2026-05-08
365,CUST00365,Craig Pope,Female,2003-04-19,eriktodd@example.net,001-969-359-1981x988,Butwal,verified,2022-03-02,2022-04-30
366,CUST00366,Rebecca Griffin,Other,1965-02-04,ssmith@example.net,743-660-7167x3178,Biratnagar,Verified,2025-02-14,2025-09-17
367,CUST00367,Kayla Holmes,Female,1951-11-21,marquezrebecca@example.org,001-824-977-8823x509,Kathmandu,Rejected,2023-03-30,2023-11-18
368,CUST00368,Pamela Bray,Female,1996-11-13,paulgrimes@example.com,(392)628-0426x35672,Butwal,Pending,2024-08-02,2024-11-07
369,CUST00369,Amanda Smith,,1993-12-27,fowleramber@example.org,+1-368-421-4314x3237,Kathmandu,Rejected,2022-02-01,2022-02-25
370,CUST00370,Mr. Jesse Ford,Female,1969-04-30,taylor23@example.net,6862314115,Pokhara,Rejected,2025-09-30,2026-01-07
371,CUST00371,Jonathan Robinson,,1978-11-21,williamsjasmine@example.org,(777)859-5137,Pokhara,Verified,2025-11-07,2025-11-22
372,CUST00372,Jimmy Davis,Female,1951-03-13,jenniferlucas@example.com,+1-978-822-6425x56723,Lalitpur,Verified,2025-03-23,2025-07-01
373,CUST00373,Timothy Wilcox,Male,1963-04-06,robertsdarren@example.net,2463560908,Lalitpur,verified,2022-06-17,2023-08-24
374,CUST00374,Daniel Brown,Other,1999-12-05,kwarren@example.net,998.254.0152x835,Lalitpur,pending,2023-06-27,2024-02-23
375,CUST00375,Lisa Henry,Other,1989-05-28,harrismichael@example.net,238.569.7053x580,Biratnagar,pending,2024-07-10,2025-08-21
376,CUST00376,Catherine Delgado,Other,1961-04-18,lamjulie@example.com,257-256-3239,Pokhara,Verified,2025-01-01,2025-10-02
377,CUST00377,Robert Sandoval,,1952-09-22,,001-770-792-3864,Pokhara,pending,2023-03-28,2023-05-05
378,CUST00378,Mary Watkins,Male,2001-08-24,irojas@example.org,001-855-414-5447,Butwal,Verified,2021-12-02,2022-10-04
379,CUST00379,Barbara Parker,,1981-12-26,carol03@example.net,(717)836-5192x9547,Kathmandu,verified,2022-10-13,2023-12-24
380,CUST00380,Donna Edwards,Other,1990-05-24,whitney41@example.net,2986500302,Biratnagar,Pending,2023-03-20,2024-05-04
381,CUST00381,Joshua Ryan,Other,1999-01-31,nicholas85@example.com,001-650-845-5015x17440,Biratnagar,verified,2023-07-19,2024-04-03
382,CUST00382,Carol Nelson,Other,1957-04-04,robert80@example.com,+1-745-568-5254,Pokhara,Pending,2023-05-20,2024-09-11
383,CUST00383,Michelle Bauer,,1974-01-27,chelsea88@example.net,001-366-334-1032x7942,Pokhara,Verified,2025-05-15,2025-07-05
384,CUST00384,Daniel Hopkins,Other,1989-01-15,gatesphillip@example.org,(315)405-1896x7034,Kathmandu,pending,2023-04-30,2024-01-27
385,CUST00385,Renee Williams,,1989-10-22,stantonjeffrey@example.com,989-443-7858x519,Biratnagar,Rejected,2025-05-06,2026-04-16
386,CUST00386,Katherine Owens,Male,1970-12-28,amandagreen@example.com,533.722.1384x228,Pokhara,Rejected,2022-05-21,2023-08-05
387,CUST00387,Elizabeth Gregory,Other,1973-04-16,stevensmisty@example.net,(736)341-9799,Kathmandu,Verified,2025-07-02,2025-07-09
388,CUST00388,Douglas Friedman,,1954-07-23,,921.768.2459x42222,Butwal,Rejected,2024-09-22,2024-12-06
389,CUST00389,Paige Alexander,Male,1962-09-17,randallowen@example.net,600.484.4320x59852,Lalitpur,verified,2023-12-27,2024-10-23
390,CUST00390,Lisa Duffy,Other,1981-08-22,jesus03@example.com,889.231.6594,Pokhara,pending,2022-05-03,2022-07-14
391,CUST00391,Mr. Aaron Evans,Female,1967-08-21,bcross@example.org,240-578-2604,Butwal,Rejected,2025-06-17,2026-05-28
392,CUST00392,Brian Nelson,Male,2000-09-12,nhiggins@example.org,+1-409-695-0816x62373,Butwal,Verified,2024-11-15,2026-01-03
393,CUST00393,Kenneth Mason,Female,1978-06-15,smithdarryl@example.com,404-245-7581x280,Butwal,Verified,2025-09-20,2027-01-14
394,CUST00394,Patty Jones,Other,1972-03-03,rebeccacooper@example.net,001-717-211-4700x4161,Butwal,verified,2023-03-27,2023-11-12
395,CUST00395,Mr. James Martin,Female,1974-06-19,timothy96@example.com,731-926-2065,Biratnagar,Verified,2023-02-07,2024-01-29
396,CUST00396,Daniel Mills,Female,1998-08-31,edward59@example.org,001-458-534-5017x562,Lalitpur,Rejected,2022-07-16,2023-06-02
397,CUST00397,Mariah Wright,Other,2007-04-09,jennifer84@example.com,(638)436-1613x40432,Lalitpur,pending,2026-07-04,2027-04-07
398,CUST00398,Casey Mcdonald,Male,1980-11-16,catherine31@example.net,826.738.2596,Pokhara,pending,2024-07-21,2025-02-24
399,CUST00399,Robert King,Male,1997-10-25,ysimon@example.com,001-294-869-2244x3710,Kathmandu,pending,2022-04-30,2022-11-02
400,CUST00400,Melanie Wyatt,Other,1968-03-30,moorerebecca@example.net,001-523-793-5258x1674,Pokhara,verified,2025-01-04,2025-06-24
401,CUST00401,Rebecca Harris,,1962-12-09,brian82@example.org,501-696-2241x8663,Butwal,Rejected,2024-04-15,2024-08-02
402,CUST00402,Terry Schneider,Male,2008-02-18,jessica11@example.org,+1-309-387-0391x0731,Biratnagar,Verified,2024-08-11,2025-04-12
403,CUST00403,Kimberly Carpenter,Female,1979-09-09,ronald72@example.org,001-342-722-9888x64150,Lalitpur,Verified,2023-06-19,2024-05-27
404,CUST00404,Cody Jordan,Male,1978-04-04,,(460)987-5332x3613,Kathmandu,Rejected,2023-08-15,2024-01-07
405,CUST00405,Kevin Mccormick,,1986-09-22,keith14@example.com,001-494-948-7582x1153,Butwal,verified,2023-12-24,2024-12-18
406,CUST00406,Amy Watson,,1979-07-06,megan94@example.com,601-735-3813x960,Pokhara,verified,2022-09-19,2023-04-27
407,CUST00407,Ariel Barrett,,1999-02-03,ericsanders@example.org,419-711-3729x76260,Kathmandu,Verified,2026-06-27,2027-09-30
408,CUST00408,Brooke White,Other,1995-01-29,damongarcia@example.com,(632)530-5662x6695,Lalitpur,Rejected,2021-08-18,2022-03-21
409,CUST00409,Ryan Williams,,1993-02-22,tracy59@example.net,880.883.3471,Kathmandu,pending,2022-06-07,2023-06-18
410,CUST00410,Jacqueline Zavala,Female,1979-07-23,williamshea@example.com,(639)811-3856,Biratnagar,verified,2025-04-04,2026-01-30
411,CUST00411,Andrew Harrison,Male,1951-12-01,christopherbrock@example.com,219.867.9734x2645,Biratnagar,Pending,2023-10-29,2024-09-19
412,CUST00412,Jill Nicholson,Female,1991-06-15,roygould@example.org,+1-816-868-6403x02935,Butwal,Verified,2021-09-20,2021-12-27
413,CUST00413,Thomas Bates,Other,1959-10-01,sandraluna@example.com,990-607-7323,Kathmandu,Verified,2024-01-02,2024-04-16
414,CUST00414,Mrs. Jessica Alvarez,Male,2007-02-19,keith32@example.net,940-872-3148x24855,Lalitpur,pending,2023-12-19,2025-04-24
415,CUST00415,Kevin Crawford,Female,1983-01-16,wmanning@example.org,+1-341-337-9056x143,Biratnagar,verified,2023-03-18,2024-06-18
416,CUST00416,James Nichols,Other,1960-01-21,wrightrebecca@example.com,450.957.4886x5306,Pokhara,Rejected,2026-03-31,2027-05-30
417,CUST00417,Sabrina Johnson,Male,2001-05-16,michael40@example.net,(752)877-0764x248,Lalitpur,Verified,2022-08-05,2022-12-01
418,CUST00418,Brian Garcia,Other,1989-01-24,colliervanessa@example.com,001-364-228-7878x2105,Butwal,Rejected,2024-07-01,2025-10-30
419,CUST00419,Larry Davis,Male,2004-06-30,fdavis@example.com,323-881-1895x671,Kathmandu,pending,2024-07-22,2025-11-04
420,CUST00420,Gina Hall,Female,1994-12-25,boydmatthew@example.org,596-431-0375x91151,Biratnagar,Pending,2026-01-28,2027-03-16
421,CUST00421,Angela Burton,Male,1979-07-30,adrian41@example.com,(337)969-4969,Butwal,Rejected,2021-12-24,2023-02-15
422,CUST00422,Kristin Patterson,Female,1965-06-08,reidjustin@example.org,526-421-5313,Pokhara,Rejected,2025-03-29,2025-04-19
423,CUST00423,Nicole Cole,,1977-02-23,loriadkins@example.org,477.477.0998,Pokhara,Rejected,2022-08-06,2023-01-10
424,CUST00424,Theodore Conner,,1987-10-20,conniehouse@example.org,796-318-2658,Lalitpur,Rejected,2025-05-03,2026-07-30
425,CUST00425,Rebecca Lee,Male,1998-06-19,kevin16@example.org,672.966.0420,Kathmandu,verified,2025-03-10,2025-08-11
426,CUST00426,Brandon Ramirez,Other,1978-05-01,tamara76@example.com,+1-644-271-7808,Biratnagar,Verified,2022-08-14,2023-10-29
427,CUST00427,Joseph Bradford,Other,1973-03-02,montgomerydestiny@example.com,(578)883-7941,Butwal,Rejected,2024-10-31,2026-01-03
428,CUST00428,Brian Flores,Female,1991-03-13,,984.458.9461,Kathmandu,verified,2025-02-17,2025-12-12
429,CUST00429,Janice Floyd,Female,1971-05-03,kenneth71@example.net,576.491.7041x791,Kathmandu,verified,2022-06-27,2023-05-27
430,CUST00430,Jennifer Shaffer,Female,1990-06-06,,725.860.3156x80427,Pokhara,Rejected,2024-06-25,2025-04-06
431,CUST00431,Molly Mcbride,,1965-07-27,kenneth06@example.org,(643)634-8859x985,Lalitpur,verified,2024-10-02,2025-10-12
432,CUST00432,Julie Phillips,Female,1988-01-03,megan83@example.com,431.928.3382,Biratnagar,pending,2022-01-26,2022-05-27
433,CUST00433,Lori Schroeder,,1981-02-25,mwheeler@example.com,+1-325-493-0694x678,Butwal,Pending,2024-07-31,2025-01-23
434,CUST00434,William Rodriguez,Other,1953-12-03,danielsnancy@example.org,676-946-2019x8997,Pokhara,Verified,2023-06-30,2024-10-15
435,CUST00435,Kayla Norris,,1959-01-21,boydmichael@example.net,209-244-4617,Butwal,Rejected,2022-01-06,2022-01-19
436,CUST00436,Charles Travis,Male,1993-08-09,bradley15@example.net,+1-564-713-9496,Pokhara,Pending,2024-10-24,2025-08-30
437,CUST00437,Michael Diaz,Female,1990-05-17,ann40@example.net,(694)816-7480,Butwal,pending,2026-05-15,2027-05-22
438,CUST00438,Brett Guzman,Female,1995-09-26,ralphlong@example.org,962-786-9940,Lalitpur,Verified,2024-04-09,2025-03-03
439,CUST00439,Mr. Jason Rodriguez,,1992-04-01,pmelendez@example.net,001-922-304-5889x29973,Lalitpur,verified,2025-11-29,2026-12-13
440,CUST00440,John Waters,Male,1963-03-12,timothyyoung@example.org,001-695-287-6058x8102,Kathmandu,pending,2025-05-26,2026-02-19
441,CUST00441,Emma Sullivan,Male,2003-03-21,ocollins@example.net,985-567-9766,Lalitpur,Pending,2024-05-07,2024-07-24
442,CUST00442,Dr. Christopher Pittman,Male,1950-12-12,bsweeney@example.org,+1-554-709-1167x85791,Butwal,Pending,2024-07-06,2025-03-14
443,CUST00443,Timothy Erickson,Male,1951-03-23,butlerlisa@example.net,+1-859-652-6375x12529,Biratnagar,verified,2026-06-26,2027-10-25
444,CUST00444,Maria Sexton,Other,1956-10-22,,001-324-720-3816,Butwal,verified,2023-06-07,2024-02-19
445,CUST00445,Joseph Gonzalez,Female,1983-12-02,suzannetaylor@example.org,(658)254-7415x3448,Pokhara,pending,2023-06-28,2024-01-24
446,CUST00446,Jeremy Hayes,,1951-12-31,burgessfrederick@example.org,(401)997-6634x20546,Lalitpur,pending,2024-11-25,2025-11-19
447,CUST00447,Melissa May,Other,1990-12-02,mary11@example.net,209.791.2129x48803,Biratnagar,pending,2023-01-07,2024-04-09
448,CUST00448,Patrick Christian,Female,1962-08-26,chungmelanie@example.org,(212)480-7943x5221,Biratnagar,Pending,2022-08-31,2022-10-06
449,CUST00449,Brett Moore,Female,1964-01-26,mford@example.com,240-752-1537,Butwal,Rejected,2025-07-31,2026-10-22
450,CUST00450,Micheal Moore,Female,1991-02-22,daniel97@example.com,+1-743-826-3169,Lalitpur,pending,2026-03-21,2027-05-18
451,CUST00451,Judith Whitehead,Male,1972-07-19,ericrivera@example.org,+1-701-743-9583x196,Butwal,pending,2025-01-29,2025-10-30
452,CUST00452,Steve Jackson,Other,1996-10-12,kayla85@example.net,001-243-984-3317x4749,Biratnagar,Rejected,2022-03-17,2022-10-18
453,CUST00453,David Barker,Female,1980-11-25,kelseyjackson@example.com,225.218.4705,Butwal,Verified,2024-07-01,2024-10-10
454,CUST00454,Allison Alvarado,,1994-12-26,whitedana@example.net,(877)593-5711x0853,Butwal,Verified,2023-10-03,2024-11-02
455,CUST00455,Elizabeth Villa,Female,1975-10-09,levyolivia@example.com,001-783-880-5896x806,Pokhara,verified,2026-03-13,2026-06-17
456,CUST00456,Derrick Benitez,Other,1985-07-01,gbuckley@example.net,713.891.8903,Kathmandu,Rejected,2025-03-30,2025-10-22
457,CUST00457,Janice Mitchell,Female,1990-06-04,lharris@example.net,436.305.4570,Butwal,Verified,2022-03-11,2023-01-09
458,CUST00458,Michael Harris,Female,2003-10-18,hollyyates@example.net,451-899-9182,Lalitpur,Pending,2024-08-05,2024-10-15
459,CUST00459,Maria Huber,,1984-02-12,fbenson@example.net,7458507135,Biratnagar,Rejected,2023-09-01,2024-03-14
460,CUST00460,Brandon Thomas,Other,1973-07-25,christinawilson@example.net,(976)400-4863x5985,Pokhara,Rejected,2024-07-09,2024-09-15
461,CUST00461,Randy Armstrong,Male,1987-12-17,achavez@example.com,5838675400,Pokhara,Rejected,2025-05-12,2025-09-06
462,CUST00462,Denise Baldwin,Male,1956-06-28,kendraroman@example.net,+1-293-753-7520,Biratnagar,Rejected,2022-08-29,2023-09-06
463,CUST00463,Jose Lopez,Female,2006-12-27,millerlauren@example.org,805-313-7489x616,Lalitpur,verified,2026-02-05,2027-05-05
464,CUST00464,Paul Perez,Female,1959-12-26,fernandezanthony@example.com,001-541-586-1876x66535,Butwal,Verified,2025-08-25,2026-07-17
465,CUST00465,Scott Morton,Male,2000-12-25,rebeccaboyle@example.org,(584)376-0457x160,Lalitpur,pending,2022-07-12,2022-07-25
466,CUST00466,Sandra Colon,,1955-03-02,jwang@example.org,+1-443-407-0070x11442,Pokhara,verified,2024-07-17,2024-07-24
467,CUST00467,Sarah Kerr,Female,1961-09-04,,+1-646-704-9688x35803,Butwal,pending,2026-01-20,2026-06-07
468,CUST00468,Michele Thomas,Female,1984-03-01,csnyder@example.net,001-652-870-3396x68984,Butwal,pending,2025-06-19,2026-02-25
469,CUST00469,Gary Pearson,Male,1981-12-29,jessica45@example.com,(967)564-5857x75700,Lalitpur,verified,2023-09-30,2024-03-19
470,CUST00470,Veronica Schultz,Other,1977-10-04,kristingoodwin@example.org,+1-230-392-1160x0752,Kathmandu,verified,2024-08-22,2025-03-27
471,CUST00471,Briana Gomez,,2001-11-12,rachelroberts@example.net,(546)215-3183x012,Kathmandu,Rejected,2025-04-21,2025-09-23
472,CUST00472,Molly Curtis,,1972-05-13,,001-318-432-3849x4453,Kathmandu,verified,2022-05-13,2022-09-14
473,CUST00473,Richard Herring,,1955-06-19,derekmunoz@example.com,001-788-722-0160x226,Pokhara,Rejected,2023-01-30,2024-05-09
474,CUST00474,Karen Walker,Female,2001-01-08,pottermary@example.org,001-400-365-0615x2472,Pokhara,pending,2024-04-10,2024-07-27
475,CUST00475,Dustin Hester,,1969-06-13,sullivantammy@example.com,001-630-789-6557x33458,Butwal,Verified,2025-03-18,2026-03-31
476,CUST00476,Andres Black,,1966-11-17,whall@example.org,285-488-5533,Biratnagar,Verified,2025-07-10,2026-05-19
477,CUST00477,Deanna Kemp,Male,2003-12-08,xbrown@example.org,(553)358-8469,Pokhara,pending,2025-11-05,2026-02-26
478,CUST00478,Dr. Rachel Davenport,Female,1999-06-22,ferrelljill@example.com,(674)398-8221x11964,Lalitpur,verified,2024-04-19,2024-06-25
479,CUST00479,Gary Chen,Female,1989-11-12,olong@example.org,(398)727-0155x8957,Lalitpur,pending,2024-02-18,2025-06-11
480,CUST00480,Juan Collins,,1986-07-05,stephenmartinez@example.org,622.205.5801,Pokhara,Verified,2025-03-29,2025-12-24
481,CUST00481,John Rodgers,Female,1973-10-24,lcasey@example.org,8354430479,Pokhara,pending,2023-08-15,2024-06-16
482,CUST00482,Allison Lewis,Other,1968-02-04,angelamccarthy@example.net,(438)642-9630x25428,Kathmandu,pending,2024-09-02,2024-11-17
483,CUST00483,Amy Soto,Male,1950-10-27,janethubbard@example.org,001-688-682-6519x4655,Biratnagar,pending,2021-08-25,2022-04-29
484,CUST00484,Elizabeth King,Male,1968-11-01,matthew76@example.org,+1-300-747-4800x562,Lalitpur,verified,2024-03-02,2025-05-20
485,CUST00485,Ryan Thomas,,1993-06-12,,757.497.3094,Biratnagar,Pending,2022-11-24,2023-12-08
486,CUST00486,Johnny Roberts,Female,2007-04-30,davidhopkins@example.net,(979)385-6882,Butwal,Pending,2022-04-26,2022-11-14
487,CUST00487,Luis Jenkins,Other,1963-06-04,amysanders@example.com,001-281-472-0660x90123,Lalitpur,Verified,2021-10-26,2022-07-22
488,CUST00488,Natalie Rodriguez,Other,1969-12-21,nunezsheila@example.org,491.884.4087x4839,Kathmandu,verified,2026-01-13,2026-03-23
489,CUST00489,Donna Daniels,Other,1962-08-16,mendozamegan@example.org,001-585-745-9492x5870,Biratnagar,Rejected,2021-08-25,2022-12-18
490,CUST00490,Robert Kirby,Other,1972-11-10,tara15@example.net,(701)664-1525x0135,Butwal,verified,2025-03-05,2025-11-20
491,CUST00491,John Flores,Female,2000-07-25,jerryzimmerman@example.com,+1-745-422-5854x0018,Lalitpur,verified,2024-08-01,2024-12-22
492,CUST00492,Kathy Rogers,,1983-02-14,kimberlydavenport@example.net,(915)437-1770x104,Kathmandu,Verified,2025-08-10,2026-01-27
493,CUST00493,Elizabeth Smith,,1971-05-21,pughbenjamin@example.com,782-948-6642,Kathmandu,Rejected,2025-01-01,2025-02-01
494,CUST00494,Eric Salas,Female,1970-10-17,,333.575.8131x4821,Biratnagar,Pending,2024-07-16,2025-08-16
495,CUST00495,Emily Hays,Female,1952-09-11,mccormickbrianna@example.net,(321)710-3170,Kathmandu,Pending,2024-11-25,2024-12-03
496,CUST00496,Robert Gross,Other,1956-10-13,lisaevans@example.net,584.369.3077x606,Lalitpur,pending,2022-09-06,2023-12-21
497,CUST00497,Eric Lewis,Male,1993-09-08,burnettcurtis@example.com,565-380-3325x990,Butwal,Pending,2023-11-04,2024-08-10
498,CUST00498,Ryan Castillo,,1955-11-02,,472.673.2177x2576,Biratnagar,verified,2024-10-09,2024-12-14
499,CUST00499,Geoffrey Gregory,Female,1981-10-02,ruizandrew@example.net,+1-232-967-8602,Biratnagar,Rejected,2021-08-27,2022-10-28
500,CUST00500,Mark Kirby,Female,1979-07-20,arobbins@example.net,453-485-3026x5093,Lalitpur,Rejected,2022-03-09,2022-12-08
501,CUST00501,Jared Wyatt,,2005-09-10,bartlettjames@example.com,+1-377-344-2406x89520,Lalitpur,Pending,2022-07-21,2022-08-03
502,CUST00502,Nicole Brown,,1995-04-22,robert97@example.net,6188819885,Lalitpur,Verified,2026-05-11,2027-08-13
503,CUST00503,Louis Copeland,,1981-01-06,petersdaniel@example.com,444-657-1408,Lalitpur,Rejected,2022-04-26,2023-04-21
504,CUST00504,Fernando Cruz,Female,1969-03-23,daniellehull@example.com,+1-786-414-9622,Butwal,Pending,2025-02-14,2025-12-01
505,CUST00505,Marissa King,Female,1994-08-20,savannah10@example.net,816-990-1482x75508,Lalitpur,Rejected,2022-01-01,2022-10-13
506,CUST00506,Lauren Long,Male,1986-06-01,albertnewman@example.com,829-992-6561x3362,Lalitpur,Rejected,2023-02-16,2024-02-18
507,CUST00507,David Martinez,,2004-10-09,zmiller@example.org,001-718-977-8284x053,Butwal,Verified,2025-01-13,2026-03-10
508,CUST00508,Julie Norton,Female,1973-06-25,jenniferwilson@example.com,(327)467-6814x0687,Biratnagar,pending,2023-02-07,2023-07-13
509,CUST00509,Joanna Richard,Female,1975-07-13,flevy@example.org,+1-255-545-6426x35861,Butwal,Verified,2023-05-15,2023-06-14
510,CUST00510,Jeffrey Dudley,Other,1985-07-21,wrivera@example.org,001-773-344-6439x07925,Butwal,verified,2022-02-26,2023-04-24
511,CUST00511,Mark Hood,Female,1959-02-11,garciadaniel@example.org,001-561-895-7304,Kathmandu,pending,2026-01-04,2026-05-29
512,CUST00512,David Hernandez DVM,Male,1957-01-23,ihill@example.net,364-598-6646x457,Biratnagar,verified,2024-05-14,2025-02-21
513,CUST00513,Lee Mcdonald,Female,1970-02-01,carrjessica@example.net,001-317-556-5858x8793,Lalitpur,pending,2024-03-03,2024-07-18
514,CUST00514,Jason Jackson,Other,1987-12-02,vschmidt@example.net,354.458.3845,Lalitpur,pending,2024-12-31,2025-01-02
515,CUST00515,Nancy Miranda,,1966-07-26,leonardamy@example.org,+1-645-476-9407x941,Pokhara,Verified,2024-10-15,2024-12-29
516,CUST00516,Leah Winters,Female,1952-12-10,,9309295841,Butwal,verified,2025-09-09,2026-04-26
517,CUST00517,Jenna Maxwell,Other,1967-01-03,benjamin16@example.net,343-857-5203x558,Kathmandu,Verified,2024-11-20,2025-02-28
518,CUST00518,Kevin Hansen,,1978-12-22,melissasharp@example.net,(862)695-8759,Kathmandu,Rejected,2025-02-11,2025-07-02
519,CUST00519,Cynthia King,,1973-08-24,jasmine59@example.org,672-400-3957x6523,Biratnagar,pending,2022-05-28,2023-07-23
520,CUST00520,Paul Jones,Male,1986-08-05,,+1-323-360-4553,Biratnagar,Pending,2023-12-29,2024-12-23
521,CUST00521,Allison Zimmerman,,1992-10-28,stephen19@example.net,512-587-8033,Butwal,pending,2025-03-14,2025-12-02
522,CUST00522,Ashley Williams,Female,1979-08-29,jessica54@example.org,360-767-1250,Biratnagar,Pending,2025-01-05,2026-03-16
523,CUST00523,Suzanne Padilla,,1979-04-08,jennifershepard@example.net,001-905-883-5838,Butwal,Pending,2025-03-06,2026-06-12
524,CUST00524,Amy Perez,Male,1954-07-19,aross@example.com,289.417.8638x793,Lalitpur,Pending,2025-09-03,2026-08-28
525,CUST00525,Bianca Rojas,Female,1997-02-14,zsmith@example.net,+1-208-345-5457x34375,Kathmandu,pending,2022-12-31,2024-03-06
526,CUST00526,Suzanne Boyd,Other,1987-12-24,jason98@example.com,+1-515-673-7115x007,Kathmandu,Verified,2021-11-21,2023-02-25
527,CUST00527,Tiffany Lucas,Other,1975-10-10,rodneycarlson@example.org,805-513-9015x86652,Pokhara,Verified,2022-03-06,2023-01-24
528,CUST00528,Michele Mullen,Other,2004-10-25,shelleyprice@example.net,628.703.8561,Lalitpur,Verified,2026-04-22,2026-11-28
529,CUST00529,Allison Miller,Male,1958-12-20,zelliott@example.com,(543)668-5633x8736,Biratnagar,Pending,2026-04-21,2026-11-30
530,CUST00530,John Kirk,Male,1971-05-01,michaelwood@example.com,698.748.4954x768,Lalitpur,Rejected,2023-07-09,2023-07-23
531,CUST00531,Kara Freeman,Female,1992-02-21,frederickkathleen@example.com,001-415-381-0503x201,Biratnagar,Rejected,2022-08-17,2023-02-25
532,CUST00532,Crystal Smith,Other,1972-09-29,stran@example.org,6529499284,Pokhara,Pending,2024-09-05,2025-10-06
533,CUST00533,Melinda Johnson,,1985-01-24,orrmichelle@example.net,807-667-1176,Lalitpur,Rejected,2025-06-13,2025-08-15
534,CUST00534,George Smith,Female,1993-07-26,davidwaters@example.net,720.437.1228,Lalitpur,Verified,2021-11-14,2023-03-24
535,CUST00535,Jonathan Guzman,Female,1954-10-01,,419-288-9117,Lalitpur,Pending,2024-05-09,2024-06-24
536,CUST00536,Jason Buchanan,Other,1981-11-04,wmcbride@example.org,877.683.5530,Kathmandu,Pending,2023-02-22,2023-06-11
537,CUST00537,Michael Turner,Female,1951-08-03,,+1-829-553-2633x68628,Kathmandu,pending,2023-05-26,2024-06-12
538,CUST00538,Kevin Hernandez,Female,2002-04-03,uperez@example.org,828-537-6263x08052,Kathmandu,Rejected,2024-09-02,2025-01-01
539,CUST00539,Robert Giles,Other,1988-05-08,wooddaniel@example.com,(226)614-6500x23104,Pokhara,Verified,2023-01-18,2023-04-01
540,CUST00540,Alexander Lee,Male,1952-08-18,frankgregory@example.net,(906)704-0279,Pokhara,verified,2025-04-16,2025-12-04
541,CUST00541,Martin Robinson,Other,1965-09-14,stacy77@example.net,765.234.3301x4222,Biratnagar,Rejected,2024-07-18,2025-11-13
542,CUST00542,Zachary Patel,,1960-07-01,ayalamelanie@example.net,6102457327,Lalitpur,verified,2026-01-03,2026-04-18
543,CUST00543,Thomas Murphy,Female,1988-07-19,lopezsuzanne@example.com,348-603-7526x49253,Biratnagar,pending,2021-09-13,2022-03-05
544,CUST00544,Terri May,,1969-04-28,carloscook@example.net,(284)940-6211x0090,Pokhara,Verified,2023-04-30,2023-10-09
545,CUST00545,Rachel Keller,Male,1954-07-22,rrichards@example.net,465.812.7359x596,Biratnagar,Rejected,2021-09-24,2023-02-05
546,CUST00546,Ann Hahn,,1987-10-04,timothy50@example.org,(579)751-8813x867,Pokhara,pending,2022-08-07,2022-11-01
547,CUST00547,Anthony Dawson,,1994-06-12,thomas39@example.org,822-867-1270x0117,Butwal,Verified,2022-05-28,2022-06-07
548,CUST00548,Craig Pena,Female,1995-04-08,wilsonjulie@example.com,944.851.5171,Butwal,Rejected,2021-10-04,2023-01-18
549,CUST00549,Todd King,,1991-01-15,susan72@example.com,001-923-674-0713x2833,Pokhara,verified,2023-04-29,2024-07-12
550,CUST00550,Andrea Moore,Female,1969-02-27,charlesking@example.org,001-336-419-4875x114,Biratnagar,Rejected,2024-06-28,2025-04-19
551,CUST00551,Crystal Weiss,Male,1963-04-05,mitchell98@example.net,+1-766-718-6833x677,Biratnagar,Pending,2026-04-22,2026-04-27
552,CUST00552,Steven Greene,Female,1976-08-29,williamsdana@example.org,986.790.9533,Pokhara,Pending,2023-01-08,2023-07-16
553,CUST00553,Brian Rodriguez,Female,2004-11-13,harrisjacob@example.com,967-347-7044,Kathmandu,verified,2025-06-30,2025-09-02
554,CUST00554,Julia Jarvis,Other,1963-05-27,john17@example.org,934-265-6494x924,Pokhara,pending,2024-12-01,2025-03-11
555,CUST00555,Nathan Burke,Male,1979-12-24,rgarcia@example.net,321.296.3279,Lalitpur,verified,2023-08-05,2024-02-03
556,CUST00556,Larry Figueroa,Female,2005-08-25,qhurst@example.com,+1-747-651-1554x886,Pokhara,verified,2022-05-10,2022-11-30
557,CUST00557,Cynthia Gates,Male,1970-07-12,ujohnson@example.com,+1-313-271-6105x006,Butwal,verified,2022-12-13,2023-09-12
558,CUST00558,Gregory Russell,Male,1993-03-10,perezjeremy@example.org,2624640693,Pokhara,pending,2024-09-21,2025-06-06
559,CUST00559,David May,Male,1951-10-05,ajackson@example.com,280-388-0367x8576,Biratnagar,pending,2025-03-27,2025-05-08
560,CUST00560,Jennifer Campbell,,2007-07-18,benjamingraham@example.com,001-932-552-1604x93499,Butwal,Pending,2023-09-10,2024-07-28
561,CUST00561,Robert Jenkins,Male,1974-08-07,williamsjoseph@example.net,750.354.4899,Kathmandu,Pending,2026-01-30,2026-12-04
562,CUST00562,Daniel Carlson,Female,1981-06-23,mariawatson@example.com,(782)700-8887x4381,Biratnagar,verified,2024-08-13,2025-07-08
563,CUST00563,Jessica Oconnor,Male,2000-09-26,masseymatthew@example.com,457.975.9534,Biratnagar,Verified,2025-03-24,2025-09-30
564,CUST00564,Jeffrey Estrada,,1969-04-22,,(992)631-0702x32857,Biratnagar,Pending,2026-05-23,2027-08-26
565,CUST00565,Heather Walker,Male,1981-07-31,qmay@example.net,797-752-4462x351,Pokhara,Pending,2022-03-13,2022-09-08
566,CUST00566,Wesley Middleton,Other,1995-03-28,,(885)385-9269x6457,Pokhara,pending,2025-02-18,2025-07-29
567,CUST00567,James Gardner,Female,1977-10-07,,924-616-1085,Lalitpur,verified,2024-05-11,2024-08-22
568,CUST00568,Wanda Willis,,2006-12-20,elizabeth63@example.org,(927)817-3002,Lalitpur,verified,2026-06-23,2027-10-29
569,CUST00569,Karen Braun,Male,1984-02-18,robert76@example.org,2813216416,Butwal,verified,2023-06-01,2023-08-22
570,CUST00570,Crystal Lynch,,1997-08-08,elizabeth69@example.org,616.982.5409x7759,Butwal,verified,2023-06-30,2024-05-10
571,CUST00571,Amber Erickson,,1957-06-17,robertobyrd@example.org,001-541-587-3919,Butwal,Pending,2023-05-27,2024-09-16
572,CUST00572,Victoria Wong,Female,1996-09-14,heatherjohnson@example.net,621.526.2813x88653,Pokhara,Pending,2025-06-03,2025-11-21
573,CUST00573,Laura Lee,Female,2004-08-01,velazquezbenjamin@example.net,001-313-608-8948x8340,Lalitpur,Rejected,2024-08-17,2025-02-20
574,CUST00574,Paul Jones,Female,1977-01-16,mhoward@example.org,+1-712-956-5057,Kathmandu,Verified,2024-10-26,2025-10-11
575,CUST00575,Kim Serrano,Other,1982-10-11,ashleyreilly@example.org,001-857-287-2117,Pokhara,Verified,2026-05-01,2026-09-08
576,CUST00576,Andrew Mcbride,Other,1994-04-12,tcarter@example.net,2785034354,Lalitpur,Rejected,2024-06-11,2025-10-20
577,CUST00577,Jo Williams,Other,1988-02-06,,459-789-6830x1695,Lalitpur,verified,2021-09-02,2022-08-13
578,CUST00578,Linda Gomez,Other,1953-12-28,trich@example.com,+1-852-389-6002x343,Kathmandu,Pending,2025-03-20,2026-01-07
579,CUST00579,Alexander Phillips,Male,2000-02-21,byrdwilliam@example.org,+1-968-428-9761x71165,Kathmandu,verified,2022-12-12,2023-02-02
580,CUST00580,Maria Smith,Other,1984-06-25,kdixon@example.net,(994)516-3783x892,Biratnagar,Pending,2022-03-12,2023-05-12
581,CUST00581,Alicia Abbott,Female,1952-03-10,,366-299-3803x24790,Butwal,Rejected,2021-11-24,2022-11-15
582,CUST00582,Kenneth Greer,Female,1954-11-25,micheleriddle@example.net,620.483.3041x0893,Pokhara,Rejected,2026-01-06,2027-02-18
583,CUST00583,Mary Martinez DDS,,1996-12-31,eric94@example.net,925.343.5802x4072,Biratnagar,Rejected,2025-05-17,2026-09-26
584,CUST00584,James Payne,,1979-06-26,blackmary@example.net,6508958197,Butwal,Rejected,2021-09-25,2022-11-19
585,CUST00585,Terry Walsh,,2008-01-07,rachael37@example.net,+1-285-659-6248x2864,Biratnagar,Rejected,2021-12-24,2023-03-02
586,CUST00586,Heather Ferguson,Male,1974-10-31,sara42@example.com,(609)418-7901,Lalitpur,Rejected,2025-06-08,2026-07-05
587,CUST00587,Amber Martinez,Female,1962-10-06,ballardjessica@example.net,890-330-8547x0890,Butwal,Pending,2024-05-16,2024-10-06
588,CUST00588,Tracy Perez,Female,2001-01-15,shawkins@example.com,(973)422-0205,Butwal,pending,2024-05-25,2025-02-11
589,CUST00589,Linda Thompson,,1961-07-01,bakerana@example.org,258-808-5349x9695,Kathmandu,pending,2025-09-07,2025-10-31
590,CUST00590,Christopher Woods,Female,1972-12-01,,(689)246-4536x9837,Pokhara,Rejected,2024-06-07,2025-09-05
591,CUST00591,Tony Gregory,Female,1975-03-14,evanallen@example.net,361.595.5865,Lalitpur,Rejected,2022-12-01,2023-04-07
592,CUST00592,Katherine Shaw,Female,1970-10-01,darlenehernandez@example.net,920-473-9600x0930,Biratnagar,Verified,2022-03-14,2022-08-25
593,CUST00593,Jennifer Leblanc,Female,1978-11-07,carl29@example.org,001-309-633-1172x55853,Butwal,Rejected,2023-06-27,2024-05-18
594,CUST00594,Steven Riley,,1990-03-16,kimberly44@example.com,+1-960-369-8422x587,Pokhara,Verified,2023-11-19,2024-09-24
595,CUST00595,Richard Long,Female,1965-06-11,bgregory@example.com,001-518-486-0811,Biratnagar,pending,2022-03-23,2023-03-30
596,CUST00596,Kelly Harris,,1994-10-14,sharon16@example.org,828.411.0737x033,Butwal,Rejected,2023-05-23,2023-11-04
597,CUST00597,Robert Sanchez,Male,1972-11-02,campbelljason@example.net,001-521-328-1978,Kathmandu,Verified,2023-07-18,2023-12-31
598,CUST00598,Jessica Parker,Female,1982-04-16,mauricekrueger@example.org,+1-978-467-7845x18328,Biratnagar,Rejected,2023-05-20,2023-08-17
599,CUST00599,Maria Simpson,Other,1983-09-24,,799-758-5587,Pokhara,Rejected,2026-02-26,2026-08-23
600,CUST00600,Brandon Garner,Female,1990-08-07,woodbrittany@example.org,001-766-411-9915x978,Pokhara,verified,2025-08-21,2025-10-03
601,CUST00601,Charlotte Greene,Female,2005-11-24,cjackson@example.org,+1-885-385-5850,Biratnagar,verified,2023-12-15,2024-09-08
602,CUST00602,Jerry Frost,,1963-11-10,christopher53@example.com,(407)571-8732,Butwal,verified,2026-05-19,2026-12-20
603,CUST00603,Sharon Davis,,1981-06-18,fsmith@example.net,001-437-613-4336x64165,Butwal,Pending,2024-06-22,2025-01-21
604,CUST00604,Ivan Lucas,Female,1951-05-13,michellegoodwin@example.org,529-681-5123x851,Kathmandu,Rejected,2024-06-13,2025-07-23
605,CUST00605,Jordan Simon,Male,1979-08-31,marissa72@example.net,847.410.4117,Pokhara,Verified,2024-10-28,2026-03-02
606,CUST00606,William Mosley,Other,1982-02-26,bautistarobert@example.com,+1-962-399-3778x966,Lalitpur,pending,2026-01-01,2027-03-17
607,CUST00607,Steven Jackson,Male,1970-07-24,patrickaustin@example.org,450.408.4333x245,Biratnagar,Pending,2024-07-30,2025-11-14
608,CUST00608,Douglas Johnson,,1981-03-28,huffnicholas@example.net,(772)283-4519x83330,Pokhara,Verified,2025-08-23,2025-12-27
609,CUST00609,Kelly Price,Other,1991-03-06,blakematthew@example.com,+1-518-901-4650,Biratnagar,verified,2025-08-19,2025-08-29
610,CUST00610,Paula Blake,,2006-04-02,pughlaura@example.org,(329)966-5355,Butwal,verified,2025-10-23,2026-09-27
611,CUST00611,Amber Buck,Female,1958-02-10,robinsonamanda@example.org,(418)685-9249x883,Biratnagar,Verified,2024-03-10,2024-09-29
612,CUST00612,Samantha Summers,Other,1988-08-13,walkervirginia@example.net,+1-632-360-5661x3016,Kathmandu,Verified,2022-04-17,2023-07-29
613,CUST00613,Dennis Trevino,Male,1988-08-19,kenneth07@example.org,+1-967-886-8431,Kathmandu,verified,2025-10-24,2026-07-03
614,CUST00614,Christine Baldwin,Other,1968-09-24,alexawilson@example.net,557-548-0906x868,Butwal,Verified,2026-07-18,2027-06-30
615,CUST00615,Misty Edwards,Female,1979-03-29,kristenanderson@example.org,7802043842,Pokhara,Pending,2023-03-16,2023-08-08
616,CUST00616,Todd Marshall Jr.,Female,1975-05-28,christophergarza@example.org,(465)972-8415,Butwal,verified,2023-04-25,2023-09-13
617,CUST00617,Christy Williams,Female,1959-02-22,lauren36@example.net,918.477.7347x6764,Pokhara,Rejected,2024-03-16,2025-06-22
618,CUST00618,Curtis Thomas,Other,1959-12-07,,746.388.5107x488,Lalitpur,Pending,2025-05-21,2025-07-31
619,CUST00619,Luis Ramirez,,1995-01-23,daviesjames@example.com,001-699-727-9598x618,Butwal,Rejected,2025-01-13,2025-09-24
620,CUST00620,Jack Aguilar,,2004-07-16,,976-936-2569x0907,Butwal,Rejected,2025-06-19,2026-10-15
621,CUST00621,Gabrielle Floyd,Female,1993-03-15,heather50@example.com,649-665-4284,Kathmandu,Verified,2024-08-01,2025-04-01
622,CUST00622,Travis Rodriguez,,1962-02-27,barrsusan@example.net,001-373-528-6131,Lalitpur,verified,2024-01-02,2024-12-25
623,CUST00623,Robert Reyes,Female,1965-12-26,ymiller@example.org,(585)235-2195x50515,Kathmandu,pending,2025-07-14,2026-02-19
624,CUST00624,Kaylee Lloyd,Other,1988-11-07,rodriguezchristopher@example.org,001-351-647-0009x137,Pokhara,verified,2022-07-05,2023-10-20
625,CUST00625,Dean Jacobs,Other,2008-05-18,,212.374.6857x8901,Lalitpur,verified,2023-09-09,2024-08-17
626,CUST00626,Joseph Guerrero,Female,1962-02-09,zward@example.com,+1-476-369-2065x57492,Kathmandu,verified,2023-07-12,2023-09-06
627,CUST00627,Kristen Smith,Male,1972-05-10,glennsolomon@example.com,(324)974-1564x6368,Butwal,pending,2024-01-15,2024-03-05
628,CUST00628,Michael Martin,Male,2004-07-03,amandagregory@example.net,4994453520,Butwal,Verified,2024-01-24,2024-03-13
629,CUST00629,Warren Medina DDS,Female,1989-03-28,cindy00@example.com,001-579-626-1223x50792,Butwal,pending,2023-02-28,2023-04-13
630,CUST00630,Mary Zimmerman,Female,1978-08-07,carrjennifer@example.net,001-448-310-1506,Biratnagar,Verified,2025-10-06,2026-02-24
631,CUST00631,Nicholas Turner,Female,1982-08-10,kelly69@example.net,+1-363-620-9463,Kathmandu,Pending,2022-03-27,2022-05-17
632,CUST00632,Samuel Hill,Male,1985-02-12,elizabeth72@example.com,656-510-7448,Pokhara,verified,2021-12-01,2022-12-03
633,CUST00633,Christopher Hanson,Male,1983-09-02,hodgesdanny@example.org,+1-651-960-8609,Pokhara,Rejected,2022-08-09,2023-03-25
634,CUST00634,Jason Hill,Other,1972-06-24,,(683)445-4973x72568,Lalitpur,Pending,2023-10-12,2024-01-21
635,CUST00635,Kristen Woods,Other,1992-12-12,browningsteve@example.com,876.443.0208x93330,Kathmandu,Verified,2024-09-28,2025-01-28
636,CUST00636,Miranda Soto,Male,1979-05-12,christopherwinters@example.com,678-821-2593x17072,Kathmandu,verified,2026-06-01,2027-05-18
637,CUST00637,Samantha Morrison MD,,1981-01-04,annevega@example.net,407-490-0344,Biratnagar,Verified,2024-02-28,2024-12-14
638,CUST00638,Brian Miller,Male,2005-05-09,,(358)564-8123x40193,Pokhara,Pending,2026-03-17,2026-03-30
639,CUST00639,Michael Delacruz,Male,1970-10-22,shepherdheidi@example.org,481-281-0433,Butwal,verified,2024-04-06,2024-09-25
640,CUST00640,Elizabeth Lamb,,1988-03-10,madison05@example.com,001-272-495-5093x99744,Kathmandu,Rejected,2024-07-23,2024-11-09
641,CUST00641,Richard Brown,Female,1991-06-11,michelle96@example.net,588.742.6728x3327,Kathmandu,verified,2026-07-18,2026-08-26
642,CUST00642,Ms. Sharon Lee,,1953-04-27,christopherwilson@example.org,630.643.8598x06967,Biratnagar,pending,2023-01-15,2024-03-22
643,CUST00643,Cassandra Nelson,,2004-10-01,,001-310-302-1363x04782,Pokhara,Pending,2026-06-16,2026-10-18
644,CUST00644,Mary Shah,,1970-01-09,rsalinas@example.org,+1-924-910-4430,Kathmandu,Pending,2023-07-23,2024-01-12
645,CUST00645,Katherine Johnson,Female,1993-03-07,hcastaneda@example.org,262-871-6033x21990,Pokhara,pending,2024-10-15,2026-01-09
646,CUST00646,Russell Ruiz,Female,1987-08-20,gjenkins@example.org,001-338-934-3827x520,Lalitpur,verified,2021-08-20,2022-02-09
647,CUST00647,Maria Tyler,,2003-10-20,marquezstephen@example.org,253-380-1768x7833,Lalitpur,verified,2024-03-21,2024-08-15
648,CUST00648,Adam Jones,Female,2005-07-22,,(436)971-3515x049,Butwal,Rejected,2021-10-05,2022-08-30
649,CUST00649,Amy Brooks,Female,1981-05-03,elizabeth92@example.net,001-385-629-9029x8364,Lalitpur,pending,2024-06-24,2024-11-11
650,CUST00650,Matthew Carr,Male,1968-04-25,gstark@example.com,681.218.5615x53184,Kathmandu,Pending,2021-09-13,2022-08-28
651,CUST00651,Timothy Jordan,Male,1982-12-14,schneiderkyle@example.net,001-299-224-0292x6213,Pokhara,verified,2025-02-14,2025-05-25
652,CUST00652,Joy Alvarado,Female,1963-12-31,tracymartinez@example.com,+1-376-277-0133,Biratnagar,Pending,2021-09-29,2022-03-09
653,CUST00653,Elizabeth Garcia,,1960-05-04,richard08@example.org,(562)291-7420,Kathmandu,Rejected,2025-05-22,2026-03-31
654,CUST00654,Andrea Bowen,Other,2004-07-13,diana19@example.org,001-595-788-4898,Butwal,Pending,2024-09-01,2025-07-18
655,CUST00655,Brandon Sims,,1984-10-16,caroline50@example.net,4125607985,Pokhara,Rejected,2024-07-11,2025-05-04
656,CUST00656,Brooke Brewer,,1961-11-08,williamgould@example.net,842.390.8958x787,Butwal,verified,2023-05-20,2023-09-05
657,CUST00657,Brenda Murray,Male,1957-07-06,bakermargaret@example.org,559.597.5636x7623,Butwal,pending,2022-01-20,2023-02-27
658,CUST00658,Christopher Johnson,Male,1990-04-06,jmorris@example.net,+1-689-594-3702x658,Pokhara,Verified,2026-01-03,2027-04-24
659,CUST00659,Samuel Lee,Female,2007-08-20,benjamin39@example.com,001-735-601-7491x8823,Pokhara,Pending,2024-06-17,2025-05-01
660,CUST00660,Victor Ellis,Other,2000-07-23,benjaminnovak@example.com,396-621-4796x1591,Kathmandu,verified,2023-08-11,2023-09-12
661,CUST00661,Alexandra Rhodes,Other,2006-07-26,dylanhill@example.net,8965653731,Pokhara,Rejected,2022-07-11,2022-11-03
662,CUST00662,Shane Anderson,,2005-11-04,dshaw@example.net,8825507647,Pokhara,Verified,2023-10-17,2024-06-02
663,CUST00663,Margaret Richmond,Male,1953-08-07,,8524409989,Biratnagar,Verified,2024-10-25,2024-12-08
664,CUST00664,Chloe Park,Other,1989-06-23,,+1-749-705-1770x7827,Kathmandu,Rejected,2024-06-03,2025-01-26
665,CUST00665,Dana Weaver,Other,2003-08-07,kpacheco@example.org,386.637.0788x280,Pokhara,Rejected,2023-09-14,2024-06-09
666,CUST00666,Ryan Hines,,1968-05-04,cowanjessica@example.net,+1-800-829-4711x426,Butwal,Pending,2022-10-03,2023-03-26
667,CUST00667,James Taylor,Other,1969-03-16,loristevens@example.org,689-903-9141x727,Biratnagar,pending,2023-07-20,2024-04-29
668,CUST00668,Carlos Garcia,Other,1988-12-27,derekprice@example.net,(274)591-8813,Kathmandu,pending,2025-05-29,2026-05-13
669,CUST00669,Jennifer Jackson,Other,1977-12-22,smithbarbara@example.com,(372)444-6513,Lalitpur,Pending,2024-12-28,2025-02-12
670,CUST00670,Cynthia Myers,Other,2004-04-19,rfranco@example.org,(781)765-6387x45152,Butwal,Rejected,2025-03-14,2025-04-07
671,CUST00671,Stephanie Anderson,Female,1995-04-19,tom62@example.net,(279)944-9550,Pokhara,Verified,2025-04-24,2026-04-16
672,CUST00672,Alicia Miller,Male,2007-12-28,annette15@example.org,001-403-459-2431,Lalitpur,verified,2022-01-15,2022-08-23
673,CUST00673,Alex Johnson,Other,1972-06-25,shoffman@example.com,001-644-437-5235x867,Biratnagar,Verified,2026-07-06,2026-08-29
674,CUST00674,Dr. Jamie Perkins DVM,Male,1976-03-29,branchhaley@example.net,495-416-4280,Biratnagar,Pending,2023-06-18,2024-01-01
675,CUST00675,Hayley Ruiz,,1969-03-30,kimberlyanderson@example.com,(966)786-1965x62480,Lalitpur,pending,2023-03-15,2023-07-25
676,CUST00676,Brandon Martin,,1974-04-13,idaniel@example.net,668-291-2589x518,Lalitpur,Pending,2023-03-03,2024-03-02
677,CUST00677,John Alvarez,Male,2000-10-28,ucrawford@example.net,5066100791,Pokhara,verified,2022-04-03,2022-06-17
678,CUST00678,James Manning,,1984-09-30,tanyakent@example.net,240-711-6259x29709,Lalitpur,Rejected,2022-07-28,2022-10-23
679,CUST00679,Deborah Edwards,,1956-06-12,reginaldjacobs@example.com,+1-204-276-7177x805,Lalitpur,Pending,2024-01-22,2025-04-20
680,CUST00680,Robert Sweeney,Female,1996-03-15,lisa48@example.org,8606617813,Pokhara,verified,2023-11-19,2024-05-19
681,CUST00681,Jeffery Wood,Male,1985-08-31,lgreer@example.org,7836270201,Pokhara,Verified,2025-10-20,2026-07-31
682,CUST00682,James Young,Male,2005-11-29,natalienichols@example.net,4226361646,Butwal,Rejected,2025-06-29,2025-08-01
683,CUST00683,Angela Anderson,Female,1981-07-14,johnsonashley@example.org,485.408.9330x06277,Lalitpur,Pending,2024-12-16,2026-01-22
684,CUST00684,Brian Young,,1991-08-09,orobinson@example.com,(704)320-5504x46484,Butwal,pending,2025-11-01,2026-08-05
685,CUST00685,Maria Knapp,Female,1979-12-28,bpark@example.org,(601)822-7042x06934,Kathmandu,pending,2023-11-14,2025-02-07
686,CUST00686,Nicholas Schaefer,,1951-07-20,nelsonelizabeth@example.org,755.684.2971x54677,Butwal,pending,2021-11-27,2022-09-14
687,CUST00687,Chad Pruitt,Male,1995-03-16,iwebster@example.org,628-698-4692x211,Kathmandu,Pending,2022-09-12,2022-10-22
688,CUST00688,Matthew Ryan,Male,1989-04-28,mthomas@example.com,(744)804-0949x248,Biratnagar,Verified,2025-03-01,2025-08-11
689,CUST00689,Justin Mcdaniel,Female,1964-04-10,palvarado@example.com,285-411-8431x5014,Butwal,verified,2023-11-05,2025-02-28
690,CUST00690,Ashley Phillips,,1986-12-04,gary17@example.org,(429)390-7418x30125,Kathmandu,pending,2021-11-08,2022-07-16
691,CUST00691,David Sanchez,,1977-12-01,hcastro@example.net,001-598-835-7574x244,Kathmandu,pending,2025-11-26,2027-01-27
692,CUST00692,David Bennett,Female,1982-06-11,lauren44@example.com,(760)994-9495x74190,Biratnagar,pending,2024-01-14,2025-03-25
693,CUST00693,Kristi Webster,Female,2004-02-18,yflowers@example.com,780.352.2334x40648,Lalitpur,pending,2021-12-21,2022-06-03
694,CUST00694,Lori Moss,,2004-01-03,pacejohnny@example.net,322-457-2490,Lalitpur,pending,2023-06-14,2024-04-20
695,CUST00695,Melissa Garcia,Other,1969-08-31,connie90@example.com,661.748.7935x96065,Kathmandu,Verified,2025-03-20,2025-10-25
696,CUST00696,Hannah Arias,Other,1973-06-30,cunninghamjulie@example.net,(797)684-4611,Pokhara,Verified,2024-08-13,2025-07-09
697,CUST00697,Jesse Jackson,Other,1999-05-01,nthomas@example.net,+1-939-924-4468x4758,Biratnagar,Rejected,2025-06-27,2026-08-07
698,CUST00698,Charles Hicks,,2003-04-08,brittanyberry@example.org,640-709-0942x863,Biratnagar,Verified,2026-06-07,2027-05-23
699,CUST00699,Larry Clark,Female,1952-01-08,,+1-921-531-5682x97368,Biratnagar,Verified,2021-10-20,2022-05-08
700,CUST00700,Levi Miller,Male,1977-09-30,allenjennifer@example.com,001-613-241-6652x2382,Lalitpur,Verified,2021-10-17,2022-07-23
701,CUST00701,Justin Pearson,,1958-03-21,chloehernandez@example.com,804-971-8045x8020,Biratnagar,Pending,2025-05-11,2026-09-08
702,CUST00702,Krista Fowler,Male,1997-07-27,udixon@example.com,+1-397-521-0717x164,Pokhara,Rejected,2021-09-20,2022-06-30
703,CUST00703,James Hester,,2005-10-07,,001-200-676-7795x708,Pokhara,Rejected,2024-01-03,2025-04-21
704,CUST00704,Michelle Diaz,Other,1997-04-14,sheilacarter@example.org,692-245-8506,Biratnagar,Rejected,2024-06-05,2025-08-21
705,CUST00705,Natasha Curtis,Male,2005-09-18,tpaul@example.com,(863)600-1902x14876,Kathmandu,Pending,2023-03-13,2024-06-19
706,CUST00706,Matthew Rich,Male,1966-06-18,douglas62@example.com,+1-443-628-5813x309,Butwal,Verified,2022-06-15,2023-03-09
707,CUST00707,Eric Frey,Female,1965-11-14,,538.855.5013,Pokhara,Pending,2026-01-09,2027-03-03
708,CUST00708,Alex Romero,Female,1996-02-26,ramossteven@example.org,600.564.8276x07770,Lalitpur,pending,2025-06-12,2025-12-02
709,CUST00709,Jonathan Smith,Other,1954-07-09,raylogan@example.com,512-627-4317,Pokhara,Verified,2022-11-11,2024-03-05
710,CUST00710,Anna Clay,Female,1970-12-12,,515-759-5415x2661,Lalitpur,verified,2025-06-29,2026-03-17
711,CUST00711,Kenneth Taylor,Female,1951-06-12,tiffany07@example.com,421.309.3264,Pokhara,pending,2022-07-22,2023-03-17
712,CUST00712,Janice Mendoza,Female,1975-07-28,robert06@example.com,(319)755-8294x3197,Kathmandu,Pending,2023-06-04,2023-10-22
713,CUST00713,Robert Stevens,Female,2006-03-02,ovaughn@example.org,001-696-602-7414x97039,Lalitpur,verified,2023-10-15,2024-09-30
714,CUST00714,Patricia Macias,,1953-06-13,,375-430-7304x02439,Pokhara,Pending,2022-11-15,2023-06-02
715,CUST00715,Sarah Weaver,Female,1955-01-12,matthew43@example.com,001-929-503-8335x187,Kathmandu,Rejected,2022-01-31,2022-09-29
716,CUST00716,Danielle Williams,Other,1987-12-17,cherylmiller@example.net,+1-944-650-0518x56755,Biratnagar,verified,2021-09-06,2021-12-19
717,CUST00717,Anita Miller,,2004-11-28,danielnelson@example.com,(951)389-7764x73769,Butwal,Rejected,2024-11-11,2026-01-19
718,CUST00718,Caroline Gill,Female,1983-12-03,justin72@example.net,(635)541-1668,Butwal,pending,2023-03-18,2024-01-28
719,CUST00719,Crystal Lane,Male,1977-09-03,ronald77@example.org,993.561.1507x166,Lalitpur,pending,2026-04-04,2027-05-08
720,CUST00720,Shelby Mills MD,Other,1963-10-26,qwalsh@example.org,208.298.0069,Butwal,Pending,2025-06-22,2026-04-29
721,CUST00721,Lacey Edwards,,1969-09-24,linda64@example.org,668.766.7052x953,Butwal,Pending,2023-10-12,2024-05-31
722,CUST00722,Jennifer Hinton,Female,1956-03-30,kelly02@example.com,+1-920-625-3397x5106,Lalitpur,pending,2024-09-15,2024-10-10
723,CUST00723,Jennifer Jarvis,,1993-12-11,matthew14@example.net,(820)211-2162x9933,Biratnagar,pending,2024-04-28,2025-05-27
724,CUST00724,Jeffrey Carter,,1963-03-08,padillalaura@example.net,518-591-2819,Lalitpur,Rejected,2024-03-24,2025-02-01
725,CUST00725,Alexander Richard,Other,2001-07-12,pateldenise@example.com,459-854-4967x9733,Biratnagar,verified,2025-10-11,2026-12-18
726,CUST00726,Jordan Morris,Male,1967-04-22,michaelsosa@example.com,754-981-7258,Biratnagar,Verified,2021-09-18,2022-02-11
727,CUST00727,Robert Hernandez,Female,2001-07-20,rball@example.com,001-526-658-5474,Biratnagar,verified,2025-01-10,2025-10-23
728,CUST00728,Michael Morrison,Other,1973-05-17,harrisonvictoria@example.net,001-598-397-5979x16960,Biratnagar,Pending,2026-03-11,2026-10-26
729,CUST00729,Vanessa Dunn,Female,1964-02-24,bakeradam@example.org,001-454-883-4574,Kathmandu,Rejected,2024-11-17,2025-09-08
730,CUST00730,Sara White,Other,1953-09-29,zrowe@example.org,696-681-7366x2876,Pokhara,verified,2022-04-12,2022-12-23
731,CUST00731,Carol Barnes,,1997-12-02,dale70@example.com,+1-707-922-8330x120,Butwal,Rejected,2025-09-24,2026-11-01
732,CUST00732,James Russell,Female,1951-10-01,kristopherwalls@example.com,231.686.3709x08621,Lalitpur,verified,2021-08-29,2022-09-25
733,CUST00733,Logan Johnson,Other,1977-02-26,thomas85@example.net,792-494-0107,Butwal,Rejected,2025-09-26,2026-12-15
734,CUST00734,Thomas Wood,Female,1956-02-23,ljohnson@example.org,497-618-1329x881,Biratnagar,Verified,2026-03-27,2027-02-20
735,CUST00735,Gary Hudson,Other,1983-09-02,greenmichelle@example.org,001-300-811-8075,Lalitpur,Verified,2024-11-18,2025-08-14
736,CUST00736,Carl Hunter,Female,1980-02-08,,+1-725-274-4001x57671,Kathmandu,pending,2024-02-15,2024-03-10
737,CUST00737,Kari Cruz,Female,1953-08-04,yyork@example.org,8858753288,Butwal,Pending,2025-08-29,2026-06-15
738,CUST00738,Alec Macias,Other,1966-08-22,kstephenson@example.net,(892)597-7528x488,Kathmandu,Rejected,2022-04-07,2023-06-15
739,CUST00739,Dana Schneider,Male,1994-09-06,kerri42@example.org,(757)495-6157x1985,Pokhara,Pending,2024-04-28,2024-09-02
740,CUST00740,Leonard Ford DDS,Other,1951-12-07,mkidd@example.com,001-549-810-1262,Lalitpur,verified,2025-10-09,2026-04-24
741,CUST00741,Alexa Hamilton,Male,1988-08-26,monica86@example.com,642.999.2162,Butwal,verified,2022-03-08,2022-04-26
742,CUST00742,Crystal Lynch,Female,1985-04-01,ldodson@example.org,339-250-9250x8722,Kathmandu,Pending,2026-02-08,2027-05-21
743,CUST00743,Ralph Fleming,,1994-01-11,tina93@example.com,661.389.3341,Pokhara,pending,2023-06-06,2024-10-17
744,CUST00744,Kyle Benjamin,Male,1972-04-19,kristijimenez@example.net,(759)740-5476x3225,Lalitpur,pending,2023-02-20,2023-03-13
745,CUST00745,Andrea Griffith,Other,1955-07-23,williamgillespie@example.com,763-775-5045x41622,Pokhara,verified,2026-03-27,2026-09-21
746,CUST00746,Thomas Perez,Female,1951-01-02,dixonanthony@example.org,(836)915-8175x0324,Butwal,Pending,2026-07-02,2027-07-01
747,CUST00747,Sara Howell,Female,1966-09-07,ashleyrocha@example.org,959.437.9512,Butwal,Pending,2022-11-22,2024-03-30
748,CUST00748,Christina Smith DVM,,1983-05-06,robertedwards@example.net,+1-988-733-6750x0050,Kathmandu,Pending,2024-06-27,2024-06-28
749,CUST00749,Darrell Jones,Male,1974-09-19,martin25@example.net,953-727-1656x4170,Lalitpur,pending,2025-10-03,2026-09-20
750,CUST00750,Bridget Matthews,Male,1995-05-27,anthonyellis@example.org,4142974775,Lalitpur,pending,2022-03-06,2022-06-23
751,CUST00751,Aaron Walker,,1968-07-23,ycoleman@example.org,2554461412,Pokhara,Verified,2024-02-04,2024-04-17
752,CUST00752,Alyssa Rogers,,1956-02-12,,663-230-2023x3433,Butwal,Rejected,2023-01-06,2023-09-20
753,CUST00753,James Cooper,,1988-11-12,salascrystal@example.org,472.600.3336,Pokhara,Rejected,2024-08-28,2025-07-25
754,CUST00754,James Velez,Female,2000-09-27,colin35@example.net,001-787-563-9362x0481,Butwal,Verified,2024-02-13,2025-06-10
755,CUST00755,Brian Price,Male,1957-01-22,elizabethdixon@example.net,710-393-8714x1310,Kathmandu,pending,2024-02-25,2024-09-30
756,CUST00756,Amy Hamilton,Male,1978-01-13,nmercer@example.com,9126122584,Kathmandu,verified,2023-06-19,2023-12-30
757,CUST00757,Matthew Martin,Other,1989-08-15,michelle24@example.org,001-369-738-0875x57103,Butwal,Verified,2025-11-03,2026-06-11
758,CUST00758,Sarah Moore,,1974-03-31,gerald88@example.com,663-296-8487,Lalitpur,verified,2021-10-20,2022-03-30
759,CUST00759,Michael Hudson,Other,1989-02-20,baileyrebecca@example.net,(500)258-9242x214,Butwal,pending,2021-10-26,2023-02-27
760,CUST00760,Stephanie Carter,Female,1999-02-25,qolson@example.net,+1-737-616-4423,Butwal,Verified,2025-04-07,2026-06-11
761,CUST00761,James Harris,Male,1977-09-20,courtney03@example.com,8558521504,Lalitpur,verified,2024-12-16,2025-04-23
762,CUST00762,David Hill,Male,1999-09-21,iwebster@example.com,715-392-8666x2356,Biratnagar,pending,2023-08-25,2024-10-15
763,CUST00763,Ryan Brewer,,1975-11-26,johnsonjoseph@example.com,694-796-4506x57623,Kathmandu,Pending,2024-07-24,2024-08-17
764,CUST00764,Jason Morrow,Male,1958-03-22,kimberly04@example.net,770.808.8198x158,Lalitpur,Verified,2022-05-31,2023-05-23
765,CUST00765,Elizabeth Kane,Female,1952-09-09,sarah92@example.net,+1-654-365-4540x5112,Butwal,Pending,2024-12-15,2025-05-08
766,CUST00766,Lisa Day,,1953-03-14,teresa98@example.org,647.890.2667x98633,Kathmandu,verified,2022-11-08,2023-03-20
767,CUST00767,Jonathan Lee,,2005-11-11,tina43@example.net,001-413-268-5457x892,Pokhara,pending,2022-06-20,2023-03-16
768,CUST00768,Benjamin Smith,Other,1966-02-13,gardnermichael@example.net,(467)933-2320x812,Pokhara,pending,2025-10-15,2025-10-26
769,CUST00769,Joseph Navarro,Male,1988-09-01,sheltonjonathon@example.net,001-575-771-9379x0650,Butwal,Rejected,2023-10-30,2024-02-01
770,CUST00770,Ian Jackson,,2004-06-03,wpittman@example.com,(614)498-7053,Butwal,verified,2023-12-19,2025-01-08
771,CUST00771,Daniel Berger,Other,2008-05-09,lindsey58@example.com,700.801.8775,Pokhara,verified,2023-07-28,2024-01-23
772,CUST00772,Jose Gonzales,,2004-07-03,brianawilliams@example.org,254-999-1566,Biratnagar,Verified,2024-07-09,2024-08-20
773,CUST00773,Allison Morgan,Female,1971-06-02,dianahorton@example.net,223.421.8044x3417,Lalitpur,Pending,2026-03-27,2027-03-16
774,CUST00774,Christopher Jenkins,,1957-11-13,fcastro@example.net,(320)723-4026x806,Biratnagar,verified,2025-09-17,2026-12-21
775,CUST00775,Michele Conway,Other,1999-05-14,jrivera@example.net,507-290-4992x311,Kathmandu,Pending,2022-03-09,2022-10-21
776,CUST00776,Mary Brown,,1964-01-03,catherine73@example.org,253.634.1166x0749,Kathmandu,verified,2021-09-20,2022-08-26
777,CUST00777,Robert Smith,Male,1980-06-14,angela64@example.org,324.947.7560x78280,Pokhara,verified,2024-11-07,2025-11-23
778,CUST00778,Connor Chapman,,1966-12-16,charles06@example.org,001-914-826-1565x895,Butwal,Verified,2026-05-09,2026-09-17
779,CUST00779,Luis Kent,,1964-12-29,shamilton@example.org,+1-480-690-9977,Kathmandu,verified,2022-03-03,2023-03-10
780,CUST00780,Mrs. Karen Barnett DDS,Female,1975-02-19,curtis88@example.net,001-731-266-6793x5358,Lalitpur,Rejected,2023-05-29,2024-08-21
781,CUST00781,Diana Lopez,Male,1988-12-12,amy71@example.com,862.486.6469x609,Butwal,Pending,2022-03-07,2022-06-11
782,CUST00782,Kathryn Morales,,1999-05-06,johnbowen@example.org,487.368.1310x7461,Kathmandu,Verified,2024-11-29,2025-02-12
783,CUST00783,Matthew Pratt,Female,1992-01-05,wrivas@example.org,929.630.5682x42388,Pokhara,Pending,2024-08-11,2025-03-13
784,CUST00784,Martha Johnson,Other,1969-05-13,tlamb@example.com,001-651-572-2635x4606,Pokhara,Pending,2025-11-22,2027-03-12
785,CUST00785,Chelsea Weeks,Other,1988-09-11,nicholasturner@example.net,(224)388-5606,Biratnagar,verified,2025-10-24,2025-10-26
786,CUST00786,Margaret Melton,Male,1967-06-07,maryking@example.net,3983918143,Lalitpur,Rejected,2025-01-01,2025-12-21
787,CUST00787,Jeffrey Chavez,Other,1967-08-23,erica00@example.net,503.330.1348x709,Pokhara,Verified,2025-11-08,2026-10-04
788,CUST00788,Katherine Olson,Female,1992-04-18,elong@example.net,+1-555-259-0526x75567,Butwal,Verified,2025-02-04,2025-02-05
789,CUST00789,Connie Nixon,Female,1951-05-10,fostermelissa@example.net,751.751.3412x295,Butwal,pending,2022-02-15,2022-10-10
790,CUST00790,Derrick Brooks,Other,1992-05-12,davisvincent@example.net,340.383.9681x2006,Lalitpur,Rejected,2024-12-31,2025-02-02
791,CUST00791,Todd Vargas,,1962-09-11,mirandadiaz@example.com,001-639-648-7122x548,Kathmandu,Verified,2022-02-11,2023-03-22
792,CUST00792,Richard Bradley,Male,2002-06-04,elizabeth52@example.net,7383025970,Butwal,pending,2023-09-18,2023-10-20
793,CUST00793,Anita Fisher,,1988-02-18,adrian72@example.net,484.327.6856,Pokhara,pending,2024-01-24,2025-05-07
794,CUST00794,Felicia Hernandez,Male,2008-05-27,natasha43@example.com,(658)605-0074,Kathmandu,Pending,2026-05-01,2026-06-26
795,CUST00795,Scott Watson,,1959-09-24,fthomas@example.com,559.533.7650,Pokhara,pending,2025-01-05,2026-02-24
796,CUST00796,Linda Watson,Male,1986-09-08,wileymathew@example.net,(690)973-2284,Pokhara,Rejected,2021-10-17,2022-01-24
797,CUST00797,Nicholas Potter,,1980-10-02,imontgomery@example.com,347-547-3473,Lalitpur,Verified,2025-06-20,2026-03-04
798,CUST00798,Angela Bradford,Male,1999-08-08,spugh@example.com,+1-320-357-8902,Pokhara,pending,2025-09-17,2026-04-24
799,CUST00799,Mr. Mark Miles,Other,1972-04-22,charlesyoung@example.com,001-245-782-3810x764,Biratnagar,Verified,2023-12-07,2024-06-14
800,CUST00800,Emily Nguyen,Male,1998-06-11,slee@example.com,6117986433,Butwal,Pending,2022-12-01,2023-12-04
801,CUST00801,Hannah Yates,,1986-04-16,jessica40@example.org,+1-370-629-4413x11571,Kathmandu,Pending,2026-04-05,2027-04-18
802,CUST00802,Eric Holt,Male,2002-08-19,llewis@example.org,293-951-3965x48046,Kathmandu,pending,2025-06-09,2025-12-19
803,CUST00803,Abigail Banks,Other,1986-11-16,royhill@example.org,+1-560-774-6082,Biratnagar,Verified,2023-11-17,2024-01-27
804,CUST00804,Diane Nash,Female,2001-12-20,guerrerojohn@example.org,+1-917-277-3168x72113,Kathmandu,Verified,2023-04-21,2023-05-26
805,CUST00805,Xavier Wagner,,1984-12-10,iwilliams@example.com,+1-345-736-7311x7124,Biratnagar,Verified,2025-10-06,2026-11-17
806,CUST00806,Steven Brown,Male,1969-07-09,melissakrueger@example.com,768.221.2913x51376,Biratnagar,Rejected,2026-05-02,2027-02-28
807,CUST00807,Ronald Tran,Male,1974-06-07,colleen73@example.com,(638)888-8622,Kathmandu,Rejected,2026-03-16,2026-12-01
808,CUST00808,Charles Taylor,Female,1985-04-13,richard64@example.org,+1-354-544-0680x914,Butwal,Pending,2023-08-30,2024-01-13
809,CUST00809,Dana Brown,Female,1982-03-23,vhenderson@example.net,(866)409-7821x7673,Butwal,Verified,2022-02-13,2022-12-12
810,CUST00810,Sabrina Mcknight,,1995-01-12,pamelamejia@example.com,8689969542,Biratnagar,Pending,2022-04-12,2023-01-12
811,CUST00811,Ronald Allen,Male,1951-10-23,angeladams@example.org,604.616.8806x4425,Biratnagar,verified,2026-03-15,2026-08-03
812,CUST00812,Robert Johnson,Other,1991-01-28,cwinters@example.com,(911)334-2049x91480,Pokhara,Verified,2021-11-07,2022-10-24
813,CUST00813,Thomas Taylor,Other,1990-09-09,mtorres@example.com,759.414.2692x946,Lalitpur,Rejected,2025-05-24,2025-06-22
814,CUST00814,Paul Massey,Female,1991-07-14,fhorton@example.com,928-570-2515x9080,Pokhara,Verified,2023-05-12,2023-07-19
815,CUST00815,David Mora,Other,1996-06-14,audrey00@example.net,235.945.2229,Pokhara,Pending,2024-03-03,2024-05-09
816,CUST00816,Nicholas Thomas,Male,1956-04-11,derek82@example.org,001-274-647-5851x9895,Butwal,pending,2026-01-05,2027-04-19
817,CUST00817,Andrea Madden,Male,2002-08-23,yfitzpatrick@example.org,734.444.4587x8704,Pokhara,verified,2024-06-09,2024-11-18
818,CUST00818,Douglas Wilson,Male,1955-01-31,michelebennett@example.net,501-320-5491x3464,Lalitpur,Verified,2025-01-01,2026-02-01
819,CUST00819,Laurie Porter,Female,1978-01-02,emmawilliams@example.com,2338477266,Pokhara,pending,2024-07-30,2025-09-23
820,CUST00820,John Weber,Male,1993-05-03,aaron31@example.com,929-342-2371,Lalitpur,Verified,2025-08-10,2025-11-15
821,CUST00821,Malik Davis,Male,1983-02-17,ybaker@example.org,930-325-9554x98415,Biratnagar,Verified,2024-05-14,2025-06-15
822,CUST00822,Ryan Simmons,Female,1964-04-03,gibsonmary@example.net,+1-917-210-9388x59382,Pokhara,verified,2024-01-16,2024-12-17
823,CUST00823,Briana Clarke,Other,1986-03-19,hallmary@example.net,390-613-0300,Pokhara,verified,2025-09-16,2025-12-26
824,CUST00824,John Lester,Other,1972-05-23,stephensduane@example.com,482.345.1196x221,Kathmandu,Verified,2025-02-08,2025-02-28
825,CUST00825,Michael Glover,,1972-10-20,fraziermichael@example.com,+1-733-789-0261x15582,Kathmandu,verified,2025-05-06,2026-04-24
826,CUST00826,Kelly Smith,Male,1976-09-21,thomas15@example.org,001-929-442-5200x39754,Kathmandu,Rejected,2022-12-15,2023-04-25
827,CUST00827,Ashley Johnson,Female,2008-02-18,michael55@example.org,(383)818-9244,Butwal,Pending,2023-05-27,2024-05-14
828,CUST00828,Elizabeth Chavez,Other,1954-03-06,rarnold@example.com,700-777-2654x7525,Biratnagar,Rejected,2026-01-26,2026-04-09
829,CUST00829,Zachary Perez,Female,1966-01-25,saunderssamantha@example.com,+1-316-310-2337,Lalitpur,Verified,2023-06-15,2023-10-05
830,CUST00830,Joseph Powell,,2004-04-02,mlee@example.com,485.401.8598x786,Lalitpur,Rejected,2025-04-01,2026-07-30
831,CUST00831,Robert Hayes,Other,1965-10-04,james26@example.com,449-850-3814x1679,Biratnagar,verified,2022-12-03,2024-02-27
832,CUST00832,Jesse Wilson,Other,1963-04-12,ronaldwilliams@example.org,+1-314-428-9255x10239,Butwal,pending,2024-10-12,2025-12-07
833,CUST00833,Erik Delgado,,1955-09-26,estradasusan@example.net,(773)958-7561,Pokhara,Rejected,2022-05-08,2022-08-02
834,CUST00834,Nicholas Gomez,,1959-11-12,sdiaz@example.org,631.338.3391,Kathmandu,Rejected,2021-09-25,2022-01-26
835,CUST00835,James Shah,,1990-12-20,tiffany88@example.com,839-340-9873,Butwal,Rejected,2025-12-20,2026-04-10
836,CUST00836,Elizabeth Montgomery,Other,1972-04-05,phernandez@example.org,2874448675,Butwal,Pending,2024-12-07,2025-01-03
837,CUST00837,Tiffany Baldwin,Male,1989-11-23,michaelrobbins@example.net,877-830-0570,Lalitpur,Pending,2025-01-25,2026-03-16
838,CUST00838,Justin Mitchell,Male,1973-04-26,,001-622-763-7255x93422,Pokhara,Rejected,2023-06-05,2024-08-02
839,CUST00839,Jennifer Ramos,Male,1992-01-15,xgardner@example.org,9614078363,Kathmandu,Pending,2026-01-14,2027-01-30
840,CUST00840,Frederick Harding,Other,1972-12-11,,(473)747-3874x88828,Butwal,Pending,2024-05-06,2025-04-05
841,CUST00841,Ellen Garcia,Male,1989-09-01,hnelson@example.net,001-925-297-0447,Lalitpur,Pending,2022-02-05,2023-01-04
842,CUST00842,Susan Hernandez,Female,1979-02-04,sosajacob@example.com,(607)601-4535x838,Pokhara,verified,2026-01-06,2026-06-16
843,CUST00843,Debra Rodriguez,,1961-06-29,mary69@example.org,001-703-439-9151x36599,Lalitpur,Rejected,2024-12-20,2025-03-03
844,CUST00844,Jared Morgan,Female,1985-05-13,rebeccagentry@example.com,932-822-7863,Lalitpur,Rejected,2023-02-21,2024-02-18
845,CUST00845,Jason Davis,Female,1982-03-05,montoyakristin@example.org,+1-922-345-3294x165,Butwal,Rejected,2022-01-05,2022-11-12
846,CUST00846,Jordan Ali,Female,1963-05-25,hhoward@example.org,001-689-531-0189x959,Lalitpur,Pending,2024-02-05,2025-05-01
847,CUST00847,Rebecca Clark,Other,2008-06-10,itaylor@example.net,880.377.7947,Lalitpur,Rejected,2022-11-16,2023-07-13
848,CUST00848,Sarah Evans,Other,1969-09-24,matthewwade@example.net,(920)469-6674,Kathmandu,Verified,2025-05-16,2026-03-11
849,CUST00849,Ricky Thomas,Other,1974-04-14,sharonhanna@example.org,001-460-936-7761x4084,Lalitpur,pending,2021-12-29,2022-12-02
850,CUST00850,Lisa Fuentes,Other,1999-12-30,wongerica@example.com,001-280-350-7551x44219,Pokhara,Pending,2023-01-01,2024-02-13
851,CUST00851,Connie Jones,Male,1998-05-26,james06@example.com,(432)556-0478x8415,Lalitpur,Pending,2022-02-15,2022-04-20
852,CUST00852,Erin Sanchez,Other,1995-02-06,,001-726-460-0045,Kathmandu,Rejected,2022-11-17,2024-03-19
853,CUST00853,Brenda Luna,Male,1953-06-11,butlerbenjamin@example.net,703.363.2673x9578,Lalitpur,Rejected,2024-01-02,2025-02-21
854,CUST00854,Marie Shelton,Female,1984-10-14,hunterscott@example.net,001-527-474-6247x9337,Pokhara,Rejected,2025-10-25,2026-03-23
855,CUST00855,Daniel Boone,Female,1968-02-11,meyersthomas@example.net,2553963019,Lalitpur,Verified,2023-03-04,2023-12-12
856,CUST00856,Tracy Mcpherson,Other,1979-03-30,tyler59@example.com,+1-476-370-6699,Biratnagar,pending,2024-09-23,2025-07-15
857,CUST00857,Matthew Phillips,,1960-01-04,,001-341-338-0901x978,Kathmandu,Rejected,2021-12-04,2022-10-10
858,CUST00858,Tyler Jackson,Other,1964-03-08,larryparsons@example.net,(284)494-4639x128,Pokhara,verified,2021-12-01,2022-05-08
859,CUST00859,John Howard,Male,1988-11-08,lisa50@example.com,473-295-6457x811,Lalitpur,Pending,2022-01-02,2022-04-10
860,CUST00860,Brandon Ward,Male,1971-10-14,kaylee87@example.net,001-586-985-7219,Kathmandu,Pending,2024-06-20,2024-10-03
861,CUST00861,Kyle Martin,Other,1976-06-30,allencassandra@example.net,392.380.4807,Pokhara,Rejected,2023-05-16,2023-07-26
862,CUST00862,Nicole Mcgee,Female,1993-05-05,christopher17@example.org,001-505-797-2500x1405,Lalitpur,verified,2024-10-02,2025-11-11
863,CUST00863,Sarah Gillespie,Male,2003-07-17,keith27@example.com,001-492-900-9167x9426,Butwal,pending,2026-01-06,2026-07-03
864,CUST00864,Bruce French,Other,1961-03-16,jason78@example.org,+1-995-317-3159x7793,Pokhara,Pending,2022-10-19,2023-01-15
865,CUST00865,Jeffrey Herrera,,1955-08-20,floresnathan@example.net,400.814.1242x935,Kathmandu,Rejected,2025-05-12,2025-12-26
866,CUST00866,Michael Wagner,,1974-07-04,bonnie97@example.com,492.534.9654,Biratnagar,Pending,2024-12-26,2025-10-17
867,CUST00867,Barry George,Other,1968-01-11,alisha40@example.com,001-866-789-1768x4356,Biratnagar,Rejected,2026-05-21,2026-12-10
868,CUST00868,Michelle Waters,,1987-11-07,rebecca05@example.com,(774)921-4518,Lalitpur,verified,2022-04-27,2022-06-06
869,CUST00869,Victoria Nixon,Male,1979-07-11,charlottefarmer@example.com,(274)608-2063,Lalitpur,verified,2025-03-05,2025-11-22
870,CUST00870,Ashley Davis,,2005-12-13,ajohnson@example.com,806.397.0003,Butwal,Pending,2023-11-22,2024-12-25
871,CUST00871,Daryl Allison,,1976-02-16,dianapineda@example.org,(287)689-8215,Kathmandu,pending,2023-06-02,2024-05-15
872,CUST00872,Vincent Marshall,Male,2002-10-03,williamsjoseph@example.net,+1-207-632-1922x22233,Biratnagar,Verified,2022-04-25,2022-11-26
873,CUST00873,Tyler Lane,Other,1965-06-24,kim29@example.org,960-304-6915x4490,Butwal,Verified,2025-10-13,2026-05-08
874,CUST00874,Amanda Olson,Male,1970-05-23,ryan24@example.net,715.644.5102,Kathmandu,Pending,2025-01-28,2025-11-27
875,CUST00875,Julian Clark,Male,1978-06-02,hullbrandon@example.com,(476)488-4348x70540,Pokhara,Pending,2024-12-24,2025-02-02
876,CUST00876,Dana Valenzuela,Male,1958-06-04,kimeric@example.com,896.924.0270x152,Kathmandu,Pending,2021-10-31,2022-09-30
877,CUST00877,Caleb Ramirez,,1956-08-05,ijackson@example.org,834-671-3793,Biratnagar,Verified,2022-04-11,2022-08-09
878,CUST00878,Shawn Knight,,1957-11-11,afreeman@example.net,944-331-2799x813,Biratnagar,pending,2025-07-01,2025-07-20
879,CUST00879,Elizabeth Rodriguez,Female,1986-01-17,cfields@example.com,+1-252-211-3174x82444,Butwal,Pending,2022-01-18,2022-06-12
880,CUST00880,Michael Sanchez,Other,1962-04-17,rachel27@example.net,001-757-604-8784x8816,Lalitpur,Pending,2023-06-12,2024-09-07
881,CUST00881,Elizabeth Alvarez,,1953-03-08,amynelson@example.org,801-543-5235x9805,Pokhara,pending,2022-02-08,2022-10-04
882,CUST00882,James Lowery,Male,1974-04-15,mross@example.net,(411)718-9378x17774,Kathmandu,pending,2025-03-01,2025-12-27
883,CUST00883,Courtney Lee,,1985-08-20,,332-618-1039x92531,Pokhara,Rejected,2025-05-12,2025-11-12
884,CUST00884,David Ortiz,Other,1989-10-29,jonathan83@example.org,001-531-295-4878x811,Biratnagar,Rejected,2025-06-12,2026-03-09
885,CUST00885,Teresa White,Male,1998-09-16,nwatkins@example.org,6395553470,Biratnagar,Pending,2024-11-07,2025-05-03
886,CUST00886,Anna Yoder,Female,1961-07-25,umorgan@example.com,633-787-3060,Pokhara,Verified,2026-03-13,2026-08-06
887,CUST00887,Elizabeth Cohen,Female,1959-10-06,bruce85@example.org,(380)378-6140x55819,Pokhara,pending,2022-03-21,2022-10-09
888,CUST00888,Matthew Jones,,1994-09-23,megan39@example.net,(206)696-4872,Kathmandu,verified,2022-12-06,2024-03-25
889,CUST00889,Robert Black,,1966-01-30,nicholas25@example.com,423.664.1180x35906,Lalitpur,pending,2023-11-23,2024-02-03
890,CUST00890,Vincent Conley,Male,1986-08-03,jacobespinoza@example.net,(451)867-2976,Biratnagar,Pending,2021-12-08,2022-05-26
891,CUST00891,Christopher Phillips,Female,2007-03-24,matthewmcmillan@example.net,001-955-358-9818,Butwal,Verified,2025-11-12,2026-10-19
892,CUST00892,Christine Reed,Female,1952-09-05,lucassarah@example.com,451.801.9838x2284,Lalitpur,Rejected,2022-10-05,2023-11-16
893,CUST00893,Kim Thompson,Female,1987-06-15,vwood@example.net,+1-919-253-2661x95575,Pokhara,Verified,2021-10-27,2022-06-10
894,CUST00894,Michelle Watkins,Female,1985-07-04,qfisher@example.com,593-264-4525x191,Biratnagar,Pending,2023-12-08,2025-04-03
895,CUST00895,Jeremy Marquez,Female,2001-03-07,kpatterson@example.net,458.806.5275x5983,Pokhara,verified,2022-10-23,2022-12-26
896,CUST00896,Susan Parker,Male,1969-10-04,jamiecaldwell@example.com,608.290.3575x22868,Kathmandu,Verified,2023-01-21,2023-06-11
897,CUST00897,Timothy Steele,,1954-03-27,hthompson@example.com,634-485-6534x273,Lalitpur,verified,2025-02-02,2025-07-12
898,CUST00898,Thomas Navarro,Male,2000-07-28,scole@example.com,+1-528-420-0785,Pokhara,Verified,2025-11-12,2026-09-26
899,CUST00899,Nicholas Garcia,Female,1995-12-02,abigailmiller@example.com,897-512-4695,Lalitpur,Verified,2022-06-01,2023-10-10
900,CUST00900,Jennifer Haynes,Other,1963-09-04,ogrant@example.com,+1-857-789-5833x10454,Butwal,Pending,2025-04-28,2025-10-18
901,CUST00901,Marcia Gonzalez,Other,2001-08-19,ashleydiaz@example.org,001-541-594-3526x29215,Biratnagar,pending,2022-05-25,2023-01-12
902,CUST00902,Andrea Gonzalez,Other,1958-01-20,cassandrameadows@example.net,+1-648-341-0141x5615,Biratnagar,Rejected,2024-04-13,2024-12-22
903,CUST00903,Barbara Braun,Female,1961-05-07,,+1-750-880-6617x606,Butwal,Pending,2024-06-16,2025-02-06
904,CUST00904,Deborah Schultz,Female,1980-10-05,smithlinda@example.com,+1-782-622-7985x4200,Pokhara,verified,2025-02-13,2026-04-20
905,CUST00905,Anthony Yates MD,Other,1998-06-19,gardnerbrenda@example.net,912-597-6466,Lalitpur,Pending,2022-07-29,2023-03-01
906,CUST00906,Collin English,Other,1976-09-07,gonzaleslinda@example.org,392-863-4062x951,Lalitpur,Rejected,2022-11-09,2023-09-14
907,CUST00907,Logan Smith,Other,1950-10-11,christinafoster@example.net,+1-576-981-5924x95888,Kathmandu,verified,2023-12-11,2024-04-27
908,CUST00908,Kathleen Ray,Other,1982-10-09,simpsoncolleen@example.net,9852615139,Lalitpur,Pending,2023-01-03,2024-02-10
909,CUST00909,Nathaniel Patel,,1993-11-04,alirenee@example.org,942.456.7415x170,Biratnagar,pending,2023-09-01,2024-02-03
910,CUST00910,Drew Allen,Male,1992-10-15,lovemichael@example.com,770.868.2642x113,Biratnagar,pending,2023-01-31,2023-05-27
911,CUST00911,Julie Jackson,Female,1961-05-07,,001-211-564-7827x1862,Pokhara,Rejected,2022-03-06,2023-02-11
912,CUST00912,Shirley Martin,Male,1964-04-11,hannahsmith@example.com,(434)250-4497x39997,Biratnagar,pending,2025-10-12,2026-09-16
913,CUST00913,Raymond Roberson,,1990-01-25,xmartin@example.net,(289)602-7546x95251,Pokhara,verified,2023-11-07,2024-09-16
914,CUST00914,Matthew Novak,Male,1976-04-30,nicholas19@example.org,626.995.8028x6900,Lalitpur,Pending,2024-12-14,2025-02-17
915,CUST00915,Stephanie Wilkerson,Female,1973-12-31,karensmith@example.org,737.317.3633x068,Pokhara,verified,2025-10-19,2026-04-28
916,CUST00916,Kristine Pena,Male,1971-07-27,tylerjustin@example.com,574.683.4134,Butwal,verified,2024-11-24,2025-10-24
917,CUST00917,Michael Martin,,1973-06-14,vhawkins@example.org,+1-286-288-2808,Butwal,Rejected,2021-10-01,2023-02-08
918,CUST00918,Jessica Ramos,Male,2000-08-09,haleyscott@example.net,5867120827,Lalitpur,Verified,2022-02-18,2023-06-02
919,CUST00919,Kristina Williams,Male,1981-07-22,medinaricky@example.org,895.594.1669x357,Lalitpur,verified,2026-06-30,2027-05-20
920,CUST00920,Lauren Williams,,1980-06-28,taylorpaul@example.com,001-615-475-8502x88319,Kathmandu,Verified,2022-12-11,2023-06-04
921,CUST00921,Mary Douglas,Female,1959-03-21,gonzalesjohn@example.org,(558)841-1448x4446,Lalitpur,verified,2024-06-05,2025-09-21
922,CUST00922,Teresa Myers,Male,1970-05-28,smithmichael@example.org,001-323-941-4404,Kathmandu,pending,2023-05-15,2023-07-17
923,CUST00923,Anna Dunlap,Female,1985-05-26,pettykathleen@example.net,879.838.8305x58123,Pokhara,pending,2025-06-05,2026-03-14
924,CUST00924,Mallory Espinoza,Other,1964-10-30,michaeljimenez@example.org,7935054683,Pokhara,Pending,2022-08-04,2022-09-26
925,CUST00925,Steven Huber,Male,1954-02-17,donaldsantos@example.org,(905)924-0974,Kathmandu,pending,2023-02-05,2023-08-31
926,CUST00926,Michael Ortiz,Female,1994-07-19,jenniferramos@example.com,3286643593,Kathmandu,Rejected,2025-10-29,2026-07-18
927,CUST00927,Alexandria Nichols,,1974-03-10,timothyrich@example.org,(414)541-5627x4164,Pokhara,pending,2023-04-16,2023-06-02
928,CUST00928,Mark Pacheco,Female,1989-12-03,jennifer21@example.org,280.422.6832,Lalitpur,Verified,2025-01-04,2026-05-03
929,CUST00929,Dana Wilcox,Other,1951-08-24,wilsoneric@example.net,(563)785-2206,Kathmandu,pending,2023-07-02,2024-05-05
930,CUST00930,Sharon Wagner,Female,1957-05-15,teresa24@example.net,663.427.6157,Biratnagar,Rejected,2022-12-23,2024-03-06
931,CUST00931,Austin Walter,,1970-03-16,guerrajohn@example.org,(659)844-2774,Butwal,Pending,2021-12-07,2023-01-12
932,CUST00932,Stephen Gonzalez,Other,1959-09-26,cannonamanda@example.com,+1-353-236-3245x386,Butwal,Rejected,2025-01-04,2025-08-20
933,CUST00933,Jessica Martinez,,1959-01-14,thomasscott@example.net,001-482-441-2739x99238,Kathmandu,Rejected,2025-02-10,2026-06-09
934,CUST00934,Tammy Fitzpatrick,,2004-08-02,anthonyfischer@example.org,(915)510-2705,Lalitpur,verified,2026-01-22,2026-04-13
935,CUST00935,Jessica Fernandez,Female,1967-03-09,audrey32@example.com,287.305.6370,Butwal,pending,2022-06-01,2023-08-15
936,CUST00936,Donald Conner,Other,1970-12-06,douglas66@example.org,514-306-9278x05325,Biratnagar,Pending,2021-12-14,2023-02-08
937,CUST00937,Howard Lang,Other,2007-08-02,wdavis@example.com,515-853-3613,Lalitpur,pending,2021-09-09,2022-03-30
938,CUST00938,Angela Leach,Other,1954-11-11,trussell@example.com,490.982.2511,Kathmandu,pending,2024-10-16,2024-12-08
939,CUST00939,Rose Munoz,Male,1984-11-19,christinebailey@example.com,510.307.5396,Lalitpur,Pending,2025-01-13,2025-05-04
940,CUST00940,Pamela Smith,,1988-11-30,barnettheather@example.com,001-363-650-1339x0199,Biratnagar,Rejected,2025-09-20,2026-06-26
941,CUST00941,Adrian Stout,Female,1978-11-06,,802-358-8020,Pokhara,Pending,2023-11-24,2025-02-07
942,CUST00942,Latasha Sullivan,Other,1996-05-24,ahunt@example.org,6839185091,Butwal,Verified,2023-09-10,2024-02-02
943,CUST00943,Dennis Kelley,Male,1969-03-14,kimberly13@example.org,+1-207-525-2392x90348,Kathmandu,Rejected,2023-05-18,2024-08-22
944,CUST00944,Robert Johnson,Male,1975-11-22,tyoder@example.org,+1-338-899-6450x49853,Butwal,pending,2026-06-12,2026-10-06
945,CUST00945,Erin Perez,Female,1981-02-08,asmith@example.org,507.726.7024x976,Kathmandu,Rejected,2022-05-31,2023-02-03
946,CUST00946,Victoria Scott,Other,1951-10-28,amy48@example.org,996.907.5660,Pokhara,verified,2026-04-14,2027-06-16
947,CUST00947,Joseph Tran,Male,1980-01-11,lucas02@example.org,4905205182,Butwal,Rejected,2024-06-27,2024-06-29
948,CUST00948,Rebecca Anderson,Male,1990-01-29,jenniferharding@example.com,(209)870-5648,Lalitpur,pending,2023-05-08,2023-12-04
949,CUST00949,David Lucero,Male,1996-03-30,aberry@example.com,362.935.2459x512,Kathmandu,pending,2024-10-05,2025-02-17
950,CUST00950,Michelle Robinson,Female,1997-01-11,scottbradley@example.org,796.665.8871,Lalitpur,Pending,2024-12-26,2025-04-14
951,CUST00951,Christina Lowe,Female,1962-03-14,,356-860-0700x356,Biratnagar,Rejected,2023-08-23,2024-07-26
952,CUST00952,Timothy Mack,Other,1970-05-15,lawrencegilmore@example.org,927.988.7261,Lalitpur,Rejected,2024-01-27,2024-03-10
953,CUST00953,Emily Scott,Male,1981-11-03,andrewowens@example.org,518.703.1666x371,Pokhara,verified,2023-03-01,2023-10-29
954,CUST00954,Charles Carlson,Male,1959-03-13,singletonjeffrey@example.net,8239553148,Lalitpur,Verified,2022-03-22,2022-11-15
955,CUST00955,Terry Wilkinson,Male,1952-12-17,xoliver@example.net,(684)442-4165x766,Pokhara,pending,2023-05-04,2023-06-15
956,CUST00956,Jeremy Miller,Female,1991-02-04,crystal38@example.net,001-867-739-8343x17907,Biratnagar,verified,2024-12-20,2025-10-11
957,CUST00957,Andrea Downs,Male,1953-07-10,ruth81@example.net,346.613.2024,Butwal,pending,2024-01-31,2024-09-02
958,CUST00958,Jesse Carroll,,1978-11-09,gmcintyre@example.com,6848965097,Pokhara,Pending,2024-10-13,2025-11-27
959,CUST00959,Mr. James Brown,,1972-06-13,delacruzdonald@example.com,+1-943-370-1694,Butwal,Rejected,2024-01-01,2025-01-22
960,CUST00960,Marcus Baxter,Female,1984-10-21,mnunez@example.org,974-307-9337,Lalitpur,Verified,2022-06-06,2023-09-25
961,CUST00961,Michael Hayes,,1954-04-27,ibailey@example.net,(303)384-0736x62917,Biratnagar,Verified,2024-05-20,2025-08-05
962,CUST00962,David Singleton,Other,1974-10-16,allenjames@example.org,865-831-1704,Kathmandu,verified,2023-10-21,2024-11-11
963,CUST00963,Patricia Jensen,Female,1962-12-17,davisraymond@example.net,001-868-628-6021,Kathmandu,pending,2022-01-15,2023-05-28
964,CUST00964,Christina Roberson,Male,1990-01-30,megan77@example.org,001-879-284-5479x7587,Kathmandu,pending,2025-03-22,2025-12-04
965,CUST00965,Paige Cunningham,,1997-11-02,nicole79@example.org,547.478.4603,Butwal,Verified,2024-04-04,2025-08-17
966,CUST00966,Jose Wall,Female,1988-03-12,andersondavid@example.net,001-731-702-5745,Butwal,Pending,2022-01-02,2022-09-01
967,CUST00967,Christian Smith,,1955-04-04,amanda95@example.com,001-864-677-3087,Pokhara,pending,2022-09-19,2023-05-23
968,CUST00968,Kurt Howard,Other,1979-12-01,michellewagner@example.org,+1-610-839-2977x175,Lalitpur,pending,2023-05-03,2024-02-15
969,CUST00969,Shane Ward,Female,1954-05-09,kaitlyn00@example.net,+1-319-348-9855x154,Lalitpur,pending,2026-04-07,2026-08-12
970,CUST00970,Kristen Craig,Other,2008-08-11,michelle59@example.com,+1-371-638-0019,Butwal,Rejected,2022-01-20,2022-05-01
971,CUST00971,Mary Hernandez,Other,2000-12-29,williammitchell@example.com,(290)728-1069x1033,Kathmandu,Verified,2026-01-24,2026-04-06
972,CUST00972,Billy Scott,Male,1975-10-22,yballard@example.com,974-778-2697,Lalitpur,verified,2022-03-28,2022-09-09
973,CUST00973,Aaron Lynn,,1991-04-07,brenda57@example.net,910.892.5639x8573,Lalitpur,Verified,2023-11-06,2023-11-23
974,CUST00974,Kathleen Wyatt,Other,2007-10-06,whitney05@example.org,8943704375,Butwal,pending,2025-08-07,2026-02-12
975,CUST00975,Kim Thomas,,1977-04-10,leonchristine@example.org,297.767.5529x11257,Butwal,Pending,2022-07-16,2023-02-12
976,CUST00976,Daniel Coffey,Female,1975-02-04,maylisa@example.org,409.711.1920,Biratnagar,verified,2022-11-23,2023-04-27
977,CUST00977,John Davis,Male,1973-03-30,,258.354.0017,Lalitpur,pending,2024-12-13,2026-02-06
978,CUST00978,Samantha Lewis,Male,1995-03-18,damon07@example.com,(671)967-3985x4780,Biratnagar,Rejected,2024-03-15,2024-08-20
979,CUST00979,Kelly Thomas,Male,1977-06-02,howelldaniel@example.org,306-414-4150x2991,Kathmandu,Rejected,2023-09-09,2024-06-27
980,CUST00980,Kimberly Barnes,Male,1972-09-08,taramontoya@example.org,303.523.0261x9482,Butwal,Rejected,2024-07-05,2025-02-07
981,CUST00981,Richard Glover DDS,Other,1957-10-24,olivia11@example.net,762.732.3388x527,Lalitpur,pending,2025-04-10,2025-09-01
982,CUST00982,Lisa Adams,Other,1959-02-27,wolfkristin@example.com,+1-574-635-6355x08151,Kathmandu,Pending,2022-08-25,2023-09-12
983,CUST00983,Sean Hogan Jr.,,1988-05-08,whopkins@example.com,+1-667-305-8033x56800,Pokhara,pending,2025-07-17,2026-02-06
984,CUST00984,John Taylor,Other,1957-11-24,cynthiajohnson@example.com,+1-537-873-2826x9423,Butwal,pending,2024-08-14,2025-12-20
985,CUST00985,Kayla Diaz,Female,1959-11-29,joneslaurie@example.org,6463973784,Lalitpur,pending,2022-09-08,2023-05-20
986,CUST00986,Roberto Dixon,Female,1955-09-20,kklein@example.net,392.909.8148,Butwal,Rejected,2026-04-11,2027-03-25
987,CUST00987,Mr. Jordan Thomas PhD,,2001-03-24,nicole35@example.com,430.519.6784x4040,Pokhara,Verified,2021-12-29,2022-09-12
988,CUST00988,Angela Thomas,,1955-09-24,josemyers@example.org,623.927.7391x01508,Kathmandu,Pending,2025-02-05,2026-03-17
989,CUST00989,Laura Martinez,,1953-07-14,leeamanda@example.org,275.522.7987,Pokhara,Rejected,2022-06-30,2023-03-05
990,CUST00990,Jamie Logan,Other,1976-05-06,mjordan@example.com,001-459-255-3210,Pokhara,verified,2022-06-04,2022-09-11
991,CUST00991,Kimberly Martin,Male,1979-12-18,whitneyevans@example.org,(867)337-3447x18218,Lalitpur,Verified,2026-05-22,2027-02-11
992,CUST00992,Brian Nelson,Male,1960-07-09,todddavid@example.com,581-467-5887,Butwal,Verified,2024-08-23,2025-07-14
993,CUST00993,Daniel Martinez,Male,1993-03-02,glassmichael@example.org,365-502-7757x776,Lalitpur,pending,2025-08-07,2026-09-25
994,CUST00994,Gary Reese,,1959-08-26,barberdebbie@example.com,001-295-965-5374x210,Pokhara,Pending,2025-12-11,2026-01-30
995,CUST00995,Vanessa Moore,Male,1951-08-05,lisajohnson@example.net,+1-638-963-5590x5915,Butwal,verified,2025-05-20,2026-03-29
996,CUST00996,Katherine Valenzuela,Other,2003-06-07,rwarren@example.org,+1-524-817-4953x58038,Kathmandu,Rejected,2024-08-06,2025-05-15
997,CUST00997,Jacob Shaw,Other,2004-08-01,,747.854.2579x7405,Biratnagar,pending,2024-02-27,2024-09-21
998,CUST00998,Melanie Mcintyre,Male,1993-11-13,christopher31@example.com,338-355-3424x134,Butwal,pending,2024-12-25,2025-05-05
999,CUST00999,James Ford,,1955-05-14,frenchjohn@example.net,3152914402,Lalitpur,verified,2024-03-07,2025-02-17
1000,CUST01000,Christopher Ellis,,1998-05-07,robertmeyer@example.com,001-546-519-6355x0142,Pokhara,Pending,2024-12-23,2025-01-10
6,CUST00006,Christopher Turner,Female,1954-02-25,adominguez@example.org,001-579-270-8456,Lalitpur,Verified,2023-09-26,2024-07-23
