customer_id,name,country,signup_date
1,customer_1,NP,2021-04-26
2,customer_2,GB,2020-06-29
3,customer_3,BR,2022-07-24
4,customer_4,DE,2023-07-16
5,customer_5,DE,2020-10-15
6,customer_6,GB,2024-04-01
7,customer_7,NP,2023-05-17
8,customer_8,BR,2020-02-21
9,customer_9,US,2025-06-04
10,customer_10,NP,2019-04-20
11,customer_11,JP,2023-06-23
12,customer_12,AU,2022-01-03
13,customer_13,BR,2023-06-23
14,customer_14,GB,2024-04-19
15,customer_15,BR,2023-09-15
16,customer_16,GB,2023-06-15
17,customer_17,JP,2024-10-03
18,customer_18,US,2023-10-21
19,customer_19,GB,2024-07-27
20,customer_20,DE,2021-10-04
21,customer_21,JP,2020-05-22
22,customer_22,IN,2020-08-10
23,customer_23,US,2023-03-11
24,customer_24,AU,2022-08-22
25,customer_25,GB,2019-07-12
26,customer_26,BR,2020-05-25
27,customer_27,DE,2025-08-15
28,customer_28,GB,2023-12-21
29,customer_29,JP,2024-03-02
30,customer_30,DE,2020-05-07
31,customer_31,DE,2019-06-10
32,customer_32,US,2020-12-29
33,customer_33,NP,2024-11-12
34,customer_34,JP,2022-06-20
35,customer_35,AU,2024-05-15
36,customer_36,NP,2022-05-01
37,customer_37,GB,2022-05-10
38,customer_38,GB,2023-02-11
39,customer_39,IN,2025-07-25
40,customer_40,BR,2021-12-29
41,customer_41,US,2023-01-29
42,customer_42,GB,2025-04-17
43,customer_43,BR,2021-07-19
44,customer_44,IN,2024-09-30
45,customer_45,NP,2022-08-30
46,customer_46,AU,2025-01-06
47,customer_47,DE,2022-03-15
48,customer_48,AU,2023-04-23
49,customer_49,BR,2021-03-19
50,customer_50,GB,2023-05-07
51,customer_51,GB,2021-03-26
52,customer_52,US,2023-03-03
53,customer_53,IN,2024-05-25
54,customer_54,DE,2021-12-23
55,customer_55,DE,2021-12-09
56,customer_56,NP,2021-03-16
57,customer_57,JP,2024-01-01
58,customer_58,US,2023-01-20
59,customer_59,BR,2022-07-15
60,customer_60,BR,2019-03-05
61,customer_61,AU,2019-10-03
62,customer_62,BR,2019-01-19
63,customer_63,IN,2024-10-26
64,customer_64,AU,2024-10-30
65,customer_65,DE,2019-06-19
66,customer_66,IN,2019-04-27
67,customer_67,AU,2024-05-07
68,customer_68,IN,2022-08-04
69,customer_69,NP,2021-02-11
70,customer_70,DE,2023-03-18
71,customer_71,GB,2020-08-14
72,customer_72,US,2020-05-10
73,customer_73,DE,2021-07-07
74,customer_74,US,2025-02-17
75,customer_75,BR,2024-04-01
76,customer_76,DE,2020-04-20
77,customer_77,IN,2022-11-05
78,customer_78,US,2025-01-20
79,customer_79,JP,2025-07-07
80,customer_80,BR,2024-03-22
81,customer_81,AU,2019-11-19
82,customer_82,DE,2020-08-24
83,customer_83,US,2020-06-30
84,customer_84,GB,2020-01-12
85,customer_85,BR,2020-03-14
86,customer_86,BR,2021-03-01
87,customer_87,NP,2022-10-20
88,customer_88,IN,2021-09-21
89,customer_89,GB,2021-11-18
90,customer_90,GB,2020-09-06
91,customer_91,DE,2020-01-13
92,customer_92,GB,2025-11-02
93,customer_93,GB,2023-02-06
94,customer_94,DE,2020-07-28
95,customer_95,AU,2024-07-17
96,customer_96,IN,2024-09-07
97,customer_97,US,2025-08-13
98,customer_98,BR,2020-02-02
99,customer_99,BR,2023-05-19
100,customer_100,US,2025-09-16
101,customer_101,GB,2024-07-09
102,customer_102,US,2020-07-17
103,customer_103,GB,2025-02-10
104,customer_104,NP,2021-11-20
105,customer_105,GB,2022-05-07
106,customer_106,GB,2022-10-28
107,customer_107,GB,2024-04-12
108,customer_108,BR,2019-10-28
109,customer_109,DE,2022-09-10
110,customer_110,BR,2024-08-04
111,customer_111,IN,2022-10-03
112,customer_112,GB,2020-11-17
113,customer_113,JP,2019-05-21
114,customer_114,DE,2022-10-05
115,customer_115,JP,2023-10-25
116,customer_116,JP,2022-10-06
117,customer_117,NP,2025-09-14
118,customer_118,US,2023-02-15
119,customer_119,US,2022-06-24
120,customer_120,NP,2019-05-19
121,customer_121,DE,2022-10-28
122,customer_122,BR,2020-02-26
123,customer_123,BR,2023-12-17
124,customer_124,DE,2020-02-07
125,customer_125,GB,2025-03-16
126,customer_126,JP,2021-01-25
127,customer_127,NP,2021-12-20
128,customer_128,GB,2019-12-29
129,customer_129,JP,2020-06-10
130,customer_130,BR,2025-04-23
131,customer_131,JP,2020-12-10
132,customer_132,JP,2022-07-06
133,customer_133,NP,2025-09-19
134,customer_134,JP,2023-04-08
135,customer_135,GB,2019-04-15
136,customer_136,IN,2021-06-12
137,customer_137,JP,2021-08-25
138,customer_138,NP,2020-11-21
139,customer_139,IN,2020-08-25
140,customer_140,DE,2022-06-11
141,customer_141,AU,2021-07-31
142,customer_142,US,2021-01-05
143,customer_143,IN,2021-10-29
144,customer_144,DE,2021-05-09
145,customer_145,AU,2020-07-25
146,customer_146,GB,2022-02-05
147,customer_147,NP,2025-06-13
148,customer_148,US,2022-06-18
149,customer_149,GB,2023-02-02
150,customer_150,NP,2025-09-26
151,customer_151,GB,2023-03-15
152,customer_152,IN,2020-07-12
153,customer_153,AU,2021-09-23
154,customer_154,IN,2022-05-04
155,customer_155,DE,2022-04-01
156,customer_156,BR,2020-01-09
157,customer_157,US,2019-09-22
158,customer_158,JP,2021-05-24
159,customer_159,JP,2025-04-04
160,customer_160,GB,2023-11-29
161,customer_161,AU,2024-10-05
162,customer_162,BR,2020-03-12
163,customer_163,DE,2021-11-01
164,customer_164,DE,2022-12-24
165,customer_165,DE,2021-12-21
166,customer_166,GB,2021-11-07
167,customer_167,IN,2021-06-18
168,customer_168,US,2019-05-09
169,customer_169,IN,2024-11-13
170,customer_170,NP,2025-05-21
171,customer_171,NP,2019-07-22
172,customer_172,NP,2021-10-31
173,customer_173,GB,2022-07-18
174,customer_174,BR,2024-05-13
175,customer_175,BR,2025-10-02
176,customer_176,DE,2021-11-06
177,customer_177,BR,2024-02-16
178,customer_178,US,2025-06-01
179,customer_179,AU,2024-09-06
180,customer_180,JP,2020-12-27
181,customer_181,AU,2024-08-05
182,customer_182,US,2021-10-27
183,customer_183,DE,2019-02-13
184,customer_184,BR,2024-03-12
185,customer_185,DE,2024-09-19
186,customer_186,DE,2021-05-09
187,customer_187,US,2022-02-01
188,customer_188,DE,2021-06-29
189,customer_189,US,2019-10-20
190,customer_190,IN,2025-10-23
191,customer_191,BR,2019-02-26
192,customer_192,BR,2022-10-21
193,customer_193,JP,2019-02-07
194,customer_194,IN,2023-09-20
195,customer_195,AU,2025-03-02
196,customer_196,NP,2023-05-28
197,customer_197,IN,2023-02-24
198,customer_198,NP,2024-08-31
199,customer_199,IN,2025-09-01
200,customer_200,AU,2024-11-24
201,customer_201,IN,2020-08-01
202,customer_202,AU,2022-11-09
203,customer_203,DE,2024-08-09
204,customer_204,BR,2021-01-06
205,customer_205,DE,2023-08-15
206,customer_206,IN,2019-02-27
207,customer_207,GB,2025-01-02
208,customer_208,AU,2023-03-17
209,customer_209,IN,2024-02-01
210,customer_210,GB,2024-08-25
211,customer_211,IN,2020-06-30
212,customer_212,BR,2022-01-31
213,customer_213,GB,2024-11-16
214,customer_214,DE,2020-02-16
215,customer_215,BR,2024-08-18
216,customer_216,IN,2020-12-21
217,customer_217,NP,2022-12-09
218,customer_218,NP,2022-06-28
219,customer_219,DE,2023-09-13
220,customer_220,AU,2024-09-22
221,customer_221,US,2021-05-22
222,customer_222,DE,2020-03-05
223,customer_223,BR,2021-11-23
224,customer_224,US,2023-03-11
225,customer_225,BR,2024-02-20
226,customer_226,IN,2024-02-27
227,customer_227,GB,2021-04-29
228,customer_228,JP,2025-05-29
229,customer_229,JP,2019-07-27
230,customer_230,US,2019-10-19
231,customer_231,DE,2019-03-03
232,customer_232,GB,2025-05-04
233,customer_233,NP,2020-03-26
234,customer_234,GB,2023-02-12
235,customer_235,DE,2024-07-25
236,customer_236,BR,2024-03-31
237,customer_237,BR,2025-06-30
238,customer_238,DE,2019-05-15
239,customer_239,IN,2021-10-14
240,customer_240,BR,2022-06-19
241,customer_241,US,2023-10-07
242,customer_242,JP,2023-04-06
243,customer_243,NP,2022-10-31
244,customer_244,BR,2021-02-06
245,customer_245,BR,2019-09-24
246,customer_246,NP,2021-12-15
247,customer_247,GB,2020-10-11
248,customer_248,DE,2022-10-17
249,customer_249,GB,2024-06-15
250,customer_250,NP,2022-10-13
251,customer_251,US,2022-12-28
252,customer_252,DE,2019-04-15
253,customer_253,US,2023-05-31
254,customer_254,IN,2022-01-03
255,customer_255,BR,2019-11-06
256,customer_256,US,2020-06-18
257,customer_257,BR,2024-05-05
258,customer_258,NP,2025-04-10
259,customer_259,US,2022-06-23
260,customer_260,JP,2025-09-07
261,customer_261,GB,2020-03-26
262,customer_262,US,2021-01-19
263,customer_263,IN,2025-05-14
264,customer_264,AU,2020-03-13
265,customer_265,AU,2023-07-07
266,customer_266,JP,2020-07-02
267,customer_267,DE,2021-04-07
268,customer_268,IN,2022-04-09
269,customer_269,JP,2021-06-18
270,customer_270,JP,2024-12-26
271,customer_271,IN,2025-08-28
272,customer_272,NP,2022-06-04
273,customer_273,US,2022-08-06
274,customer_274,AU,2019-05-19
275,customer_275,DE,2020-08-08
276,customer_276,DE,2019-04-10
277,customer_277,DE,2024-11-11
278,customer_278,GB,2020-07-22
279,customer_279,NP,2021-05-01
280,customer_280,NP,2024-10-07
281,customer_281,IN,2023-11-19
282,customer_282,DE,2023-04-03
283,customer_283,BR,2019-04-07
284,customer_284,DE,2022-11-08
285,customer_285,DE,2022-11-03
286,customer_286,AU,2021-03-08
287,customer_287,US,2024-02-06
288,customer_288,JP,2025-05-12
289,customer_289,JP,2020-10-09
290,customer_290,DE,2021-04-07
291,customer_291,GB,2021-03-16
292,customer_292,IN,2024-09-18
293,customer_293,AU,2019-07-14
294,customer_294,IN,2025-02-17
295,customer_295,JP,2024-04-21
296,customer_296,JP,2022-04-23
297,customer_297,GB,2022-12-29
298,customer_298,DE,2025-02-13
299,customer_299,IN,2024-04-08
300,customer_300,NP,2020-11-23
301,customer_301,IN,2019-05-07
302,customer_302,GB,2023-07-05
303,customer_303,NP,2019-12-31
304,customer_304,AU,2019-08-08
305,customer_305,JP,2025-09-21
306,customer_306,US,2022-03-30
307,customer_307,IN,2023-06-16
308,customer_308,JP,2020-06-27
309,customer_309,IN,2019-09-12
310,customer_310,NP,2019-06-06
311,customer_311,BR,2021-06-04
312,customer_312,BR,2019-01-10
313,customer_313,NP,2021-11-16
314,customer_314,IN,2021-03-22
315,customer_315,US,2022-08-10
316,customer_316,BR,2023-01-13
317,customer_317,BR,2021-02-10
318,customer_318,BR,2022-02-12
319,customer_319,AU,2019-07-15
320,customer_320,GB,2021-01-24
321,customer_321,IN,2025-09-11
322,customer_322,NP,2025-10-14
323,customer_323,JP,2022-04-29
324,customer_324,AU,2025-06-06
325,customer_325,AU,2022-06-07
326,customer_326,US,2019-11-11
327,customer_327,US,2024-12-09
328,customer_328,NP,2021-11-03
329,customer_329,US,2023-03-12
330,customer_330,JP,2023-06-11
331,customer_331,JP,2021-02-09
332,customer_332,IN,2024-01-08
333,customer_333,IN,2022-06-07
334,customer_334,GB,2021-07-04
335,customer_335,DE,2021-01-14
336,customer_336,GB,2024-02-09
337,customer_337,AU,2020-09-15
338,customer_338,IN,2019-11-07
339,customer_339,US,2025-01-13
340,customer_340,AU,2021-04-09
341,customer_341,BR,2023-05-22
342,customer_342,IN,2023-11-27
343,customer_343,JP,2024-09-26
344,customer_344,JP,2023-04-14
345,customer_345,AU,2023-11-05
346,customer_346,IN,2024-09-24
347,customer_347,AU,2025-06-16
348,customer_348,AU,2019-04-28
349,customer_349,US,2024-02-02
350,customer_350,US,2020-03-11
351,customer_351,JP,2025-02-06
352,customer_352,NP,2019-05-02
353,customer_353,IN,2020-09-08
354,customer_354,DE,2020-04-25
355,customer_355,AU,2023-02-17
356,customer_356,AU,2019-01-11
357,customer_357,US,2019-02-12
358,customer_358,AU,2022-06-14
359,customer_359,NP,2025-08-26
360,customer_360,BR,2022-08-13
361,customer_361,GB,2022-01-19
362,customer_362,AU,2023-07-03
363,customer_363,US,2022-10-11
364,customer_364,AU,2021-08-20
365,customer_365,NP,2023-01-11
366,customer_366,JP,2019-01-09
367,customer_367,DE,2020-09-03
368,customer_368,IN,2023-08-12
369,customer_369,NP,2021-05-03
370,customer_370,GB,2019-05-16
371,customer_371,IN,2019-11-08
372,customer_372,BR,2024-12-05
373,customer_373,DE,2021-04-03
374,customer_374,IN,2019-02-26
375,customer_375,AU,2023-12-28
376,customer_376,NP,2022-08-19
377,customer_377,BR,2022-02-02
378,customer_378,BR,2025-02-15
379,customer_379,DE,2021-02-23
380,customer_380,IN,2022-12-02
381,customer_381,NP,2024-02-06
382,customer_382,AU,2023-03-02
383,customer_383,AU,2020-06-03
384,customer_384,US,2023-09-01
385,customer_385,NP,2024-02-02
386,customer_386,NP,2019-11-03
387,customer_387,NP,2020-02-18
388,customer_388,GB,2023-08-15
389,customer_389,AU,2019-10-25
390,customer_390,US,2025-01-09
391,customer_391,BR,2019-10-01
392,customer_392,US,2025-09-01
393,customer_393,IN,2023-08-06
394,customer_394,JP,2022-01-12
395,customer_395,BR,2020-11-01
396,customer_396,GB,2021-05-11
397,customer_397,NP,2024-02-15
398,customer_398,US,2024-02-27
399,customer_399,IN,2020-06-05
400,customer_400,IN,2022-09-19
401,customer_401,AU,2025-10-18
402,customer_402,GB,2020-10-05
403,customer_403,IN,2023-09-30
404,customer_404,AU,2020-03-06
405,customer_405,DE,2024-09-16
406,customer_406,JP,2020-03-01
407,customer_407,DE,2021-01-14
408,customer_408,US,2022-02-21
409,customer_409,AU,2021-07-15
410,customer_410,NP,2020-03-01
411,customer_411,US,2023-05-22
412,customer_412,US,2019-02-19
413,customer_413,IN,2025-09-24
414,customer_414,US,2019-05-11
415,customer_415,NP,2021-04-14
416,customer_416,BR,2025-05-13
417,customer_417,AU,2020-01-23
418,customer_418,NP,2019-07-02
419,customer_419,IN,2024-02-03
420,customer_420,JP,2019-07-02
421,customer_421,AU,2025-02-26
422,customer_422,BR,2022-02-01
423,customer_423,GB,2024-12-13
424,customer_424,JP,2020-09-04
425,customer_425,DE,2019-12-19
426,customer_426,US,2025-08-03
427,customer_427,GB,2024-03-20
428,customer_428,GB,2025-03-27
429,customer_429,NP,2021-03-10
430,customer_430,BR,2021-10-08
431,customer_431,NP,2022-12-14
432,customer_432,BR,2022-01-26
433,customer_433,GB,2020-08-29
434,customer_434,US,2021-07-26
435,customer_435,DE,2023-03-02
436,customer_436,NP,2019-04-05
437,customer_437,JP,2021-04-19
438,customer_438,AU,2021-01-02
439,customer_439,NP,2019-06-25
440,customer_440,DE,2019-11-03
441,customer_441,AU,2022-05-24
442,customer_442,IN,2019-09-13
443,customer_443,US,2021-05-12
444,customer_444,DE,2022-11-03
445,customer_445,JP,2024-12-24
446,customer_446,BR,2019-09-04
447,customer_447,IN,2021-12-22
448,customer_448,AU,2019-09-15
449,customer_449,JP,2021-12-07
450,customer_450,IN,2022-04-16
451,customer_451,AU,2024-06-21
452,customer_452,AU,2022-01-10
453,customer_453,DE,2025-05-27
454,customer_454,NP,2019-12-11
455,customer_455,JP,2019-05-13
456,customer_456,JP,2019-01-12
457,customer_457,US,2021-06-10
458,customer_458,BR,2020-04-27
459,customer_459,GB,2019-08-17
460,customer_460,NP,2020-08-12
461,customer_461,BR,2025-09-03
462,customer_462,US,2024-06-23
463,customer_463,BR,2019-02-16
464,customer_464,DE,2025-04-07
465,customer_465,NP,2020-05-28
466,customer_466,AU,2021-10-11
467,customer_467,US,2021-03-30
468,customer_468,JP,2021-10-09
469,customer_469,US,2024-03-16
470,customer_470,AU,2023-11-17
471,customer_471,BR,2023-01-25
472,customer_472,GB,2023-04-17
473,customer_473,DE,2023-12-24
474,customer_474,DE,2020-04-05
475,customer_475,BR,2021-09-16
476,customer_476,GB,2019-09-27
477,customer_477,GB,2023-10-27
478,customer_478,NP,2021-12-30
479,customer_479,BR,2023-05-13
480,customer_480,NP,2022-11-13
481,customer_481,IN,2020-11-15
482,customer_482,GB,2019-12-13
483,customer_483,IN,2025-08-29
484,customer_484,GB,2021-01-03
485,customer_485,DE,2019-10-01
486,customer_486,US,2021-02-03
487,customer_487,IN,2025-03-06
488,customer_488,JP,2020-10-15
489,customer_489,GB,2025-10-02
490,customer_490,JP,2022-02-25
491,customer_491,AU,2024-11-24
492,customer_492,GB,2023-06-21
493,customer_493,GB,2019-04-20
494,customer_494,JP,2022-06-27
495,customer_495,IN,2021-11-08
496,customer_496,DE,2020-05-18
497,customer_497,NP,2022-10-06
498,customer_498,IN,2019-09-15
499,customer_499,AU,2023-10-12
500,customer_500,DE,2024-08-16
501,customer_501,NP,2019-08-20
502,customer_502,BR,2022-04-13
503,customer_503,AU,2023-06-26
504,customer_504,GB,2019-06-05
505,customer_505,IN,2021-08-31
506,customer_506,DE,2020-10-07
507,customer_507,JP,2019-04-09
508,customer_508,US,2024-07-03
509,customer_509,IN,2022-01-16
510,customer_510,US,2024-02-23
511,customer_511,AU,2023-01-07
512,customer_512,BR,2024-12-29
513,customer_513,GB,2025-10-28
514,customer_514,GB,2023-02-14
515,customer_515,AU,2021-05-30
516,customer_516,NP,2021-11-23
517,customer_517,AU,2024-08-25
518,customer_518,NP,2021-12-02
519,customer_519,DE,2022-07-23
520,customer_520,JP,2020-04-30
521,customer_521,IN,2025-10-11
522,customer_522,US,2023-06-15
523,customer_523,US,2021-04-05
524,customer_524,GB,2023-01-02
525,customer_525,IN,2021-09-29
526,customer_526,IN,2020-01-23
527,customer_527,AU,2024-12-26
528,customer_528,US,2025-01-23
529,customer_529,AU,2024-09-18
530,customer_530,AU,2021-07-10
531,customer_531,JP,2020-10-03
532,customer_532,US,2019-05-05
533,customer_533,US,2024-01-03
534,customer_534,IN,2021-03-30
535,customer_535,JP,2025-02-08
536,customer_536,US,2024-12-14
537,customer_537,DE,2019-11-17
538,customer_538,NP,2025-04-11
539,customer_539,JP,2019-12-17
540,customer_540,NP,2022-05-10
541,customer_541,BR,2022-03-30
542,customer_542,NP,2025-07-18
543,customer_543,US,2023-07-02
544,customer_544,US,2024-12-28
545,customer_545,GB,2023-01-29
546,customer_546,NP,2024-08-25
547,customer_547,DE,2024-10-31
548,customer_548,JP,2024-11-19
549,customer_549,JP,2021-10-26
550,customer_550,BR,2021-08-12
551,customer_551,GB,2025-09-28
552,customer_552,DE,2024-03-06
553,customer_553,GB,2025-04-12
554,customer_554,IN,2022-12-14
555,customer_555,AU,2025-05-11
556,customer_556,JP,2023-12-05
557,customer_557,BR,2024-01-31
558,customer_558,AU,2020-03-20
559,customer_559,GB,2022-11-18
560,customer_560,GB,2024-01-03
561,customer_561,JP,2024-03-17
562,customer_562,NP,2025-07-21
563,customer_563,DE,2021-03-28
564,customer_564,US,2021-01-26
565,customer_565,AU,2025-08-20
566,customer_566,US,2025-10-01
567,customer_567,US,2020-03-25
568,customer_568,US,2021-08-03
569,customer_569,BR,2025-06-28
570,customer_570,JP,2020-05-14
571,customer_571,AU,2024-05-11
572,customer_572,DE,2019-10-08
573,customer_573,IN,2020-03-21
574,customer_574,NP,2024-05-16
575,customer_575,NP,2023-02-27
576,customer_576,IN,2022-10-19
577,customer_577,AU,2024-11-11
578,customer_578,JP,2021-02-06
579,customer_579,AU,2022-06-12
580,customer_580,NP,2023-03-02
581,customer_581,NP,2024-01-24
582,customer_582,GB,2021-04-10
583,customer_583,NP,2023-05-04
584,customer_584,NP,2022-01-25
585,customer_585,DE,2022-09-16
586,customer_586,AU,2024-11-26
587,customer_587,BR,2021-09-11
588,customer_588,NP,2023-07-29
589,customer_589,GB,2025-06-12
590,customer_590,GB,2024-03-21
591,customer_591,GB,2025-10-07
592,customer_592,AU,2022-12-29
593,customer_593,US,2020-12-05
594,customer_594,AU,2025-10-14
595,customer_595,IN,2023-05-31
596,customer_596,GB,2020-08-26
597,customer_597,JP,2021-03-03
598,customer_598,GB,2020-10-17
599,customer_599,BR,2024-09-15
600,customer_600,BR,2019-08-20
601,customer_601,JP,2024-01-24
602,customer_602,GB,2022-10-17
603,customer_603,BR,2019-07-03
604,customer_604,US,2023-03-14
605,customer_605,GB,2024-02-26
606,customer_606,JP,2023-12-20
607,customer_607,IN,2022-08-14
608,customer_608,JP,2021-04-18
609,customer_609,AU,2020-02-14
610,customer_610,GB,2019-01-31
611,customer_611,GB,2021-06-17
612,customer_612,DE,2023-04-30
613,customer_613,GB,2019-04-05
614,customer_614,DE,2025-11-01
615,customer_615,BR,2023-01-04
616,customer_616,BR,2021-01-06
617,customer_617,US,2025-08-02
618,customer_618,IN,2020-04-04
619,customer_619,NP,2025-07-21
620,customer_620,US,2020-12-05
621,customer_621,DE,2021-08-07
622,customer_622,DE,2021-11-29
623,customer_623,US,2025-10-23
624,customer_624,DE,2020-09-19
625,customer_625,JP,2025-08-29
626,customer_626,US,2021-05-17
627,customer_627,IN,2020-12-13
628,customer_628,IN,2023-05-15
629,customer_629,JP,2023-10-01
630,customer_630,IN,2021-05-12
631,customer_631,BR,2019-12-02
632,customer_632,IN,2021-09-17
633,customer_633,DE,2022-09-13
634,customer_634,DE,2019-04-11
635,customer_635,US,2019-07-16
636,customer_636,BR,2025-04-13
637,customer_637,US,2019-03-31
638,customer_638,IN,2021-10-14
639,customer_639,GB,2024-03-24
640,customer_640,AU,2021-03-31
641,customer_641,BR,2022-05-21
642,customer_642,AU,2019-08-05
643,customer_643,GB,2024-06-09
644,customer_644,DE,2023-05-05
645,customer_645,GB,2024-10-30
646,customer_646,IN,2024-11-29
647,customer_647,DE,2021-05-27
648,customer_648,JP,2019-04-13
649,customer_649,AU,2021-05-15
650,customer_650,GB,2019-12-30
651,customer_651,DE,2022-08-26
652,customer_652,BR,2020-01-01
653,customer_653,US,2025-04-23
654,customer_654,GB,2023-02-14
655,customer_655,JP,2020-09-24
656,customer_656,JP,2025-04-22
657,customer_657,GB,2024-04-08
658,customer_658,BR,2021-12-30
659,customer_659,NP,2020-01-02
660,customer_660,IN,2021-05-09
661,customer_661,US,2022-12-31
662,customer_662,BR,2024-03-29
663,customer_663,NP,2020-10-16
664,customer_664,US,2024-01-31
665,customer_665,JP,2020-12-08
666,customer_666,BR,2020-09-08
667,customer_667,JP,2022-01-22
668,customer_668,GB,2020-02-07
669,customer_669,AU,2021-10-08
670,customer_670,US,2021-06-13
671,customer_671,AU,2020-12-01
672,customer_672,JP,2024-04-23
673,customer_673,BR,2021-04-09
674,customer_674,NP,2023-10-04
675,customer_675,JP,2023-12-06
676,customer_676,BR,2023-07-23
677,customer_677,JP,2020-11-04
678,customer_678,NP,2024-09-04
679,customer_679,JP,2020-08-14
680,customer_680,AU,2020-11-23
681,customer_681,BR,2024-12-27
682,customer_682,US,2021-04-29
683,customer_683,AU,2023-10-09
684,customer_684,AU,2019-04-16
685,customer_685,US,2023-03-16
686,customer_686,GB,2024-12-11
687,customer_687,DE,2023-11-07
688,customer_688,JP,2022-12-27
689,customer_689,DE,2024-10-23
690,customer_690,GB,2021-01-15
691,customer_691,AU,2021-07-30
692,customer_692,GB,2019-06-23
693,customer_693,AU,2023-10-12
694,customer_694,AU,2023-12-14
695,customer_695,NP,2024-02-22
696,customer_696,IN,2024-02-15
697,customer_697,BR,2019-11-15
698,customer_698,JP,2023-07-24
699,customer_699,NP,2024-03-23
700,customer_700,NP,2020-05-24
701,customer_701,JP,2022-04-06
702,customer_702,JP,2025-04-02
703,customer_703,US,2021-11-03
704,customer_704,US,2024-02-26
705,customer_705,US,2022-08-18
706,customer_706,JP,2023-07-03
707,customer_707,NP,2023-04-16
708,customer_708,JP,2023-06-16
709,customer_709,DE,2024-05-02
710,customer_710,DE,2025-03-10
711,customer_711,BR,2021-01-09
712,customer_712,JP,2025-05-09
713,customer_713,BR,2023-04-19
714,customer_714,GB,2023-01-29
715,customer_715,AU,2021-03-30
716,customer_716,GB,2021-11-07
717,customer_717,JP,2023-06-18
718,customer_718,DE,2021-06-28
719,customer_719,US,2020-12-19
720,customer_720,JP,2024-08-09
721,customer_721,US,2021-11-04
722,customer_722,AU,2023-05-31
723,customer_723,GB,2019-03-19
724,customer_724,NP,2019-07-13
725,customer_725,GB,2024-10-21
726,customer_726,NP,2019-12-22
727,customer_727,BR,2024-06-12
728,customer_728,NP,2025-02-28
729,customer_729,DE,2022-04-18
730,customer_730,BR,2025-01-20
731,customer_731,BR,2021-12-04
732,customer_732,DE,2025-07-07
733,customer_733,AU,2020-08-15
734,customer_734,GB,2021-12-05
735,customer_735,US,2021-08-30
736,customer_736,BR,2024-05-14
737,customer_737,BR,2019-04-20
738,customer_738,IN,2024-09-01
739,customer_739,BR,2019-02-28
740,customer_740,AU,2021-02-28
741,customer_741,GB,2023-01-30
742,customer_742,GB,2019-12-30
743,customer_743,BR,2022-05-10
744,customer_744,IN,2025-10-28
745,customer_745,GB,2024-08-20
746,customer_746,IN,2019-03-17
747,customer_747,JP,2023-01-19
748,customer_748,IN,2023-02-02
749,customer_749,IN,2019-06-20
750,customer_750,US,2023-06-14
751,customer_751,AU,2022-07-26
752,customer_752,US,2023-09-01
753,customer_753,NP,2021-01-13
754,customer_754,AU,2020-10-01
755,customer_755,JP,2024-01-14
756,customer_756,DE,2023-12-09
757,customer_757,BR,2020-02-09
758,customer_758,DE,2020-06-24
759,customer_759,US,2023-01-05
760,customer_760,BR,2024-09-03
761,customer_761,US,2020-05-19
762,customer_762,JP,2020-07-01
763,customer_763,AU,2024-07-12
764,customer_764,AU,2023-10-08
765,customer_765,IN,2025-03-05
766,customer_766,GB,2024-05-12
767,customer_767,JP,2025-07-11
768,customer_768,DE,2020-04-17
769,customer_769,US,2020-11-10
770,customer_770,DE,2020-08-17
771,customer_771,BR,2019-05-19
772,customer_772,AU,2024-05-01
773,customer_773,NP,2023-07-13
774,customer_774,BR,2019-08-03
775,customer_775,GB,2020-05-10
776,customer_776,AU,2020-04-21
777,customer_777,DE,2021-10-04
778,customer_778,NP,2022-02-12
779,customer_779,IN,2020-12-23
780,customer_780,GB,2025-05-14
781,customer_781,AU,2020-06-15
782,customer_782,BR,2022-11-05
783,customer_783,NP,2021-12-30
784,customer_784,NP,2021-08-27
785,customer_785,DE,2024-08-26
786,customer_786,JP,2025-09-11
787,customer_787,NP,2019-01-15
788,customer_788,BR,2022-03-05
789,customer_789,JP,2019-10-25
790,customer_790,NP,2021-12-20
791,customer_791,NP,2023-03-23
792,customer_792,DE,2021-10-26
793,customer_793,BR,2021-02-11
794,customer_794,GB,2021-02-19
795,customer_795,DE,2021-01-19
796,customer_796,IN,2021-03-25
797,customer_797,AU,2021-07-23
798,customer_798,DE,2023-09-16
799,customer_799,IN,2019-08-29
800,customer_800,DE,2019-04-13
801,customer_801,NP,2022-07-15
802,customer_802,IN,2023-09-01
803,customer_803,JP,2020-10-08
804,customer_804,AU,2020-05-18
805,customer_805,BR,2023-04-11
806,customer_806,GB,2021-08-18
807,customer_807,JP,2024-01-15
808,customer_808,NP,2020-01-02
809,customer_809,DE,2019-10-30
810,customer_810,AU,2022-10-13
811,customer_811,NP,2021-09-08
812,customer_812,AU,2023-12-29
813,customer_813,BR,2022-06-19
814,customer_814,IN,2021-06-05
815,customer_815,GB,2020-02-04
816,customer_816,GB,2020-02-13
817,customer_817,NP,2024-03-04
818,customer_818,NP,2020-07-20
819,customer_819,BR,2022-06-10
820,customer_820,AU,2024-08-07
821,customer_821,NP,2025-02-22
822,customer_822,BR,2020-10-31
823,customer_823,US,2019-10-02
824,customer_824,BR,2024-04-20
825,customer_825,JP,2023-09-15
826,customer_826,NP,2021-04-07
827,customer_827,BR,2023-01-23
828,customer_828,AU,2020-04-16
829,customer_829,GB,2023-10-18
830,customer_830,NP,2023-12-24
831,customer_831,US,2021-01-18
832,customer_832,US,2022-03-17
833,customer_833,DE,2021-04-15
834,customer_834,US,2019-03-20
835,customer_835,GB,2019-11-15
836,customer_836,GB,2025-07-27
837,customer_837,GB,2022-02-14
838,customer_838,US,2020-01-05
839,customer_839,NP,2019-04-21
840,customer_840,AU,2021-06-02
841,customer_841,IN,2025-09-23
842,customer_842,BR,2021-08-19
843,customer_843,AU,2025-11-03
844,customer_844,NP,2022-05-08
845,customer_845,NP,2024-03-24
846,customer_846,NP,2024-05-17
847,customer_847,US,2019-03-12
848,customer_848,NP,2019-01-16
849,customer_849,GB,2025-04-25
850,customer_850,JP,2025-05-20
851,customer_851,AU,2019-11-28
852,customer_852,GB,2023-06-03
853,customer_853,AU,2025-04-28
854,customer_854,US,2025-07-04
855,customer_855,IN,2021-01-10
856,customer_856,GB,2024-08-05
857,customer_857,US,2023-06-04
858,customer_858,NP,2025-05-08
859,customer_859,BR,2020-01-02
860,customer_860,GB,2023-02-11
861,customer_861,AU,2019-03-03
862,customer_862,AU,2021-06-12
863,customer_863,NP,2019-01-29
864,customer_864,GB,2022-01-12
865,customer_865,GB,2024-07-20
866,customer_866,BR,2023-07-04
867,customer_867,GB,2021-03-03
868,customer_868,GB,2021-12-03
869,customer_869,DE,2021-07-07
870,customer_870,NP,2024-01-04
871,customer_871,DE,2020-10-27
872,customer_872,US,2019-08-18
873,customer_873,NP,2022-06-20
874,customer_874,NP,2024-09-05
875,customer_875,BR,2022-04-07
876,customer_876,JP,2020-05-25
877,customer_877,JP,2019-04-26
878,customer_878,BR,2025-06-17
879,customer_879,JP,2024-03-16
880,customer_880,BR,2020-01-24
881,customer_881,NP,2019-07-04
882,customer_882,GB,2019-11-19
883,customer_883,DE,2021-07-30
884,customer_884,US,2024-07-22
885,customer_885,GB,2020-02-04
886,customer_886,BR,2024-08-08
887,customer_887,NP,2019-01-05
888,customer_888,US,2024-01-21
889,customer_889,NP,2020-12-07
890,customer_890,IN,2025-07-29
891,customer_891,NP,2022-04-04
892,customer_892,BR,2020-11-07
893,customer_893,JP,2020-08-30
894,customer_894,AU,2024-08-28
895,customer_895,BR,2021-10-04
896,customer_896,JP,2021-05-30
897,customer_897,JP,2024-01-14
898,customer_898,NP,2022-09-05
899,customer_899,NP,2023-07-18
900,customer_900,JP,2022-01-19
901,customer_901,NP,2019-06-10
902,customer_902,NP,2019-01-15
903,customer_903,US,2019-04-08
904,customer_904,AU,2022-12-07
905,customer_905,DE,2022-07-08
906,customer_906,BR,2024-02-12
907,customer_907,DE,2025-02-14
908,customer_908,US,2020-03-12
909,customer_909,IN,2025-07-21
910,customer_910,NP,2025-05-18
911,customer_911,GB,2023-03-20
912,customer_912,US,2022-08-18
913,customer_913,DE,2020-03-17
914,customer_914,AU,2020-03-21
915,customer_915,JP,2019-02-16
916,customer_916,DE,2023-06-03
917,customer_917,JP,2021-12-18
918,customer_918,GB,2020-04-24
919,customer_919,IN,2019-12-01
920,customer_920,BR,2019-06-08
921,customer_921,GB,2023-05-22
922,customer_922,JP,2023-09-10
923,customer_923,DE,2023-04-29
924,customer_924,US,2019-10-04
925,customer_925,US,2019-04-14
926,customer_926,AU,2019-09-23
927,customer_927,JP,2024-02-22
928,customer_928,IN,2024-01-24
929,customer_929,DE,2021-01-07
930,customer_930,JP,2019-05-19
931,customer_931,JP,2021-03-10
932,customer_932,BR,2024-07-17
933,customer_933,IN,2019-12-25
934,customer_934,BR,2024-06-13
935,customer_935,DE,2022-03-04
936,customer_936,AU,2019-12-20
937,customer_937,US,2025-05-23
938,customer_938,US,2022-07-19
939,customer_939,DE,2023-08-06
940,customer_940,JP,2019-08-30
941,customer_941,BR,2021-07-18
942,customer_942,DE,2023-05-01
943,customer_943,AU,2023-06-02
944,customer_944,DE,2019-06-07
945,customer_945,US,2023-02-19
946,customer_946,NP,2025-06-19
947,customer_947,AU,2024-05-19
948,customer_948,US,2020-06-03
949,customer_949,AU,2025-03-31
950,customer_950,IN,2023-09-04
951,customer_951,NP,2019-05-23
952,customer_952,IN,2019-11-17
953,customer_953,JP,2025-04-22
954,customer_954,DE,2020-06-07
955,customer_955,GB,2019-08-30
956,customer_956,JP,2022-02-01
957,customer_957,DE,2022-08-07
958,customer_958,BR,2022-12-03
959,customer_959,AU,2023-07-06
960,customer_960,DE,2025-11-02
961,customer_961,US,2024-03-13
962,customer_962,DE,2019-03-06
963,customer_963,GB,2019-08-10
964,customer_964,US,2019-01-01
965,customer_965,AU,2021-09-15
966,customer_966,JP,2021-05-25
967,customer_967,JP,2025-05-22
968,customer_968,IN,2021-07-04
969,customer_969,AU,2019-03-18
970,customer_970,NP,2025-01-18
971,customer_971,IN,2020-10-12
972,customer_972,DE,2025-03-31
973,customer_973,DE,2024-04-20
974,customer_974,DE,2025-01-10
975,customer_975,US,2024-08-11
976,customer_976,US,2019-12-24
977,customer_977,NP,2023-04-15
978,customer_978,JP,2021-10-27
979,customer_979,IN,2023-04-21
980,customer_980,JP,2024-02-08
981,customer_981,JP,2022-06-06
982,customer_982,BR,2021-02-20
983,customer_983,JP,2025-04-09
984,customer_984,BR,2023-07-17
985,customer_985,JP,2025-01-22
986,customer_986,BR,2020-08-15
987,customer_987,JP,2024-09-26
988,customer_988,IN,2021-03-19
989,customer_989,US,2022-02-25
990,customer_990,GB,2024-11-21
991,customer_991,IN,2021-06-05
992,customer_992,JP,2020-09-18
993,customer_993,US,2025-04-07
994,customer_994,DE,2025-08-07
995,customer_995,JP,2021-02-16
996,customer_996,BR,2021-02-04
997,customer_997,JP,2020-07-23
998,customer_998,IN,2019-02-28
999,customer_999,AU,2022-10-14
1000,customer_1000,JP,2020-09-29
1001,customer_1001,GB,2024-10-23
1002,customer_1002,BR,2020-03-04
1003,customer_1003,JP,2023-05-08
1004,customer_1004,AU,2022-06-21
1005,customer_1005,US,2023-03-10
1006,customer_1006,AU,2019-10-09
1007,customer_1007,GB,2022-03-12
1008,customer_1008,JP,2023-04-15
1009,customer_1009,BR,2021-05-02
1010,customer_1010,JP,2024-12-27
1011,customer_1011,IN,2022-08-16
1012,customer_1012,GB,2021-06-25
1013,customer_1013,US,2019-03-19
1014,customer_1014,IN,2020-02-26
1015,customer_1015,JP,2022-04-06
1016,customer_1016,GB,2021-09-27
1017,customer_1017,DE,2024-12-18
1018,customer_1018,DE,2024-05-18
1019,customer_1019,NP,2020-02-02
1020,customer_1020,NP,2023-01-18
1021,customer_1021,NP,2022-02-10
1022,customer_1022,NP,2019-09-10
1023,customer_1023,GB,2023-07-23
1024,customer_1024,GB,2022-09-04
1025,customer_1025,GB,2019-08-07
1026,customer_1026,NP,2022-03-16
1027,customer_1027,NP,2024-01-04
1028,customer_1028,IN,2021-03-28
1029,customer_1029,JP,2021-06-11
1030,customer_1030,IN,2019-10-03
1031,customer_1031,DE,2020-05-25
1032,customer_1032,US,2025-09-18
1033,customer_1033,BR,2023-04-01
1034,customer_1034,IN,2020-03-16
1035,customer_1035,NP,2022-04-21
1036,customer_1036,BR,2020-04-26
1037,customer_1037,AU,2022-01-11
1038,customer_1038,NP,2019-12-30
1039,customer_1039,DE,2023-03-28
1040,customer_1040,GB,2022-11-26
1041,customer_1041,BR,2023-05-03
1042,customer_1042,GB,2022-01-14
1043,customer_1043,DE,2020-12-15
1044,customer_1044,IN,2020-09-15
1045,customer_1045,BR,2020-06-21
1046,customer_1046,US,2021-12-09
1047,customer_1047,US,2022-02-02
1048,customer_1048,JP,2023-08-11
1049,customer_1049,BR,2019-05-12
1050,customer_1050,NP,2020-12-05
1051,customer_1051,JP,2024-11-01
1052,customer_1052,IN,2025-04-07
1053,customer_1053,JP,2025-05-16
1054,customer_1054,AU,2021-02-04
1055,customer_1055,NP,2019-12-09
1056,customer_1056,AU,2020-05-10
1057,customer_1057,DE,2019-11-26
1058,customer_1058,GB,2025-07-14
1059,customer_1059,DE,2025-01-17
1060,customer_1060,IN,2024-07-19
1061,customer_1061,GB,2023-12-30
1062,customer_1062,BR,2021-05-07
1063,customer_1063,US,2022-04-04
1064,customer_1064,BR,2024-10-04
1065,customer_1065,GB,2024-07-28
1066,customer_1066,DE,2022-07-21
1067,customer_1067,AU,2024-09-24
1068,customer_1068,BR,2021-05-16
1069,customer_1069,IN,2021-10-30
1070,customer_1070,NP,2024-09-30
1071,customer_1071,BR,2021-07-30
1072,customer_1072,US,2024-02-24
1073,customer_1073,GB,2022-02-07
1074,customer_1074,JP,2021-01-14
1075,customer_1075,DE,2020-07-01
1076,customer_1076,US,2023-02-25
1077,customer_1077,BR,2022-04-14
1078,customer_1078,US,2021-07-12
1079,customer_1079,DE,2024-02-01
1080,customer_1080,GB,2019-01-03
1081,customer_1081,AU,2019-08-19
1082,customer_1082,AU,2025-08-01
1083,customer_1083,AU,2023-07-17
1084,customer_1084,JP,2022-10-06
1085,customer_1085,US,2019-02-06
1086,customer_1086,GB,2023-02-05
1087,customer_1087,GB,2021-12-22
1088,customer_1088,AU,2023-02-08
1089,customer_1089,BR,2019-04-13
1090,customer_1090,US,2022-10-08
1091,customer_1091,JP,2022-12-15
1092,customer_1092,DE,2020-12-26
1093,customer_1093,GB,2019-05-17
1094,customer_1094,DE,2025-08-25
1095,customer_1095,IN,2023-11-09
1096,customer_1096,NP,2023-04-04
1097,customer_1097,GB,2024-04-01
1098,customer_1098,GB,2023-08-05
1099,customer_1099,NP,2019-12-02
1100,customer_1100,DE,2022-02-10
1101,customer_1101,DE,2025-01-30
1102,customer_1102,DE,2020-12-20
1103,customer_1103,AU,2025-08-27
1104,customer_1104,US,2019-06-10
1105,customer_1105,IN,2021-04-06
1106,customer_1106,US,2021-05-25
1107,customer_1107,US,2023-03-24
1108,customer_1108,AU,2020-03-16
1109,customer_1109,AU,2020-07-26
1110,customer_1110,NP,2023-07-14
1111,customer_1111,BR,2020-12-12
1112,customer_1112,US,2025-01-06
1113,customer_1113,US,2024-12-15
1114,customer_1114,IN,2021-01-26
1115,customer_1115,US,2022-10-31
1116,customer_1116,DE,2021-04-12
1117,customer_1117,AU,2021-05-12
1118,customer_1118,JP,2023-08-03
1119,customer_1119,BR,2021-01-02
1120,customer_1120,DE,2020-01-09
1121,customer_1121,NP,2020-10-09
1122,customer_1122,NP,2025-05-12
1123,customer_1123,IN,2020-10-10
1124,customer_1124,US,2021-06-28
1125,customer_1125,GB,2023-04-22
1126,customer_1126,GB,2019-09-10
1127,customer_1127,GB,2020-11-02
1128,customer_1128,BR,2020-03-12
1129,customer_1129,JP,2025-04-29
1130,customer_1130,BR,2025-05-20
1131,customer_1131,DE,2024-03-04
1132,customer_1132,BR,2020-09-09
1133,customer_1133,GB,2023-03-22
1134,customer_1134,GB,2023-07-14
1135,customer_1135,JP,2024-12-13
1136,customer_1136,NP,2020-01-26
1137,customer_1137,BR,2024-01-15
1138,customer_1138,IN,2020-04-30
1139,customer_1139,BR,2022-11-22
1140,customer_1140,JP,2025-01-07
1141,customer_1141,AU,2019-06-05
1142,customer_1142,IN,2020-01-06
1143,customer_1143,AU,2024-07-25
1144,customer_1144,GB,2019-02-16
1145,customer_1145,IN,2023-09-09
1146,customer_1146,DE,2022-06-07
1147,customer_1147,JP,2021-05-16
1148,customer_1148,GB,2024-11-26
1149,customer_1149,BR,2024-10-23
1150,customer_1150,GB,2021-03-25
1151,customer_1151,IN,2019-01-12
1152,customer_1152,JP,2019-11-17
1153,customer_1153,DE,2019-09-26
1154,customer_1154,AU,2025-09-21
1155,customer_1155,IN,2023-02-01
1156,customer_1156,JP,2023-08-19
1157,customer_1157,NP,2020-07-31
1158,customer_1158,GB,2024-10-27
1159,customer_1159,DE,2023-12-12
1160,customer_1160,IN,2024-02-24
1161,customer_1161,JP,2022-03-16
1162,customer_1162,DE,2023-10-12
1163,customer_1163,GB,2022-09-22
1164,customer_1164,JP,2021-08-19
1165,customer_1165,JP,2023-01-26
1166,customer_1166,NP,2021-03-21
1167,customer_1167,NP,2025-07-10
1168,customer_1168,DE,2023-11-28
1169,customer_1169,AU,2024-01-22
1170,customer_1170,AU,2023-11-27
1171,customer_1171,BR,2022-01-25
1172,customer_1172,BR,2025-07-04
1173,customer_1173,DE,2020-06-03
1174,customer_1174,US,2022-11-22
1175,customer_1175,NP,2019-06-23
1176,customer_1176,IN,2021-01-06
1177,customer_1177,IN,2022-12-07
1178,customer_1178,US,2022-05-08
1179,customer_1179,IN,2025-06-10
1180,customer_1180,NP,2023-03-15
1181,customer_1181,JP,2021-10-25
1182,customer_1182,AU,2021-12-02
1183,customer_1183,BR,2023-03-09
1184,customer_1184,DE,2024-05-31
1185,customer_1185,DE,2020-11-22
1186,customer_1186,IN,2023-01-01
1187,customer_1187,US,2022-12-07
1188,customer_1188,JP,2019-01-24
1189,customer_1189,JP,2025-03-31
1190,customer_1190,NP,2022-11-25
1191,customer_1191,DE,2020-08-28
1192,customer_1192,IN,2023-05-04
1193,customer_1193,US,2023-08-22
1194,customer_1194,BR,2025-04-07
1195,customer_1195,JP,2019-03-27
1196,customer_1196,BR,2021-10-31
1197,customer_1197,BR,2020-03-26
1198,customer_1198,AU,2022-12-07
1199,customer_1199,GB,2022-06-08
1200,customer_1200,JP,2022-04-02
1201,customer_1201,AU,2025-09-21
1202,customer_1202,DE,2022-08-22
1203,customer_1203,AU,2021-10-24
1204,customer_1204,GB,2019-06-18
1205,customer_1205,BR,2020-12-25
1206,customer_1206,AU,2025-02-21
1207,customer_1207,JP,2022-02-03
1208,customer_1208,BR,2025-03-26
1209,customer_1209,IN,2022-08-24
1210,customer_1210,AU,2022-10-02
1211,customer_1211,JP,2021-12-10
1212,customer_1212,GB,2022-10-23
1213,customer_1213,DE,2019-06-16
1214,customer_1214,GB,2019-05-24
1215,customer_1215,NP,2022-04-04
1216,customer_1216,NP,2023-02-03
1217,customer_1217,JP,2022-10-09
1218,customer_1218,BR,2021-12-08
1219,customer_1219,GB,2021-01-05
1220,customer_1220,DE,2023-11-08
1221,customer_1221,BR,2023-02-20
1222,customer_1222,JP,2019-04-28
1223,customer_1223,AU,2022-02-04
1224,customer_1224,BR,2023-11-13
1225,customer_1225,DE,2024-05-14
1226,customer_1226,AU,2020-12-18
1227,customer_1227,NP,2025-05-01
1228,customer_1228,AU,2023-06-18
1229,customer_1229,US,2021-12-30
1230,customer_1230,IN,2023-04-17
1231,customer_1231,GB,2024-12-18
1232,customer_1232,BR,2020-07-21
1233,customer_1233,AU,2020-01-11
1234,customer_1234,BR,2022-01-06
1235,customer_1235,BR,2019-07-29
1236,customer_1236,IN,2024-09-20
1237,customer_1237,NP,2025-08-23
1238,customer_1238,NP,2023-02-22
1239,customer_1239,IN,2025-09-15
1240,customer_1240,NP,2019-06-21
1241,customer_1241,JP,2023-05-01
1242,customer_1242,GB,2022-01-12
1243,customer_1243,AU,2020-11-24
1244,customer_1244,DE,2021-02-18
1245,customer_1245,AU,2022-09-24
1246,customer_1246,AU,2023-05-24
1247,customer_1247,GB,2020-02-15
1248,customer_1248,DE,2023-03-17
1249,customer_1249,IN,2025-05-05
1250,customer_1250,AU,2019-01-26
1251,customer_1251,US,2025-01-04
1252,customer_1252,DE,2023-02-28
1253,customer_1253,NP,2021-05-05
1254,customer_1254,GB,2024-01-12
1255,customer_1255,BR,2023-03-25
1256,customer_1256,NP,2024-04-05
1257,customer_1257,US,2019-07-23
1258,customer_1258,JP,2019-05-28
1259,customer_1259,JP,2023-05-25
1260,customer_1260,GB,2021-01-29
1261,customer_1261,IN,2020-08-18
1262,customer_1262,AU,2021-11-19
1263,customer_1263,DE,2023-12-19
1264,customer_1264,GB,2020-03-25
1265,customer_1265,US,2025-08-29
1266,customer_1266,NP,2021-11-17
1267,customer_1267,NP,2020-01-12
1268,customer_1268,IN,2019-06-27
1269,customer_1269,AU,2024-11-13
1270,customer_1270,NP,2019-10-11
1271,customer_1271,IN,2021-11-13
1272,customer_1272,NP,2023-07-30
1273,customer_1273,AU,2022-07-06
1274,customer_1274,BR,2020-10-18
1275,customer_1275,GB,2019-09-27
1276,customer_1276,BR,2023-11-14
1277,customer_1277,BR,2022-05-10
1278,customer_1278,GB,2019-05-01
1279,customer_1279,NP,2020-03-28
1280,customer_1280,GB,2022-11-07
1281,customer_1281,BR,2020-02-25
1282,customer_1282,BR,2021-09-05
1283,customer_1283,DE,2019-11-08
1284,customer_1284,GB,2024-06-15
1285,customer_1285,DE,2023-04-26
1286,customer_1286,NP,2024-05-13
1287,customer_1287,AU,2019-05-12
1288,customer_1288,US,2021-07-27
1289,customer_1289,NP,2020-10-31
1290,customer_1290,JP,2023-04-06
1291,customer_1291,US,2024-08-15
1292,customer_1292,GB,2020-07-22
1293,customer_1293,DE,2024-04-08
1294,customer_1294,NP,2022-12-22
1295,customer_1295,AU,2024-08-22
1296,customer_1296,JP,2019-07-23
1297,customer_1297,IN,2025-10-13
1298,customer_1298,BR,2021-12-22
1299,customer_1299,JP,2020-12-01
1300,customer_1300,NP,2020-04-01
1301,customer_1301,GB,2025-09-28
1302,customer_1302,DE,2025-01-17
1303,customer_1303,BR,2019-11-24
1304,customer_1304,AU,2022-01-17
1305,customer_1305,JP,2024-01-08
1306,customer_1306,BR,2023-01-16
1307,customer_1307,IN,2020-04-17
1308,customer_1308,US,2021-06-19
1309,customer_1309,DE,2021-07-09
1310,customer_1310,GB,2020-12-22
1311,customer_1311,JP,2025-07-29
1312,customer_1312,IN,2020-05-22
1313,customer_1313,GB,2023-11-02
1314,customer_1314,GB,2025-03-29
1315,customer_1315,AU,2024-06-10
1316,customer_1316,IN,2024-06-21
1317,customer_1317,BR,2020-02-02
1318,customer_1318,JP,2019-11-30
1319,customer_1319,DE,2024-05-11
1320,customer_1320,DE,2024-02-10
1321,customer_1321,NP,2024-01-29
1322,customer_1322,IN,2021-11-12
1323,customer_1323,JP,2022-08-01
1324,customer_1324,AU,2019-02-08
1325,customer_1325,GB,2020-12-28
1326,customer_1326,US,2022-08-13
1327,customer_1327,BR,2019-11-11
1328,customer_1328,NP,2019-11-22
1329,customer_1329,BR,2019-04-24
1330,customer_1330,IN,2020-06-08
1331,customer_1331,DE,2025-10-18
1332,customer_1332,BR,2023-10-07
1333,customer_1333,DE,2025-06-28
1334,customer_1334,GB,2020-10-04
1335,customer_1335,JP,2023-02-06
1336,customer_1336,AU,2025-02-07
1337,customer_1337,BR,2021-05-30
1338,customer_1338,IN,2023-07-01
1339,customer_1339,GB,2023-09-29
1340,customer_1340,DE,2024-09-11
1341,customer_1341,JP,2025-08-20
1342,customer_1342,US,2023-03-18
1343,customer_1343,NP,2022-12-27
1344,customer_1344,JP,2024-12-12
1345,customer_1345,US,2023-09-08
1346,customer_1346,AU,2021-06-23
1347,customer_1347,GB,2023-04-25
1348,customer_1348,BR,2022-10-04
1349,customer_1349,BR,2020-07-25
1350,customer_1350,JP,2022-07-13
1351,customer_1351,NP,2023-04-08
1352,customer_1352,DE,2025-03-09
1353,customer_1353,DE,2022-12-22
1354,customer_1354,AU,2020-02-17
1355,customer_1355,US,2025-10-05
1356,customer_1356,DE,2022-12-16
1357,customer_1357,IN,2020-12-18
1358,customer_1358,US,2024-03-01
1359,customer_1359,NP,2021-08-19
1360,customer_1360,IN,2021-07-14
1361,customer_1361,NP,2024-09-29
1362,customer_1362,NP,2024-12-08
1363,customer_1363,IN,2022-08-02
1364,customer_1364,US,2021-07-21
1365,customer_1365,JP,2024-11-28
1366,customer_1366,NP,2020-03-09
1367,customer_1367,IN,2024-02-11
1368,customer_1368,DE,2022-12-31
1369,customer_1369,AU,2024-11-05
1370,customer_1370,BR,2021-11-17
1371,customer_1371,AU,2024-09-11
1372,customer_1372,IN,2019-02-07
1373,customer_1373,DE,2024-03-10
1374,customer_1374,DE,2019-06-24
1375,customer_1375,AU,2023-05-26
1376,customer_1376,AU,2020-05-03
1377,customer_1377,AU,2025-08-05
1378,customer_1378,GB,2024-04-07
1379,customer_1379,JP,2019-09-19
1380,customer_1380,JP,2025-02-08
1381,customer_1381,AU,2020-09-21
1382,customer_1382,IN,2022-09-26
1383,customer_1383,IN,2019-08-02
1384,customer_1384,AU,2019-09-21
1385,customer_1385,DE,2020-08-26
1386,customer_1386,US,2022-08-29
1387,customer_1387,JP,2022-09-19
1388,customer_1388,IN,2024-11-09
1389,customer_1389,AU,2020-02-17
1390,customer_1390,AU,2024-02-17
1391,customer_1391,IN,2019-01-15
1392,customer_1392,JP,2020-12-28
1393,customer_1393,AU,2020-03-13
1394,customer_1394,BR,2019-11-06
1395,customer_1395,US,2023-01-01
1396,customer_1396,JP,2025-03-01
1397,customer_1397,JP,2023-07-26
1398,customer_1398,BR,2024-11-05
1399,customer_1399,NP,2023-01-18
1400,customer_1400,IN,2019-05-15
1401,customer_1401,GB,2021-05-14
1402,customer_1402,US,2024-08-21
1403,customer_1403,IN,2019-04-21
1404,customer_1404,IN,2019-09-01
1405,customer_1405,US,2024-09-15
1406,customer_1406,US,2019-06-08
1407,customer_1407,IN,2025-07-26
1408,customer_1408,GB,2024-03-11
1409,customer_1409,NP,2023-07-21
1410,customer_1410,IN,2022-09-02
1411,customer_1411,NP,2019-08-12
1412,customer_1412,JP,2021-11-02
1413,customer_1413,IN,2024-07-12
1414,customer_1414,GB,2025-03-09
1415,customer_1415,JP,2022-01-22
1416,customer_1416,GB,2024-09-29
1417,customer_1417,BR,2024-04-25
1418,customer_1418,DE,2019-05-25
1419,customer_1419,GB,2023-03-31
1420,customer_1420,DE,2023-03-21
1421,customer_1421,AU,2022-09-19
1422,customer_1422,AU,2024-04-14
1423,customer_1423,JP,2025-02-01
1424,customer_1424,BR,2022-10-08
1425,customer_1425,IN,2021-03-11
1426,customer_1426,GB,2025-09-23
1427,customer_1427,BR,2025-08-06
1428,customer_1428,AU,2023-09-12
1429,customer_1429,IN,2023-05-21
1430,customer_1430,GB,2019-09-18
1431,customer_1431,DE,2021-10-01
1432,customer_1432,US,2020-05-10
1433,customer_1433,US,2022-07-11
1434,customer_1434,JP,2024-08-27
1435,customer_1435,IN,2020-07-15
1436,customer_1436,NP,2025-10-27
1437,customer_1437,DE,2019-11-20
1438,customer_1438,BR,2019-09-03
1439,customer_1439,IN,2025-09-02
1440,customer_1440,AU,2019-09-08
1441,customer_1441,GB,2024-01-12
1442,customer_1442,JP,2024-03-23
1443,customer_1443,AU,2021-04-05
1444,customer_1444,DE,2019-06-10
1445,customer_1445,US,2021-02-10
1446,customer_1446,NP,2019-06-21
1447,customer_1447,AU,2023-08-08
1448,customer_1448,AU,2025-01-31
1449,customer_1449,BR,2025-10-28
1450,customer_1450,NP,2024-06-24
1451,customer_1451,IN,2024-04-20
1452,customer_1452,NP,2025-01-12
1453,customer_1453,NP,2024-04-08
1454,customer_1454,US,2023-06-15
1455,customer_1455,JP,2025-10-26
1456,customer_1456,NP,2021-03-17
1457,customer_1457,AU,2021-10-28
1458,customer_1458,DE,2025-03-15
1459,customer_1459,IN,2021-02-16
1460,customer_1460,JP,2021-01-16
1461,customer_1461,GB,2020-01-16
1462,customer_1462,IN,2020-11-19
1463,customer_1463,NP,2023-01-24
1464,customer_1464,NP,2025-01-25
1465,customer_1465,GB,2019-12-07
1466,customer_1466,NP,2023-08-30
1467,customer_1467,BR,2024-03-30
1468,customer_1468,DE,2025-02-17
1469,customer_1469,GB,2024-02-19
1470,customer_1470,NP,2020-01-25
1471,customer_1471,AU,2022-05-07
1472,customer_1472,BR,2025-07-08
1473,customer_1473,DE,2025-03-21
1474,customer_1474,US,2023-03-12
1475,customer_1475,AU,2025-08-04
1476,customer_1476,IN,2023-07-29
1477,customer_1477,DE,2019-06-12
1478,customer_1478,DE,2025-04-04
1479,customer_1479,US,2020-02-25
1480,customer_1480,DE,2021-08-09
1481,customer_1481,US,2020-08-18
1482,customer_1482,NP,2023-12-04
1483,customer_1483,IN,2019-03-16
1484,customer_1484,NP,2023-05-20
1485,customer_1485,DE,2024-11-30
1486,customer_1486,GB,2024-05-23
1487,customer_1487,US,2021-02-06
1488,customer_1488,NP,2025-02-20
1489,customer_1489,NP,2021-06-24
1490,customer_1490,JP,2023-08-28
1491,customer_1491,IN,2022-06-20
1492,customer_1492,DE,2019-06-19
1493,customer_1493,NP,2019-01-08
1494,customer_1494,IN,2020-04-02
1495,customer_1495,DE,2025-05-25
1496,customer_1496,DE,2025-07-12
1497,customer_1497,JP,2021-10-22
1498,customer_1498,GB,2025-08-18
1499,customer_1499,DE,2019-05-04
1500,customer_1500,GB,2025-08-15
1501,customer_1501,JP,2020-07-31
1502,customer_1502,IN,2019-04-02
1503,customer_1503,US,2024-03-09
1504,customer_1504,IN,2021-08-14
1505,customer_1505,JP,2020-12-31
1506,customer_1506,US,2024-03-14
1507,customer_1507,AU,2021-04-12
1508,customer_1508,DE,2024-02-26
1509,customer_1509,GB,2020-05-03
1510,customer_1510,BR,2019-08-03
1511,customer_1511,IN,2021-03-23
1512,customer_1512,US,2023-03-04
1513,customer_1513,BR,2020-07-16
1514,customer_1514,IN,2019-12-24
1515,customer_1515,US,2024-02-16
1516,customer_1516,AU,2022-05-18
1517,customer_1517,DE,2021-12-14
1518,customer_1518,NP,2020-08-22
1519,customer_1519,DE,2019-02-14
1520,customer_1520,DE,2019-05-13
1521,customer_1521,GB,2023-08-31
1522,customer_1522,BR,2019-07-20
1523,customer_1523,US,2020-09-09
1524,customer_1524,US,2025-03-27
1525,customer_1525,JP,2021-05-09
1526,customer_1526,NP,2024-02-05
1527,customer_1527,IN,2021-05-08
1528,customer_1528,US,2025-05-18
1529,customer_1529,NP,2024-08-16
1530,customer_1530,AU,2022-03-20
1531,customer_1531,NP,2023-09-08
1532,customer_1532,NP,2021-10-30
1533,customer_1533,AU,2025-06-19
1534,customer_1534,US,2021-06-15
1535,customer_1535,GB,2024-09-22
1536,customer_1536,NP,2023-03-21
1537,customer_1537,US,2023-05-29
1538,customer_1538,NP,2021-05-28
1539,customer_1539,BR,2024-09-13
1540,customer_1540,JP,2024-02-09
1541,customer_1541,DE,2024-07-31
1542,customer_1542,US,2024-06-26
1543,customer_1543,NP,2020-01-30
1544,customer_1544,JP,2024-12-29
1545,customer_1545,US,2024-10-05
1546,customer_1546,JP,2020-08-30
1547,customer_1547,BR,2025-09-20
1548,customer_1548,GB,2022-08-10
1549,customer_1549,DE,2021-03-15
1550,customer_1550,NP,2020-07-12
1551,customer_1551,IN,2021-06-30
1552,customer_1552,GB,2019-04-04
1553,customer_1553,JP,2023-09-23
1554,customer_1554,JP,2023-11-05
1555,customer_1555,DE,2023-07-28
1556,customer_1556,US,2022-10-04
1557,customer_1557,AU,2021-06-25
1558,customer_1558,GB,2023-12-15
1559,customer_1559,AU,2024-12-18
1560,customer_1560,GB,2019-08-08
1561,customer_1561,IN,2021-08-15
1562,customer_1562,IN,2025-10-24
1563,customer_1563,US,2024-11-24
1564,customer_1564,AU,2025-10-21
1565,customer_1565,JP,2020-04-03
1566,customer_1566,DE,2022-03-08
1567,customer_1567,AU,2019-11-22
1568,customer_1568,JP,2024-12-05
1569,customer_1569,AU,2022-07-21
1570,customer_1570,AU,2020-08-31
1571,customer_1571,NP,2019-08-14
1572,customer_1572,IN,2024-01-18
1573,customer_1573,BR,2024-07-22
1574,customer_1574,GB,2025-01-07
1575,customer_1575,US,2025-08-25
1576,customer_1576,IN,2024-07-29
1577,customer_1577,JP,2024-05-19
1578,customer_1578,GB,2024-07-22
1579,customer_1579,NP,2025-11-01
1580,customer_1580,JP,2022-03-03
1581,customer_1581,IN,2024-03-11
1582,customer_1582,US,2024-08-11
1583,customer_1583,JP,2019-10-18
1584,customer_1584,DE,2023-09-23
1585,customer_1585,BR,2021-04-27
1586,customer_1586,IN,2019-11-28
1587,customer_1587,GB,2020-03-01
1588,customer_1588,NP,2019-10-13
1589,customer_1589,GB,2025-02-22
1590,customer_1590,NP,2024-04-13
1591,customer_1591,BR,2019-09-13
1592,customer_1592,IN,2023-04-13
1593,customer_1593,DE,2023-07-10
1594,customer_1594,NP,2022-07-22
1595,customer_1595,BR,2023-02-24
1596,customer_1596,US,2025-03-18
1597,customer_1597,BR,2022-07-21
1598,customer_1598,BR,2023-07-07
1599,customer_1599,GB,2022-11-28
1600,customer_1600,BR,2021-09-17
1601,customer_1601,IN,2025-02-05
1602,customer_1602,BR,2021-10-31
1603,customer_1603,GB,2024-06-22
1604,customer_1604,IN,2023-02-22
1605,customer_1605,NP,2023-09-09
1606,customer_1606,AU,2024-03-15
1607,customer_1607,US,2024-01-14
1608,customer_1608,JP,2022-11-11
1609,customer_1609,US,2023-03-19
1610,customer_1610,US,2022-06-25
1611,customer_1611,GB,2021-04-27
1612,customer_1612,US,2023-12-23
1613,customer_1613,BR,2025-01-06
1614,customer_1614,BR,2023-10-30
1615,customer_1615,NP,2024-04-14
1616,customer_1616,US,2024-09-06
1617,customer_1617,GB,2021-07-07
1618,customer_1618,JP,2019-06-06
1619,customer_1619,NP,2021-04-23
1620,customer_1620,AU,2024-03-02
1621,customer_1621,IN,2024-08-01
1622,customer_1622,NP,2022-07-08
1623,customer_1623,AU,2024-04-30
1624,customer_1624,NP,2019-07-06
1625,customer_1625,JP,2023-05-30
1626,customer_1626,AU,2023-08-25
1627,customer_1627,JP,2022-06-23
1628,customer_1628,JP,2023-11-27
1629,customer_1629,DE,2022-05-13
1630,customer_1630,US,2022-08-02
1631,customer_1631,JP,2023-02-18
1632,customer_1632,AU,2024-06-07
1633,customer_1633,NP,2020-09-13
1634,customer_1634,AU,2021-01-20
1635,customer_1635,DE,2021-11-13
1636,customer_1636,JP,2020-05-19
1637,customer_1637,US,2021-04-15
1638,customer_1638,JP,2021-05-26
1639,customer_1639,US,2021-02-24
1640,customer_1640,IN,2021-10-22
1641,customer_1641,BR,2022-06-15
1642,customer_1642,NP,2023-10-06
1643,customer_1643,DE,2021-01-27
1644,customer_1644,JP,2024-10-14
1645,customer_1645,US,2022-04-13
1646,customer_1646,IN,2023-12-08
1647,customer_1647,IN,2019-10-15
1648,customer_1648,BR,2020-03-10
1649,customer_1649,AU,2022-02-07
1650,customer_1650,GB,2021-07-04
1651,customer_1651,US,2022-05-25
1652,customer_1652,NP,2020-02-01
1653,customer_1653,NP,2022-03-30
1654,customer_1654,JP,2023-09-13
1655,customer_1655,US,2023-12-27
1656,customer_1656,US,2020-09-12
1657,customer_1657,GB,2021-05-11
1658,customer_1658,GB,2022-08-06
1659,customer_1659,GB,2022-07-18
1660,customer_1660,IN,2024-06-02
1661,customer_1661,JP,2021-09-02
1662,customer_1662,JP,2023-08-05
1663,customer_1663,US,2025-01-18
1664,customer_1664,JP,2021-01-15
1665,customer_1665,JP,2024-08-19
1666,customer_1666,DE,2021-04-12
1667,customer_1667,GB,2021-04-15
1668,customer_1668,BR,2023-06-22
1669,customer_1669,JP,2023-04-04
1670,customer_1670,BR,2022-10-05
1671,customer_1671,GB,2020-08-01
1672,customer_1672,JP,2019-08-29
1673,customer_1673,IN,2025-03-22
1674,customer_1674,GB,2024-12-24
1675,customer_1675,BR,2025-01-25
1676,customer_1676,AU,2022-07-05
1677,customer_1677,US,2025-01-20
1678,customer_1678,DE,2022-03-29
1679,customer_1679,AU,2019-07-08
1680,customer_1680,JP,2020-05-11
1681,customer_1681,AU,2020-11-12
1682,customer_1682,NP,2021-07-31
1683,customer_1683,NP,2025-06-05
1684,customer_1684,GB,2021-04-12
1685,customer_1685,IN,2023-03-12
1686,customer_1686,JP,2020-11-07
1687,customer_1687,DE,2023-05-28
1688,customer_1688,DE,2022-11-19
1689,customer_1689,AU,2020-01-12
1690,customer_1690,NP,2022-03-01
1691,customer_1691,GB,2019-09-21
1692,customer_1692,AU,2025-01-31
1693,customer_1693,BR,2023-10-27
1694,customer_1694,DE,2025-06-11
1695,customer_1695,US,2024-12-29
1696,customer_1696,BR,2020-07-02
1697,customer_1697,DE,2023-11-04
1698,customer_1698,US,2019-09-08
1699,customer_1699,IN,2025-07-29
1700,customer_1700,AU,2024-05-17
1701,customer_1701,IN,2023-08-29
1702,customer_1702,US,2025-10-23
1703,customer_1703,BR,2024-10-18
1704,customer_1704,US,2024-11-29
1705,customer_1705,AU,2019-09-08
1706,customer_1706,GB,2019-03-01
1707,customer_1707,AU,2025-07-30
1708,customer_1708,AU,2020-09-20
1709,customer_1709,US,2021-12-02
1710,customer_1710,US,2019-04-19
1711,customer_1711,IN,2023-04-07
1712,customer_1712,DE,2024-08-13
1713,customer_1713,AU,2024-10-05
1714,customer_1714,BR,2022-12-24
1715,customer_1715,BR,2023-07-12
1716,customer_1716,AU,2022-07-08
1717,customer_1717,BR,2022-01-20
1718,customer_1718,DE,2022-10-18
1719,customer_1719,DE,2025-05-28
1720,customer_1720,JP,2020-09-23
1721,customer_1721,NP,2022-03-21
1722,customer_1722,BR,2023-02-13
1723,customer_1723,BR,2022-11-26
1724,customer_1724,BR,2019-03-18
1725,customer_1725,JP,2020-12-19
1726,customer_1726,GB,2023-06-04
1727,customer_1727,AU,2023-10-02
1728,customer_1728,JP,2024-01-11
1729,customer_1729,DE,2025-10-14
1730,customer_1730,NP,2023-08-10
1731,customer_1731,GB,2022-12-20
1732,customer_1732,AU,2021-04-10
1733,customer_1733,BR,2021-07-15
1734,customer_1734,GB,2024-08-27
1735,customer_1735,GB,2022-03-17
1736,customer_1736,GB,2023-11-24
1737,customer_1737,JP,2019-11-07
1738,customer_1738,NP,2019-11-17
1739,customer_1739,NP,2020-06-22
1740,customer_1740,US,2020-05-02
1741,customer_1741,DE,2023-02-26
1742,customer_1742,BR,2023-05-12
1743,customer_1743,DE,2022-10-26
1744,customer_1744,NP,2020-12-24
1745,customer_1745,US,2022-12-12
1746,customer_1746,AU,2019-10-26
1747,customer_1747,AU,2022-03-28
1748,customer_1748,DE,2020-01-23
1749,customer_1749,GB,2019-07-11
1750,customer_1750,BR,2020-02-19
1751,customer_1751,AU,2019-10-05
1752,customer_1752,AU,2022-04-09
1753,customer_1753,BR,2022-09-26
1754,customer_1754,DE,2023-02-27
1755,customer_1755,BR,2022-01-04
1756,customer_1756,IN,2020-03-17
1757,customer_1757,IN,2019-02-22
1758,customer_1758,JP,2023-11-17
1759,customer_1759,JP,2025-09-22
1760,customer_1760,JP,2020-12-03
1761,customer_1761,DE,2020-05-26
1762,customer_1762,DE,2021-02-17
1763,customer_1763,NP,2020-06-19
1764,customer_1764,JP,2020-07-12
1765,customer_1765,JP,2022-05-21
1766,customer_1766,AU,2024-05-17
1767,customer_1767,JP,2023-11-16
1768,customer_1768,DE,2025-07-27
1769,customer_1769,NP,2021-06-12
1770,customer_1770,US,2022-05-16
1771,customer_1771,IN,2021-08-08
1772,customer_1772,DE,2019-04-16
1773,customer_1773,IN,2021-08-29
1774,customer_1774,DE,2020-10-13
1775,customer_1775,GB,2022-04-11
1776,customer_1776,US,2020-01-31
1777,customer_1777,IN,2024-01-29
1778,customer_1778,US,2024-10-07
1779,customer_1779,IN,2025-07-30
1780,customer_1780,BR,2019-08-01
1781,customer_1781,NP,2019-10-22
1782,customer_1782,IN,2025-08-13
1783,customer_1783,NP,2024-10-21
1784,customer_1784,AU,2023-01-11
1785,customer_1785,BR,2021-03-14
1786,customer_1786,US,2022-07-18
1787,customer_1787,US,2022-09-01
1788,customer_1788,NP,2024-10-19
1789,customer_1789,DE,2022-08-16
1790,customer_1790,GB,2019-03-10
1791,customer_1791,JP,2023-10-15
1792,customer_1792,AU,2024-04-26
1793,customer_1793,IN,2021-01-15
1794,customer_1794,IN,2019-10-19
1795,customer_1795,DE,2019-12-22
1796,customer_1796,US,2024-10-02
1797,customer_1797,AU,2022-01-23
1798,customer_1798,US,2022-08-15
1799,customer_1799,DE,2025-07-29
1800,customer_1800,JP,2019-06-02
1801,customer_1801,NP,2020-05-29
1802,customer_1802,DE,2024-09-14
1803,customer_1803,DE,2022-09-12
1804,customer_1804,IN,2019-03-10
1805,customer_1805,US,2023-10-24
1806,customer_1806,NP,2019-12-12
1807,customer_1807,NP,2024-05-09
1808,customer_1808,DE,2024-06-17
1809,customer_1809,NP,2024-08-23
1810,customer_1810,AU,2022-03-08
1811,customer_1811,US,2020-10-31
1812,customer_1812,BR,2025-01-12
1813,customer_1813,BR,2022-10-28
1814,customer_1814,DE,2023-05-08
1815,customer_1815,AU,2019-12-08
1816,customer_1816,NP,2023-04-08
1817,customer_1817,US,2022-12-21
1818,customer_1818,IN,2020-12-31
1819,customer_1819,US,2024-04-01
1820,customer_1820,IN,2019-12-01
1821,customer_1821,IN,2023-12-04
1822,customer_1822,GB,2025-07-30
1823,customer_1823,IN,2022-11-19
1824,customer_1824,AU,2019-09-19
1825,customer_1825,GB,2022-10-15
1826,customer_1826,AU,2022-08-15
1827,customer_1827,NP,2022-10-12
1828,customer_1828,AU,2020-11-12
1829,customer_1829,JP,2023-04-15
1830,customer_1830,AU,2020-10-22
1831,customer_1831,IN,2022-10-26
1832,customer_1832,AU,2023-01-26
1833,customer_1833,JP,2023-06-03
1834,customer_1834,NP,2024-06-17
1835,customer_1835,DE,2025-01-15
1836,customer_1836,US,2024-04-26
1837,customer_1837,AU,2024-06-12
1838,customer_1838,IN,2024-12-12
1839,customer_1839,US,2020-08-29
1840,customer_1840,JP,2021-01-02
1841,customer_1841,DE,2022-08-25
1842,customer_1842,NP,2022-03-10
1843,customer_1843,GB,2023-10-22
1844,customer_1844,GB,2019-01-24
1845,customer_1845,BR,2019-12-14
1846,customer_1846,JP,2024-02-11
1847,customer_1847,DE,2024-08-16
1848,customer_1848,JP,2021-01-25
1849,customer_1849,JP,2021-02-16
1850,customer_1850,US,2022-11-04
1851,customer_1851,NP,2022-04-07
1852,customer_1852,IN,2020-02-28
1853,customer_1853,DE,2022-06-05
1854,customer_1854,US,2024-08-10
1855,customer_1855,NP,2023-12-29
1856,customer_1856,GB,2024-08-05
1857,customer_1857,IN,2023-05-29
1858,customer_1858,JP,2025-01-02
1859,customer_1859,JP,2020-09-16
1860,customer_1860,BR,2019-04-25
1861,customer_1861,BR,2019-10-13
1862,customer_1862,IN,2025-10-17
1863,customer_1863,GB,2023-05-21
1864,customer_1864,IN,2020-09-11
1865,customer_1865,GB,2024-11-05
1866,customer_1866,DE,2021-02-12
1867,customer_1867,NP,2023-02-02
1868,customer_1868,GB,2020-09-15
1869,customer_1869,NP,2019-08-26
1870,customer_1870,GB,2020-10-30
1871,customer_1871,NP,2020-07-24
1872,customer_1872,US,2022-10-13
1873,customer_1873,JP,2019-02-21
1874,customer_1874,AU,2020-08-22
1875,customer_1875,DE,2022-11-20
1876,customer_1876,NP,2021-09-11
1877,customer_1877,US,2023-05-09
1878,customer_1878,AU,2023-06-28
1879,customer_1879,BR,2025-08-10
1880,customer_1880,NP,2024-09-21
1881,customer_1881,DE,2020-07-24
1882,customer_1882,IN,2023-09-28
1883,customer_1883,US,2023-04-18
1884,customer_1884,GB,2023-01-25
1885,customer_1885,JP,2024-06-20
1886,customer_1886,US,2020-01-05
1887,customer_1887,BR,2021-07-26
1888,customer_1888,DE,2024-08-02
1889,customer_1889,NP,2025-02-08
1890,customer_1890,DE,2019-04-04
1891,customer_1891,US,2022-03-24
1892,customer_1892,US,2020-10-22
1893,customer_1893,AU,2020-02-24
1894,customer_1894,BR,2019-05-23
1895,customer_1895,US,2022-09-07
1896,customer_1896,GB,2023-07-27
1897,customer_1897,JP,2022-08-21
1898,customer_1898,GB,2021-07-09
1899,customer_1899,BR,2024-04-12
1900,customer_1900,IN,2023-06-19
1901,customer_1901,JP,2025-03-21
1902,customer_1902,JP,2021-05-17
1903,customer_1903,BR,2020-08-20
1904,customer_1904,US,2022-02-13
1905,customer_1905,IN,2022-06-21
1906,customer_1906,US,2022-02-18
1907,customer_1907,IN,2024-09-12
1908,customer_1908,US,2019-04-24
1909,customer_1909,NP,2022-08-12
1910,customer_1910,AU,2021-12-11
1911,customer_1911,NP,2020-06-11
1912,customer_1912,AU,2023-05-22
1913,customer_1913,NP,2024-06-26
1914,customer_1914,GB,2022-09-27
1915,customer_1915,IN,2019-08-01
1916,customer_1916,JP,2019-07-08
1917,customer_1917,IN,2021-11-20
1918,customer_1918,DE,2023-07-29
1919,customer_1919,DE,2021-02-22
1920,customer_1920,JP,2021-02-11
1921,customer_1921,DE,2024-11-20
1922,customer_1922,JP,2019-02-06
1923,customer_1923,GB,2019-07-19
1924,customer_1924,DE,2020-01-24
1925,customer_1925,IN,2025-09-24
1926,customer_1926,US,2022-05-28
1927,customer_1927,IN,2020-01-31
1928,customer_1928,US,2021-02-15
1929,customer_1929,US,2025-08-20
1930,customer_1930,AU,2023-10-02
1931,customer_1931,NP,2020-07-13
1932,customer_1932,DE,2020-08-24
1933,customer_1933,GB,2019-07-07
1934,customer_1934,AU,2024-04-15
1935,customer_1935,US,2019-12-10
1936,customer_1936,US,2020-12-17
1937,customer_1937,IN,2021-05-20
1938,customer_1938,JP,2023-04-02
1939,customer_1939,AU,2023-02-24
1940,customer_1940,US,2024-06-21
1941,customer_1941,US,2021-01-13
1942,customer_1942,IN,2021-08-21
1943,customer_1943,GB,2021-08-29
1944,customer_1944,NP,2019-04-28
1945,customer_1945,DE,2024-01-18
1946,customer_1946,NP,2022-08-31
1947,customer_1947,US,2022-04-04
1948,customer_1948,AU,2025-10-24
1949,customer_1949,NP,2020-03-23
1950,customer_1950,IN,2025-08-19
1951,customer_1951,AU,2023-08-28
1952,customer_1952,JP,2020-07-06
1953,customer_1953,NP,2023-08-24
1954,customer_1954,DE,2024-03-04
1955,customer_1955,AU,2021-06-25
1956,customer_1956,DE,2021-05-12
1957,customer_1957,JP,2024-09-18
1958,customer_1958,JP,2020-02-05
1959,customer_1959,BR,2019-02-03
1960,customer_1960,US,2023-07-23
1961,customer_1961,GB,2025-03-16
1962,customer_1962,AU,2022-06-06
1963,customer_1963,US,2019-12-04
1964,customer_1964,GB,2022-09-10
1965,customer_1965,GB,2020-09-21
1966,customer_1966,BR,2024-08-30
1967,customer_1967,IN,2023-03-11
1968,customer_1968,DE,2021-04-21
1969,customer_1969,GB,2023-04-11
1970,customer_1970,US,2023-07-26
1971,customer_1971,GB,2023-08-24
1972,customer_1972,AU,2021-07-04
1973,customer_1973,BR,2022-11-27
1974,customer_1974,IN,2019-04-17
1975,customer_1975,JP,2021-10-05
1976,customer_1976,NP,2021-08-03
1977,customer_1977,AU,2022-08-29
1978,customer_1978,IN,2025-07-03
1979,customer_1979,NP,2025-07-11
1980,customer_1980,GB,2022-04-23
1981,customer_1981,BR,2023-06-04
1982,customer_1982,JP,2019-09-28
1983,customer_1983,NP,2022-04-20
1984,customer_1984,GB,2023-09-16
1985,customer_1985,BR,2023-09-03
1986,customer_1986,GB,2025-08-05
1987,customer_1987,GB,2022-03-11
1988,customer_1988,US,2025-03-19
1989,customer_1989,US,2025-09-12
1990,customer_1990,AU,2022-11-30
1991,customer_1991,JP,2019-08-17
1992,customer_1992,DE,2021-07-29
1993,customer_1993,IN,2024-03-26
1994,customer_1994,BR,2022-12-22
1995,customer_1995,GB,2025-05-29
1996,customer_1996,NP,2024-08-01
1997,customer_1997,JP,2019-06-08
1998,customer_1998,AU,2024-11-23
1999,customer_1999,IN,2021-06-12
2000,customer_2000,IN,2024-08-09
2001,customer_2001,AU,2022-06-23
2002,customer_2002,NP,2022-02-12
2003,customer_2003,DE,2019-07-01
2004,customer_2004,DE,2019-10-25
2005,customer_2005,GB,2023-01-28
2006,customer_2006,US,2022-11-23
2007,customer_2007,DE,2022-10-19
2008,customer_2008,US,2020-01-27
2009,customer_2009,GB,2022-06-28
2010,customer_2010,BR,2019-06-02
2011,customer_2011,DE,2019-12-27
2012,customer_2012,DE,2022-05-31
2013,customer_2013,US,2023-03-23
2014,customer_2014,AU,2023-06-27
2015,customer_2015,BR,2025-09-20
2016,customer_2016,IN,2024-11-05
2017,customer_2017,DE,2021-08-07
2018,customer_2018,BR,2024-05-11
2019,customer_2019,BR,2019-08-28
2020,customer_2020,DE,2024-11-13
2021,customer_2021,IN,2021-08-24
2022,customer_2022,BR,2024-03-15
2023,customer_2023,BR,2025-08-23
2024,customer_2024,JP,2023-10-25
2025,customer_2025,NP,2025-04-19
2026,customer_2026,DE,2019-01-26
2027,customer_2027,JP,2020-03-02
2028,customer_2028,AU,2023-04-15
2029,customer_2029,JP,2022-09-13
2030,customer_2030,IN,2019-10-29
2031,customer_2031,JP,2023-12-01
2032,customer_2032,US,2019-05-27
2033,customer_2033,NP,2025-10-12
2034,customer_2034,BR,2020-01-27
2035,customer_2035,AU,2022-01-18
2036,customer_2036,GB,2024-08-20
2037,customer_2037,JP,2022-07-09
2038,customer_2038,NP,2024-02-03
2039,customer_2039,AU,2023-10-26
2040,customer_2040,DE,2025-06-29
2041,customer_2041,IN,2022-03-05
2042,customer_2042,AU,2025-09-13
2043,customer_2043,BR,2022-07-15
2044,customer_2044,BR,2025-02-11
2045,customer_2045,IN,2024-01-06
2046,customer_2046,AU,2019-11-29
2047,customer_2047,DE,2023-05-29
2048,customer_2048,JP,2025-01-04
2049,customer_2049,GB,2019-11-17
2050,customer_2050,BR,2024-09-27
2051,customer_2051,US,2019-09-21
2052,customer_2052,IN,2024-12-17
2053,customer_2053,IN,2024-05-26
2054,customer_2054,AU,2020-01-15
2055,customer_2055,BR,2023-12-22
2056,customer_2056,IN,2019-10-19
2057,customer_2057,BR,2022-11-21
2058,customer_2058,BR,2025-04-28
2059,customer_2059,DE,2020-05-29
2060,customer_2060,DE,2020-03-10
2061,customer_2061,AU,2021-11-23
2062,customer_2062,JP,2021-07-10
2063,customer_2063,US,2019-05-02
2064,customer_2064,BR,2022-02-13
2065,customer_2065,JP,2020-10-10
2066,customer_2066,JP,2019-11-08
2067,customer_2067,BR,2020-11-21
2068,customer_2068,AU,2019-02-21
2069,customer_2069,IN,2025-04-06
2070,customer_2070,DE,2025-10-21
2071,customer_2071,US,2021-07-08
2072,customer_2072,BR,2024-12-31
2073,customer_2073,DE,2022-02-27
2074,customer_2074,IN,2025-03-30
2075,customer_2075,BR,2020-03-08
2076,customer_2076,DE,2020-12-12
2077,customer_2077,DE,2024-01-24
2078,customer_2078,DE,2020-07-04
2079,customer_2079,IN,2024-08-20
2080,customer_2080,US,2021-11-30
2081,customer_2081,GB,2021-10-06
2082,customer_2082,NP,2022-02-07
2083,customer_2083,IN,2024-06-17
2084,customer_2084,BR,2019-01-14
2085,customer_2085,US,2024-02-20
2086,customer_2086,BR,2024-05-02
2087,customer_2087,BR,2024-08-14
2088,customer_2088,BR,2025-10-27
2089,customer_2089,IN,2024-05-09
2090,customer_2090,NP,2022-08-14
2091,customer_2091,AU,2022-03-11
2092,customer_2092,IN,2021-08-28
2093,customer_2093,GB,2024-08-29
2094,customer_2094,US,2021-09-08
2095,customer_2095,US,2022-12-02
2096,customer_2096,GB,2019-08-29
2097,customer_2097,AU,2021-03-04
2098,customer_2098,GB,2020-10-27
2099,customer_2099,GB,2021-12-23
2100,customer_2100,US,2022-06-09
2101,customer_2101,AU,2023-11-27
2102,customer_2102,BR,2021-12-15
2103,customer_2103,US,2020-01-11
2104,customer_2104,US,2022-09-24
2105,customer_2105,GB,2019-05-17
2106,customer_2106,IN,2024-10-23
2107,customer_2107,GB,2024-04-10
2108,customer_2108,US,2020-07-17
2109,customer_2109,IN,2020-10-20
2110,customer_2110,IN,2019-03-11
2111,customer_2111,IN,2021-06-30
2112,customer_2112,BR,2019-04-06
2113,customer_2113,AU,2025-05-29
2114,customer_2114,AU,2019-12-02
2115,customer_2115,BR,2023-07-07
2116,customer_2116,US,2022-11-27
2117,customer_2117,AU,2020-08-15
2118,customer_2118,JP,2024-07-13
2119,customer_2119,JP,2019-09-30
2120,customer_2120,BR,2025-01-26
2121,customer_2121,GB,2024-01-25
2122,customer_2122,AU,2023-05-07
2123,customer_2123,JP,2025-01-08
2124,customer_2124,JP,2021-10-04
2125,customer_2125,BR,2020-12-05
2126,customer_2126,IN,2020-01-22
2127,customer_2127,IN,2025-04-29
2128,customer_2128,BR,2021-09-30
2129,customer_2129,NP,2024-09-04
2130,customer_2130,IN,2021-04-11
2131,customer_2131,BR,2025-07-15
2132,customer_2132,AU,2024-12-15
2133,customer_2133,JP,2021-02-09
2134,customer_2134,DE,2022-05-01
2135,customer_2135,DE,2024-06-07
2136,customer_2136,BR,2020-07-19
2137,customer_2137,JP,2019-03-01
2138,customer_2138,NP,2020-12-23
2139,customer_2139,JP,2023-01-16
2140,customer_2140,DE,2019-12-08
2141,customer_2141,BR,2021-04-13
2142,customer_2142,AU,2025-04-15
2143,customer_2143,AU,2019-07-07
2144,customer_2144,JP,2019-05-06
2145,customer_2145,IN,2021-11-25
2146,customer_2146,DE,2019-02-02
2147,customer_2147,US,2019-03-11
2148,customer_2148,AU,2020-04-02
2149,customer_2149,GB,2019-09-13
2150,customer_2150,GB,2024-07-20
2151,customer_2151,IN,2019-11-03
2152,customer_2152,IN,2022-08-01
2153,customer_2153,GB,2023-10-30
2154,customer_2154,JP,2023-04-14
2155,customer_2155,BR,2023-06-23
2156,customer_2156,DE,2021-06-13
2157,customer_2157,DE,2025-01-31
2158,customer_2158,BR,2019-06-21
2159,customer_2159,GB,2019-09-26
2160,customer_2160,IN,2024-11-10
2161,customer_2161,GB,2019-06-20
2162,customer_2162,US,2020-04-24
2163,customer_2163,DE,2020-03-08
2164,customer_2164,AU,2019-03-24
2165,customer_2165,AU,2019-10-20
2166,customer_2166,AU,2022-12-02
2167,customer_2167,IN,2023-07-11
2168,customer_2168,GB,2019-07-28
2169,customer_2169,AU,2025-06-13
2170,customer_2170,AU,2019-08-28
2171,customer_2171,NP,2023-09-14
2172,customer_2172,BR,2024-06-23
2173,customer_2173,AU,2022-07-25
2174,customer_2174,GB,2022-05-14
2175,customer_2175,US,2019-09-30
2176,customer_2176,GB,2020-08-26
2177,customer_2177,NP,2024-10-27
2178,customer_2178,DE,2021-05-21
2179,customer_2179,BR,2019-03-28
2180,customer_2180,DE,2023-12-29
2181,customer_2181,BR,2023-09-06
2182,customer_2182,US,2019-06-15
2183,customer_2183,JP,2019-05-08
2184,customer_2184,BR,2019-10-19
2185,customer_2185,BR,2019-05-08
2186,customer_2186,IN,2023-03-21
2187,customer_2187,IN,2019-11-28
2188,customer_2188,IN,2023-02-26
2189,customer_2189,DE,2020-03-16
2190,customer_2190,JP,2025-08-28
2191,customer_2191,IN,2023-12-20
2192,customer_2192,DE,2021-07-25
2193,customer_2193,IN,2021-12-07
2194,customer_2194,US,2019-06-12
2195,customer_2195,BR,2019-05-18
2196,customer_2196,GB,2022-09-05
2197,customer_2197,IN,2019-02-26
2198,customer_2198,GB,2023-05-15
2199,customer_2199,JP,2021-08-14
2200,customer_2200,US,2019-12-16
2201,customer_2201,IN,2022-09-01
2202,customer_2202,NP,2022-10-14
2203,customer_2203,NP,2024-02-09
2204,customer_2204,IN,2020-05-09
2205,customer_2205,DE,2022-09-30
2206,customer_2206,GB,2024-10-12
2207,customer_2207,US,2020-11-05
2208,customer_2208,GB,2024-09-18
2209,customer_2209,US,2023-12-14
2210,customer_2210,US,2021-12-10
2211,customer_2211,BR,2025-01-16
2212,customer_2212,GB,2025-08-13
2213,customer_2213,JP,2020-08-15
2214,customer_2214,NP,2025-09-15
2215,customer_2215,NP,2019-01-07
2216,customer_2216,DE,2019-11-20
2217,customer_2217,DE,2019-04-18
2218,customer_2218,AU,2021-07-08
2219,customer_2219,IN,2025-05-31
2220,customer_2220,US,2023-02-09
2221,customer_2221,AU,2023-03-22
2222,customer_2222,US,2019-08-01
2223,customer_2223,NP,2022-07-14
2224,customer_2224,DE,2021-08-14
2225,customer_2225,DE,2022-04-13
2226,customer_2226,JP,2020-10-14
2227,customer_2227,AU,2020-05-18
2228,customer_2228,AU,2025-07-08
2229,customer_2229,IN,2022-10-28
2230,customer_2230,AU,2021-10-25
2231,customer_2231,BR,2019-07-04
2232,customer_2232,NP,2024-03-21
2233,customer_2233,AU,2022-03-27
2234,customer_2234,US,2021-08-24
2235,customer_2235,JP,2023-07-26
2236,customer_2236,GB,2019-11-26
2237,customer_2237,US,2022-08-25
2238,customer_2238,IN,2024-11-27
2239,customer_2239,DE,2022-03-05
2240,customer_2240,AU,2019-01-02
2241,customer_2241,US,2020-07-28
2242,customer_2242,BR,2019-05-20
2243,customer_2243,DE,2022-06-04
2244,customer_2244,NP,2021-06-29
2245,customer_2245,BR,2019-11-28
2246,customer_2246,GB,2023-09-14
2247,customer_2247,JP,2020-03-17
2248,customer_2248,US,2021-05-04
2249,customer_2249,US,2025-10-05
2250,customer_2250,DE,2019-06-15
2251,customer_2251,JP,2020-09-11
2252,customer_2252,JP,2021-03-05
2253,customer_2253,US,2022-06-25
2254,customer_2254,JP,2020-09-04
2255,customer_2255,IN,2025-08-22
2256,customer_2256,BR,2019-01-14
2257,customer_2257,GB,2025-06-28
2258,customer_2258,BR,2022-08-30
2259,customer_2259,NP,2019-04-06
2260,customer_2260,AU,2019-10-19
2261,customer_2261,NP,2019-09-15
2262,customer_2262,AU,2020-12-19
2263,customer_2263,NP,2021-04-12
2264,customer_2264,JP,2023-05-22
2265,customer_2265,NP,2021-02-17
2266,customer_2266,NP,2023-12-18
2267,customer_2267,BR,2021-01-04
2268,customer_2268,BR,2020-10-20
2269,customer_2269,NP,2020-11-19
2270,customer_2270,AU,2021-04-02
2271,customer_2271,IN,2024-09-25
2272,customer_2272,IN,2020-09-09
2273,customer_2273,IN,2020-11-14
2274,customer_2274,DE,2025-07-20
2275,customer_2275,US,2023-06-23
2276,customer_2276,DE,2020-04-21
2277,customer_2277,US,2024-12-10
2278,customer_2278,NP,2020-04-02
2279,customer_2279,IN,2020-02-10
2280,customer_2280,BR,2022-01-17
2281,customer_2281,GB,2023-09-25
2282,customer_2282,IN,2020-04-18
2283,customer_2283,IN,2024-02-27
2284,customer_2284,GB,2020-01-27
2285,customer_2285,BR,2024-05-08
2286,customer_2286,GB,2019-08-28
2287,customer_2287,AU,2022-03-07
2288,customer_2288,GB,2023-05-20
2289,customer_2289,AU,2020-10-25
2290,customer_2290,DE,2023-03-11
2291,customer_2291,DE,2023-09-18
2292,customer_2292,IN,2023-06-14
2293,customer_2293,US,2021-09-19
2294,customer_2294,BR,2024-04-17
2295,customer_2295,BR,2024-01-04
2296,customer_2296,GB,2021-03-26
2297,customer_2297,US,2024-01-08
2298,customer_2298,DE,2025-04-15
2299,customer_2299,US,2024-08-03
2300,customer_2300,AU,2024-01-08
2301,customer_2301,IN,2024-03-31
2302,customer_2302,US,2024-07-04
2303,customer_2303,JP,2020-12-23
2304,customer_2304,AU,2023-12-08
2305,customer_2305,AU,2020-05-13
2306,customer_2306,NP,2021-06-15
2307,customer_2307,IN,2025-05-25
2308,customer_2308,US,2020-12-08
2309,customer_2309,IN,2024-10-10
2310,customer_2310,JP,2021-11-22
2311,customer_2311,IN,2020-06-08
2312,customer_2312,NP,2019-08-31
2313,customer_2313,JP,2022-10-02
2314,customer_2314,NP,2022-02-02
2315,customer_2315,US,2022-07-02
2316,customer_2316,NP,2019-04-18
2317,customer_2317,NP,2020-11-01
2318,customer_2318,DE,2019-01-10
2319,customer_2319,GB,2021-01-26
2320,customer_2320,GB,2025-05-17
2321,customer_2321,NP,2020-01-16
2322,customer_2322,NP,2023-09-20
2323,customer_2323,IN,2019-01-15
2324,customer_2324,BR,2022-11-05
2325,customer_2325,BR,2025-04-21
2326,customer_2326,GB,2021-05-02
2327,customer_2327,IN,2020-05-07
2328,customer_2328,US,2022-11-27
2329,customer_2329,NP,2020-11-28
2330,customer_2330,US,2025-02-06
2331,customer_2331,NP,2024-10-23
2332,customer_2332,GB,2023-06-19
2333,customer_2333,IN,2023-05-17
2334,customer_2334,GB,2023-02-15
2335,customer_2335,JP,2024-01-13
2336,customer_2336,JP,2022-02-24
2337,customer_2337,DE,2025-08-21
2338,customer_2338,GB,2021-05-14
2339,customer_2339,NP,2019-01-23
2340,customer_2340,NP,2023-10-13
2341,customer_2341,DE,2023-07-14
2342,customer_2342,DE,2025-09-18
2343,customer_2343,JP,2021-09-15
2344,customer_2344,BR,2021-11-27
2345,customer_2345,JP,2022-11-06
2346,customer_2346,IN,2021-09-07
2347,customer_2347,IN,2024-05-16
2348,customer_2348,GB,2021-12-06
2349,customer_2349,US,2024-05-13
2350,customer_2350,JP,2021-11-29
2351,customer_2351,JP,2020-07-16
2352,customer_2352,GB,2025-10-12
2353,customer_2353,BR,2022-08-09
2354,customer_2354,DE,2023-11-02
2355,customer_2355,IN,2023-01-18
2356,customer_2356,IN,2021-06-16
2357,customer_2357,DE,2025-08-27
2358,customer_2358,US,2021-07-17
2359,customer_2359,BR,2025-10-18
2360,customer_2360,US,2021-12-12
2361,customer_2361,BR,2019-02-26
2362,customer_2362,GB,2019-04-02
2363,customer_2363,AU,2025-08-31
2364,customer_2364,NP,2022-08-12
2365,customer_2365,GB,2021-08-27
2366,customer_2366,NP,2024-07-21
2367,customer_2367,IN,2023-03-23
2368,customer_2368,US,2023-07-10
2369,customer_2369,US,2023-09-10
2370,customer_2370,US,2020-05-11
2371,customer_2371,NP,2019-08-09
2372,customer_2372,GB,2023-12-26
2373,customer_2373,NP,2019-02-24
2374,customer_2374,DE,2023-12-04
2375,customer_2375,BR,2019-11-21
2376,customer_2376,AU,2020-10-18
2377,customer_2377,GB,2023-11-05
2378,customer_2378,US,2023-04-07
2379,customer_2379,AU,2024-05-07
2380,customer_2380,BR,2023-03-08
2381,customer_2381,US,2019-04-30
2382,customer_2382,DE,2024-09-30
2383,customer_2383,AU,2020-06-23
2384,customer_2384,DE,2019-12-07
2385,customer_2385,US,2025-01-05
2386,customer_2386,AU,2020-05-02
2387,customer_2387,AU,2022-09-02
2388,customer_2388,AU,2022-04-29
2389,customer_2389,AU,2024-04-07
2390,customer_2390,GB,2019-04-21
2391,customer_2391,DE,2019-09-24
2392,customer_2392,US,2021-11-04
2393,customer_2393,JP,2022-03-29
2394,customer_2394,US,2024-05-24
2395,customer_2395,DE,2023-02-23
2396,customer_2396,BR,2020-01-07
2397,customer_2397,AU,2025-09-13
2398,customer_2398,IN,2022-02-23
2399,customer_2399,IN,2025-08-08
2400,customer_2400,BR,2025-10-10
2401,customer_2401,NP,2019-05-10
2402,customer_2402,JP,2022-06-18
2403,customer_2403,BR,2021-11-21
2404,customer_2404,JP,2022-05-30
2405,customer_2405,DE,2021-02-13
2406,customer_2406,GB,2022-10-28
2407,customer_2407,IN,2022-05-15
2408,customer_2408,BR,2020-04-10
2409,customer_2409,DE,2020-12-22
2410,customer_2410,NP,2020-01-03
2411,customer_2411,JP,2024-10-10
2412,customer_2412,NP,2023-08-21
2413,customer_2413,AU,2021-08-26
2414,customer_2414,JP,2021-09-16
2415,customer_2415,IN,2019-07-17
2416,customer_2416,DE,2020-12-25
2417,customer_2417,JP,2025-04-30
2418,customer_2418,IN,2019-03-20
2419,customer_2419,IN,2020-01-01
2420,customer_2420,DE,2024-10-16
2421,customer_2421,IN,2022-07-24
2422,customer_2422,GB,2019-03-22
2423,customer_2423,NP,2022-05-09
2424,customer_2424,GB,2024-02-18
2425,customer_2425,IN,2021-05-12
2426,customer_2426,JP,2021-08-12
2427,customer_2427,US,2023-04-28
2428,customer_2428,DE,2023-02-05
2429,customer_2429,GB,2025-03-07
2430,customer_2430,IN,2020-09-11
2431,customer_2431,US,2020-11-21
2432,customer_2432,JP,2020-01-24
2433,customer_2433,US,2023-07-21
2434,customer_2434,IN,2022-08-26
2435,customer_2435,DE,2021-05-17
2436,customer_2436,JP,2023-10-06
2437,customer_2437,BR,2021-07-30
2438,customer_2438,BR,2020-05-03
2439,customer_2439,GB,2022-09-11
2440,customer_2440,NP,2021-12-26
2441,customer_2441,IN,2021-10-10
2442,customer_2442,NP,2022-01-16
2443,customer_2443,NP,2025-04-04
2444,customer_2444,US,2020-06-23
2445,customer_2445,JP,2020-11-20
2446,customer_2446,AU,2022-11-13
2447,customer_2447,GB,2019-04-27
2448,customer_2448,BR,2019-12-31
2449,customer_2449,GB,2022-11-16
2450,customer_2450,US,2022-06-28
2451,customer_2451,GB,2023-06-21
2452,customer_2452,AU,2019-10-11
2453,customer_2453,NP,2024-11-04
2454,customer_2454,DE,2022-04-28
2455,customer_2455,GB,2020-01-23
2456,customer_2456,DE,2021-02-17
2457,customer_2457,GB,2020-07-22
2458,customer_2458,AU,2022-02-04
2459,customer_2459,DE,2022-03-19
2460,customer_2460,NP,2021-12-20
2461,customer_2461,IN,2022-02-26
2462,customer_2462,US,2025-03-19
2463,customer_2463,DE,2025-07-25
2464,customer_2464,JP,2022-05-09
2465,customer_2465,DE,2025-08-04
2466,customer_2466,US,2024-08-08
2467,customer_2467,IN,2024-08-11
2468,customer_2468,BR,2020-07-18
2469,customer_2469,NP,2022-01-01
2470,customer_2470,US,2021-05-30
2471,customer_2471,AU,2019-08-30
2472,customer_2472,NP,2019-07-07
2473,customer_2473,DE,2023-04-06
2474,customer_2474,US,2021-11-17
2475,customer_2475,NP,2024-08-26
2476,customer_2476,DE,2023-07-30
2477,customer_2477,JP,2019-08-01
2478,customer_2478,US,2024-09-26
2479,customer_2479,NP,2022-05-25
2480,customer_2480,US,2022-11-15
2481,customer_2481,BR,2025-08-11
2482,customer_2482,GB,2023-05-20
2483,customer_2483,US,2019-02-25
2484,customer_2484,IN,2020-03-19
2485,customer_2485,IN,2021-12-01
2486,customer_2486,IN,2019-04-04
2487,customer_2487,US,2020-02-23
2488,customer_2488,NP,2024-06-02
2489,customer_2489,JP,2019-12-23
2490,customer_2490,IN,2020-02-22
2491,customer_2491,IN,2022-06-15
2492,customer_2492,IN,2019-08-16
2493,customer_2493,AU,2020-10-01
2494,customer_2494,JP,2025-06-01
2495,customer_2495,DE,2023-04-28
2496,customer_2496,US,2025-08-05
2497,customer_2497,GB,2021-06-04
2498,customer_2498,AU,2023-03-21
2499,customer_2499,NP,2020-08-19
2500,customer_2500,AU,2021-08-04
2501,customer_2501,BR,2020-03-12
2502,customer_2502,NP,2024-09-14
2503,customer_2503,GB,2020-04-05
2504,customer_2504,NP,2020-05-26
2505,customer_2505,NP,2022-03-05
2506,customer_2506,NP,2021-12-09
2507,customer_2507,DE,2021-02-23
2508,customer_2508,JP,2021-06-11
2509,customer_2509,DE,2021-01-07
2510,customer_2510,NP,2025-03-31
2511,customer_2511,US,2022-12-21
2512,customer_2512,GB,2025-04-18
2513,customer_2513,AU,2025-10-03
2514,customer_2514,GB,2023-06-16
2515,customer_2515,NP,2024-08-26
2516,customer_2516,GB,2019-10-04
2517,customer_2517,BR,2025-07-01
2518,customer_2518,JP,2022-04-20
2519,customer_2519,US,2023-11-19
2520,customer_2520,AU,2020-09-05
2521,customer_2521,DE,2019-08-27
2522,customer_2522,NP,2025-01-21
2523,customer_2523,US,2022-01-28
2524,customer_2524,DE,2019-12-13
2525,customer_2525,NP,2023-07-05
2526,customer_2526,IN,2019-05-16
2527,customer_2527,DE,2022-01-31
2528,customer_2528,AU,2023-10-28
2529,customer_2529,NP,2023-12-07
2530,customer_2530,JP,2022-02-07
2531,customer_2531,AU,2021-07-13
2532,customer_2532,GB,2024-09-26
2533,customer_2533,AU,2020-04-06
2534,customer_2534,US,2019-07-06
2535,customer_2535,GB,2020-01-28
2536,customer_2536,AU,2024-06-25
2537,customer_2537,IN,2022-03-20
2538,customer_2538,DE,2019-04-04
2539,customer_2539,JP,2020-02-26
2540,customer_2540,DE,2019-03-12
2541,customer_2541,IN,2024-07-29
2542,customer_2542,AU,2022-02-27
2543,customer_2543,AU,2019-06-20
2544,customer_2544,DE,2020-07-07
2545,customer_2545,GB,2023-03-22
2546,customer_2546,DE,2023-01-24
2547,customer_2547,GB,2024-08-10
2548,customer_2548,JP,2019-03-06
2549,customer_2549,DE,2019-06-23
2550,customer_2550,US,2019-03-30
2551,customer_2551,BR,2021-09-12
2552,customer_2552,IN,2023-12-23
2553,customer_2553,US,2023-07-16
2554,customer_2554,US,2020-06-09
2555,customer_2555,AU,2023-07-02
2556,customer_2556,NP,2023-06-30
2557,customer_2557,GB,2020-04-23
2558,customer_2558,GB,2024-02-18
2559,customer_2559,NP,2021-11-21
2560,customer_2560,JP,2019-05-29
2561,customer_2561,JP,2021-09-03
2562,customer_2562,IN,2024-04-08
2563,customer_2563,BR,2023-10-07
2564,customer_2564,DE,2020-11-02
2565,customer_2565,DE,2024-03-07
2566,customer_2566,DE,2021-08-31
2567,customer_2567,GB,2022-02-24
2568,customer_2568,BR,2019-08-05
2569,customer_2569,DE,2025-10-28
2570,customer_2570,AU,2024-09-27
2571,customer_2571,GB,2020-05-02
2572,customer_2572,AU,2022-11-02
2573,customer_2573,BR,2024-05-04
2574,customer_2574,DE,2022-06-15
2575,customer_2575,GB,2020-06-10
2576,customer_2576,IN,2025-08-18
2577,customer_2577,IN,2020-11-03
2578,customer_2578,DE,2021-04-16
2579,customer_2579,AU,2021-07-18
2580,customer_2580,JP,2025-02-04
2581,customer_2581,DE,2022-06-04
2582,customer_2582,DE,2023-12-05
2583,customer_2583,IN,2025-03-03
2584,customer_2584,BR,2025-05-10
2585,customer_2585,IN,2024-11-11
2586,customer_2586,JP,2025-03-19
2587,customer_2587,IN,2025-06-28
2588,customer_2588,IN,2025-10-13
2589,customer_2589,AU,2023-05-27
2590,customer_2590,IN,2019-11-26
2591,customer_2591,NP,2019-10-11
2592,customer_2592,DE,2024-06-13
2593,customer_2593,JP,2021-03-01
2594,customer_2594,NP,2024-07-04
2595,customer_2595,IN,2025-05-25
2596,customer_2596,US,2023-05-30
2597,customer_2597,JP,2024-03-25
2598,customer_2598,BR,2020-11-28
2599,customer_2599,AU,2021-12-22
2600,customer_2600,DE,2025-08-09
2601,customer_2601,GB,2024-08-04
2602,customer_2602,US,2020-05-26
2603,customer_2603,GB,2025-05-29
2604,customer_2604,JP,2022-06-02
2605,customer_2605,GB,2024-10-10
2606,customer_2606,GB,2022-07-27
2607,customer_2607,JP,2023-02-18
2608,customer_2608,IN,2020-02-09
2609,customer_2609,JP,2021-04-26
2610,customer_2610,GB,2023-12-12
2611,customer_2611,AU,2024-10-06
2612,customer_2612,AU,2019-08-11
2613,customer_2613,US,2019-07-12
2614,customer_2614,JP,2023-09-29
2615,customer_2615,NP,2022-01-22
2616,customer_2616,BR,2024-10-22
2617,customer_2617,AU,2019-06-20
2618,customer_2618,NP,2021-05-23
2619,customer_2619,BR,2019-03-30
2620,customer_2620,AU,2023-11-09
2621,customer_2621,GB,2024-11-14
2622,customer_2622,DE,2020-01-27
2623,customer_2623,NP,2021-03-20
2624,customer_2624,AU,2024-10-15
2625,customer_2625,AU,2019-04-14
2626,customer_2626,JP,2025-07-08
2627,customer_2627,AU,2025-01-26
2628,customer_2628,NP,2020-01-17
2629,customer_2629,JP,2019-12-14
2630,customer_2630,NP,2023-09-26
2631,customer_2631,AU,2019-01-26
2632,customer_2632,BR,2022-06-18
2633,customer_2633,AU,2019-06-14
2634,customer_2634,JP,2022-08-21
2635,customer_2635,NP,2021-05-25
2636,customer_2636,NP,2023-11-02
2637,customer_2637,IN,2025-01-10
2638,customer_2638,BR,2022-05-06
2639,customer_2639,US,2023-05-24
2640,customer_2640,GB,2023-02-09
2641,customer_2641,US,2025-09-28
2642,customer_2642,DE,2020-07-31
2643,customer_2643,US,2020-08-20
2644,customer_2644,DE,2021-08-04
2645,customer_2645,DE,2024-01-16
2646,customer_2646,NP,2024-12-03
2647,customer_2647,JP,2020-11-26
2648,customer_2648,GB,2019-10-02
2649,customer_2649,AU,2023-03-02
2650,customer_2650,IN,2023-02-02
2651,customer_2651,AU,2021-07-25
2652,customer_2652,AU,2020-04-05
2653,customer_2653,AU,2024-10-25
2654,customer_2654,IN,2024-10-17
2655,customer_2655,GB,2024-02-12
2656,customer_2656,JP,2022-12-18
2657,customer_2657,NP,2020-10-15
2658,customer_2658,IN,2021-10-04
2659,customer_2659,BR,2019-06-21
2660,customer_2660,US,2020-09-16
2661,customer_2661,DE,2022-01-31
2662,customer_2662,GB,2021-12-28
2663,customer_2663,US,2019-07-20
2664,customer_2664,DE,2025-07-22
2665,customer_2665,US,2020-11-01
2666,customer_2666,JP,2022-06-27
2667,customer_2667,US,2022-03-09
2668,customer_2668,AU,2022-03-19
2669,customer_2669,NP,2024-10-13
2670,customer_2670,AU,2024-02-09
2671,customer_2671,GB,2024-12-09
2672,customer_2672,GB,2021-08-05
2673,customer_2673,GB,2020-10-24
2674,customer_2674,US,2021-12-04
2675,customer_2675,AU,2022-11-04
2676,customer_2676,JP,2021-04-22
2677,customer_2677,AU,2022-02-24
2678,customer_2678,AU,2020-01-13
2679,customer_2679,JP,2022-12-30
2680,customer_2680,IN,2023-11-20
2681,customer_2681,NP,2022-08-10
2682,customer_2682,NP,2024-12-22
2683,customer_2683,DE,2025-10-25
2684,customer_2684,GB,2025-03-13
2685,customer_2685,JP,2019-08-21
2686,customer_2686,DE,2025-01-11
2687,customer_2687,US,2021-04-14
2688,customer_2688,JP,2022-02-03
2689,customer_2689,BR,2021-10-26
2690,customer_2690,AU,2020-12-11
2691,customer_2691,BR,2025-01-02
2692,customer_2692,JP,2023-05-14
2693,customer_2693,AU,2025-08-14
2694,customer_2694,DE,2025-07-14
2695,customer_2695,AU,2021-11-15
2696,customer_2696,IN,2023-12-23
2697,customer_2697,US,2022-06-09
2698,customer_2698,DE,2022-05-22
2699,customer_2699,US,2024-01-24
2700,customer_2700,NP,2023-09-19
2701,customer_2701,AU,2025-03-29
2702,customer_2702,GB,2024-04-15
2703,customer_2703,US,2023-04-05
2704,customer_2704,GB,2025-04-17
2705,customer_2705,NP,2019-09-13
2706,customer_2706,IN,2024-03-23
2707,customer_2707,BR,2021-09-07
2708,customer_2708,IN,2021-12-18
2709,customer_2709,BR,2024-05-08
2710,customer_2710,GB,2020-11-15
2711,customer_2711,NP,2025-01-18
2712,customer_2712,NP,2022-06-03
2713,customer_2713,AU,2021-05-22
2714,customer_2714,JP,2021-03-31
2715,customer_2715,JP,2021-11-18
2716,customer_2716,DE,2025-06-14
2717,customer_2717,DE,2019-09-14
2718,customer_2718,BR,2022-06-23
2719,customer_2719,JP,2024-09-18
2720,customer_2720,US,2022-03-26
2721,customer_2721,BR,2022-11-16
2722,customer_2722,BR,2021-05-20
2723,customer_2723,NP,2019-12-07
2724,customer_2724,DE,2023-05-18
2725,customer_2725,GB,2025-04-18
2726,customer_2726,JP,2022-07-24
2727,customer_2727,US,2021-12-16
2728,customer_2728,NP,2019-11-19
2729,customer_2729,JP,2025-06-19
2730,customer_2730,DE,2024-12-13
2731,customer_2731,AU,2025-03-04
2732,customer_2732,JP,2021-06-16
2733,customer_2733,AU,2023-04-13
2734,customer_2734,US,2021-12-17
2735,customer_2735,DE,2020-08-09
2736,customer_2736,US,2020-05-29
2737,customer_2737,JP,2021-08-17
2738,customer_2738,US,2022-10-15
2739,customer_2739,DE,2019-11-02
2740,customer_2740,IN,2023-10-22
2741,customer_2741,US,2022-02-18
2742,customer_2742,NP,2025-01-11
2743,customer_2743,JP,2020-11-27
2744,customer_2744,AU,2019-05-10
2745,customer_2745,US,2021-02-19
2746,customer_2746,DE,2025-08-30
2747,customer_2747,US,2021-03-15
2748,customer_2748,GB,2023-10-26
2749,customer_2749,DE,2024-10-09
2750,customer_2750,AU,2020-12-11
2751,customer_2751,US,2023-05-26
2752,customer_2752,NP,2020-05-26
2753,customer_2753,JP,2021-06-24
2754,customer_2754,BR,2021-01-10
2755,customer_2755,AU,2023-08-08
2756,customer_2756,GB,2024-12-29
2757,customer_2757,AU,2020-09-22
2758,customer_2758,BR,2020-12-29
2759,customer_2759,IN,2024-08-14
2760,customer_2760,DE,2022-03-03
2761,customer_2761,US,2022-07-06
2762,customer_2762,DE,2023-10-31
2763,customer_2763,IN,2019-12-10
2764,customer_2764,NP,2024-12-19
2765,customer_2765,US,2021-07-02
2766,customer_2766,JP,2023-07-05
2767,customer_2767,IN,2021-12-16
2768,customer_2768,AU,2024-02-26
2769,customer_2769,DE,2023-03-09
2770,customer_2770,AU,2020-03-09
2771,customer_2771,BR,2020-04-14
2772,customer_2772,NP,2025-01-02
2773,customer_2773,US,2022-07-23
2774,customer_2774,BR,2020-11-20
2775,customer_2775,JP,2019-12-25
2776,customer_2776,IN,2019-11-17
2777,customer_2777,JP,2025-04-18
2778,customer_2778,AU,2025-09-06
2779,customer_2779,DE,2021-09-10
2780,customer_2780,NP,2020-05-19
2781,customer_2781,IN,2021-11-13
2782,customer_2782,AU,2019-12-08
2783,customer_2783,GB,2022-10-06
2784,customer_2784,GB,2023-04-15
2785,customer_2785,AU,2025-09-29
2786,customer_2786,NP,2021-03-08
2787,customer_2787,IN,2020-05-09
2788,customer_2788,NP,2019-11-30
2789,customer_2789,NP,2021-07-31
2790,customer_2790,GB,2023-02-11
2791,customer_2791,AU,2019-06-16
2792,customer_2792,US,2024-03-12
2793,customer_2793,BR,2022-02-24
2794,customer_2794,JP,2024-06-05
2795,customer_2795,NP,2022-03-05
2796,customer_2796,AU,2020-01-24
2797,customer_2797,GB,2019-02-23
2798,customer_2798,JP,2022-10-24
2799,customer_2799,BR,2022-09-10
2800,customer_2800,DE,2024-07-27
2801,customer_2801,GB,2025-01-02
2802,customer_2802,DE,2020-02-07
2803,customer_2803,AU,2021-02-25
2804,customer_2804,NP,2020-06-03
2805,customer_2805,US,2019-09-24
2806,customer_2806,AU,2019-01-07
2807,customer_2807,IN,2019-07-25
2808,customer_2808,IN,2022-08-04
2809,customer_2809,GB,2020-01-15
2810,customer_2810,US,2020-05-01
2811,customer_2811,JP,2019-10-22
2812,customer_2812,IN,2023-12-16
2813,customer_2813,US,2023-05-09
2814,customer_2814,AU,2025-08-02
2815,customer_2815,US,2019-10-06
2816,customer_2816,NP,2020-06-05
2817,customer_2817,BR,2022-02-13
2818,customer_2818,GB,2023-06-11
2819,customer_2819,US,2019-11-22
2820,customer_2820,BR,2020-06-13
2821,customer_2821,JP,2021-11-19
2822,customer_2822,GB,2019-02-15
2823,customer_2823,US,2021-09-15
2824,customer_2824,AU,2024-03-11
2825,customer_2825,JP,2022-08-09
2826,customer_2826,GB,2021-12-21
2827,customer_2827,IN,2022-05-04
2828,customer_2828,AU,2025-06-24
2829,customer_2829,BR,2022-07-25
2830,customer_2830,US,2022-08-28
2831,customer_2831,AU,2025-05-16
2832,customer_2832,GB,2020-01-29
2833,customer_2833,IN,2019-08-28
2834,customer_2834,JP,2022-01-29
2835,customer_2835,DE,2021-03-07
2836,customer_2836,JP,2020-05-22
2837,customer_2837,AU,2019-10-26
2838,customer_2838,AU,2025-01-04
2839,customer_2839,US,2023-03-16
2840,customer_2840,AU,2023-09-24
2841,customer_2841,DE,2019-10-23
2842,customer_2842,BR,2021-05-03
2843,customer_2843,GB,2023-04-02
2844,customer_2844,DE,2022-08-12
2845,customer_2845,DE,2023-10-04
2846,customer_2846,DE,2023-08-01
2847,customer_2847,GB,2021-10-30
2848,customer_2848,DE,2024-05-11
2849,customer_2849,IN,2020-10-11
2850,customer_2850,IN,2019-07-20
2851,customer_2851,US,2025-04-02
2852,customer_2852,DE,2019-02-26
2853,customer_2853,NP,2020-12-10
2854,customer_2854,NP,2019-10-14
2855,customer_2855,BR,2020-08-02
2856,customer_2856,NP,2021-09-14
2857,customer_2857,JP,2019-11-21
2858,customer_2858,GB,2022-03-12
2859,customer_2859,BR,2025-05-07
2860,customer_2860,DE,2019-12-08
2861,customer_2861,US,2025-05-05
2862,customer_2862,AU,2021-10-24
2863,customer_2863,GB,2023-01-21
2864,customer_2864,JP,2022-01-09
2865,customer_2865,NP,2021-03-02
2866,customer_2866,NP,2019-09-30
2867,customer_2867,IN,2023-01-23
2868,customer_2868,US,2025-04-10
2869,customer_2869,GB,2022-07-25
2870,customer_2870,US,2023-02-06
2871,customer_2871,IN,2023-05-29
2872,customer_2872,AU,2021-08-29
2873,customer_2873,GB,2019-10-29
2874,customer_2874,US,2022-06-21
2875,customer_2875,DE,2024-12-12
2876,customer_2876,JP,2021-02-24
2877,customer_2877,BR,2024-12-18
2878,customer_2878,AU,2024-11-05
2879,customer_2879,GB,2020-09-04
2880,customer_2880,AU,2022-12-08
2881,customer_2881,NP,2024-02-12
2882,customer_2882,US,2022-05-22
2883,customer_2883,JP,2023-10-15
2884,customer_2884,NP,2025-03-27
2885,customer_2885,IN,2023-04-18
2886,customer_2886,US,2024-09-25
2887,customer_2887,AU,2024-06-25
2888,customer_2888,NP,2024-07-25
2889,customer_2889,US,2024-10-31
2890,customer_2890,US,2020-07-18
2891,customer_2891,US,2019-02-15
2892,customer_2892,JP,2020-01-18
2893,customer_2893,IN,2020-09-16
2894,customer_2894,AU,2023-09-22
2895,customer_2895,IN,2022-06-28
2896,customer_2896,JP,2022-03-17
2897,customer_2897,BR,2019-01-23
2898,customer_2898,BR,2023-09-06
2899,customer_2899,GB,2021-06-29
2900,customer_2900,US,2024-03-16
2901,customer_2901,JP,2019-10-09
2902,customer_2902,GB,2021-01-08
2903,customer_2903,GB,2019-05-17
2904,customer_2904,JP,2020-12-12
2905,customer_2905,BR,2025-04-27
2906,customer_2906,GB,2022-05-12
2907,customer_2907,JP,2022-01-03
2908,customer_2908,AU,2020-11-14
2909,customer_2909,US,2020-10-24
2910,customer_2910,IN,2023-07-27
2911,customer_2911,NP,2025-09-28
2912,customer_2912,NP,2024-02-10
2913,customer_2913,DE,2024-01-17
2914,customer_2914,US,2022-03-26
2915,customer_2915,DE,2019-09-04
2916,customer_2916,DE,2023-12-15
2917,customer_2917,JP,2024-07-14
2918,customer_2918,AU,2022-06-30
2919,customer_2919,GB,2019-08-17
2920,customer_2920,DE,2023-11-18
2921,customer_2921,IN,2025-04-21
2922,customer_2922,GB,2020-07-16
2923,customer_2923,NP,2020-02-03
2924,customer_2924,JP,2024-01-22
2925,customer_2925,DE,2021-04-09
2926,customer_2926,US,2023-11-23
2927,customer_2927,JP,2023-10-24
2928,customer_2928,IN,2020-10-28
2929,customer_2929,US,2019-04-16
2930,customer_2930,BR,2022-10-21
2931,customer_2931,US,2021-10-16
2932,customer_2932,BR,2024-11-08
2933,customer_2933,US,2021-06-13
2934,customer_2934,DE,2020-09-15
2935,customer_2935,GB,2024-11-20
2936,customer_2936,US,2024-01-14
2937,customer_2937,GB,2023-03-26
2938,customer_2938,BR,2025-07-12
2939,customer_2939,AU,2024-05-11
2940,customer_2940,US,2024-12-05
2941,customer_2941,BR,2024-06-20
2942,customer_2942,AU,2021-09-30
2943,customer_2943,GB,2019-06-05
2944,customer_2944,US,2023-02-27
2945,customer_2945,GB,2024-03-27
2946,customer_2946,NP,2025-10-15
2947,customer_2947,JP,2023-09-01
2948,customer_2948,DE,2022-11-22
2949,customer_2949,JP,2022-12-10
2950,customer_2950,JP,2019-10-15
2951,customer_2951,NP,2019-01-19
2952,customer_2952,JP,2019-04-24
2953,customer_2953,AU,2025-03-12
2954,customer_2954,DE,2024-05-29
2955,customer_2955,IN,2020-10-12
2956,customer_2956,AU,2021-11-25
2957,customer_2957,NP,2022-04-24
2958,customer_2958,DE,2020-09-09
2959,customer_2959,JP,2021-11-22
2960,customer_2960,DE,2021-05-19
2961,customer_2961,AU,2023-10-03
2962,customer_2962,DE,2024-03-08
2963,customer_2963,AU,2019-09-04
2964,customer_2964,NP,2022-03-09
2965,customer_2965,BR,2025-10-14
2966,customer_2966,JP,2024-12-11
2967,customer_2967,US,2024-06-07
2968,customer_2968,US,2024-01-12
2969,customer_2969,BR,2019-01-11
2970,customer_2970,BR,2025-09-01
2971,customer_2971,JP,2024-01-12
2972,customer_2972,NP,2025-01-30
2973,customer_2973,JP,2025-03-22
2974,customer_2974,AU,2020-09-28
2975,customer_2975,NP,2019-02-04
2976,customer_2976,DE,2023-07-06
2977,customer_2977,DE,2022-02-21
2978,customer_2978,AU,2019-02-21
2979,customer_2979,IN,2020-11-08
2980,customer_2980,DE,2025-10-13
2981,customer_2981,BR,2021-06-27
2982,customer_2982,NP,2020-10-14
2983,customer_2983,GB,2023-06-25
2984,customer_2984,GB,2023-07-20
2985,customer_2985,BR,2021-04-10
2986,customer_2986,BR,2024-10-23
2987,customer_2987,BR,2022-12-21
2988,customer_2988,GB,2020-02-06
2989,customer_2989,AU,2021-03-23
2990,customer_2990,DE,2024-10-20
2991,customer_2991,DE,2019-08-12
2992,customer_2992,BR,2019-01-31
2993,customer_2993,US,2023-06-30
2994,customer_2994,GB,2022-01-09
2995,customer_2995,GB,2020-09-24
2996,customer_2996,BR,2022-03-26
2997,customer_2997,IN,2020-04-03
2998,customer_2998,IN,2021-07-24
2999,customer_2999,DE,2020-08-07
3000,customer_3000,BR,2023-01-05
3001,customer_3001,GB,2023-08-12
3002,customer_3002,BR,2025-04-06
3003,customer_3003,AU,2019-06-19
3004,customer_3004,AU,2021-03-28
3005,customer_3005,BR,2020-10-23
3006,customer_3006,IN,2022-12-19
3007,customer_3007,JP,2022-08-25
3008,customer_3008,DE,2025-01-02
3009,customer_3009,BR,2025-04-16
3010,customer_3010,GB,2024-04-16
3011,customer_3011,IN,2020-05-12
3012,customer_3012,JP,2019-04-12
3013,customer_3013,NP,2025-02-25
3014,customer_3014,BR,2025-06-14
3015,customer_3015,DE,2020-09-17
3016,customer_3016,DE,2019-04-27
3017,customer_3017,JP,2023-08-29
3018,customer_3018,US,2023-01-11
3019,customer_3019,JP,2025-01-31
3020,customer_3020,BR,2022-12-09
3021,customer_3021,IN,2024-03-15
3022,customer_3022,US,2024-05-19
3023,customer_3023,DE,2019-01-25
3024,customer_3024,US,2020-01-07
3025,customer_3025,IN,2024-05-04
3026,customer_3026,BR,2020-03-24
3027,customer_3027,NP,2020-05-30
3028,customer_3028,BR,2024-02-24
3029,customer_3029,US,2020-05-26
3030,customer_3030,AU,2020-01-09
3031,customer_3031,BR,2019-02-03
3032,customer_3032,IN,2022-03-19
3033,customer_3033,JP,2023-05-12
3034,customer_3034,NP,2024-01-04
3035,customer_3035,NP,2025-03-13
3036,customer_3036,AU,2023-06-17
3037,customer_3037,GB,2024-03-06
3038,customer_3038,US,2020-06-10
3039,customer_3039,IN,2021-05-01
3040,customer_3040,US,2021-01-29
3041,customer_3041,DE,2019-06-12
3042,customer_3042,IN,2025-08-19
3043,customer_3043,IN,2020-08-26
3044,customer_3044,JP,2022-01-26
3045,customer_3045,US,2021-06-11
3046,customer_3046,AU,2019-04-22
3047,customer_3047,BR,2025-03-08
3048,customer_3048,GB,2020-07-02
3049,customer_3049,US,2019-09-09
3050,customer_3050,BR,2021-05-06
3051,customer_3051,GB,2019-12-26
3052,customer_3052,US,2025-11-03
3053,customer_3053,GB,2020-04-17
3054,customer_3054,IN,2021-01-26
3055,customer_3055,GB,2020-11-08
3056,customer_3056,DE,2019-03-07
3057,customer_3057,GB,2019-02-02
3058,customer_3058,US,2022-07-06
3059,customer_3059,DE,2020-08-04
3060,customer_3060,IN,2019-07-29
3061,customer_3061,US,2020-12-29
3062,customer_3062,IN,2020-11-16
3063,customer_3063,DE,2021-11-26
3064,customer_3064,US,2025-10-16
3065,customer_3065,BR,2021-02-06
3066,customer_3066,JP,2023-10-28
3067,customer_3067,GB,2024-04-05
3068,customer_3068,BR,2019-05-07
3069,customer_3069,US,2022-06-07
3070,customer_3070,NP,2022-01-26
3071,customer_3071,DE,2022-06-23
3072,customer_3072,DE,2020-03-05
3073,customer_3073,US,2022-03-08
3074,customer_3074,GB,2019-11-04
3075,customer_3075,JP,2025-06-22
3076,customer_3076,BR,2023-01-07
3077,customer_3077,NP,2019-03-28
3078,customer_3078,GB,2022-06-18
3079,customer_3079,US,2025-05-04
3080,customer_3080,DE,2024-02-01
3081,customer_3081,DE,2020-11-13
3082,customer_3082,GB,2025-02-08
3083,customer_3083,IN,2020-04-08
3084,customer_3084,US,2020-09-08
3085,customer_3085,IN,2020-01-23
3086,customer_3086,IN,2025-04-26
3087,customer_3087,US,2023-11-28
3088,customer_3088,US,2022-07-18
3089,customer_3089,US,2023-07-28
3090,customer_3090,DE,2020-10-09
3091,customer_3091,IN,2019-06-26
3092,customer_3092,DE,2024-10-15
3093,customer_3093,BR,2025-08-07
3094,customer_3094,US,2019-03-30
3095,customer_3095,AU,2019-05-10
3096,customer_3096,GB,2022-10-30
3097,customer_3097,US,2019-04-18
3098,customer_3098,IN,2023-12-10
3099,customer_3099,US,2025-06-21
3100,customer_3100,IN,2020-11-30
3101,customer_3101,IN,2021-01-05
3102,customer_3102,US,2024-11-28
3103,customer_3103,NP,2021-06-09
3104,customer_3104,DE,2020-08-23
3105,customer_3105,BR,2019-07-30
3106,customer_3106,IN,2024-09-30
3107,customer_3107,GB,2025-05-03
3108,customer_3108,IN,2019-07-16
3109,customer_3109,AU,2024-06-30
3110,customer_3110,US,2020-02-04
3111,customer_3111,JP,2019-12-14
3112,customer_3112,GB,2021-08-10
3113,customer_3113,NP,2021-12-27
3114,customer_3114,AU,2024-11-05
3115,customer_3115,IN,2023-10-16
3116,customer_3116,DE,2019-12-28
3117,customer_3117,BR,2022-12-31
3118,customer_3118,BR,2024-12-28
3119,customer_3119,NP,2023-07-14
3120,customer_3120,GB,2020-07-28
3121,customer_3121,JP,2019-11-19
3122,customer_3122,AU,2022-02-05
3123,customer_3123,DE,2022-03-26
3124,customer_3124,JP,2021-05-31
3125,customer_3125,DE,2019-10-01
3126,customer_3126,AU,2019-10-23
3127,customer_3127,GB,2022-08-15
3128,customer_3128,AU,2025-06-18
3129,customer_3129,JP,2023-02-03
3130,customer_3130,GB,2021-12-31
3131,customer_3131,IN,2025-05-17
3132,customer_3132,DE,2023-09-22
3133,customer_3133,GB,2023-11-30
3134,customer_3134,NP,2022-12-09
3135,customer_3135,BR,2024-03-22
3136,customer_3136,NP,2022-06-08
3137,customer_3137,JP,2023-04-05
3138,customer_3138,DE,2023-03-22
3139,customer_3139,DE,2024-02-25
3140,customer_3140,DE,2025-02-23
3141,customer_3141,DE,2021-01-05
3142,customer_3142,DE,2023-10-15
3143,customer_3143,DE,2019-03-21
3144,customer_3144,JP,2022-08-24
3145,customer_3145,GB,2025-02-24
3146,customer_3146,JP,2023-06-01
3147,customer_3147,BR,2020-10-31
3148,customer_3148,GB,2023-02-24
3149,customer_3149,AU,2021-06-13
3150,customer_3150,NP,2021-12-18
3151,customer_3151,BR,2020-07-24
3152,customer_3152,US,2023-04-11
3153,customer_3153,US,2020-05-10
3154,customer_3154,GB,2022-01-13
3155,customer_3155,NP,2025-06-06
3156,customer_3156,GB,2024-03-09
3157,customer_3157,GB,2021-11-01
3158,customer_3158,AU,2025-08-19
3159,customer_3159,BR,2019-02-04
3160,customer_3160,GB,2025-07-27
3161,customer_3161,NP,2021-05-30
3162,customer_3162,AU,2024-08-13
3163,customer_3163,US,2025-06-26
3164,customer_3164,IN,2023-02-13
3165,customer_3165,US,2023-03-07
3166,customer_3166,DE,2024-02-17
3167,customer_3167,BR,2020-08-22
3168,customer_3168,IN,2020-03-21
3169,customer_3169,GB,2021-05-09
3170,customer_3170,JP,2022-04-12
3171,customer_3171,BR,2024-02-01
3172,customer_3172,AU,2020-10-05
3173,customer_3173,DE,2022-11-12
3174,customer_3174,IN,2019-01-09
3175,customer_3175,AU,2019-03-19
3176,customer_3176,JP,2025-08-13
3177,customer_3177,JP,2024-10-26
3178,customer_3178,IN,2024-11-29
3179,customer_3179,US,2021-04-01
3180,customer_3180,US,2022-07-08
3181,customer_3181,US,2023-08-14
3182,customer_3182,US,2020-09-27
3183,customer_3183,BR,2024-02-05
3184,customer_3184,NP,2023-09-29
3185,customer_3185,BR,2021-10-15
3186,customer_3186,AU,2021-12-23
3187,customer_3187,GB,2021-02-07
3188,customer_3188,DE,2024-07-01
3189,customer_3189,NP,2025-10-03
3190,customer_3190,GB,2025-11-03
3191,customer_3191,NP,2024-04-12
3192,customer_3192,BR,2021-05-22
3193,customer_3193,BR,2024-05-06
3194,customer_3194,US,2020-09-03
3195,customer_3195,BR,2025-02-19
3196,customer_3196,US,2020-10-30
3197,customer_3197,US,2021-10-04
3198,customer_3198,GB,2019-08-22
3199,customer_3199,AU,2019-07-23
3200,customer_3200,IN,2021-09-12
3201,customer_3201,AU,2022-10-07
3202,customer_3202,AU,2019-02-13
3203,customer_3203,GB,2024-10-16
3204,customer_3204,US,2019-10-13
3205,customer_3205,IN,2025-11-01
3206,customer_3206,BR,2020-11-10
3207,customer_3207,AU,2021-08-05
3208,customer_3208,GB,2020-02-04
3209,customer_3209,DE,2024-08-23
3210,customer_3210,US,2024-01-05
3211,customer_3211,AU,2019-07-16
3212,customer_3212,IN,2019-09-22
3213,customer_3213,IN,2023-03-03
3214,customer_3214,AU,2024-12-04
3215,customer_3215,JP,2019-10-02
3216,customer_3216,IN,2020-07-06
3217,customer_3217,NP,2022-09-25
3218,customer_3218,DE,2019-09-29
3219,customer_3219,AU,2021-01-31
3220,customer_3220,DE,2019-01-26
3221,customer_3221,BR,2022-06-01
3222,customer_3222,IN,2023-11-24
3223,customer_3223,GB,2021-10-26
3224,customer_3224,GB,2020-10-03
3225,customer_3225,JP,2021-11-26
3226,customer_3226,GB,2022-06-27
3227,customer_3227,JP,2020-02-19
3228,customer_3228,DE,2019-10-07
3229,customer_3229,BR,2020-03-30
3230,customer_3230,GB,2025-09-29
3231,customer_3231,GB,2023-12-13
3232,customer_3232,US,2019-11-10
3233,customer_3233,BR,2021-01-23
3234,customer_3234,NP,2021-10-26
3235,customer_3235,JP,2020-03-29
3236,customer_3236,JP,2024-10-30
3237,customer_3237,IN,2025-06-09
3238,customer_3238,AU,2020-09-04
3239,customer_3239,AU,2019-02-11
3240,customer_3240,NP,2020-10-29
3241,customer_3241,US,2022-12-27
3242,customer_3242,US,2024-07-14
3243,customer_3243,AU,2021-04-28
3244,customer_3244,JP,2020-11-14
3245,customer_3245,BR,2020-09-14
3246,customer_3246,GB,2019-01-08
3247,customer_3247,GB,2019-02-05
3248,customer_3248,NP,2021-12-05
3249,customer_3249,US,2023-03-24
3250,customer_3250,DE,2019-02-01
3251,customer_3251,IN,2020-05-15
3252,customer_3252,BR,2025-03-24
3253,customer_3253,US,2025-10-11
3254,customer_3254,IN,2023-05-24
3255,customer_3255,US,2022-07-28
3256,customer_3256,US,2022-12-28
3257,customer_3257,US,2021-07-15
3258,customer_3258,US,2020-05-18
3259,customer_3259,JP,2021-07-28
3260,customer_3260,DE,2023-10-16
3261,customer_3261,DE,2023-07-15
3262,customer_3262,DE,2023-08-21
3263,customer_3263,BR,2023-03-02
3264,customer_3264,GB,2019-06-01
3265,customer_3265,JP,2023-04-16
3266,customer_3266,BR,2025-01-11
3267,customer_3267,BR,2023-06-11
3268,customer_3268,BR,2022-12-19
3269,customer_3269,US,2020-07-13
3270,customer_3270,AU,2024-06-04
3271,customer_3271,US,2022-02-02
3272,customer_3272,DE,2020-10-19
3273,customer_3273,BR,2022-05-09
3274,customer_3274,DE,2019-11-02
3275,customer_3275,US,2025-05-04
3276,customer_3276,AU,2023-10-23
3277,customer_3277,NP,2021-03-27
3278,customer_3278,US,2024-06-07
3279,customer_3279,AU,2019-05-16
3280,customer_3280,BR,2021-08-23
3281,customer_3281,NP,2023-06-17
3282,customer_3282,GB,2019-03-01
3283,customer_3283,AU,2023-11-07
3284,customer_3284,NP,2024-08-07
3285,customer_3285,DE,2023-01-25
3286,customer_3286,DE,2020-05-30
3287,customer_3287,US,2024-02-16
3288,customer_3288,US,2021-04-27
3289,customer_3289,US,2024-01-14
3290,customer_3290,US,2023-04-20
3291,customer_3291,DE,2019-08-22
3292,customer_3292,DE,2019-09-07
3293,customer_3293,US,2019-02-07
3294,customer_3294,IN,2019-06-29
3295,customer_3295,US,2021-01-19
3296,customer_3296,GB,2019-03-06
3297,customer_3297,US,2025-06-04
3298,customer_3298,AU,2025-04-10
3299,customer_3299,JP,2020-03-07
3300,customer_3300,GB,2021-02-17
3301,customer_3301,BR,2024-01-30
3302,customer_3302,IN,2023-07-10
3303,customer_3303,JP,2022-12-25
3304,customer_3304,IN,2025-10-09
3305,customer_3305,NP,2023-04-24
3306,customer_3306,IN,2023-08-01
3307,customer_3307,IN,2022-06-09
3308,customer_3308,US,2022-08-05
3309,customer_3309,NP,2020-12-28
3310,customer_3310,AU,2022-07-26
3311,customer_3311,JP,2025-04-14
3312,customer_3312,DE,2021-07-31
3313,customer_3313,AU,2019-11-30
3314,customer_3314,US,2023-02-08
3315,customer_3315,DE,2024-05-16
3316,customer_3316,GB,2025-07-24
3317,customer_3317,BR,2022-09-17
3318,customer_3318,DE,2024-05-24
3319,customer_3319,IN,2020-09-18
3320,customer_3320,NP,2021-11-26
3321,customer_3321,NP,2021-11-13
3322,customer_3322,US,2021-04-11
3323,customer_3323,GB,2023-11-26
3324,customer_3324,BR,2025-01-17
3325,customer_3325,DE,2021-03-27
3326,customer_3326,GB,2019-12-06
3327,customer_3327,US,2024-08-25
3328,customer_3328,US,2024-10-24
3329,customer_3329,DE,2025-05-26
3330,customer_3330,AU,2020-09-29
3331,customer_3331,JP,2023-12-03
3332,customer_3332,GB,2023-11-25
3333,customer_3333,US,2024-05-29
3334,customer_3334,GB,2024-07-08
3335,customer_3335,NP,2025-07-09
3336,customer_3336,US,2022-04-07
3337,customer_3337,JP,2019-07-09
3338,customer_3338,NP,2020-04-25
3339,customer_3339,GB,2025-01-25
3340,customer_3340,GB,2024-10-12
3341,customer_3341,JP,2019-01-28
3342,customer_3342,IN,2021-07-07
3343,customer_3343,NP,2020-09-04
3344,customer_3344,JP,2021-03-12
3345,customer_3345,JP,2023-05-16
3346,customer_3346,GB,2022-06-29
3347,customer_3347,JP,2022-04-17
3348,customer_3348,US,2021-12-23
3349,customer_3349,NP,2023-05-24
3350,customer_3350,GB,2023-09-04
3351,customer_3351,US,2019-04-19
3352,customer_3352,AU,2019-12-09
3353,customer_3353,NP,2021-05-02
3354,customer_3354,BR,2021-12-25
3355,customer_3355,AU,2025-10-26
3356,customer_3356,DE,2025-02-07
3357,customer_3357,NP,2023-06-10
3358,customer_3358,AU,2019-04-01
3359,customer_3359,US,2019-09-09
3360,customer_3360,JP,2022-02-17
3361,customer_3361,AU,2023-01-07
3362,customer_3362,BR,2023-07-10
3363,customer_3363,NP,2019-12-21
3364,customer_3364,GB,2025-01-28
3365,customer_3365,US,2022-05-18
3366,customer_3366,BR,2023-01-24
3367,customer_3367,JP,2019-04-09
3368,customer_3368,IN,2024-08-23
3369,customer_3369,DE,2022-09-19
3370,customer_3370,NP,2020-07-10
3371,customer_3371,AU,2021-03-08
3372,customer_3372,US,2021-06-01
3373,customer_3373,IN,2019-03-09
3374,customer_3374,JP,2025-06-13
3375,customer_3375,BR,2024-06-30
3376,customer_3376,JP,2025-01-23
3377,customer_3377,JP,2021-06-03
3378,customer_3378,JP,2022-10-26
3379,customer_3379,GB,2022-02-19
3380,customer_3380,DE,2022-04-03
3381,customer_3381,GB,2023-01-12
3382,customer_3382,GB,2022-02-01
3383,customer_3383,AU,2024-04-17
3384,customer_3384,AU,2019-05-27
3385,customer_3385,GB,2020-04-26
3386,customer_3386,US,2025-02-08
3387,customer_3387,GB,2025-01-14
3388,customer_3388,BR,2024-08-07
3389,customer_3389,IN,2021-07-10
3390,customer_3390,BR,2022-02-14
3391,customer_3391,IN,2019-03-05
3392,customer_3392,JP,2020-11-29
3393,customer_3393,GB,2023-12-22
3394,customer_3394,US,2021-05-07
3395,customer_3395,IN,2022-04-15
3396,customer_3396,GB,2019-11-04
3397,customer_3397,DE,2022-05-25
3398,customer_3398,AU,2023-12-10
3399,customer_3399,NP,2022-12-01
3400,customer_3400,BR,2022-10-23
3401,customer_3401,GB,2025-04-05
3402,customer_3402,AU,2020-08-08
3403,customer_3403,US,2021-01-18
3404,customer_3404,AU,2023-04-07
3405,customer_3405,DE,2022-04-15
3406,customer_3406,IN,2025-09-14
3407,customer_3407,IN,2019-05-30
3408,customer_3408,BR,2019-11-02
3409,customer_3409,BR,2021-05-04
3410,customer_3410,DE,2022-02-20
3411,customer_3411,NP,2025-02-04
3412,customer_3412,AU,2022-05-20
3413,customer_3413,US,2021-12-28
3414,customer_3414,NP,2020-02-21
3415,customer_3415,JP,2021-12-21
3416,customer_3416,DE,2022-08-21
3417,customer_3417,JP,2022-12-30
3418,customer_3418,AU,2023-02-23
3419,customer_3419,NP,2021-12-10
3420,customer_3420,IN,2020-01-29
3421,customer_3421,JP,2020-01-17
3422,customer_3422,GB,2020-01-22
3423,customer_3423,JP,2023-03-27
3424,customer_3424,DE,2024-11-10
3425,customer_3425,JP,2025-01-16
3426,customer_3426,AU,2021-02-17
3427,customer_3427,DE,2019-07-19
3428,customer_3428,AU,2023-04-25
3429,customer_3429,GB,2019-04-06
3430,customer_3430,IN,2023-04-16
3431,customer_3431,US,2021-08-15
3432,customer_3432,GB,2024-09-28
3433,customer_3433,US,2023-04-13
3434,customer_3434,IN,2024-01-24
3435,customer_3435,US,2021-10-11
3436,customer_3436,JP,2024-10-02
3437,customer_3437,IN,2022-08-05
3438,customer_3438,BR,2023-04-13
3439,customer_3439,AU,2021-06-20
3440,customer_3440,GB,2022-01-28
3441,customer_3441,AU,2024-10-01
3442,customer_3442,NP,2021-09-10
3443,customer_3443,DE,2019-02-23
3444,customer_3444,US,2021-08-05
3445,customer_3445,AU,2021-09-06
3446,customer_3446,BR,2021-11-11
3447,customer_3447,IN,2019-06-26
3448,customer_3448,JP,2019-11-20
3449,customer_3449,JP,2021-03-21
3450,customer_3450,DE,2021-11-25
3451,customer_3451,DE,2019-03-14
3452,customer_3452,NP,2021-08-31
3453,customer_3453,DE,2021-03-11
3454,customer_3454,IN,2019-03-28
3455,customer_3455,GB,2020-09-18
3456,customer_3456,GB,2020-11-18
3457,customer_3457,GB,2019-12-25
3458,customer_3458,NP,2024-02-23
3459,customer_3459,GB,2019-06-30
3460,customer_3460,DE,2022-12-15
3461,customer_3461,DE,2023-07-22
3462,customer_3462,AU,2024-07-08
3463,customer_3463,GB,2022-09-25
3464,customer_3464,NP,2022-09-18
3465,customer_3465,IN,2024-03-17
3466,customer_3466,BR,2024-11-05
3467,customer_3467,JP,2020-06-11
3468,customer_3468,IN,2024-06-13
3469,customer_3469,JP,2022-03-01
3470,customer_3470,GB,2019-09-03
3471,customer_3471,US,2023-03-12
3472,customer_3472,BR,2025-09-08
3473,customer_3473,BR,2019-12-18
3474,customer_3474,AU,2019-02-06
3475,customer_3475,IN,2025-04-10
3476,customer_3476,US,2023-02-01
3477,customer_3477,JP,2020-07-01
3478,customer_3478,JP,2024-06-04
3479,customer_3479,DE,2021-09-11
3480,customer_3480,GB,2021-04-09
3481,customer_3481,GB,2020-12-25
3482,customer_3482,US,2023-02-05
3483,customer_3483,GB,2019-12-03
3484,customer_3484,US,2021-06-24
3485,customer_3485,DE,2021-02-01
3486,customer_3486,NP,2019-06-01
3487,customer_3487,IN,2024-03-22
3488,customer_3488,AU,2019-01-22
3489,customer_3489,DE,2025-07-27
3490,customer_3490,BR,2019-08-26
3491,customer_3491,NP,2021-06-14
3492,customer_3492,BR,2019-09-04
3493,customer_3493,IN,2021-07-06
3494,customer_3494,BR,2023-03-08
3495,customer_3495,AU,2019-08-07
3496,customer_3496,JP,2022-08-07
3497,customer_3497,NP,2024-04-13
3498,customer_3498,DE,2022-02-12
3499,customer_3499,NP,2019-10-09
3500,customer_3500,DE,2023-09-26
3501,customer_3501,NP,2020-04-11
3502,customer_3502,BR,2019-02-12
3503,customer_3503,IN,2021-12-27
3504,customer_3504,US,2020-11-08
3505,customer_3505,NP,2019-03-13
3506,customer_3506,AU,2024-04-27
3507,customer_3507,GB,2023-02-08
3508,customer_3508,GB,2025-03-24
3509,customer_3509,NP,2022-04-15
3510,customer_3510,IN,2021-12-31
3511,customer_3511,AU,2024-10-07
3512,customer_3512,JP,2019-07-23
3513,customer_3513,US,2021-06-23
3514,customer_3514,US,2024-06-19
3515,customer_3515,IN,2021-01-01
3516,customer_3516,AU,2025-01-21
3517,customer_3517,US,2020-12-11
3518,customer_3518,AU,2021-10-31
3519,customer_3519,BR,2025-02-21
3520,customer_3520,AU,2020-08-31
3521,customer_3521,GB,2025-08-17
3522,customer_3522,IN,2019-04-20
3523,customer_3523,GB,2020-10-26
3524,customer_3524,US,2023-01-17
3525,customer_3525,IN,2023-01-25
3526,customer_3526,US,2025-03-24
3527,customer_3527,US,2025-07-27
3528,customer_3528,NP,2023-08-22
3529,customer_3529,US,2023-07-08
3530,customer_3530,NP,2021-03-04
3531,customer_3531,DE,2024-07-07
3532,customer_3532,NP,2023-05-27
3533,customer_3533,NP,2019-03-02
3534,customer_3534,AU,2024-09-11
3535,customer_3535,NP,2021-06-18
3536,customer_3536,NP,2022-04-04
3537,customer_3537,NP,2022-04-30
3538,customer_3538,US,2024-08-11
3539,customer_3539,JP,2020-10-31
3540,customer_3540,GB,2021-09-06
3541,customer_3541,BR,2019-04-08
3542,customer_3542,JP,2021-05-21
3543,customer_3543,NP,2019-08-09
3544,customer_3544,GB,2022-12-28
3545,customer_3545,NP,2025-02-10
3546,customer_3546,BR,2022-03-07
3547,customer_3547,DE,2025-03-30
3548,customer_3548,AU,2025-09-08
3549,customer_3549,IN,2019-05-15
3550,customer_3550,BR,2022-07-14
3551,customer_3551,DE,2022-08-13
3552,customer_3552,JP,2021-08-20
3553,customer_3553,AU,2024-09-07
3554,customer_3554,BR,2021-09-14
3555,customer_3555,DE,2019-05-18
3556,customer_3556,DE,2022-10-01
3557,customer_3557,BR,2020-05-19
3558,customer_3558,IN,2021-06-06
3559,customer_3559,US,2022-06-08
3560,customer_3560,DE,2023-12-13
3561,customer_3561,NP,2020-11-26
3562,customer_3562,US,2021-08-09
3563,customer_3563,DE,2019-06-19
3564,customer_3564,GB,2021-08-18
3565,customer_3565,GB,2022-12-21
3566,customer_3566,IN,2023-03-23
3567,customer_3567,DE,2021-01-03
3568,customer_3568,US,2019-06-02
3569,customer_3569,GB,2022-12-14
3570,customer_3570,US,2023-06-27
3571,customer_3571,GB,2019-08-01
3572,customer_3572,GB,2022-06-16
3573,customer_3573,BR,2019-08-26
3574,customer_3574,IN,2022-02-06
3575,customer_3575,AU,2023-05-22
3576,customer_3576,BR,2023-12-04
3577,customer_3577,BR,2023-11-20
3578,customer_3578,GB,2024-03-10
3579,customer_3579,AU,2020-08-26
3580,customer_3580,NP,2024-10-16
3581,customer_3581,AU,2021-05-24
3582,customer_3582,GB,2021-07-26
3583,customer_3583,US,2024-05-22
3584,customer_3584,IN,2021-03-28
3585,customer_3585,GB,2019-07-07
3586,customer_3586,US,2023-11-21
3587,customer_3587,DE,2023-07-14
3588,customer_3588,BR,2022-12-25
3589,customer_3589,BR,2019-12-25
3590,customer_3590,AU,2023-04-29
3591,customer_3591,NP,2020-05-11
3592,customer_3592,IN,2022-10-20
3593,customer_3593,AU,2022-06-23
3594,customer_3594,JP,2024-04-15
3595,customer_3595,US,2025-09-07
3596,customer_3596,IN,2020-04-20
3597,customer_3597,IN,2019-10-14
3598,customer_3598,JP,2022-10-21
3599,customer_3599,IN,2025-07-07
3600,customer_3600,JP,2020-01-31
3601,customer_3601,DE,2022-05-03
3602,customer_3602,JP,2021-10-15
3603,customer_3603,US,2021-03-06
3604,customer_3604,JP,2023-07-18
3605,customer_3605,AU,2021-01-08
3606,customer_3606,US,2022-05-17
3607,customer_3607,IN,2024-10-14
3608,customer_3608,BR,2021-08-06
3609,customer_3609,JP,2019-02-22
3610,customer_3610,BR,2025-01-21
3611,customer_3611,JP,2020-11-17
3612,customer_3612,BR,2024-04-16
3613,customer_3613,JP,2024-03-21
3614,customer_3614,NP,2022-08-08
3615,customer_3615,GB,2019-08-08
3616,customer_3616,DE,2025-07-03
3617,customer_3617,NP,2023-08-30
3618,customer_3618,DE,2021-11-26
3619,customer_3619,DE,2024-11-04
3620,customer_3620,NP,2024-05-24
3621,customer_3621,AU,2024-03-15
3622,customer_3622,US,2020-02-24
3623,customer_3623,IN,2023-05-02
3624,customer_3624,DE,2020-12-15
3625,customer_3625,GB,2019-07-16
3626,customer_3626,BR,2021-04-25
3627,customer_3627,GB,2019-09-18
3628,customer_3628,US,2019-09-22
3629,customer_3629,GB,2023-12-23
3630,customer_3630,GB,2022-06-08
3631,customer_3631,DE,2021-09-21
3632,customer_3632,JP,2020-04-25
3633,customer_3633,NP,2024-04-11
3634,customer_3634,GB,2023-05-05
3635,customer_3635,AU,2023-01-03
3636,customer_3636,DE,2020-04-20
3637,customer_3637,JP,2019-11-05
3638,customer_3638,DE,2019-11-05
3639,customer_3639,NP,2019-03-04
3640,customer_3640,JP,2025-08-19
3641,customer_3641,BR,2021-07-08
3642,customer_3642,AU,2023-07-04
3643,customer_3643,AU,2025-09-21
3644,customer_3644,DE,2025-05-30
3645,customer_3645,AU,2021-03-12
3646,customer_3646,JP,2022-05-09
3647,customer_3647,BR,2022-03-03
3648,customer_3648,JP,2019-03-25
3649,customer_3649,AU,2024-04-04
3650,customer_3650,BR,2022-12-06
3651,customer_3651,NP,2021-07-17
3652,customer_3652,NP,2022-10-27
3653,customer_3653,DE,2024-01-13
3654,customer_3654,JP,2019-02-07
3655,customer_3655,BR,2023-06-04
3656,customer_3656,DE,2024-11-23
3657,customer_3657,JP,2023-12-22
3658,customer_3658,AU,2023-03-30
3659,customer_3659,IN,2019-08-15
3660,customer_3660,DE,2024-02-05
3661,customer_3661,JP,2024-02-20
3662,customer_3662,DE,2022-05-19
3663,customer_3663,AU,2022-12-27
3664,customer_3664,AU,2023-03-27
3665,customer_3665,JP,2019-10-30
3666,customer_3666,DE,2020-10-05
3667,customer_3667,JP,2024-06-03
3668,customer_3668,US,2025-08-31
3669,customer_3669,DE,2020-11-06
3670,customer_3670,US,2021-09-28
3671,customer_3671,US,2025-04-07
3672,customer_3672,NP,2020-02-10
3673,customer_3673,JP,2020-10-14
3674,customer_3674,NP,2019-05-20
3675,customer_3675,BR,2020-08-09
3676,customer_3676,DE,2023-05-10
3677,customer_3677,IN,2021-05-20
3678,customer_3678,GB,2025-09-24
3679,customer_3679,JP,2025-02-06
3680,customer_3680,BR,2025-02-17
3681,customer_3681,BR,2023-12-21
3682,customer_3682,NP,2023-10-22
3683,customer_3683,US,2022-06-28
3684,customer_3684,JP,2025-10-12
3685,customer_3685,AU,2019-08-27
3686,customer_3686,US,2023-12-13
3687,customer_3687,NP,2019-12-17
3688,customer_3688,AU,2021-04-28
3689,customer_3689,AU,2020-10-01
3690,customer_3690,US,2023-02-12
3691,customer_3691,DE,2024-05-22
3692,customer_3692,BR,2019-07-19
3693,customer_3693,US,2023-02-13
3694,customer_3694,IN,2020-07-08
3695,customer_3695,DE,2019-07-12
3696,customer_3696,BR,2021-11-09
3697,customer_3697,IN,2022-12-24
3698,customer_3698,DE,2020-05-19
3699,customer_3699,IN,2021-09-01
3700,customer_3700,GB,2025-07-11
3701,customer_3701,US,2021-05-16
3702,customer_3702,US,2025-10-24
3703,customer_3703,US,2024-09-16
3704,customer_3704,AU,2021-07-16
3705,customer_3705,AU,2022-12-13
3706,customer_3706,JP,2023-11-09
3707,customer_3707,US,2022-03-07
3708,customer_3708,GB,2021-10-16
3709,customer_3709,DE,2021-04-04
3710,customer_3710,GB,2019-12-15
3711,customer_3711,IN,2019-03-04
3712,customer_3712,AU,2021-04-22
3713,customer_3713,GB,2024-06-12
3714,customer_3714,US,2020-08-06
3715,customer_3715,BR,2020-03-25
3716,customer_3716,IN,2021-03-31
3717,customer_3717,IN,2023-02-06
3718,customer_3718,IN,2020-06-21
3719,customer_3719,BR,2020-07-04
3720,customer_3720,IN,2019-10-08
3721,customer_3721,BR,2021-04-10
3722,customer_3722,JP,2020-06-27
3723,customer_3723,GB,2024-09-09
3724,customer_3724,AU,2025-03-14
3725,customer_3725,NP,2021-07-15
3726,customer_3726,AU,2019-08-02
3727,customer_3727,NP,2019-08-07
3728,customer_3728,JP,2021-03-22
3729,customer_3729,IN,2022-03-04
3730,customer_3730,BR,2022-08-14
3731,customer_3731,BR,2021-01-30
3732,customer_3732,GB,2021-06-05
3733,customer_3733,DE,2020-12-10
3734,customer_3734,AU,2022-07-18
3735,customer_3735,IN,2023-10-09
3736,customer_3736,US,2019-04-19
3737,customer_3737,DE,2022-04-11
3738,customer_3738,JP,2023-06-10
3739,customer_3739,BR,2023-08-09
3740,customer_3740,GB,2022-11-09
3741,customer_3741,US,2022-08-05
3742,customer_3742,IN,2023-08-30
3743,customer_3743,AU,2021-08-03
3744,customer_3744,DE,2022-11-19
3745,customer_3745,US,2021-03-09
3746,customer_3746,AU,2021-12-30
3747,customer_3747,DE,2019-11-07
3748,customer_3748,AU,2021-05-25
3749,customer_3749,AU,2019-12-22
3750,customer_3750,AU,2020-07-20
3751,customer_3751,JP,2021-11-14
3752,customer_3752,GB,2022-06-04
3753,customer_3753,AU,2025-06-12
3754,customer_3754,IN,2019-03-07
3755,customer_3755,NP,2025-02-24
3756,customer_3756,IN,2021-03-31
3757,customer_3757,BR,2023-12-16
3758,customer_3758,JP,2023-08-22
3759,customer_3759,NP,2025-08-24
3760,customer_3760,JP,2019-09-29
3761,customer_3761,US,2025-08-14
3762,customer_3762,JP,2019-06-07
3763,customer_3763,JP,2025-01-02
3764,customer_3764,BR,2023-06-19
3765,customer_3765,DE,2022-04-19
3766,customer_3766,DE,2021-09-21
3767,customer_3767,BR,2019-08-22
3768,customer_3768,BR,2024-06-27
3769,customer_3769,GB,2023-12-25
3770,customer_3770,IN,2025-06-01
3771,customer_3771,DE,2024-01-01
3772,customer_3772,IN,2025-07-20
3773,customer_3773,JP,2025-01-26
3774,customer_3774,US,2021-11-29
3775,customer_3775,DE,2023-10-26
3776,customer_3776,US,2020-10-22
3777,customer_3777,JP,2024-06-11
3778,customer_3778,GB,2023-03-02
3779,customer_3779,AU,2022-01-05
3780,customer_3780,DE,2023-04-20
3781,customer_3781,NP,2020-11-23
3782,customer_3782,US,2023-04-05
3783,customer_3783,NP,2022-04-02
3784,customer_3784,GB,2021-03-15
3785,customer_3785,AU,2025-09-04
3786,customer_3786,JP,2019-06-09
3787,customer_3787,US,2024-03-09
3788,customer_3788,NP,2020-06-09
3789,customer_3789,AU,2020-07-10
3790,customer_3790,IN,2020-01-22
3791,customer_3791,NP,2019-09-14
3792,customer_3792,US,2019-11-06
3793,customer_3793,IN,2024-09-12
3794,customer_3794,BR,2025-05-04
3795,customer_3795,AU,2023-01-01
3796,customer_3796,IN,2019-02-04
3797,customer_3797,BR,2024-12-01
3798,customer_3798,NP,2023-02-13
3799,customer_3799,NP,2022-07-26
3800,customer_3800,NP,2025-06-26
3801,customer_3801,AU,2021-10-21
3802,customer_3802,JP,2021-06-19
3803,customer_3803,GB,2024-05-03
3804,customer_3804,NP,2022-08-10
3805,customer_3805,NP,2023-11-28
3806,customer_3806,GB,2023-10-06
3807,customer_3807,NP,2024-09-29
3808,customer_3808,US,2021-03-03
3809,customer_3809,JP,2019-06-30
3810,customer_3810,JP,2022-04-09
3811,customer_3811,US,2023-06-07
3812,customer_3812,DE,2024-08-04
3813,customer_3813,BR,2020-10-29
3814,customer_3814,DE,2024-02-07
3815,customer_3815,DE,2024-09-11
3816,customer_3816,NP,2024-07-14
3817,customer_3817,DE,2024-07-13
3818,customer_3818,GB,2025-10-04
3819,customer_3819,BR,2023-07-11
3820,customer_3820,AU,2021-07-14
3821,customer_3821,US,2021-12-27
3822,customer_3822,NP,2024-02-11
3823,customer_3823,JP,2020-08-14
3824,customer_3824,US,2023-02-15
3825,customer_3825,JP,2022-12-02
3826,customer_3826,AU,2023-07-25
3827,customer_3827,IN,2021-11-19
3828,customer_3828,JP,2024-01-24
3829,customer_3829,BR,2019-06-28
3830,customer_3830,US,2024-02-18
3831,customer_3831,AU,2024-07-22
3832,customer_3832,US,2025-01-23
3833,customer_3833,GB,2025-04-25
3834,customer_3834,BR,2021-05-23
3835,customer_3835,US,2019-04-26
3836,customer_3836,BR,2023-06-22
3837,customer_3837,US,2019-08-14
3838,customer_3838,JP,2020-12-01
3839,customer_3839,AU,2023-10-23
3840,customer_3840,AU,2023-01-26
3841,customer_3841,GB,2023-02-25
3842,customer_3842,DE,2024-02-21
3843,customer_3843,JP,2020-02-16
3844,customer_3844,IN,2024-05-31
3845,customer_3845,AU,2023-01-06
3846,customer_3846,DE,2021-11-16
3847,customer_3847,GB,2022-03-05
3848,customer_3848,IN,2022-06-25
3849,customer_3849,BR,2022-10-07
3850,customer_3850,US,2021-04-14
3851,customer_3851,BR,2020-07-11
3852,customer_3852,NP,2020-02-27
3853,customer_3853,NP,2021-05-01
3854,customer_3854,IN,2020-10-13
3855,customer_3855,DE,2022-07-14
3856,customer_3856,BR,2025-03-30
3857,customer_3857,IN,2019-09-28
3858,customer_3858,NP,2021-02-11
3859,customer_3859,IN,2019-05-03
3860,customer_3860,DE,2025-09-02
3861,customer_3861,JP,2023-10-18
3862,customer_3862,BR,2020-08-26
3863,customer_3863,US,2021-11-01
3864,customer_3864,JP,2023-12-13
3865,customer_3865,BR,2025-07-22
3866,customer_3866,GB,2022-12-05
3867,customer_3867,JP,2020-11-08
3868,customer_3868,GB,2023-10-09
3869,customer_3869,US,2023-09-11
3870,customer_3870,BR,2023-05-29
3871,customer_3871,NP,2019-04-25
3872,customer_3872,NP,2023-11-02
3873,customer_3873,GB,2019-02-19
3874,customer_3874,DE,2025-03-13
3875,customer_3875,JP,2025-01-13
3876,customer_3876,JP,2022-11-09
3877,customer_3877,BR,2023-06-04
3878,customer_3878,US,2019-06-19
3879,customer_3879,US,2024-12-26
3880,customer_3880,NP,2020-11-08
3881,customer_3881,GB,2020-10-17
3882,customer_3882,US,2023-11-06
3883,customer_3883,JP,2025-06-05
3884,customer_3884,DE,2022-05-20
3885,customer_3885,US,2022-06-22
3886,customer_3886,DE,2022-10-03
3887,customer_3887,NP,2020-12-28
3888,customer_3888,US,2023-01-31
3889,customer_3889,US,2025-07-30
3890,customer_3890,GB,2021-08-14
3891,customer_3891,JP,2024-04-16
3892,customer_3892,AU,2024-04-18
3893,customer_3893,DE,2024-10-28
3894,customer_3894,US,2023-12-14
3895,customer_3895,JP,2025-04-22
3896,customer_3896,AU,2023-11-21
3897,customer_3897,JP,2025-09-06
3898,customer_3898,NP,2023-11-24
3899,customer_3899,IN,2024-09-23
3900,customer_3900,AU,2025-02-03
3901,customer_3901,JP,2025-09-24
3902,customer_3902,AU,2023-01-28
3903,customer_3903,JP,2023-11-11
3904,customer_3904,NP,2025-08-14
3905,customer_3905,GB,2021-08-08
3906,customer_3906,GB,2019-10-25
3907,customer_3907,BR,2025-01-19
3908,customer_3908,AU,2023-04-29
3909,customer_3909,US,2021-12-07
3910,customer_3910,AU,2023-11-28
3911,customer_3911,US,2019-03-23
3912,customer_3912,AU,2022-04-08
3913,customer_3913,US,2020-10-25
3914,customer_3914,JP,2020-12-21
3915,customer_3915,GB,2025-08-20
3916,customer_3916,NP,2022-10-07
3917,customer_3917,NP,2019-12-18
3918,customer_3918,GB,2021-06-30
3919,customer_3919,NP,2020-08-29
3920,customer_3920,JP,2025-03-22
3921,customer_3921,AU,2020-12-29
3922,customer_3922,JP,2021-06-10
3923,customer_3923,DE,2021-04-15
3924,customer_3924,DE,2020-03-15
3925,customer_3925,BR,2024-05-04
3926,customer_3926,JP,2022-12-11
3927,customer_3927,JP,2021-12-28
3928,customer_3928,US,2021-09-16
3929,customer_3929,BR,2023-07-25
3930,customer_3930,BR,2019-08-28
3931,customer_3931,BR,2025-05-18
3932,customer_3932,NP,2022-11-13
3933,customer_3933,BR,2020-07-23
3934,customer_3934,BR,2022-09-06
3935,customer_3935,US,2024-10-31
3936,customer_3936,GB,2020-03-08
3937,customer_3937,JP,2022-08-02
3938,customer_3938,DE,2023-02-03
3939,customer_3939,BR,2024-07-18
3940,customer_3940,JP,2022-11-19
3941,customer_3941,JP,2024-01-16
3942,customer_3942,IN,2024-04-18
3943,customer_3943,AU,2025-02-05
3944,customer_3944,AU,2021-06-22
3945,customer_3945,US,2023-10-26
3946,customer_3946,BR,2020-09-13
3947,customer_3947,NP,2024-10-11
3948,customer_3948,IN,2025-07-06
3949,customer_3949,AU,2021-01-05
3950,customer_3950,US,2022-11-04
3951,customer_3951,DE,2024-08-17
3952,customer_3952,US,2019-03-09
3953,customer_3953,BR,2023-10-29
3954,customer_3954,DE,2024-08-13
3955,customer_3955,JP,2024-12-18
3956,customer_3956,AU,2020-05-06
3957,customer_3957,JP,2024-03-07
3958,customer_3958,BR,2024-05-19
3959,customer_3959,NP,2019-01-08
3960,customer_3960,US,2023-10-29
3961,customer_3961,AU,2023-04-15
3962,customer_3962,GB,2025-08-19
3963,customer_3963,BR,2019-04-18
3964,customer_3964,DE,2025-08-10
3965,customer_3965,US,2022-11-29
3966,customer_3966,GB,2020-11-17
3967,customer_3967,GB,2021-08-26
3968,customer_3968,US,2024-03-31
3969,customer_3969,JP,2025-10-26
3970,customer_3970,JP,2021-03-03
3971,customer_3971,DE,2025-09-25
3972,customer_3972,AU,2023-04-22
3973,customer_3973,NP,2020-04-25
3974,customer_3974,IN,2023-02-03
3975,customer_3975,NP,2024-06-27
3976,customer_3976,BR,2019-05-17
3977,customer_3977,BR,2019-07-17
3978,customer_3978,AU,2019-01-13
3979,customer_3979,JP,2022-11-26
3980,customer_3980,US,2019-05-25
3981,customer_3981,DE,2025-05-19
3982,customer_3982,NP,2019-11-16
3983,customer_3983,BR,2019-06-29
3984,customer_3984,BR,2020-10-06
3985,customer_3985,GB,2024-03-22
3986,customer_3986,IN,2025-03-17
3987,customer_3987,IN,2020-09-19
3988,customer_3988,NP,2022-07-20
3989,customer_3989,DE,2024-04-18
3990,customer_3990,DE,2024-06-15
3991,customer_3991,GB,2020-01-18
3992,customer_3992,GB,2024-09-26
3993,customer_3993,US,2024-12-08
3994,customer_3994,IN,2024-01-12
3995,customer_3995,JP,2022-08-11
3996,customer_3996,IN,2021-09-05
3997,customer_3997,NP,2025-02-01
3998,customer_3998,GB,2024-11-29
3999,customer_3999,BR,2022-07-19
4000,customer_4000,JP,2024-01-30
4001,customer_4001,IN,2021-09-26
4002,customer_4002,GB,2024-02-01
4003,customer_4003,NP,2019-08-12
4004,customer_4004,DE,2025-03-03
4005,customer_4005,GB,2022-07-12
4006,customer_4006,AU,2023-02-05
4007,customer_4007,IN,2020-04-18
4008,customer_4008,BR,2022-08-14
4009,customer_4009,US,2019-01-08
4010,customer_4010,NP,2025-02-03
4011,customer_4011,IN,2024-02-16
4012,customer_4012,AU,2022-02-10
4013,customer_4013,BR,2024-09-20
4014,customer_4014,DE,2024-07-21
4015,customer_4015,IN,2019-10-25
4016,customer_4016,US,2019-05-15
4017,customer_4017,IN,2020-09-25
4018,customer_4018,US,2019-01-04
4019,customer_4019,US,2022-12-03
4020,customer_4020,BR,2022-08-13
4021,customer_4021,US,2022-09-06
4022,customer_4022,NP,2019-07-04
4023,customer_4023,JP,2025-04-14
4024,customer_4024,IN,2025-09-07
4025,customer_4025,DE,2023-01-16
4026,customer_4026,US,2019-01-14
4027,customer_4027,US,2021-09-16
4028,customer_4028,DE,2023-12-01
4029,customer_4029,BR,2024-02-15
4030,customer_4030,DE,2020-08-31
4031,customer_4031,JP,2024-08-18
4032,customer_4032,JP,2025-08-15
4033,customer_4033,IN,2022-06-25
4034,customer_4034,IN,2021-08-11
4035,customer_4035,DE,2022-08-08
4036,customer_4036,NP,2019-03-10
4037,customer_4037,BR,2022-08-01
4038,customer_4038,JP,2019-03-09
4039,customer_4039,IN,2019-03-28
4040,customer_4040,IN,2022-10-15
4041,customer_4041,IN,2022-06-30
4042,customer_4042,BR,2025-10-02
4043,customer_4043,GB,2022-06-23
4044,customer_4044,NP,2025-09-15
4045,customer_4045,DE,2024-07-10
4046,customer_4046,NP,2021-04-23
4047,customer_4047,DE,2025-05-04
4048,customer_4048,US,2022-04-21
4049,customer_4049,IN,2023-01-27
4050,customer_4050,DE,2019-09-09
4051,customer_4051,IN,2020-06-15
4052,customer_4052,DE,2022-07-29
4053,customer_4053,GB,2020-11-09
4054,customer_4054,GB,2023-02-08
4055,customer_4055,NP,2019-07-19
4056,customer_4056,DE,2020-09-19
4057,customer_4057,GB,2023-07-21
4058,customer_4058,JP,2023-03-11
4059,customer_4059,US,2025-09-25
4060,customer_4060,JP,2025-02-27
4061,customer_4061,US,2024-07-19
4062,customer_4062,NP,2019-01-03
4063,customer_4063,BR,2023-02-15
4064,customer_4064,JP,2020-07-26
4065,customer_4065,GB,2020-10-29
4066,customer_4066,IN,2020-06-08
4067,customer_4067,GB,2022-02-13
4068,customer_4068,DE,2019-11-06
4069,customer_4069,BR,2022-08-22
4070,customer_4070,NP,2020-02-20
4071,customer_4071,NP,2022-06-05
4072,customer_4072,GB,2023-04-14
4073,customer_4073,GB,2020-03-25
4074,customer_4074,AU,2019-09-14
4075,customer_4075,IN,2024-07-08
4076,customer_4076,NP,2024-01-21
4077,customer_4077,AU,2020-10-15
4078,customer_4078,JP,2025-01-26
4079,customer_4079,US,2020-07-06
4080,customer_4080,GB,2025-05-05
4081,customer_4081,AU,2019-10-11
4082,customer_4082,IN,2023-07-09
4083,customer_4083,GB,2019-02-17
4084,customer_4084,GB,2020-05-08
4085,customer_4085,JP,2021-10-08
4086,customer_4086,BR,2019-08-02
4087,customer_4087,IN,2022-02-16
4088,customer_4088,AU,2020-08-03
4089,customer_4089,AU,2019-09-05
4090,customer_4090,AU,2025-08-01
4091,customer_4091,BR,2025-09-20
4092,customer_4092,NP,2025-08-02
4093,customer_4093,IN,2020-01-21
4094,customer_4094,DE,2021-08-12
4095,customer_4095,AU,2021-03-29
4096,customer_4096,JP,2021-03-25
4097,customer_4097,JP,2021-11-07
4098,customer_4098,US,2022-06-29
4099,customer_4099,GB,2022-04-27
4100,customer_4100,IN,2020-12-30
4101,customer_4101,NP,2025-09-15
4102,customer_4102,AU,2025-09-15
4103,customer_4103,US,2021-04-08
4104,customer_4104,NP,2020-07-07
4105,customer_4105,NP,2022-08-24
4106,customer_4106,DE,2021-07-11
4107,customer_4107,NP,2025-10-03
4108,customer_4108,GB,2021-12-09
4109,customer_4109,JP,2019-04-10
4110,customer_4110,IN,2019-11-09
4111,customer_4111,NP,2019-07-06
4112,customer_4112,DE,2021-08-15
4113,customer_4113,US,2021-03-02
4114,customer_4114,AU,2024-11-11
4115,customer_4115,IN,2025-02-04
4116,customer_4116,DE,2019-12-17
4117,customer_4117,NP,2025-06-19
4118,customer_4118,US,2022-12-31
4119,customer_4119,US,2021-02-06
4120,customer_4120,NP,2021-10-13
4121,customer_4121,BR,2022-01-08
4122,customer_4122,AU,2020-03-02
4123,customer_4123,AU,2024-12-08
4124,customer_4124,IN,2019-01-31
4125,customer_4125,GB,2019-06-24
4126,customer_4126,JP,2020-11-14
4127,customer_4127,NP,2019-12-25
4128,customer_4128,NP,2019-06-04
4129,customer_4129,JP,2021-08-16
4130,customer_4130,DE,2021-07-30
4131,customer_4131,NP,2019-11-10
4132,customer_4132,AU,2024-07-18
4133,customer_4133,BR,2025-01-15
4134,customer_4134,JP,2023-12-05
4135,customer_4135,AU,2022-07-29
4136,customer_4136,AU,2025-06-26
4137,customer_4137,AU,2021-05-26
4138,customer_4138,IN,2021-12-03
4139,customer_4139,AU,2019-02-07
4140,customer_4140,JP,2023-11-05
4141,customer_4141,BR,2019-08-20
4142,customer_4142,GB,2023-07-22
4143,customer_4143,US,2024-05-10
4144,customer_4144,DE,2020-06-26
4145,customer_4145,US,2023-03-11
4146,customer_4146,IN,2021-01-28
4147,customer_4147,DE,2021-09-22
4148,customer_4148,GB,2022-08-17
4149,customer_4149,GB,2020-09-15
4150,customer_4150,DE,2024-06-14
4151,customer_4151,IN,2021-09-13
4152,customer_4152,JP,2022-02-28
4153,customer_4153,AU,2024-07-29
4154,customer_4154,AU,2020-07-23
4155,customer_4155,US,2022-02-04
4156,customer_4156,US,2025-10-19
4157,customer_4157,BR,2021-09-26
4158,customer_4158,IN,2019-10-16
4159,customer_4159,US,2020-12-12
4160,customer_4160,NP,2025-07-17
4161,customer_4161,DE,2024-03-12
4162,customer_4162,DE,2024-07-15
4163,customer_4163,JP,2020-09-25
4164,customer_4164,US,2024-09-28
4165,customer_4165,BR,2021-09-10
4166,customer_4166,BR,2024-06-10
4167,customer_4167,DE,2025-01-11
4168,customer_4168,US,2020-06-04
4169,customer_4169,JP,2025-06-04
4170,customer_4170,BR,2023-05-01
4171,customer_4171,IN,2024-01-02
4172,customer_4172,IN,2024-03-06
4173,customer_4173,JP,2020-02-26
4174,customer_4174,IN,2024-02-08
4175,customer_4175,DE,2020-06-16
4176,customer_4176,IN,2020-11-09
4177,customer_4177,IN,2019-10-19
4178,customer_4178,BR,2020-03-28
4179,customer_4179,DE,2025-09-13
4180,customer_4180,DE,2021-03-31
4181,customer_4181,BR,2021-08-25
4182,customer_4182,IN,2022-04-14
4183,customer_4183,NP,2023-11-18
4184,customer_4184,GB,2022-12-05
4185,customer_4185,NP,2022-09-02
4186,customer_4186,JP,2024-09-23
4187,customer_4187,IN,2022-05-24
4188,customer_4188,US,2024-04-06
4189,customer_4189,NP,2025-03-27
4190,customer_4190,AU,2023-08-18
4191,customer_4191,DE,2019-03-30
4192,customer_4192,IN,2020-10-20
4193,customer_4193,BR,2023-03-25
4194,customer_4194,NP,2022-04-12
4195,customer_4195,JP,2020-12-12
4196,customer_4196,DE,2021-04-18
4197,customer_4197,JP,2019-07-15
4198,customer_4198,NP,2020-08-10
4199,customer_4199,AU,2024-05-10
4200,customer_4200,US,2019-01-26
4201,customer_4201,BR,2024-09-23
4202,customer_4202,BR,2021-04-28
4203,customer_4203,IN,2024-07-12
4204,customer_4204,US,2020-10-02
4205,customer_4205,IN,2024-09-02
4206,customer_4206,GB,2022-11-30
4207,customer_4207,AU,2024-10-29
4208,customer_4208,AU,2019-06-05
4209,customer_4209,US,2024-06-16
4210,customer_4210,JP,2020-11-07
4211,customer_4211,US,2021-06-16
4212,customer_4212,BR,2019-04-22
4213,customer_4213,DE,2025-07-13
4214,customer_4214,BR,2023-05-23
4215,customer_4215,BR,2025-09-18
4216,customer_4216,AU,2022-11-21
4217,customer_4217,DE,2020-01-31
4218,customer_4218,IN,2021-04-23
4219,customer_4219,JP,2022-01-04
4220,customer_4220,US,2020-01-04
4221,customer_4221,NP,2025-05-17
4222,customer_4222,JP,2025-07-22
4223,customer_4223,GB,2022-11-09
4224,customer_4224,JP,2022-12-31
4225,customer_4225,GB,2023-10-25
4226,customer_4226,US,2023-08-25
4227,customer_4227,DE,2019-06-06
4228,customer_4228,JP,2022-08-21
4229,customer_4229,IN,2024-04-26
4230,customer_4230,NP,2024-07-09
4231,customer_4231,NP,2023-01-30
4232,customer_4232,AU,2025-02-18
4233,customer_4233,JP,2023-01-05
4234,customer_4234,IN,2021-08-14
4235,customer_4235,IN,2022-01-11
4236,customer_4236,NP,2023-09-22
4237,customer_4237,AU,2025-01-25
4238,customer_4238,NP,2020-07-28
4239,customer_4239,GB,2021-01-03
4240,customer_4240,US,2023-06-18
4241,customer_4241,IN,2024-03-23
4242,customer_4242,IN,2021-09-24
4243,customer_4243,GB,2023-05-27
4244,customer_4244,NP,2019-01-17
4245,customer_4245,IN,2020-12-30
4246,customer_4246,IN,2025-07-16
4247,customer_4247,IN,2022-12-12
4248,customer_4248,US,2024-12-11
4249,customer_4249,AU,2020-06-28
4250,customer_4250,DE,2020-12-28
4251,customer_4251,DE,2025-09-03
4252,customer_4252,DE,2025-10-30
4253,customer_4253,AU,2025-01-01
4254,customer_4254,IN,2021-03-03
4255,customer_4255,IN,2024-06-26
4256,customer_4256,IN,2022-02-21
4257,customer_4257,IN,2024-10-10
4258,customer_4258,NP,2024-10-29
4259,customer_4259,JP,2021-12-23
4260,customer_4260,NP,2021-01-31
4261,customer_4261,US,2025-09-03
4262,customer_4262,US,2022-01-31
4263,customer_4263,IN,2021-12-15
4264,customer_4264,GB,2023-07-22
4265,customer_4265,JP,2025-05-30
4266,customer_4266,AU,2019-11-23
4267,customer_4267,IN,2025-09-27
4268,customer_4268,AU,2021-11-21
4269,customer_4269,NP,2019-03-05
4270,customer_4270,JP,2021-02-12
4271,customer_4271,GB,2022-03-02
4272,customer_4272,JP,2023-08-19
4273,customer_4273,AU,2022-11-16
4274,customer_4274,IN,2019-12-06
4275,customer_4275,NP,2022-05-05
4276,customer_4276,GB,2020-08-04
4277,customer_4277,NP,2020-11-04
4278,customer_4278,GB,2023-11-14
4279,customer_4279,BR,2024-07-01
4280,customer_4280,GB,2020-01-26
4281,customer_4281,DE,2023-02-14
4282,customer_4282,AU,2021-11-21
4283,customer_4283,US,2021-04-21
4284,customer_4284,DE,2023-11-18
4285,customer_4285,NP,2020-09-14
4286,customer_4286,GB,2024-03-28
4287,customer_4287,BR,2021-09-28
4288,customer_4288,GB,2019-08-26
4289,customer_4289,GB,2024-06-03
4290,customer_4290,IN,2024-10-30
4291,customer_4291,NP,2022-11-08
4292,customer_4292,AU,2023-12-15
4293,customer_4293,DE,2020-01-04
4294,customer_4294,NP,2021-04-28
4295,customer_4295,AU,2021-05-24
4296,customer_4296,AU,2024-03-24
4297,customer_4297,DE,2021-05-30
4298,customer_4298,GB,2023-12-26
4299,customer_4299,NP,2021-02-06
4300,customer_4300,NP,2023-02-11
4301,customer_4301,IN,2020-06-08
4302,customer_4302,BR,2022-10-28
4303,customer_4303,US,2019-07-22
4304,customer_4304,NP,2024-01-11
4305,customer_4305,BR,2019-03-14
4306,customer_4306,GB,2025-11-03
4307,customer_4307,BR,2024-09-28
4308,customer_4308,GB,2022-12-17
4309,customer_4309,GB,2025-03-23
4310,customer_4310,JP,2024-07-14
4311,customer_4311,JP,2019-12-23
4312,customer_4312,GB,2024-02-04
4313,customer_4313,IN,2021-08-01
4314,customer_4314,NP,2024-11-09
4315,customer_4315,GB,2024-11-29
4316,customer_4316,IN,2025-07-14
4317,customer_4317,AU,2022-02-01
4318,customer_4318,DE,2020-04-27
4319,customer_4319,GB,2019-11-09
4320,customer_4320,NP,2020-02-18
4321,customer_4321,BR,2025-10-15
4322,customer_4322,DE,2023-01-05
4323,customer_4323,DE,2021-05-29
4324,customer_4324,IN,2022-01-28
4325,customer_4325,AU,2020-03-08
4326,customer_4326,DE,2022-11-27
4327,customer_4327,GB,2021-11-30
4328,customer_4328,DE,2024-06-18
4329,customer_4329,NP,2019-02-22
4330,customer_4330,AU,2025-05-18
4331,customer_4331,US,2019-06-01
4332,customer_4332,IN,2021-11-09
4333,customer_4333,GB,2021-05-01
4334,customer_4334,AU,2023-11-30
4335,customer_4335,AU,2023-07-04
4336,customer_4336,DE,2020-05-06
4337,customer_4337,GB,2022-05-11
4338,customer_4338,IN,2022-08-29
4339,customer_4339,BR,2022-03-05
4340,customer_4340,JP,2019-02-24
4341,customer_4341,NP,2020-03-21
4342,customer_4342,DE,2022-06-13
4343,customer_4343,DE,2020-10-13
4344,customer_4344,IN,2022-09-25
4345,customer_4345,IN,2020-02-14
4346,customer_4346,JP,2024-01-13
4347,customer_4347,NP,2020-04-16
4348,customer_4348,US,2023-06-12
4349,customer_4349,GB,2024-09-22
4350,customer_4350,IN,2021-06-14
4351,customer_4351,JP,2019-12-15
4352,customer_4352,JP,2019-01-15
4353,customer_4353,JP,2021-06-20
4354,customer_4354,DE,2019-10-16
4355,customer_4355,DE,2025-01-13
4356,customer_4356,GB,2025-08-29
4357,customer_4357,AU,2025-09-17
4358,customer_4358,IN,2025-04-24
4359,customer_4359,BR,2023-01-06
4360,customer_4360,AU,2021-03-23
4361,customer_4361,NP,2022-01-21
4362,customer_4362,GB,2020-10-09
4363,customer_4363,DE,2024-10-01
4364,customer_4364,AU,2021-12-27
4365,customer_4365,JP,2021-08-20
4366,customer_4366,GB,2023-09-21
4367,customer_4367,US,2021-07-23
4368,customer_4368,US,2021-06-11
4369,customer_4369,AU,2020-07-22
4370,customer_4370,JP,2019-06-18
4371,customer_4371,JP,2019-04-05
4372,customer_4372,US,2021-10-03
4373,customer_4373,US,2025-10-24
4374,customer_4374,GB,2020-10-13
4375,customer_4375,IN,2023-05-22
4376,customer_4376,JP,2021-03-23
4377,customer_4377,IN,2021-01-26
4378,customer_4378,IN,2020-02-12
4379,customer_4379,US,2022-11-09
4380,customer_4380,AU,2023-07-06
4381,customer_4381,AU,2021-05-25
4382,customer_4382,NP,2022-08-09
4383,customer_4383,IN,2022-04-05
4384,customer_4384,JP,2020-11-08
4385,customer_4385,DE,2023-09-26
4386,customer_4386,BR,2022-10-16
4387,customer_4387,IN,2019-06-14
4388,customer_4388,NP,2022-05-16
4389,customer_4389,IN,2021-08-31
4390,customer_4390,JP,2024-06-12
4391,customer_4391,US,2021-02-05
4392,customer_4392,GB,2025-07-17
4393,customer_4393,NP,2023-03-18
4394,customer_4394,NP,2019-11-23
4395,customer_4395,JP,2021-10-05
4396,customer_4396,JP,2025-01-18
4397,customer_4397,IN,2020-09-28
4398,customer_4398,IN,2023-10-28
4399,customer_4399,NP,2024-05-12
4400,customer_4400,BR,2023-09-28
4401,customer_4401,DE,2019-08-14
4402,customer_4402,NP,2021-07-24
4403,customer_4403,DE,2021-05-20
4404,customer_4404,AU,2021-05-09
4405,customer_4405,IN,2025-01-06
4406,customer_4406,AU,2019-01-15
4407,customer_4407,IN,2022-09-09
4408,customer_4408,US,2025-09-21
4409,customer_4409,IN,2024-12-28
4410,customer_4410,IN,2023-02-25
4411,customer_4411,NP,2025-10-30
4412,customer_4412,JP,2021-10-02
4413,customer_4413,IN,2023-03-09
4414,customer_4414,BR,2022-09-21
4415,customer_4415,DE,2019-04-29
4416,customer_4416,DE,2019-04-12
4417,customer_4417,DE,2025-02-20
4418,customer_4418,US,2020-03-10
4419,customer_4419,BR,2021-06-06
4420,customer_4420,NP,2023-04-08
4421,customer_4421,BR,2022-12-09
4422,customer_4422,AU,2022-07-09
4423,customer_4423,GB,2025-09-13
4424,customer_4424,DE,2024-05-21
4425,customer_4425,IN,2025-06-12
4426,customer_4426,GB,2023-07-05
4427,customer_4427,IN,2025-09-13
4428,customer_4428,DE,2023-02-12
4429,customer_4429,GB,2022-09-16
4430,customer_4430,AU,2024-07-31
4431,customer_4431,AU,2024-12-12
4432,customer_4432,NP,2019-06-20
4433,customer_4433,AU,2025-03-26
4434,customer_4434,NP,2023-09-24
4435,customer_4435,JP,2025-02-22
4436,customer_4436,AU,2023-11-24
4437,customer_4437,BR,2025-05-06
4438,customer_4438,AU,2020-11-18
4439,customer_4439,IN,2020-04-14
4440,customer_4440,IN,2020-05-04
4441,customer_4441,IN,2020-09-22
4442,customer_4442,IN,2020-06-18
4443,customer_4443,BR,2022-01-09
4444,customer_4444,DE,2020-05-10
4445,customer_4445,BR,2020-01-31
4446,customer_4446,DE,2022-08-02
4447,customer_4447,IN,2024-06-06
4448,customer_4448,US,2019-12-06
4449,customer_4449,JP,2022-07-02
4450,customer_4450,AU,2023-07-07
4451,customer_4451,GB,2023-10-30
4452,customer_4452,IN,2019-09-20
4453,customer_4453,DE,2024-01-09
4454,customer_4454,BR,2019-03-09
4455,customer_4455,JP,2020-08-15
4456,customer_4456,NP,2021-03-09
4457,customer_4457,JP,2024-11-02
4458,customer_4458,NP,2020-04-24
4459,customer_4459,NP,2024-05-10
4460,customer_4460,BR,2025-10-07
4461,customer_4461,NP,2025-07-27
4462,customer_4462,IN,2021-01-27
4463,customer_4463,JP,2019-08-28
4464,customer_4464,BR,2020-07-09
4465,customer_4465,DE,2024-04-06
4466,customer_4466,NP,2020-05-06
4467,customer_4467,GB,2023-06-02
4468,customer_4468,AU,2021-07-23
4469,customer_4469,AU,2024-04-01
4470,customer_4470,BR,2023-02-23
4471,customer_4471,DE,2023-01-03
4472,customer_4472,AU,2024-05-08
4473,customer_4473,DE,2025-07-15
4474,customer_4474,US,2021-06-30
4475,customer_4475,GB,2022-08-15
4476,customer_4476,IN,2023-04-14
4477,customer_4477,AU,2024-08-19
4478,customer_4478,IN,2022-04-20
4479,customer_4479,GB,2021-07-25
4480,customer_4480,JP,2024-10-17
4481,customer_4481,DE,2025-07-10
4482,customer_4482,IN,2022-11-23
4483,customer_4483,GB,2019-09-16
4484,customer_4484,NP,2020-12-25
4485,customer_4485,DE,2022-03-03
4486,customer_4486,IN,2023-10-25
4487,customer_4487,JP,2023-08-02
4488,customer_4488,IN,2024-08-12
4489,customer_4489,BR,2019-03-16
4490,customer_4490,DE,2022-03-09
4491,customer_4491,US,2023-10-19
4492,customer_4492,US,2025-10-03
4493,customer_4493,BR,2019-12-22
4494,customer_4494,IN,2025-01-06
4495,customer_4495,IN,2019-01-20
4496,customer_4496,BR,2020-05-07
4497,customer_4497,IN,2024-10-18
4498,customer_4498,DE,2024-05-20
4499,customer_4499,US,2025-08-28
4500,customer_4500,IN,2023-02-11
4501,customer_4501,BR,2023-03-20
4502,customer_4502,JP,2022-08-30
4503,customer_4503,AU,2022-07-03
4504,customer_4504,GB,2022-07-08
4505,customer_4505,NP,2021-01-01
4506,customer_4506,DE,2024-11-03
4507,customer_4507,IN,2021-06-10
4508,customer_4508,JP,2023-03-08
4509,customer_4509,IN,2023-08-01
4510,customer_4510,AU,2022-09-06
4511,customer_4511,IN,2023-03-09
4512,customer_4512,JP,2019-05-03
4513,customer_4513,NP,2021-02-28
4514,customer_4514,AU,2022-01-25
4515,customer_4515,AU,2021-09-12
4516,customer_4516,GB,2025-03-20
4517,customer_4517,IN,2025-02-20
4518,customer_4518,NP,2023-11-15
4519,customer_4519,BR,2021-05-30
4520,customer_4520,DE,2019-05-08
4521,customer_4521,AU,2024-03-02
4522,customer_4522,BR,2025-01-18
4523,customer_4523,JP,2022-05-09
4524,customer_4524,AU,2024-08-28
4525,customer_4525,GB,2025-05-15
4526,customer_4526,DE,2022-09-28
4527,customer_4527,NP,2020-06-07
4528,customer_4528,NP,2019-02-26
4529,customer_4529,DE,2024-03-07
4530,customer_4530,JP,2022-11-07
4531,customer_4531,NP,2020-01-20
4532,customer_4532,US,2019-05-17
4533,customer_4533,BR,2025-08-20
4534,customer_4534,GB,2021-03-11
4535,customer_4535,NP,2021-03-28
4536,customer_4536,JP,2023-04-22
4537,customer_4537,NP,2021-06-30
4538,customer_4538,BR,2025-04-01
4539,customer_4539,GB,2023-08-30
4540,customer_4540,GB,2021-06-13
4541,customer_4541,JP,2020-10-28
4542,customer_4542,BR,2024-11-20
4543,customer_4543,AU,2023-01-19
4544,customer_4544,JP,2025-04-14
4545,customer_4545,DE,2021-05-12
4546,customer_4546,GB,2019-02-22
4547,customer_4547,JP,2025-02-25
4548,customer_4548,GB,2020-08-21
4549,customer_4549,JP,2024-10-14
4550,customer_4550,GB,2023-11-10
4551,customer_4551,NP,2020-08-02
4552,customer_4552,NP,2024-03-07
4553,customer_4553,NP,2019-07-23
4554,customer_4554,JP,2021-09-08
4555,customer_4555,BR,2021-06-10
4556,customer_4556,US,2023-06-30
4557,customer_4557,US,2022-08-29
4558,customer_4558,GB,2023-03-11
4559,customer_4559,GB,2022-04-05
4560,customer_4560,BR,2024-01-24
4561,customer_4561,DE,2020-02-05
4562,customer_4562,DE,2023-12-02
4563,customer_4563,NP,2019-05-06
4564,customer_4564,US,2019-08-03
4565,customer_4565,AU,2023-12-15
4566,customer_4566,IN,2020-01-31
4567,customer_4567,BR,2024-04-09
4568,customer_4568,BR,2019-11-28
4569,customer_4569,IN,2020-01-02
4570,customer_4570,US,2025-05-20
4571,customer_4571,BR,2020-03-19
4572,customer_4572,NP,2025-04-02
4573,customer_4573,DE,2021-05-20
4574,customer_4574,AU,2024-06-16
4575,customer_4575,BR,2025-06-06
4576,customer_4576,GB,2019-10-19
4577,customer_4577,NP,2021-04-06
4578,customer_4578,US,2022-12-06
4579,customer_4579,IN,2024-12-03
4580,customer_4580,IN,2020-04-13
4581,customer_4581,US,2020-04-11
4582,customer_4582,AU,2021-07-09
4583,customer_4583,US,2020-05-26
4584,customer_4584,BR,2020-10-29
4585,customer_4585,JP,2019-11-21
4586,customer_4586,JP,2024-09-03
4587,customer_4587,US,2024-06-14
4588,customer_4588,IN,2019-12-28
4589,customer_4589,JP,2022-09-03
4590,customer_4590,IN,2023-06-04
4591,customer_4591,BR,2023-04-18
4592,customer_4592,NP,2025-09-25
4593,customer_4593,NP,2023-05-23
4594,customer_4594,BR,2023-09-14
4595,customer_4595,JP,2019-03-24
4596,customer_4596,NP,2019-07-18
4597,customer_4597,AU,2023-03-28
4598,customer_4598,NP,2025-03-19
4599,customer_4599,AU,2021-09-24
4600,customer_4600,BR,2023-05-27
4601,customer_4601,AU,2020-06-09
4602,customer_4602,AU,2022-02-14
4603,customer_4603,IN,2024-02-22
4604,customer_4604,GB,2023-07-08
4605,customer_4605,US,2019-10-13
4606,customer_4606,DE,2025-01-06
4607,customer_4607,US,2025-05-06
4608,customer_4608,DE,2022-04-07
4609,customer_4609,GB,2021-05-01
4610,customer_4610,DE,2022-08-21
4611,customer_4611,NP,2024-06-26
4612,customer_4612,IN,2022-02-05
4613,customer_4613,GB,2019-03-17
4614,customer_4614,JP,2019-07-01
4615,customer_4615,JP,2024-07-21
4616,customer_4616,DE,2024-05-21
4617,customer_4617,IN,2024-04-14
4618,customer_4618,JP,2019-11-13
4619,customer_4619,BR,2020-03-02
4620,customer_4620,AU,2021-09-13
4621,customer_4621,JP,2020-07-31
4622,customer_4622,AU,2021-08-25
4623,customer_4623,GB,2022-10-28
4624,customer_4624,NP,2020-12-01
4625,customer_4625,DE,2019-11-05
4626,customer_4626,DE,2021-10-03
4627,customer_4627,NP,2023-12-12
4628,customer_4628,US,2023-03-26
4629,customer_4629,GB,2021-03-14
4630,customer_4630,IN,2021-02-17
4631,customer_4631,US,2022-12-30
4632,customer_4632,IN,2020-03-07
4633,customer_4633,IN,2024-09-15
4634,customer_4634,US,2024-12-13
4635,customer_4635,NP,2019-03-05
4636,customer_4636,GB,2025-08-24
4637,customer_4637,GB,2019-02-28
4638,customer_4638,DE,2022-02-20
4639,customer_4639,JP,2023-07-27
4640,customer_4640,AU,2021-03-28
4641,customer_4641,GB,2020-05-24
4642,customer_4642,NP,2019-04-29
4643,customer_4643,AU,2023-12-24
4644,customer_4644,NP,2019-04-03
4645,customer_4645,NP,2022-04-25
4646,customer_4646,DE,2021-09-09
4647,customer_4647,BR,2025-08-16
4648,customer_4648,NP,2025-05-14
4649,customer_4649,IN,2024-08-05
4650,customer_4650,IN,2024-01-01
4651,customer_4651,DE,2022-09-19
4652,customer_4652,AU,2021-05-23
4653,customer_4653,IN,2020-02-21
4654,customer_4654,US,2025-08-17
4655,customer_4655,NP,2021-08-20
4656,customer_4656,US,2021-12-07
4657,customer_4657,US,2019-12-20
4658,customer_4658,JP,2020-11-22
4659,customer_4659,DE,2023-05-06
4660,customer_4660,DE,2021-12-01
4661,customer_4661,GB,2023-01-04
4662,customer_4662,JP,2020-06-12
4663,customer_4663,US,2019-07-25
4664,customer_4664,DE,2025-01-23
4665,customer_4665,IN,2021-12-16
4666,customer_4666,GB,2021-06-21
4667,customer_4667,IN,2020-12-16
4668,customer_4668,US,2023-07-03
4669,customer_4669,BR,2022-11-08
4670,customer_4670,DE,2021-08-30
4671,customer_4671,NP,2025-05-16
4672,customer_4672,BR,2025-03-04
4673,customer_4673,US,2020-05-11
4674,customer_4674,GB,2023-05-25
4675,customer_4675,GB,2025-08-17
4676,customer_4676,IN,2022-05-05
4677,customer_4677,JP,2019-03-17
4678,customer_4678,JP,2019-11-27
4679,customer_4679,BR,2023-07-28
4680,customer_4680,NP,2025-03-04
4681,customer_4681,IN,2019-11-17
4682,customer_4682,US,2022-09-29
4683,customer_4683,BR,2022-05-27
4684,customer_4684,NP,2020-12-13
4685,customer_4685,JP,2023-04-29
4686,customer_4686,BR,2025-01-03
4687,customer_4687,AU,2020-08-21
4688,customer_4688,IN,2019-05-17
4689,customer_4689,NP,2021-06-16
4690,customer_4690,BR,2021-02-24
4691,customer_4691,NP,2023-12-23
4692,customer_4692,NP,2022-09-04
4693,customer_4693,AU,2019-02-14
4694,customer_4694,GB,2021-04-29
4695,customer_4695,BR,2024-01-12
4696,customer_4696,GB,2022-04-06
4697,customer_4697,NP,2022-11-08
4698,customer_4698,NP,2020-10-22
4699,customer_4699,IN,2021-03-09
4700,customer_4700,NP,2019-11-22
4701,customer_4701,AU,2019-07-24
4702,customer_4702,NP,2019-04-03
4703,customer_4703,JP,2023-04-10
4704,customer_4704,GB,2020-01-30
4705,customer_4705,BR,2022-12-05
4706,customer_4706,US,2025-07-10
4707,customer_4707,DE,2023-10-10
4708,customer_4708,JP,2022-12-09
4709,customer_4709,GB,2019-10-20
4710,customer_4710,DE,2022-05-07
4711,customer_4711,IN,2025-02-05
4712,customer_4712,GB,2021-08-18
4713,customer_4713,AU,2024-08-27
4714,customer_4714,DE,2023-11-07
4715,customer_4715,NP,2020-10-28
4716,customer_4716,JP,2019-12-20
4717,customer_4717,AU,2019-02-12
4718,customer_4718,AU,2020-11-21
4719,customer_4719,DE,2021-04-12
4720,customer_4720,US,2023-06-28
4721,customer_4721,JP,2022-12-02
4722,customer_4722,GB,2022-04-12
4723,customer_4723,AU,2023-12-13
4724,customer_4724,NP,2024-04-09
4725,customer_4725,IN,2023-11-19
4726,customer_4726,DE,2025-02-20
4727,customer_4727,NP,2021-06-18
4728,customer_4728,AU,2024-08-20
4729,customer_4729,NP,2021-11-17
4730,customer_4730,BR,2020-04-05
4731,customer_4731,AU,2019-12-31
4732,customer_4732,BR,2019-08-17
4733,customer_4733,GB,2025-07-16
4734,customer_4734,IN,2020-02-28
4735,customer_4735,GB,2024-09-19
4736,customer_4736,DE,2024-05-12
4737,customer_4737,NP,2022-01-03
4738,customer_4738,IN,2025-04-03
4739,customer_4739,IN,2025-03-20
4740,customer_4740,JP,2025-05-02
4741,customer_4741,IN,2022-05-27
4742,customer_4742,DE,2021-01-15
4743,customer_4743,DE,2019-04-20
4744,customer_4744,IN,2024-10-01
4745,customer_4745,BR,2024-12-22
4746,customer_4746,IN,2022-09-02
4747,customer_4747,GB,2019-06-27
4748,customer_4748,IN,2024-08-18
4749,customer_4749,GB,2021-01-15
4750,customer_4750,IN,2022-10-02
4751,customer_4751,NP,2023-07-07
4752,customer_4752,US,2019-12-31
4753,customer_4753,GB,2019-06-06
4754,customer_4754,GB,2019-07-18
4755,customer_4755,US,2025-07-25
4756,customer_4756,JP,2025-07-21
4757,customer_4757,JP,2021-12-03
4758,customer_4758,US,2021-11-30
4759,customer_4759,DE,2021-10-14
4760,customer_4760,BR,2021-05-26
4761,customer_4761,AU,2022-09-21
4762,customer_4762,GB,2021-06-09
4763,customer_4763,NP,2023-03-21
4764,customer_4764,US,2021-08-05
4765,customer_4765,DE,2023-04-24
4766,customer_4766,US,2025-06-20
4767,customer_4767,JP,2020-05-29
4768,customer_4768,NP,2019-06-06
4769,customer_4769,NP,2022-08-09
4770,customer_4770,NP,2019-10-25
4771,customer_4771,IN,2020-08-01
4772,customer_4772,GB,2024-05-28
4773,customer_4773,US,2021-11-10
4774,customer_4774,AU,2022-10-05
4775,customer_4775,IN,2024-04-24
4776,customer_4776,NP,2019-11-18
4777,customer_4777,IN,2022-04-11
4778,customer_4778,BR,2019-03-28
4779,customer_4779,NP,2022-06-01
4780,customer_4780,NP,2020-07-14
4781,customer_4781,GB,2025-03-28
4782,customer_4782,JP,2020-10-14
4783,customer_4783,IN,2020-05-15
4784,customer_4784,GB,2019-02-05
4785,customer_4785,GB,2019-11-30
4786,customer_4786,IN,2020-06-24
4787,customer_4787,JP,2020-07-24
4788,customer_4788,NP,2024-01-20
4789,customer_4789,IN,2025-01-27
4790,customer_4790,JP,2024-11-08
4791,customer_4791,US,2025-07-18
4792,customer_4792,AU,2025-02-23
4793,customer_4793,AU,2022-02-12
4794,customer_4794,IN,2021-09-01
4795,customer_4795,DE,2023-06-12
4796,customer_4796,US,2021-03-09
4797,customer_4797,JP,2023-02-18
4798,customer_4798,NP,2025-11-04
4799,customer_4799,DE,2020-05-10
4800,customer_4800,JP,2024-04-07
4801,customer_4801,JP,2025-05-27
4802,customer_4802,JP,2022-09-05
4803,customer_4803,US,2021-06-09
4804,customer_4804,GB,2020-09-28
4805,customer_4805,BR,2020-02-24
4806,customer_4806,GB,2021-03-14
4807,customer_4807,DE,2024-02-10
4808,customer_4808,AU,2022-07-12
4809,customer_4809,DE,2020-07-07
4810,customer_4810,GB,2022-09-17
4811,customer_4811,US,2024-07-15
4812,customer_4812,US,2019-02-04
4813,customer_4813,JP,2019-02-21
4814,customer_4814,JP,2025-07-26
4815,customer_4815,BR,2024-02-14
4816,customer_4816,IN,2022-12-10
4817,customer_4817,GB,2025-03-15
4818,customer_4818,IN,2023-01-12
4819,customer_4819,JP,2022-07-25
4820,customer_4820,AU,2020-06-12
4821,customer_4821,JP,2024-07-19
4822,customer_4822,BR,2024-03-27
4823,customer_4823,AU,2021-01-08
4824,customer_4824,AU,2024-01-18
4825,customer_4825,DE,2023-12-23
4826,customer_4826,DE,2019-08-26
4827,customer_4827,US,2020-02-06
4828,customer_4828,JP,2023-01-27
4829,customer_4829,AU,2023-04-08
4830,customer_4830,DE,2023-07-04
4831,customer_4831,IN,2021-07-22
4832,customer_4832,NP,2024-09-19
4833,customer_4833,DE,2022-01-19
4834,customer_4834,US,2020-05-30
4835,customer_4835,AU,2019-10-15
4836,customer_4836,JP,2025-01-03
4837,customer_4837,US,2023-11-03
4838,customer_4838,NP,2022-02-27
4839,customer_4839,GB,2020-06-07
4840,customer_4840,AU,2019-08-30
4841,customer_4841,GB,2020-01-17
4842,customer_4842,NP,2019-09-22
4843,customer_4843,NP,2022-08-16
4844,customer_4844,US,2020-05-09
4845,customer_4845,GB,2019-11-16
4846,customer_4846,GB,2020-12-07
4847,customer_4847,GB,2023-10-15
4848,customer_4848,NP,2022-05-26
4849,customer_4849,US,2020-01-20
4850,customer_4850,AU,2024-02-15
4851,customer_4851,AU,2022-05-08
4852,customer_4852,BR,2020-04-11
4853,customer_4853,NP,2023-09-25
4854,customer_4854,NP,2025-10-17
4855,customer_4855,NP,2022-09-12
4856,customer_4856,BR,2020-02-08
4857,customer_4857,GB,2021-02-12
4858,customer_4858,BR,2023-02-07
4859,customer_4859,IN,2025-11-03
4860,customer_4860,GB,2025-05-11
4861,customer_4861,NP,2025-05-22
4862,customer_4862,GB,2024-09-12
4863,customer_4863,AU,2022-12-08
4864,customer_4864,BR,2023-06-08
4865,customer_4865,AU,2024-01-09
4866,customer_4866,JP,2023-11-24
4867,customer_4867,DE,2023-05-16
4868,customer_4868,IN,2019-12-02
4869,customer_4869,AU,2025-01-08
4870,customer_4870,BR,2019-01-25
4871,customer_4871,US,2021-11-30
4872,customer_4872,AU,2021-12-21
4873,customer_4873,NP,2025-10-26
4874,customer_4874,JP,2019-08-12
4875,customer_4875,US,2022-04-04
4876,customer_4876,BR,2021-06-13
4877,customer_4877,DE,2019-09-02
4878,customer_4878,DE,2020-07-13
4879,customer_4879,BR,2021-11-21
4880,customer_4880,GB,2025-04-09
4881,customer_4881,DE,2021-08-28
4882,customer_4882,AU,2025-01-09
4883,customer_4883,DE,2024-01-09
4884,customer_4884,US,2024-08-09
4885,customer_4885,NP,2024-11-04
4886,customer_4886,US,2023-11-20
4887,customer_4887,BR,2024-01-08
4888,customer_4888,JP,2020-01-21
4889,customer_4889,IN,2023-11-28
4890,customer_4890,DE,2019-05-01
4891,customer_4891,GB,2024-01-18
4892,customer_4892,JP,2023-06-23
4893,customer_4893,NP,2024-03-07
4894,customer_4894,NP,2023-05-25
4895,customer_4895,DE,2021-07-10
4896,customer_4896,DE,2021-07-12
4897,customer_4897,GB,2023-01-30
4898,customer_4898,JP,2022-03-27
4899,customer_4899,GB,2021-05-01
4900,customer_4900,JP,2022-05-07
4901,customer_4901,IN,2022-09-03
4902,customer_4902,BR,2020-08-22
4903,customer_4903,JP,2023-05-15
4904,customer_4904,BR,2021-02-24
4905,customer_4905,US,2020-10-31
4906,customer_4906,BR,2021-11-11
4907,customer_4907,IN,2019-09-16
4908,customer_4908,GB,2023-02-16
4909,customer_4909,GB,2024-01-08
4910,customer_4910,JP,2025-07-17
4911,customer_4911,AU,2020-12-10
4912,customer_4912,JP,2022-09-08
4913,customer_4913,NP,2022-06-12
4914,customer_4914,JP,2024-01-02
4915,customer_4915,GB,2023-04-12
4916,customer_4916,NP,2024-07-10
4917,customer_4917,NP,2024-10-27
4918,customer_4918,IN,2019-10-11
4919,customer_4919,GB,2021-06-06
4920,customer_4920,JP,2023-06-21
4921,customer_4921,AU,2022-09-21
4922,customer_4922,GB,2022-04-20
4923,customer_4923,JP,2020-03-08
4924,customer_4924,BR,2022-12-02
4925,customer_4925,IN,2024-01-26
4926,customer_4926,NP,2019-04-07
4927,customer_4927,DE,2023-01-18
4928,customer_4928,JP,2025-03-15
4929,customer_4929,US,2022-12-05
4930,customer_4930,US,2025-07-09
4931,customer_4931,NP,2021-05-31
4932,customer_4932,BR,2019-01-09
4933,customer_4933,AU,2023-09-02
4934,customer_4934,GB,2020-06-15
4935,customer_4935,DE,2019-01-25
4936,customer_4936,JP,2020-03-26
4937,customer_4937,AU,2025-05-24
4938,customer_4938,JP,2024-05-07
4939,customer_4939,IN,2020-11-18
4940,customer_4940,IN,2023-02-04
4941,customer_4941,BR,2021-04-28
4942,customer_4942,DE,2020-03-19
4943,customer_4943,GB,2025-10-06
4944,customer_4944,GB,2024-07-27
4945,customer_4945,NP,2021-06-27
4946,customer_4946,BR,2021-06-02
4947,customer_4947,IN,2024-07-31
4948,customer_4948,JP,2022-02-26
4949,customer_4949,IN,2021-07-31
4950,customer_4950,IN,2021-08-26
4951,customer_4951,IN,2022-01-22
4952,customer_4952,NP,2022-07-27
4953,customer_4953,GB,2019-04-11
4954,customer_4954,US,2022-04-15
4955,customer_4955,DE,2022-01-04
4956,customer_4956,US,2020-11-17
4957,customer_4957,US,2021-06-07
4958,customer_4958,IN,2021-11-27
4959,customer_4959,AU,2021-07-04
4960,customer_4960,AU,2025-03-20
4961,customer_4961,DE,2022-08-14
4962,customer_4962,JP,2022-06-11
4963,customer_4963,AU,2020-10-19
4964,customer_4964,US,2025-04-09
4965,customer_4965,AU,2019-02-27
4966,customer_4966,NP,2022-10-07
4967,customer_4967,US,2020-02-27
4968,customer_4968,IN,2024-04-06
4969,customer_4969,NP,2021-08-03
4970,customer_4970,GB,2021-01-03
4971,customer_4971,GB,2019-05-25
4972,customer_4972,DE,2024-05-30
4973,customer_4973,GB,2021-09-18
4974,customer_4974,GB,2020-10-22
4975,customer_4975,GB,2024-10-11
4976,customer_4976,GB,2019-02-18
4977,customer_4977,JP,2022-03-18
4978,customer_4978,NP,2020-02-06
4979,customer_4979,AU,2019-11-14
4980,customer_4980,JP,2019-02-24
4981,customer_4981,AU,2020-04-12
4982,customer_4982,AU,2025-06-25
4983,customer_4983,US,2022-01-18
4984,customer_4984,DE,2025-11-04
4985,customer_4985,US,2020-10-30
4986,customer_4986,NP,2024-03-20
4987,customer_4987,AU,2019-08-13
4988,customer_4988,AU,2019-09-28
4989,customer_4989,AU,2019-02-10
4990,customer_4990,AU,2025-02-25
4991,customer_4991,BR,2023-08-07
4992,customer_4992,JP,2024-02-03
4993,customer_4993,AU,2025-05-07
4994,customer_4994,JP,2021-04-10
4995,customer_4995,BR,2023-12-12
4996,customer_4996,US,2022-06-09
4997,customer_4997,BR,2022-09-18
4998,customer_4998,GB,2023-07-13
4999,customer_4999,BR,2022-03-20
5000,customer_5000,DE,2019-03-02
5001,customer_5001,US,2019-07-07
5002,customer_5002,NP,2022-06-07
5003,customer_5003,BR,2022-11-25
5004,customer_5004,BR,2024-01-05
5005,customer_5005,GB,2022-12-01
5006,customer_5006,AU,2020-04-15
5007,customer_5007,DE,2021-07-06
5008,customer_5008,GB,2022-01-14
5009,customer_5009,BR,2025-09-25
5010,customer_5010,IN,2022-08-24
5011,customer_5011,GB,2023-05-07
5012,customer_5012,NP,2024-01-13
5013,customer_5013,JP,2021-06-24
5014,customer_5014,AU,2025-08-08
5015,customer_5015,BR,2023-08-15
5016,customer_5016,AU,2024-10-21
5017,customer_5017,NP,2024-02-17
5018,customer_5018,JP,2023-04-03
5019,customer_5019,GB,2019-03-19
5020,customer_5020,BR,2022-12-30
5021,customer_5021,AU,2019-11-20
5022,customer_5022,DE,2023-02-16
5023,customer_5023,BR,2023-10-20
5024,customer_5024,DE,2022-09-24
5025,customer_5025,GB,2021-02-10
5026,customer_5026,NP,2019-05-29
5027,customer_5027,IN,2023-08-05
5028,customer_5028,NP,2023-10-12
5029,customer_5029,BR,2022-04-09
5030,customer_5030,US,2023-11-26
5031,customer_5031,IN,2024-05-01
5032,customer_5032,GB,2022-07-05
5033,customer_5033,IN,2019-04-30
5034,customer_5034,US,2024-12-15
5035,customer_5035,NP,2022-03-12
5036,customer_5036,US,2023-08-09
5037,customer_5037,AU,2025-03-27
5038,customer_5038,JP,2021-06-25
5039,customer_5039,AU,2023-04-04
5040,customer_5040,US,2019-02-19
5041,customer_5041,IN,2025-01-21
5042,customer_5042,US,2019-05-28
5043,customer_5043,DE,2022-09-14
5044,customer_5044,JP,2021-05-29
5045,customer_5045,GB,2019-03-31
5046,customer_5046,IN,2022-03-01
5047,customer_5047,GB,2025-05-27
5048,customer_5048,BR,2020-02-22
5049,customer_5049,IN,2020-12-31
5050,customer_5050,AU,2020-04-18
5051,customer_5051,DE,2019-11-09
5052,customer_5052,US,2020-07-29
5053,customer_5053,AU,2022-11-30
5054,customer_5054,AU,2024-05-05
5055,customer_5055,NP,2023-09-22
5056,customer_5056,AU,2024-04-12
5057,customer_5057,AU,2023-11-25
5058,customer_5058,GB,2021-08-15
5059,customer_5059,IN,2025-02-28
5060,customer_5060,BR,2020-03-06
5061,customer_5061,JP,2023-10-16
5062,customer_5062,JP,2019-10-05
5063,customer_5063,JP,2024-03-28
5064,customer_5064,BR,2019-08-06
5065,customer_5065,JP,2020-06-24
5066,customer_5066,BR,2021-09-05
5067,customer_5067,JP,2023-10-03
5068,customer_5068,NP,2019-04-24
5069,customer_5069,NP,2020-10-05
5070,customer_5070,AU,2021-04-14
5071,customer_5071,AU,2024-01-02
5072,customer_5072,JP,2025-07-31
5073,customer_5073,US,2023-03-16
5074,customer_5074,GB,2022-06-22
5075,customer_5075,US,2021-04-20
5076,customer_5076,DE,2024-08-18
5077,customer_5077,IN,2019-09-26
5078,customer_5078,NP,2019-11-20
5079,customer_5079,GB,2020-05-17
5080,customer_5080,JP,2020-11-01
5081,customer_5081,IN,2022-02-27
5082,customer_5082,JP,2025-06-24
5083,customer_5083,NP,2023-06-14
5084,customer_5084,DE,2021-08-16
5085,customer_5085,JP,2020-06-12
5086,customer_5086,IN,2023-06-10
5087,customer_5087,GB,2020-09-24
5088,customer_5088,US,2025-09-06
5089,customer_5089,US,2022-04-09
5090,customer_5090,JP,2022-10-08
5091,customer_5091,AU,2025-03-08
5092,customer_5092,DE,2021-02-02
5093,customer_5093,NP,2022-03-25
5094,customer_5094,AU,2022-08-22
5095,customer_5095,DE,2020-11-08
5096,customer_5096,US,2019-05-17
5097,customer_5097,JP,2020-12-10
5098,customer_5098,IN,2019-10-08
5099,customer_5099,AU,2023-08-17
5100,customer_5100,IN,2019-01-18
5101,customer_5101,JP,2021-03-02
5102,customer_5102,JP,2025-01-19
5103,customer_5103,US,2022-11-22
5104,customer_5104,DE,2023-08-06
5105,customer_5105,NP,2023-07-30
5106,customer_5106,BR,2021-01-15
5107,customer_5107,GB,2023-04-30
5108,customer_5108,AU,2020-07-06
5109,customer_5109,IN,2023-05-08
5110,customer_5110,IN,2023-09-04
5111,customer_5111,JP,2024-12-30
5112,customer_5112,BR,2025-04-17
5113,customer_5113,AU,2019-03-01
5114,customer_5114,NP,2021-01-17
5115,customer_5115,US,2022-09-29
5116,customer_5116,IN,2021-03-14
5117,customer_5117,IN,2023-03-27
5118,customer_5118,DE,2024-11-05
5119,customer_5119,GB,2020-10-07
5120,customer_5120,NP,2025-02-11
5121,customer_5121,GB,2025-01-14
5122,customer_5122,JP,2025-04-04
5123,customer_5123,JP,2019-07-03
5124,customer_5124,BR,2021-01-02
5125,customer_5125,NP,2019-11-07
5126,customer_5126,BR,2019-10-28
5127,customer_5127,US,2019-05-13
5128,customer_5128,JP,2022-01-04
5129,customer_5129,BR,2019-08-07
5130,customer_5130,JP,2021-01-09
5131,customer_5131,IN,2025-09-19
5132,customer_5132,DE,2025-01-18
5133,customer_5133,DE,2025-05-31
5134,customer_5134,NP,2019-04-02
5135,customer_5135,BR,2023-07-11
5136,customer_5136,NP,2023-05-04
5137,customer_5137,DE,2019-11-28
5138,customer_5138,BR,2025-03-15
5139,customer_5139,NP,2021-10-07
5140,customer_5140,AU,2025-09-07
5141,customer_5141,DE,2019-10-12
5142,customer_5142,NP,2023-06-14
5143,customer_5143,BR,2019-11-23
5144,customer_5144,JP,2025-07-02
5145,customer_5145,BR,2023-02-27
5146,customer_5146,GB,2019-07-09
5147,customer_5147,DE,2020-06-21
5148,customer_5148,GB,2021-06-17
5149,customer_5149,IN,2019-02-02
5150,customer_5150,JP,2019-01-22
5151,customer_5151,US,2025-05-02
5152,customer_5152,JP,2025-09-18
5153,customer_5153,IN,2022-09-02
5154,customer_5154,BR,2025-03-06
5155,customer_5155,GB,2023-06-27
5156,customer_5156,GB,2019-03-12
5157,customer_5157,AU,2023-11-22
5158,customer_5158,NP,2019-02-15
5159,customer_5159,US,2024-08-03
5160,customer_5160,AU,2021-07-06
5161,customer_5161,DE,2019-12-20
5162,customer_5162,NP,2020-10-08
5163,customer_5163,IN,2023-09-05
5164,customer_5164,GB,2024-10-18
5165,customer_5165,IN,2022-11-27
5166,customer_5166,NP,2020-02-06
5167,customer_5167,BR,2025-02-28
5168,customer_5168,US,2024-05-30
5169,customer_5169,IN,2021-10-21
5170,customer_5170,NP,2022-10-18
5171,customer_5171,JP,2025-08-06
5172,customer_5172,DE,2021-08-01
5173,customer_5173,GB,2019-03-06
5174,customer_5174,IN,2019-12-31
5175,customer_5175,US,2023-02-09
5176,customer_5176,US,2025-10-30
5177,customer_5177,US,2024-01-24
5178,customer_5178,DE,2023-03-25
5179,customer_5179,NP,2021-03-18
5180,customer_5180,DE,2022-01-03
5181,customer_5181,GB,2019-04-06
5182,customer_5182,GB,2021-07-16
5183,customer_5183,BR,2023-04-08
5184,customer_5184,AU,2025-03-14
5185,customer_5185,GB,2025-04-25
5186,customer_5186,BR,2024-08-14
5187,customer_5187,GB,2019-02-23
5188,customer_5188,NP,2024-07-20
5189,customer_5189,GB,2020-06-30
5190,customer_5190,IN,2023-03-21
5191,customer_5191,BR,2025-06-23
5192,customer_5192,AU,2025-01-28
5193,customer_5193,DE,2023-07-20
5194,customer_5194,NP,2021-01-18
5195,customer_5195,IN,2022-07-26
5196,customer_5196,DE,2023-10-26
5197,customer_5197,AU,2022-07-09
5198,customer_5198,AU,2021-10-08
5199,customer_5199,JP,2021-10-04
5200,customer_5200,AU,2023-02-08
5201,customer_5201,DE,2019-03-31
5202,customer_5202,DE,2025-10-31
5203,customer_5203,GB,2019-09-13
5204,customer_5204,BR,2025-09-27
5205,customer_5205,JP,2019-03-30
5206,customer_5206,DE,2022-07-05
5207,customer_5207,BR,2021-11-09
5208,customer_5208,GB,2022-12-05
5209,customer_5209,DE,2021-12-19
5210,customer_5210,NP,2025-02-21
5211,customer_5211,NP,2019-02-11
5212,customer_5212,US,2025-09-30
5213,customer_5213,DE,2023-09-20
5214,customer_5214,JP,2024-04-30
5215,customer_5215,GB,2019-12-16
5216,customer_5216,US,2019-06-12
5217,customer_5217,GB,2021-09-19
5218,customer_5218,BR,2021-03-17
5219,customer_5219,NP,2024-05-11
5220,customer_5220,IN,2025-02-19
5221,customer_5221,IN,2021-12-04
5222,customer_5222,AU,2024-04-04
5223,customer_5223,AU,2019-05-29
5224,customer_5224,GB,2024-01-30
5225,customer_5225,JP,2019-09-06
5226,customer_5226,DE,2023-07-28
5227,customer_5227,IN,2021-08-13
5228,customer_5228,GB,2021-11-04
5229,customer_5229,NP,2020-11-21
5230,customer_5230,IN,2021-10-05
5231,customer_5231,US,2024-12-26
5232,customer_5232,DE,2024-07-15
5233,customer_5233,IN,2021-04-30
5234,customer_5234,US,2021-01-04
5235,customer_5235,DE,2022-06-26
5236,customer_5236,GB,2023-09-09
5237,customer_5237,JP,2020-03-31
5238,customer_5238,GB,2023-12-21
5239,customer_5239,AU,2025-06-29
5240,customer_5240,AU,2024-10-12
5241,customer_5241,IN,2022-10-02
5242,customer_5242,AU,2021-03-10
5243,customer_5243,AU,2021-03-19
5244,customer_5244,AU,2024-01-29
5245,customer_5245,IN,2022-02-11
5246,customer_5246,US,2019-09-24
5247,customer_5247,JP,2023-08-22
5248,customer_5248,AU,2019-12-12
5249,customer_5249,AU,2025-10-03
5250,customer_5250,JP,2021-11-09
5251,customer_5251,US,2021-05-04
5252,customer_5252,DE,2019-05-19
5253,customer_5253,BR,2020-02-24
5254,customer_5254,JP,2025-06-27
5255,customer_5255,IN,2022-09-04
5256,customer_5256,IN,2025-03-04
5257,customer_5257,NP,2025-07-17
5258,customer_5258,IN,2019-05-03
5259,customer_5259,BR,2021-08-09
5260,customer_5260,US,2024-09-26
5261,customer_5261,AU,2022-05-24
5262,customer_5262,NP,2022-06-26
5263,customer_5263,JP,2022-11-26
5264,customer_5264,DE,2023-10-21
5265,customer_5265,GB,2025-06-04
5266,customer_5266,AU,2025-01-26
5267,customer_5267,JP,2023-04-12
5268,customer_5268,BR,2022-12-13
5269,customer_5269,BR,2021-06-21
5270,customer_5270,JP,2019-10-18
5271,customer_5271,US,2023-11-08
5272,customer_5272,DE,2019-01-07
5273,customer_5273,US,2023-10-12
5274,customer_5274,DE,2022-05-27
5275,customer_5275,JP,2024-05-20
5276,customer_5276,US,2025-07-01
5277,customer_5277,US,2022-10-14
5278,customer_5278,GB,2022-12-02
5279,customer_5279,DE,2022-05-03
5280,customer_5280,US,2021-07-21
5281,customer_5281,BR,2019-08-11
5282,customer_5282,BR,2019-03-19
5283,customer_5283,GB,2023-12-13
5284,customer_5284,GB,2025-04-06
5285,customer_5285,AU,2019-05-15
5286,customer_5286,JP,2021-03-28
5287,customer_5287,IN,2023-03-01
5288,customer_5288,GB,2023-10-28
5289,customer_5289,IN,2024-01-13
5290,customer_5290,IN,2023-10-02
5291,customer_5291,GB,2019-07-29
5292,customer_5292,AU,2020-09-26
5293,customer_5293,IN,2022-03-19
5294,customer_5294,BR,2019-06-09
5295,customer_5295,AU,2021-05-07
5296,customer_5296,GB,2021-08-20
5297,customer_5297,NP,2025-09-11
5298,customer_5298,BR,2021-03-03
5299,customer_5299,US,2025-08-25
5300,customer_5300,GB,2023-10-17
5301,customer_5301,NP,2023-09-27
5302,customer_5302,AU,2024-08-11
5303,customer_5303,US,2024-10-06
5304,customer_5304,DE,2020-07-10
5305,customer_5305,US,2021-11-18
5306,customer_5306,GB,2022-08-13
5307,customer_5307,DE,2025-09-07
5308,customer_5308,BR,2019-04-12
5309,customer_5309,NP,2022-04-06
5310,customer_5310,DE,2020-06-19
5311,customer_5311,AU,2020-06-01
5312,customer_5312,AU,2024-03-19
5313,customer_5313,US,2020-05-19
5314,customer_5314,DE,2024-06-06
5315,customer_5315,DE,2025-10-20
5316,customer_5316,JP,2024-04-25
5317,customer_5317,JP,2020-02-29
5318,customer_5318,NP,2019-12-22
5319,customer_5319,GB,2021-12-28
5320,customer_5320,US,2022-10-09
5321,customer_5321,IN,2024-04-29
5322,customer_5322,GB,2021-11-22
5323,customer_5323,BR,2020-02-22
5324,customer_5324,DE,2025-10-14
5325,customer_5325,AU,2025-03-11
5326,customer_5326,DE,2023-06-24
5327,customer_5327,JP,2023-10-05
5328,customer_5328,US,2025-05-27
5329,customer_5329,US,2022-04-02
5330,customer_5330,DE,2019-12-30
5331,customer_5331,JP,2023-02-23
5332,customer_5332,GB,2022-02-01
5333,customer_5333,DE,2024-06-22
5334,customer_5334,AU,2024-04-13
5335,customer_5335,JP,2022-03-24
5336,customer_5336,NP,2021-07-08
5337,customer_5337,BR,2021-11-21
5338,customer_5338,JP,2023-05-01
5339,customer_5339,DE,2023-05-12
5340,customer_5340,DE,2022-07-03
5341,customer_5341,IN,2022-08-22
5342,customer_5342,JP,2025-10-15
5343,customer_5343,JP,2020-09-26
5344,customer_5344,DE,2020-03-10
5345,customer_5345,IN,2024-06-20
5346,customer_5346,DE,2025-05-27
5347,customer_5347,DE,2023-03-02
5348,customer_5348,DE,2021-09-30
5349,customer_5349,IN,2021-05-21
5350,customer_5350,JP,2022-03-15
5351,customer_5351,US,2019-05-12
5352,customer_5352,JP,2022-08-14
5353,customer_5353,NP,2020-11-04
5354,customer_5354,DE,2020-10-25
5355,customer_5355,GB,2022-11-01
5356,customer_5356,GB,2025-08-06
5357,customer_5357,BR,2020-05-29
5358,customer_5358,BR,2025-03-28
5359,customer_5359,NP,2022-07-22
5360,customer_5360,IN,2025-08-29
5361,customer_5361,BR,2021-08-13
5362,customer_5362,GB,2025-10-28
5363,customer_5363,JP,2023-07-08
5364,customer_5364,GB,2023-08-02
5365,customer_5365,IN,2022-11-09
5366,customer_5366,US,2022-02-03
5367,customer_5367,NP,2022-08-05
5368,customer_5368,JP,2024-10-27
5369,customer_5369,BR,2024-06-03
5370,customer_5370,IN,2019-03-01
5371,customer_5371,GB,2023-10-03
5372,customer_5372,BR,2024-09-17
5373,customer_5373,IN,2024-02-04
5374,customer_5374,US,2022-05-28
5375,customer_5375,BR,2021-04-18
5376,customer_5376,BR,2023-08-11
5377,customer_5377,US,2023-07-18
5378,customer_5378,IN,2021-07-24
5379,customer_5379,DE,2021-10-12
5380,customer_5380,JP,2021-07-10
5381,customer_5381,US,2019-04-23
5382,customer_5382,AU,2019-03-21
5383,customer_5383,DE,2019-07-27
5384,customer_5384,DE,2021-11-25
5385,customer_5385,NP,2022-06-30
5386,customer_5386,AU,2021-10-17
5387,customer_5387,US,2025-07-15
5388,customer_5388,AU,2020-07-15
5389,customer_5389,DE,2021-09-09
5390,customer_5390,GB,2020-09-10
5391,customer_5391,US,2021-01-19
5392,customer_5392,US,2022-12-31
5393,customer_5393,GB,2021-02-13
5394,customer_5394,GB,2021-03-05
5395,customer_5395,JP,2023-08-05
5396,customer_5396,NP,2024-09-06
5397,customer_5397,AU,2020-06-15
5398,customer_5398,DE,2019-10-06
5399,customer_5399,AU,2020-08-21
5400,customer_5400,GB,2022-12-15
5401,customer_5401,GB,2025-07-27
5402,customer_5402,BR,2020-02-05
5403,customer_5403,BR,2019-04-17
5404,customer_5404,JP,2022-08-13
5405,customer_5405,NP,2025-10-13
5406,customer_5406,DE,2022-10-13
5407,customer_5407,BR,2025-04-30
5408,customer_5408,GB,2023-05-25
5409,customer_5409,JP,2019-03-21
5410,customer_5410,BR,2021-12-04
5411,customer_5411,NP,2024-04-09
5412,customer_5412,DE,2022-06-27
5413,customer_5413,JP,2020-05-01
5414,customer_5414,AU,2020-03-28
5415,customer_5415,IN,2023-07-17
5416,customer_5416,US,2022-03-03
5417,customer_5417,IN,2022-12-06
5418,customer_5418,US,2021-07-21
5419,customer_5419,JP,2021-04-27
5420,customer_5420,BR,2023-07-24
5421,customer_5421,GB,2019-01-20
5422,customer_5422,AU,2021-12-23
5423,customer_5423,NP,2021-07-15
5424,customer_5424,US,2024-05-02
5425,customer_5425,IN,2023-12-27
5426,customer_5426,US,2021-11-30
5427,customer_5427,GB,2020-10-18
5428,customer_5428,US,2020-08-12
5429,customer_5429,NP,2020-06-12
5430,customer_5430,GB,2020-11-15
5431,customer_5431,AU,2024-03-16
5432,customer_5432,US,2019-04-24
5433,customer_5433,IN,2019-03-07
5434,customer_5434,JP,2022-09-11
5435,customer_5435,JP,2020-07-12
5436,customer_5436,AU,2024-09-08
5437,customer_5437,DE,2024-02-24
5438,customer_5438,NP,2024-04-06
5439,customer_5439,DE,2022-02-16
5440,customer_5440,JP,2021-12-30
5441,customer_5441,JP,2021-11-29
5442,customer_5442,JP,2020-05-05
5443,customer_5443,AU,2022-11-19
5444,customer_5444,GB,2024-11-28
5445,customer_5445,IN,2020-10-03
5446,customer_5446,IN,2019-05-22
5447,customer_5447,BR,2022-11-12
5448,customer_5448,DE,2021-09-25
5449,customer_5449,DE,2024-06-16
5450,customer_5450,US,2024-11-11
5451,customer_5451,IN,2025-07-04
5452,customer_5452,BR,2021-09-09
5453,customer_5453,GB,2025-03-04
5454,customer_5454,GB,2019-10-22
5455,customer_5455,IN,2021-07-20
5456,customer_5456,US,2020-10-26
5457,customer_5457,US,2025-04-26
5458,customer_5458,DE,2023-02-09
5459,customer_5459,JP,2021-07-03
5460,customer_5460,AU,2020-01-16
5461,customer_5461,AU,2024-05-11
5462,customer_5462,NP,2023-06-26
5463,customer_5463,BR,2024-11-02
5464,customer_5464,IN,2021-12-31
5465,customer_5465,US,2020-01-10
5466,customer_5466,JP,2021-04-15
5467,customer_5467,NP,2023-03-31
5468,customer_5468,IN,2020-08-25
5469,customer_5469,JP,2019-06-26
5470,customer_5470,IN,2024-08-20
5471,customer_5471,JP,2022-08-19
5472,customer_5472,DE,2021-09-18
5473,customer_5473,GB,2022-10-14
5474,customer_5474,US,2024-01-21
5475,customer_5475,NP,2019-01-04
5476,customer_5476,JP,2022-01-05
5477,customer_5477,IN,2020-09-27
5478,customer_5478,BR,2019-08-18
5479,customer_5479,NP,2019-03-31
5480,customer_5480,JP,2022-01-06
5481,customer_5481,AU,2022-09-21
5482,customer_5482,NP,2022-06-23
5483,customer_5483,IN,2024-05-11
5484,customer_5484,GB,2022-02-18
5485,customer_5485,JP,2023-01-14
5486,customer_5486,US,2024-08-02
5487,customer_5487,US,2023-07-02
5488,customer_5488,GB,2025-03-27
5489,customer_5489,GB,2020-07-07
5490,customer_5490,IN,2024-05-20
5491,customer_5491,DE,2023-10-08
5492,customer_5492,GB,2022-12-27
5493,customer_5493,US,2019-01-10
5494,customer_5494,US,2022-09-15
5495,customer_5495,GB,2024-11-16
5496,customer_5496,US,2023-05-31
5497,customer_5497,GB,2019-01-13
5498,customer_5498,DE,2020-12-20
5499,customer_5499,AU,2022-11-24
5500,customer_5500,NP,2024-07-22
5501,customer_5501,AU,2022-01-17
5502,customer_5502,US,2024-11-12
5503,customer_5503,NP,2024-06-12
5504,customer_5504,BR,2020-10-30
5505,customer_5505,JP,2020-05-02
5506,customer_5506,GB,2025-03-07
5507,customer_5507,NP,2023-01-13
5508,customer_5508,NP,2024-10-22
5509,customer_5509,JP,2025-04-24
5510,customer_5510,AU,2021-11-27
5511,customer_5511,DE,2019-04-25
5512,customer_5512,GB,2025-03-22
5513,customer_5513,AU,2022-12-29
5514,customer_5514,GB,2019-10-29
5515,customer_5515,JP,2022-08-17
5516,customer_5516,BR,2019-03-11
5517,customer_5517,JP,2020-12-25
5518,customer_5518,BR,2021-05-19
5519,customer_5519,JP,2022-02-09
5520,customer_5520,JP,2022-11-14
5521,customer_5521,DE,2024-09-29
5522,customer_5522,BR,2021-05-28
5523,customer_5523,GB,2024-01-13
5524,customer_5524,AU,2025-06-13
5525,customer_5525,JP,2024-02-15
5526,customer_5526,NP,2020-09-28
5527,customer_5527,JP,2023-08-22
5528,customer_5528,IN,2020-12-04
5529,customer_5529,NP,2022-04-09
5530,customer_5530,NP,2023-05-07
5531,customer_5531,JP,2021-01-03
5532,customer_5532,AU,2019-01-10
5533,customer_5533,JP,2024-09-23
5534,customer_5534,DE,2023-12-24
5535,customer_5535,NP,2019-11-04
5536,customer_5536,BR,2021-08-01
5537,customer_5537,NP,2020-10-16
5538,customer_5538,GB,2025-09-10
5539,customer_5539,GB,2025-06-12
5540,customer_5540,AU,2023-09-25
5541,customer_5541,IN,2022-01-06
5542,customer_5542,US,2019-05-11
5543,customer_5543,IN,2020-09-09
5544,customer_5544,GB,2019-08-20
5545,customer_5545,US,2024-05-27
5546,customer_5546,AU,2019-08-09
5547,customer_5547,US,2023-08-21
5548,customer_5548,NP,2025-07-09
5549,customer_5549,US,2021-02-08
5550,customer_5550,GB,2023-09-07
5551,customer_5551,JP,2025-01-06
5552,customer_5552,IN,2021-12-05
5553,customer_5553,BR,2022-01-27
5554,customer_5554,BR,2020-05-16
5555,customer_5555,JP,2021-12-04
5556,customer_5556,JP,2024-12-24
5557,customer_5557,NP,2023-07-17
5558,customer_5558,IN,2020-05-18
5559,customer_5559,JP,2022-08-09
5560,customer_5560,US,2023-11-02
5561,customer_5561,DE,2019-07-13
5562,customer_5562,NP,2024-03-23
5563,customer_5563,GB,2020-05-18
5564,customer_5564,NP,2021-01-06
5565,customer_5565,NP,2021-11-06
5566,customer_5566,BR,2022-06-16
5567,customer_5567,US,2025-04-09
5568,customer_5568,IN,2020-07-11
5569,customer_5569,IN,2020-10-01
5570,customer_5570,US,2021-08-05
5571,customer_5571,GB,2024-11-13
5572,customer_5572,BR,2025-08-09
5573,customer_5573,US,2022-02-10
5574,customer_5574,BR,2023-09-29
5575,customer_5575,BR,2025-04-12
5576,customer_5576,JP,2024-10-17
5577,customer_5577,JP,2023-08-31
5578,customer_5578,AU,2022-09-13
5579,customer_5579,DE,2025-09-26
5580,customer_5580,DE,2020-08-20
5581,customer_5581,JP,2021-06-25
5582,customer_5582,GB,2023-11-18
5583,customer_5583,BR,2019-02-22
5584,customer_5584,NP,2022-06-05
5585,customer_5585,DE,2024-11-06
5586,customer_5586,BR,2020-03-18
5587,customer_5587,US,2024-06-30
5588,customer_5588,AU,2021-10-28
5589,customer_5589,GB,2024-11-21
5590,customer_5590,GB,2023-05-07
5591,customer_5591,NP,2020-01-28
5592,customer_5592,JP,2024-01-13
5593,customer_5593,JP,2019-05-21
5594,customer_5594,BR,2020-08-31
5595,customer_5595,GB,2025-01-29
5596,customer_5596,IN,2024-12-29
5597,customer_5597,JP,2019-04-26
5598,customer_5598,BR,2021-08-06
5599,customer_5599,GB,2019-08-24
5600,customer_5600,GB,2020-11-08
5601,customer_5601,IN,2025-08-15
5602,customer_5602,AU,2020-05-02
5603,customer_5603,NP,2023-05-23
5604,customer_5604,DE,2024-07-03
5605,customer_5605,JP,2025-01-11
5606,customer_5606,NP,2021-06-04
5607,customer_5607,DE,2023-10-09
5608,customer_5608,JP,2022-04-23
5609,customer_5609,JP,2019-09-26
5610,customer_5610,NP,2020-07-11
5611,customer_5611,IN,2024-02-14
5612,customer_5612,US,2023-09-12
5613,customer_5613,BR,2022-07-26
5614,customer_5614,IN,2024-05-06
5615,customer_5615,JP,2023-09-25
5616,customer_5616,BR,2021-04-28
5617,customer_5617,GB,2021-01-04
5618,customer_5618,US,2025-06-20
5619,customer_5619,AU,2025-08-26
5620,customer_5620,US,2019-03-18
5621,customer_5621,NP,2024-05-30
5622,customer_5622,NP,2019-11-29
5623,customer_5623,US,2024-11-23
5624,customer_5624,GB,2023-01-11
5625,customer_5625,US,2023-09-16
5626,customer_5626,BR,2023-10-20
5627,customer_5627,DE,2023-02-21
5628,customer_5628,NP,2020-09-18
5629,customer_5629,DE,2024-07-10
5630,customer_5630,NP,2022-10-17
5631,customer_5631,DE,2022-09-24
5632,customer_5632,JP,2021-03-06
5633,customer_5633,JP,2019-01-26
5634,customer_5634,IN,2022-10-17
5635,customer_5635,GB,2021-05-12
5636,customer_5636,JP,2023-07-07
5637,customer_5637,IN,2021-06-30
5638,customer_5638,DE,2025-08-29
5639,customer_5639,NP,2023-08-30
5640,customer_5640,AU,2022-02-13
5641,customer_5641,GB,2023-11-06
5642,customer_5642,IN,2023-06-09
5643,customer_5643,BR,2023-04-01
5644,customer_5644,BR,2022-12-16
5645,customer_5645,JP,2025-05-18
5646,customer_5646,NP,2021-03-04
5647,customer_5647,AU,2021-12-16
5648,customer_5648,AU,2020-09-24
5649,customer_5649,AU,2022-11-24
5650,customer_5650,AU,2025-10-05
5651,customer_5651,AU,2023-03-01
5652,customer_5652,BR,2020-06-01
5653,customer_5653,NP,2025-04-22
5654,customer_5654,DE,2024-05-29
5655,customer_5655,US,2022-01-05
5656,customer_5656,US,2020-01-02
5657,customer_5657,GB,2021-10-03
5658,customer_5658,GB,2024-07-03
5659,customer_5659,JP,2022-12-13
5660,customer_5660,BR,2020-04-09
5661,customer_5661,US,2020-02-01
5662,customer_5662,US,2025-08-14
5663,customer_5663,GB,2022-01-23
5664,customer_5664,DE,2023-09-11
5665,customer_5665,JP,2021-06-20
5666,customer_5666,DE,2019-08-14
5667,customer_5667,US,2021-10-26
5668,customer_5668,GB,2023-09-29
5669,customer_5669,GB,2021-04-13
5670,customer_5670,BR,2023-02-18
5671,customer_5671,IN,2021-12-31
5672,customer_5672,BR,2021-04-23
5673,customer_5673,AU,2020-09-29
5674,customer_5674,BR,2020-10-13
5675,customer_5675,DE,2020-10-01
5676,customer_5676,IN,2023-12-02
5677,customer_5677,JP,2021-04-23
5678,customer_5678,IN,2024-01-28
5679,customer_5679,JP,2021-02-16
5680,customer_5680,NP,2021-03-29
5681,customer_5681,US,2025-04-29
5682,customer_5682,GB,2024-12-30
5683,customer_5683,DE,2021-09-28
5684,customer_5684,DE,2020-11-03
5685,customer_5685,JP,2023-11-25
5686,customer_5686,DE,2019-06-24
5687,customer_5687,GB,2022-02-15
5688,customer_5688,US,2023-02-08
5689,customer_5689,GB,2023-08-17
5690,customer_5690,US,2019-09-25
5691,customer_5691,IN,2019-01-08
5692,customer_5692,JP,2020-11-22
5693,customer_5693,AU,2019-10-26
5694,customer_5694,US,2022-06-21
5695,customer_5695,JP,2025-04-17
5696,customer_5696,NP,2020-12-16
5697,customer_5697,NP,2022-02-08
5698,customer_5698,GB,2020-06-21
5699,customer_5699,BR,2019-04-20
5700,customer_5700,DE,2023-10-24
5701,customer_5701,JP,2020-10-02
5702,customer_5702,DE,2022-09-29
5703,customer_5703,IN,2023-09-04
5704,customer_5704,DE,2024-09-30
5705,customer_5705,IN,2020-04-08
5706,customer_5706,GB,2022-12-24
5707,customer_5707,DE,2025-03-26
5708,customer_5708,IN,2022-04-23
5709,customer_5709,JP,2019-04-12
5710,customer_5710,GB,2020-10-15
5711,customer_5711,IN,2024-06-09
5712,customer_5712,AU,2024-06-03
5713,customer_5713,DE,2021-02-25
5714,customer_5714,BR,2020-05-07
5715,customer_5715,AU,2020-12-30
5716,customer_5716,DE,2020-08-28
5717,customer_5717,US,2024-01-27
5718,customer_5718,BR,2024-10-04
5719,customer_5719,NP,2019-04-27
5720,customer_5720,DE,2024-01-27
5721,customer_5721,AU,2024-02-25
5722,customer_5722,DE,2023-03-13
5723,customer_5723,BR,2024-12-18
5724,customer_5724,JP,2019-04-08
5725,customer_5725,US,2023-10-16
5726,customer_5726,IN,2019-11-15
5727,customer_5727,JP,2025-02-20
5728,customer_5728,NP,2022-06-03
5729,customer_5729,DE,2019-08-16
5730,customer_5730,DE,2024-02-09
5731,customer_5731,GB,2024-02-17
5732,customer_5732,NP,2022-03-06
5733,customer_5733,GB,2021-02-15
5734,customer_5734,DE,2019-02-13
5735,customer_5735,BR,2025-03-19
5736,customer_5736,JP,2020-04-05
5737,customer_5737,IN,2024-10-07
5738,customer_5738,AU,2023-01-11
5739,customer_5739,US,2023-09-10
5740,customer_5740,NP,2023-10-02
5741,customer_5741,GB,2024-11-15
5742,customer_5742,JP,2019-03-25
5743,customer_5743,AU,2025-10-13
5744,customer_5744,DE,2019-04-19
5745,customer_5745,NP,2025-11-02
5746,customer_5746,NP,2020-10-15
5747,customer_5747,DE,2024-10-15
5748,customer_5748,US,2019-07-28
5749,customer_5749,AU,2022-02-26
5750,customer_5750,NP,2022-09-16
5751,customer_5751,AU,2025-07-13
5752,customer_5752,US,2019-11-06
5753,customer_5753,NP,2019-04-02
5754,customer_5754,IN,2023-06-09
5755,customer_5755,US,2019-05-04
5756,customer_5756,DE,2024-04-27
5757,customer_5757,IN,2019-04-06
5758,customer_5758,JP,2025-08-23
5759,customer_5759,JP,2022-08-24
5760,customer_5760,NP,2025-06-29
5761,customer_5761,NP,2019-11-13
5762,customer_5762,US,2020-11-14
5763,customer_5763,US,2022-02-11
5764,customer_5764,NP,2019-03-15
5765,customer_5765,IN,2019-09-15
5766,customer_5766,JP,2021-04-03
5767,customer_5767,IN,2024-01-17
5768,customer_5768,IN,2023-11-07
5769,customer_5769,DE,2019-08-06
5770,customer_5770,JP,2019-05-30
5771,customer_5771,IN,2023-06-29
5772,customer_5772,US,2021-06-18
5773,customer_5773,DE,2024-06-03
5774,customer_5774,NP,2021-01-15
5775,customer_5775,DE,2021-06-26
5776,customer_5776,AU,2020-07-02
5777,customer_5777,DE,2020-10-28
5778,customer_5778,NP,2023-11-01
5779,customer_5779,BR,2022-03-24
5780,customer_5780,US,2023-07-06
5781,customer_5781,US,2019-07-16
5782,customer_5782,US,2022-08-31
5783,customer_5783,AU,2022-02-20
5784,customer_5784,AU,2025-03-26
5785,customer_5785,JP,2021-11-24
5786,customer_5786,JP,2019-09-15
5787,customer_5787,BR,2023-10-09
5788,customer_5788,JP,2020-01-10
5789,customer_5789,JP,2025-03-22
5790,customer_5790,AU,2021-08-16
5791,customer_5791,BR,2024-05-15
5792,customer_5792,NP,2023-06-28
5793,customer_5793,DE,2022-03-08
5794,customer_5794,AU,2022-12-31
5795,customer_5795,DE,2020-04-01
5796,customer_5796,US,2019-07-05
5797,customer_5797,GB,2024-03-30
5798,customer_5798,JP,2025-07-24
5799,customer_5799,JP,2024-11-24
5800,customer_5800,DE,2021-02-01
5801,customer_5801,NP,2021-06-14
5802,customer_5802,DE,2021-06-16
5803,customer_5803,DE,2023-10-23
5804,customer_5804,AU,2023-04-09
5805,customer_5805,IN,2024-06-14
5806,customer_5806,US,2025-06-20
5807,customer_5807,DE,2021-09-07
5808,customer_5808,AU,2023-07-15
5809,customer_5809,DE,2022-06-05
5810,customer_5810,DE,2025-07-14
5811,customer_5811,BR,2021-06-04
5812,customer_5812,BR,2020-04-13
5813,customer_5813,IN,2021-08-05
5814,customer_5814,AU,2023-03-28
5815,customer_5815,JP,2025-07-11
5816,customer_5816,NP,2024-09-03
5817,customer_5817,DE,2019-02-15
5818,customer_5818,AU,2022-06-26
5819,customer_5819,DE,2020-02-02
5820,customer_5820,JP,2021-06-24
5821,customer_5821,JP,2025-06-17
5822,customer_5822,BR,2025-09-27
5823,customer_5823,GB,2020-01-20
5824,customer_5824,US,2019-12-19
5825,customer_5825,JP,2023-10-07
5826,customer_5826,JP,2021-10-24
5827,customer_5827,US,2021-12-18
5828,customer_5828,BR,2024-12-23
5829,customer_5829,NP,2025-04-20
5830,customer_5830,DE,2025-03-01
5831,customer_5831,IN,2024-05-11
5832,customer_5832,US,2025-09-16
5833,customer_5833,GB,2023-12-05
5834,customer_5834,US,2025-01-21
5835,customer_5835,IN,2022-09-12
5836,customer_5836,GB,2019-05-08
5837,customer_5837,AU,2024-08-03
5838,customer_5838,NP,2025-05-13
5839,customer_5839,IN,2021-02-19
5840,customer_5840,BR,2021-12-06
5841,customer_5841,GB,2022-12-01
5842,customer_5842,AU,2023-06-18
5843,customer_5843,JP,2023-08-14
5844,customer_5844,NP,2021-09-12
5845,customer_5845,GB,2024-11-06
5846,customer_5846,US,2024-07-27
5847,customer_5847,NP,2025-06-13
5848,customer_5848,BR,2022-12-10
5849,customer_5849,JP,2019-07-13
5850,customer_5850,NP,2024-10-14
5851,customer_5851,US,2019-07-18
5852,customer_5852,JP,2020-04-29
5853,customer_5853,IN,2020-12-13
5854,customer_5854,BR,2020-04-07
5855,customer_5855,DE,2023-12-15
5856,customer_5856,JP,2022-01-05
5857,customer_5857,DE,2020-07-02
5858,customer_5858,IN,2019-01-12
5859,customer_5859,IN,2020-06-24
5860,customer_5860,BR,2023-09-29
5861,customer_5861,JP,2024-06-08
5862,customer_5862,JP,2021-01-10
5863,customer_5863,JP,2019-07-03
5864,customer_5864,US,2022-10-25
5865,customer_5865,AU,2024-05-11
5866,customer_5866,JP,2019-06-25
5867,customer_5867,BR,2024-06-11
5868,customer_5868,AU,2020-03-02
5869,customer_5869,AU,2020-10-06
5870,customer_5870,BR,2023-04-07
5871,customer_5871,GB,2019-05-09
5872,customer_5872,DE,2021-02-03
5873,customer_5873,BR,2019-12-14
5874,customer_5874,IN,2020-06-20
5875,customer_5875,BR,2024-04-17
5876,customer_5876,NP,2020-07-26
5877,customer_5877,AU,2019-04-19
5878,customer_5878,US,2020-06-21
5879,customer_5879,BR,2019-08-05
5880,customer_5880,NP,2023-04-07
5881,customer_5881,US,2025-08-29
5882,customer_5882,AU,2020-02-24
5883,customer_5883,GB,2023-12-28
5884,customer_5884,US,2021-06-25
5885,customer_5885,US,2019-06-29
5886,customer_5886,GB,2023-09-16
5887,customer_5887,AU,2020-06-08
5888,customer_5888,US,2022-07-08
5889,customer_5889,BR,2022-06-21
5890,customer_5890,IN,2023-02-02
5891,customer_5891,BR,2019-12-04
5892,customer_5892,DE,2020-09-19
5893,customer_5893,US,2024-01-18
5894,customer_5894,IN,2025-05-20
5895,customer_5895,JP,2019-01-30
5896,customer_5896,GB,2021-10-31
5897,customer_5897,NP,2025-01-12
5898,customer_5898,AU,2020-12-18
5899,customer_5899,BR,2022-01-24
5900,customer_5900,AU,2025-03-10
5901,customer_5901,AU,2025-08-19
5902,customer_5902,US,2023-06-27
5903,customer_5903,NP,2023-10-02
5904,customer_5904,GB,2023-03-15
5905,customer_5905,US,2020-12-10
5906,customer_5906,US,2025-01-25
5907,customer_5907,DE,2019-03-27
5908,customer_5908,AU,2019-05-27
5909,customer_5909,GB,2023-02-13
5910,customer_5910,JP,2024-09-25
5911,customer_5911,US,2024-07-28
5912,customer_5912,IN,2023-08-22
5913,customer_5913,BR,2021-07-29
5914,customer_5914,US,2021-06-18
5915,customer_5915,JP,2021-11-30
5916,customer_5916,NP,2020-10-02
5917,customer_5917,IN,2021-11-13
5918,customer_5918,US,2019-09-20
5919,customer_5919,BR,2021-03-10
5920,customer_5920,AU,2025-06-10
5921,customer_5921,US,2023-11-03
5922,customer_5922,GB,2019-12-21
5923,customer_5923,BR,2020-12-16
5924,customer_5924,AU,2020-10-10
5925,customer_5925,AU,2020-12-05
5926,customer_5926,NP,2023-09-24
5927,customer_5927,BR,2025-02-15
5928,customer_5928,JP,2023-11-11
5929,customer_5929,NP,2022-05-06
5930,customer_5930,IN,2020-02-06
5931,customer_5931,AU,2019-12-24
5932,customer_5932,JP,2024-07-28
5933,customer_5933,IN,2023-08-22
5934,customer_5934,IN,2022-06-29
5935,customer_5935,GB,2022-12-13
5936,customer_5936,IN,2024-10-22
5937,customer_5937,US,2024-07-27
5938,customer_5938,JP,2019-08-07
5939,customer_5939,AU,2021-09-14
5940,customer_5940,US,2019-04-18
5941,customer_5941,IN,2021-08-19
5942,customer_5942,DE,2023-05-12
5943,customer_5943,US,2020-06-05
5944,customer_5944,BR,2020-01-11
5945,customer_5945,IN,2022-05-12
5946,customer_5946,US,2022-08-05
5947,customer_5947,IN,2023-11-21
5948,customer_5948,AU,2019-02-05
5949,customer_5949,AU,2020-09-11
5950,customer_5950,JP,2024-05-03
5951,customer_5951,DE,2023-09-01
5952,customer_5952,GB,2025-02-26
5953,customer_5953,US,2024-07-29
5954,customer_5954,BR,2024-09-28
5955,customer_5955,BR,2022-06-30
5956,customer_5956,BR,2025-07-23
5957,customer_5957,US,2021-11-05
5958,customer_5958,BR,2025-03-07
5959,customer_5959,JP,2021-09-06
5960,customer_5960,AU,2022-01-15
5961,customer_5961,US,2023-09-11
5962,customer_5962,JP,2021-09-22
5963,customer_5963,GB,2020-01-03
5964,customer_5964,IN,2025-02-18
5965,customer_5965,BR,2022-02-06
5966,customer_5966,NP,2025-05-06
5967,customer_5967,BR,2021-09-24
5968,customer_5968,JP,2025-08-29
5969,customer_5969,US,2023-02-16
5970,customer_5970,NP,2024-04-04
5971,customer_5971,BR,2024-03-03
5972,customer_5972,US,2020-05-19
5973,customer_5973,DE,2024-07-31
5974,customer_5974,NP,2025-06-20
5975,customer_5975,AU,2023-07-11
5976,customer_5976,JP,2025-06-25
5977,customer_5977,AU,2024-10-16
5978,customer_5978,US,2023-07-24
5979,customer_5979,US,2022-04-08
5980,customer_5980,JP,2024-11-13
5981,customer_5981,JP,2020-04-08
5982,customer_5982,GB,2022-11-03
5983,customer_5983,AU,2024-08-01
5984,customer_5984,GB,2025-06-18
5985,customer_5985,US,2020-10-29
5986,customer_5986,IN,2019-08-23
5987,customer_5987,AU,2021-04-13
5988,customer_5988,JP,2024-11-29
5989,customer_5989,GB,2022-08-02
5990,customer_5990,JP,2019-05-19
5991,customer_5991,NP,2019-10-26
5992,customer_5992,DE,2021-04-27
5993,customer_5993,GB,2021-05-06
5994,customer_5994,BR,2019-12-05
5995,customer_5995,US,2022-05-20
5996,customer_5996,US,2022-04-12
5997,customer_5997,GB,2020-05-13
5998,customer_5998,AU,2020-08-03
5999,customer_5999,GB,2023-07-20
6000,customer_6000,NP,2025-07-08
6001,customer_6001,JP,2025-10-27
6002,customer_6002,GB,2022-10-30
6003,customer_6003,BR,2019-04-07
6004,customer_6004,JP,2025-02-22
6005,customer_6005,DE,2025-07-04
6006,customer_6006,US,2020-11-26
6007,customer_6007,IN,2021-09-27
6008,customer_6008,BR,2019-03-06
6009,customer_6009,NP,2024-06-26
6010,customer_6010,NP,2024-04-23
6011,customer_6011,DE,2019-02-21
6012,customer_6012,GB,2023-10-22
6013,customer_6013,BR,2021-10-26
6014,customer_6014,JP,2022-09-25
6015,customer_6015,JP,2020-06-29
6016,customer_6016,NP,2024-07-31
6017,customer_6017,IN,2021-10-08
6018,customer_6018,NP,2024-10-01
6019,customer_6019,GB,2020-01-06
6020,customer_6020,GB,2023-01-09
6021,customer_6021,IN,2021-02-14
6022,customer_6022,IN,2025-08-11
6023,customer_6023,IN,2022-10-24
6024,customer_6024,AU,2023-12-05
6025,customer_6025,DE,2019-08-04
6026,customer_6026,GB,2023-08-20
6027,customer_6027,DE,2019-09-10
6028,customer_6028,BR,2021-06-22
6029,customer_6029,JP,2020-07-10
6030,customer_6030,IN,2019-01-06
6031,customer_6031,AU,2023-01-05
6032,customer_6032,BR,2020-08-25
6033,customer_6033,GB,2022-07-05
6034,customer_6034,AU,2024-03-24
6035,customer_6035,US,2020-03-21
6036,customer_6036,NP,2023-11-10
6037,customer_6037,JP,2021-01-12
6038,customer_6038,IN,2021-04-07
6039,customer_6039,DE,2022-12-13
6040,customer_6040,US,2023-04-13
6041,customer_6041,DE,2023-06-27
6042,customer_6042,DE,2020-05-03
6043,customer_6043,IN,2022-12-20
6044,customer_6044,BR,2020-10-21
6045,customer_6045,JP,2020-11-23
6046,customer_6046,DE,2025-06-26
6047,customer_6047,NP,2019-09-10
6048,customer_6048,JP,2021-10-29
6049,customer_6049,US,2022-01-03
6050,customer_6050,IN,2020-09-04
6051,customer_6051,DE,2024-05-17
6052,customer_6052,US,2022-05-02
6053,customer_6053,DE,2023-12-04
6054,customer_6054,IN,2021-08-25
6055,customer_6055,GB,2025-02-19
6056,customer_6056,GB,2023-12-29
6057,customer_6057,NP,2021-04-12
6058,customer_6058,JP,2025-08-02
6059,customer_6059,BR,2024-12-02
6060,customer_6060,DE,2023-01-19
6061,customer_6061,DE,2019-02-11
6062,customer_6062,GB,2023-01-17
6063,customer_6063,DE,2023-09-24
6064,customer_6064,NP,2021-07-01
6065,customer_6065,IN,2019-12-26
6066,customer_6066,IN,2022-11-12
6067,customer_6067,DE,2024-06-26
6068,customer_6068,US,2021-03-09
6069,customer_6069,US,2022-02-14
6070,customer_6070,AU,2019-01-03
6071,customer_6071,US,2023-10-26
6072,customer_6072,BR,2024-12-05
6073,customer_6073,BR,2024-04-24
6074,customer_6074,JP,2021-12-09
6075,customer_6075,AU,2019-04-23
6076,customer_6076,NP,2022-05-15
6077,customer_6077,IN,2025-06-09
6078,customer_6078,US,2019-07-28
6079,customer_6079,JP,2020-06-18
6080,customer_6080,BR,2024-09-23
6081,customer_6081,AU,2022-11-21
6082,customer_6082,DE,2020-03-01
6083,customer_6083,US,2019-03-02
6084,customer_6084,AU,2021-10-23
6085,customer_6085,BR,2023-01-27
6086,customer_6086,GB,2024-10-01
6087,customer_6087,DE,2025-01-18
6088,customer_6088,DE,2022-02-18
6089,customer_6089,DE,2021-11-22
6090,customer_6090,BR,2025-05-16
6091,customer_6091,US,2024-04-26
6092,customer_6092,AU,2020-06-07
6093,customer_6093,US,2023-08-31
6094,customer_6094,DE,2023-11-24
6095,customer_6095,IN,2020-08-07
6096,customer_6096,BR,2025-09-10
6097,customer_6097,BR,2021-01-12
6098,customer_6098,AU,2022-10-06
6099,customer_6099,GB,2022-05-19
6100,customer_6100,US,2023-09-27
6101,customer_6101,US,2025-03-04
6102,customer_6102,AU,2021-09-10
6103,customer_6103,DE,2021-08-19
6104,customer_6104,NP,2024-02-22
6105,customer_6105,GB,2025-07-08
6106,customer_6106,BR,2025-03-22
6107,customer_6107,NP,2024-02-25
6108,customer_6108,GB,2023-10-24
6109,customer_6109,JP,2024-04-05
6110,customer_6110,JP,2025-05-28
6111,customer_6111,GB,2019-01-27
6112,customer_6112,DE,2023-01-11
6113,customer_6113,DE,2019-03-27
6114,customer_6114,JP,2022-12-13
6115,customer_6115,US,2021-09-13
6116,customer_6116,US,2021-01-31
6117,customer_6117,GB,2025-02-05
6118,customer_6118,US,2023-11-10
6119,customer_6119,JP,2022-11-19
6120,customer_6120,IN,2025-01-13
6121,customer_6121,US,2019-09-02
6122,customer_6122,JP,2023-06-04
6123,customer_6123,GB,2020-01-26
6124,customer_6124,DE,2020-08-05
6125,customer_6125,US,2020-04-07
6126,customer_6126,US,2022-09-22
6127,customer_6127,US,2023-04-22
6128,customer_6128,AU,2024-03-04
6129,customer_6129,IN,2022-01-06
6130,customer_6130,IN,2025-06-06
6131,customer_6131,NP,2021-07-22
6132,customer_6132,DE,2020-01-27
6133,customer_6133,AU,2019-04-02
6134,customer_6134,DE,2019-11-15
6135,customer_6135,BR,2022-01-17
6136,customer_6136,US,2021-10-29
6137,customer_6137,US,2024-11-05
6138,customer_6138,BR,2019-11-11
6139,customer_6139,NP,2020-10-17
6140,customer_6140,DE,2025-09-17
6141,customer_6141,IN,2019-03-13
6142,customer_6142,NP,2021-11-26
6143,customer_6143,JP,2020-05-10
6144,customer_6144,AU,2022-08-27
6145,customer_6145,NP,2025-08-31
6146,customer_6146,GB,2020-07-21
6147,customer_6147,JP,2021-07-14
6148,customer_6148,BR,2022-01-27
6149,customer_6149,NP,2024-06-19
6150,customer_6150,GB,2025-09-27
6151,customer_6151,NP,2019-08-30
6152,customer_6152,AU,2022-05-06
6153,customer_6153,BR,2024-02-25
6154,customer_6154,IN,2019-01-23
6155,customer_6155,NP,2024-07-08
6156,customer_6156,JP,2020-08-29
6157,customer_6157,NP,2022-07-19
6158,customer_6158,JP,2025-09-12
6159,customer_6159,GB,2023-05-07
6160,customer_6160,IN,2025-10-08
6161,customer_6161,US,2023-02-17
6162,customer_6162,US,2020-06-10
6163,customer_6163,US,2023-09-28
6164,customer_6164,NP,2023-03-19
6165,customer_6165,US,2021-02-15
6166,customer_6166,BR,2019-07-12
6167,customer_6167,IN,2023-06-09
6168,customer_6168,GB,2022-12-14
6169,customer_6169,GB,2024-04-18
6170,customer_6170,GB,2019-11-11
6171,customer_6171,JP,2022-09-08
6172,customer_6172,IN,2024-08-08
6173,customer_6173,AU,2025-02-06
6174,customer_6174,US,2025-06-06
6175,customer_6175,DE,2020-06-13
6176,customer_6176,DE,2020-03-08
6177,customer_6177,BR,2022-12-11
6178,customer_6178,JP,2022-03-02
6179,customer_6179,GB,2020-08-08
6180,customer_6180,AU,2019-09-13
6181,customer_6181,DE,2019-12-26
6182,customer_6182,GB,2021-04-27
6183,customer_6183,US,2024-01-23
6184,customer_6184,AU,2019-06-12
6185,customer_6185,US,2019-09-20
6186,customer_6186,GB,2020-10-23
6187,customer_6187,DE,2024-12-24
6188,customer_6188,AU,2025-10-11
6189,customer_6189,US,2022-01-05
6190,customer_6190,DE,2019-04-22
6191,customer_6191,AU,2019-01-30
6192,customer_6192,NP,2024-11-17
6193,customer_6193,IN,2022-01-16
6194,customer_6194,NP,2019-07-13
6195,customer_6195,IN,2024-09-14
6196,customer_6196,DE,2022-08-15
6197,customer_6197,JP,2021-05-24
6198,customer_6198,IN,2022-02-04
6199,customer_6199,US,2020-07-16
6200,customer_6200,US,2025-05-17
6201,customer_6201,AU,2024-05-23
6202,customer_6202,AU,2020-05-12
6203,customer_6203,US,2024-01-12
6204,customer_6204,US,2020-03-25
6205,customer_6205,NP,2022-02-07
6206,customer_6206,AU,2024-02-15
6207,customer_6207,BR,2019-04-01
6208,customer_6208,GB,2023-12-20
6209,customer_6209,IN,2020-07-18
6210,customer_6210,BR,2023-10-14
6211,customer_6211,NP,2022-06-01
6212,customer_6212,BR,2019-03-07
6213,customer_6213,JP,2024-03-19
6214,customer_6214,IN,2020-10-11
6215,customer_6215,BR,2025-07-08
6216,customer_6216,BR,2024-09-30
6217,customer_6217,DE,2020-04-27
6218,customer_6218,US,2023-02-11
6219,customer_6219,NP,2021-06-24
6220,customer_6220,AU,2023-02-14
6221,customer_6221,IN,2022-10-24
6222,customer_6222,IN,2021-01-09
6223,customer_6223,BR,2023-06-17
6224,customer_6224,IN,2020-10-12
6225,customer_6225,DE,2025-03-18
6226,customer_6226,BR,2025-06-24
6227,customer_6227,JP,2020-02-19
6228,customer_6228,BR,2023-12-25
6229,customer_6229,NP,2025-05-12
6230,customer_6230,DE,2019-11-14
6231,customer_6231,DE,2024-01-24
6232,customer_6232,BR,2025-06-02
6233,customer_6233,US,2020-07-16
6234,customer_6234,US,2022-12-26
6235,customer_6235,GB,2024-06-17
6236,customer_6236,BR,2021-04-13
6237,customer_6237,GB,2020-08-17
6238,customer_6238,IN,2021-09-19
6239,customer_6239,AU,2021-04-18
6240,customer_6240,IN,2023-12-19
6241,customer_6241,BR,2021-07-16
6242,customer_6242,US,2021-07-29
6243,customer_6243,AU,2025-06-19
6244,customer_6244,IN,2022-12-17
6245,customer_6245,GB,2025-05-12
6246,customer_6246,IN,2023-11-12
6247,customer_6247,GB,2025-01-22
6248,customer_6248,DE,2020-05-03
6249,customer_6249,NP,2025-06-03
6250,customer_6250,US,2025-06-18
6251,customer_6251,BR,2019-04-12
6252,customer_6252,US,2021-06-09
6253,customer_6253,IN,2021-10-30
6254,customer_6254,JP,2021-11-14
6255,customer_6255,IN,2024-04-30
6256,customer_6256,US,2023-10-13
6257,customer_6257,JP,2020-06-16
6258,customer_6258,BR,2023-03-02
6259,customer_6259,BR,2025-09-02
6260,customer_6260,AU,2022-01-05
6261,customer_6261,NP,2025-05-09
6262,customer_6262,DE,2023-06-13
6263,customer_6263,US,2025-05-01
6264,customer_6264,AU,2025-03-07
6265,customer_6265,JP,2019-02-11
6266,customer_6266,NP,2024-06-23
6267,customer_6267,BR,2020-04-17
6268,customer_6268,NP,2024-08-22
6269,customer_6269,IN,2024-07-13
6270,customer_6270,BR,2020-10-08
6271,customer_6271,JP,2019-06-15
6272,customer_6272,GB,2021-11-14
6273,customer_6273,JP,2021-01-27
6274,customer_6274,GB,2022-10-16
6275,customer_6275,JP,2019-07-25
6276,customer_6276,NP,2019-04-21
6277,customer_6277,NP,2021-12-28
6278,customer_6278,GB,2024-04-08
6279,customer_6279,NP,2021-02-26
6280,customer_6280,DE,2021-03-19
6281,customer_6281,NP,2020-02-15
6282,customer_6282,IN,2020-12-07
6283,customer_6283,JP,2021-01-16
6284,customer_6284,US,2020-10-10
6285,customer_6285,DE,2021-05-09
6286,customer_6286,AU,2020-12-09
6287,customer_6287,NP,2023-08-30
6288,customer_6288,NP,2021-04-25
6289,customer_6289,IN,2024-03-01
6290,customer_6290,GB,2023-02-21
6291,customer_6291,DE,2023-05-21
6292,customer_6292,BR,2022-12-29
6293,customer_6293,NP,2025-04-26
6294,customer_6294,BR,2020-10-01
6295,customer_6295,NP,2025-09-21
6296,customer_6296,BR,2020-05-31
6297,customer_6297,US,2019-12-12
6298,customer_6298,GB,2024-08-27
6299,customer_6299,IN,2025-02-17
6300,customer_6300,US,2019-08-20
6301,customer_6301,IN,2023-02-08
6302,customer_6302,NP,2022-07-06
6303,customer_6303,US,2020-07-04
6304,customer_6304,JP,2022-07-25
6305,customer_6305,IN,2023-09-11
6306,customer_6306,IN,2022-12-06
6307,customer_6307,GB,2022-07-23
6308,customer_6308,NP,2025-01-23
6309,customer_6309,DE,2020-07-17
6310,customer_6310,US,2023-04-09
6311,customer_6311,DE,2021-03-02
6312,customer_6312,IN,2025-08-31
6313,customer_6313,NP,2020-09-20
6314,customer_6314,NP,2024-12-18
6315,customer_6315,GB,2023-04-30
6316,customer_6316,NP,2020-06-20
6317,customer_6317,GB,2024-03-11
6318,customer_6318,AU,2020-08-25
6319,customer_6319,DE,2020-10-17
6320,customer_6320,IN,2021-05-11
6321,customer_6321,GB,2023-09-01
6322,customer_6322,AU,2021-09-05
6323,customer_6323,NP,2022-11-23
6324,customer_6324,AU,2022-10-14
6325,customer_6325,AU,2020-05-06
6326,customer_6326,US,2020-08-04
6327,customer_6327,NP,2021-02-06
6328,customer_6328,BR,2020-07-09
6329,customer_6329,NP,2025-04-15
6330,customer_6330,JP,2021-08-11
6331,customer_6331,NP,2021-10-09
6332,customer_6332,BR,2023-08-08
6333,customer_6333,US,2024-05-24
6334,customer_6334,NP,2023-09-17
6335,customer_6335,NP,2022-10-09
6336,customer_6336,US,2025-09-06
6337,customer_6337,JP,2025-02-27
6338,customer_6338,NP,2020-05-21
6339,customer_6339,GB,2020-02-05
6340,customer_6340,JP,2021-09-09
6341,customer_6341,IN,2024-09-19
6342,customer_6342,AU,2025-08-08
6343,customer_6343,BR,2023-10-23
6344,customer_6344,BR,2023-09-22
6345,customer_6345,US,2020-08-07
6346,customer_6346,BR,2023-01-20
6347,customer_6347,JP,2020-04-05
6348,customer_6348,AU,2022-09-11
6349,customer_6349,DE,2020-04-29
6350,customer_6350,BR,2019-07-08
6351,customer_6351,IN,2025-08-15
6352,customer_6352,NP,2025-02-11
6353,customer_6353,US,2023-09-10
6354,customer_6354,GB,2023-04-13
6355,customer_6355,BR,2020-08-22
6356,customer_6356,IN,2022-11-30
6357,customer_6357,BR,2024-02-14
6358,customer_6358,NP,2022-09-10
6359,customer_6359,NP,2020-12-05
6360,customer_6360,JP,2021-09-06
6361,customer_6361,JP,2024-10-03
6362,customer_6362,AU,2020-09-28
6363,customer_6363,GB,2025-07-31
6364,customer_6364,IN,2024-03-03
6365,customer_6365,GB,2025-02-03
6366,customer_6366,DE,2022-06-27
6367,customer_6367,GB,2020-07-13
6368,customer_6368,US,2019-03-26
6369,customer_6369,NP,2022-08-30
6370,customer_6370,NP,2021-09-24
6371,customer_6371,AU,2019-10-12
6372,customer_6372,NP,2025-05-10
6373,customer_6373,AU,2025-08-22
6374,customer_6374,BR,2021-07-23
6375,customer_6375,US,2023-07-29
6376,customer_6376,GB,2021-10-30
6377,customer_6377,US,2022-05-27
6378,customer_6378,US,2023-04-09
6379,customer_6379,JP,2021-11-07
6380,customer_6380,IN,2024-06-27
6381,customer_6381,IN,2020-04-18
6382,customer_6382,US,2023-07-30
6383,customer_6383,JP,2025-09-23
6384,customer_6384,NP,2024-10-26
6385,customer_6385,US,2019-04-25
6386,customer_6386,JP,2019-10-12
6387,customer_6387,DE,2023-04-21
6388,customer_6388,BR,2025-04-30
6389,customer_6389,US,2024-10-11
6390,customer_6390,BR,2025-03-09
6391,customer_6391,GB,2020-01-10
6392,customer_6392,DE,2022-07-21
6393,customer_6393,IN,2023-12-20
6394,customer_6394,JP,2023-04-11
6395,customer_6395,JP,2024-04-26
6396,customer_6396,NP,2020-06-16
6397,customer_6397,JP,2022-02-16
6398,customer_6398,US,2022-01-24
6399,customer_6399,JP,2025-06-07
6400,customer_6400,AU,2020-05-21
6401,customer_6401,JP,2021-03-26
6402,customer_6402,GB,2019-02-24
6403,customer_6403,IN,2020-01-15
6404,customer_6404,AU,2025-09-18
6405,customer_6405,GB,2024-10-20
6406,customer_6406,AU,2020-10-09
6407,customer_6407,BR,2023-10-22
6408,customer_6408,BR,2023-01-22
6409,customer_6409,JP,2025-03-16
6410,customer_6410,AU,2021-01-20
6411,customer_6411,GB,2025-10-21
6412,customer_6412,DE,2021-07-15
6413,customer_6413,NP,2023-11-28
6414,customer_6414,NP,2021-09-21
6415,customer_6415,US,2023-08-06
6416,customer_6416,NP,2021-04-17
6417,customer_6417,US,2024-10-09
6418,customer_6418,NP,2023-05-13
6419,customer_6419,AU,2020-12-22
6420,customer_6420,NP,2025-07-30
6421,customer_6421,BR,2023-11-08
6422,customer_6422,IN,2021-12-07
6423,customer_6423,US,2019-12-06
6424,customer_6424,BR,2025-08-30
6425,customer_6425,AU,2024-03-02
6426,customer_6426,GB,2023-07-28
6427,customer_6427,AU,2024-09-13
6428,customer_6428,JP,2023-02-26
6429,customer_6429,BR,2020-08-03
6430,customer_6430,US,2020-08-15
6431,customer_6431,GB,2019-07-17
6432,customer_6432,BR,2019-06-07
6433,customer_6433,IN,2023-12-27
6434,customer_6434,IN,2024-10-30
6435,customer_6435,JP,2020-02-14
6436,customer_6436,NP,2022-12-05
6437,customer_6437,GB,2019-11-06
6438,customer_6438,IN,2021-11-02
6439,customer_6439,NP,2024-05-30
6440,customer_6440,IN,2024-07-22
6441,customer_6441,GB,2025-06-29
6442,customer_6442,IN,2021-02-15
6443,customer_6443,JP,2025-06-29
6444,customer_6444,GB,2024-05-13
6445,customer_6445,NP,2021-04-26
6446,customer_6446,GB,2021-03-30
6447,customer_6447,IN,2019-09-26
6448,customer_6448,BR,2025-04-21
6449,customer_6449,US,2020-05-23
6450,customer_6450,US,2020-10-31
6451,customer_6451,GB,2021-10-29
6452,customer_6452,GB,2019-12-10
6453,customer_6453,AU,2024-07-07
6454,customer_6454,BR,2023-10-12
6455,customer_6455,DE,2020-01-27
6456,customer_6456,US,2020-02-12
6457,customer_6457,IN,2019-02-24
6458,customer_6458,BR,2025-07-01
6459,customer_6459,IN,2021-12-25
6460,customer_6460,DE,2023-06-27
6461,customer_6461,US,2020-01-10
6462,customer_6462,DE,2020-07-31
6463,customer_6463,US,2022-09-15
6464,customer_6464,NP,2020-06-06
6465,customer_6465,US,2023-03-13
6466,customer_6466,JP,2025-04-28
6467,customer_6467,IN,2021-02-01
6468,customer_6468,NP,2023-02-28
6469,customer_6469,JP,2025-04-08
6470,customer_6470,US,2025-02-12
6471,customer_6471,NP,2019-01-20
6472,customer_6472,US,2019-10-03
6473,customer_6473,DE,2025-10-01
6474,customer_6474,AU,2025-05-02
6475,customer_6475,US,2021-03-15
6476,customer_6476,IN,2022-07-24
6477,customer_6477,US,2022-12-02
6478,customer_6478,IN,2023-07-30
6479,customer_6479,BR,2024-02-19
6480,customer_6480,IN,2021-07-21
6481,customer_6481,BR,2025-02-02
6482,customer_6482,AU,2019-05-28
6483,customer_6483,AU,2019-03-23
6484,customer_6484,JP,2025-07-22
6485,customer_6485,BR,2020-03-18
6486,customer_6486,AU,2025-10-22
6487,customer_6487,GB,2020-12-15
6488,customer_6488,IN,2021-06-30
6489,customer_6489,US,2019-03-11
6490,customer_6490,NP,2025-06-17
6491,customer_6491,AU,2021-06-17
6492,customer_6492,JP,2020-02-24
6493,customer_6493,IN,2022-04-23
6494,customer_6494,IN,2020-01-22
6495,customer_6495,IN,2024-05-28
6496,customer_6496,GB,2019-07-02
6497,customer_6497,JP,2022-06-02
6498,customer_6498,AU,2021-09-05
6499,customer_6499,IN,2019-04-03
6500,customer_6500,DE,2019-05-11
6501,customer_6501,NP,2022-07-20
6502,customer_6502,AU,2021-09-13
6503,customer_6503,JP,2019-11-21
6504,customer_6504,JP,2019-12-12
6505,customer_6505,DE,2024-07-05
6506,customer_6506,IN,2024-01-01
6507,customer_6507,AU,2023-02-28
6508,customer_6508,DE,2024-09-14
6509,customer_6509,BR,2019-06-23
6510,customer_6510,NP,2023-09-16
6511,customer_6511,IN,2024-02-25
6512,customer_6512,GB,2020-05-16
6513,customer_6513,NP,2022-09-02
6514,customer_6514,NP,2024-04-01
6515,customer_6515,GB,2023-02-17
6516,customer_6516,IN,2020-09-15
6517,customer_6517,IN,2023-07-20
6518,customer_6518,JP,2024-03-13
6519,customer_6519,US,2019-01-25
6520,customer_6520,NP,2022-11-19
6521,customer_6521,NP,2022-06-15
6522,customer_6522,NP,2021-07-05
6523,customer_6523,US,2019-04-21
6524,customer_6524,BR,2019-07-28
6525,customer_6525,IN,2024-02-19
6526,customer_6526,NP,2024-08-30
6527,customer_6527,NP,2021-11-14
6528,customer_6528,DE,2025-06-07
6529,customer_6529,GB,2025-05-08
6530,customer_6530,IN,2023-07-23
6531,customer_6531,NP,2022-12-23
6532,customer_6532,US,2025-08-08
6533,customer_6533,DE,2023-03-05
6534,customer_6534,US,2025-05-24
6535,customer_6535,AU,2025-09-13
6536,customer_6536,GB,2020-05-01
6537,customer_6537,IN,2023-07-10
6538,customer_6538,AU,2024-01-03
6539,customer_6539,IN,2024-08-12
6540,customer_6540,US,2021-05-23
6541,customer_6541,AU,2024-11-24
6542,customer_6542,AU,2022-05-03
6543,customer_6543,IN,2021-08-25
6544,customer_6544,JP,2020-01-28
6545,customer_6545,US,2021-03-14
6546,customer_6546,BR,2025-09-02
6547,customer_6547,BR,2023-11-26
6548,customer_6548,BR,2023-12-21
6549,customer_6549,JP,2025-02-17
6550,customer_6550,BR,2020-10-29
6551,customer_6551,JP,2023-07-12
6552,customer_6552,GB,2021-07-17
6553,customer_6553,US,2024-10-20
6554,customer_6554,DE,2021-11-22
6555,customer_6555,DE,2024-11-07
6556,customer_6556,JP,2024-02-12
6557,customer_6557,US,2024-04-13
6558,customer_6558,IN,2025-05-03
6559,customer_6559,AU,2024-05-30
6560,customer_6560,NP,2021-03-14
6561,customer_6561,BR,2022-07-27
6562,customer_6562,BR,2022-03-27
6563,customer_6563,DE,2019-06-11
6564,customer_6564,NP,2023-01-23
6565,customer_6565,NP,2021-12-29
6566,customer_6566,IN,2021-09-10
6567,customer_6567,NP,2019-10-02
6568,customer_6568,NP,2022-06-14
6569,customer_6569,US,2022-12-18
6570,customer_6570,US,2019-09-22
6571,customer_6571,GB,2023-05-07
6572,customer_6572,BR,2020-02-24
6573,customer_6573,NP,2019-12-29
6574,customer_6574,BR,2021-09-29
6575,customer_6575,US,2021-08-30
6576,customer_6576,DE,2025-04-06
6577,customer_6577,NP,2019-06-19
6578,customer_6578,NP,2021-05-23
6579,customer_6579,US,2024-01-11
6580,customer_6580,DE,2020-09-16
6581,customer_6581,DE,2025-09-19
6582,customer_6582,IN,2024-02-01
6583,customer_6583,JP,2025-06-23
6584,customer_6584,BR,2025-06-30
6585,customer_6585,BR,2019-09-30
6586,customer_6586,JP,2022-02-21
6587,customer_6587,JP,2024-02-05
6588,customer_6588,DE,2019-01-22
6589,customer_6589,US,2022-02-04
6590,customer_6590,DE,2023-09-17
6591,customer_6591,NP,2024-06-05
6592,customer_6592,AU,2021-11-03
6593,customer_6593,IN,2024-11-27
6594,customer_6594,GB,2023-08-12
6595,customer_6595,AU,2019-04-24
6596,customer_6596,DE,2020-11-25
6597,customer_6597,GB,2025-06-02
6598,customer_6598,DE,2019-01-07
6599,customer_6599,US,2019-09-28
6600,customer_6600,NP,2021-05-11
6601,customer_6601,US,2025-10-20
6602,customer_6602,AU,2023-10-28
6603,customer_6603,DE,2020-01-05
6604,customer_6604,IN,2021-09-09
6605,customer_6605,DE,2025-06-06
6606,customer_6606,IN,2020-07-01
6607,customer_6607,GB,2022-12-09
6608,customer_6608,AU,2022-03-06
6609,customer_6609,NP,2024-03-16
6610,customer_6610,BR,2024-02-24
6611,customer_6611,IN,2024-09-14
6612,customer_6612,NP,2019-10-26
6613,customer_6613,AU,2022-02-08
6614,customer_6614,NP,2023-09-26
6615,customer_6615,US,2021-11-13
6616,customer_6616,NP,2023-07-27
6617,customer_6617,DE,2023-05-09
6618,customer_6618,JP,2021-07-15
6619,customer_6619,IN,2019-09-08
6620,customer_6620,NP,2025-08-22
6621,customer_6621,NP,2024-08-26
6622,customer_6622,AU,2025-02-14
6623,customer_6623,GB,2021-01-19
6624,customer_6624,AU,2021-03-01
6625,customer_6625,JP,2021-03-19
6626,customer_6626,JP,2019-03-19
6627,customer_6627,GB,2020-02-29
6628,customer_6628,JP,2021-02-09
6629,customer_6629,DE,2025-10-04
6630,customer_6630,IN,2020-05-26
6631,customer_6631,DE,2022-06-23
6632,customer_6632,NP,2022-09-30
6633,customer_6633,US,2021-06-18
6634,customer_6634,BR,2025-04-15
6635,customer_6635,GB,2019-08-22
6636,customer_6636,NP,2024-12-15
6637,customer_6637,NP,2024-02-03
6638,customer_6638,NP,2021-02-03
6639,customer_6639,GB,2024-04-03
6640,customer_6640,IN,2021-12-07
6641,customer_6641,IN,2025-08-23
6642,customer_6642,NP,2019-04-02
6643,customer_6643,AU,2019-03-16
6644,customer_6644,DE,2022-09-22
6645,customer_6645,GB,2025-05-17
6646,customer_6646,BR,2019-06-08
6647,customer_6647,US,2024-04-28
6648,customer_6648,GB,2025-06-04
6649,customer_6649,JP,2022-04-30
6650,customer_6650,JP,2024-12-07
6651,customer_6651,US,2024-03-07
6652,customer_6652,GB,2020-06-19
6653,customer_6653,AU,2024-11-05
6654,customer_6654,DE,2023-10-15
6655,customer_6655,NP,2019-02-01
6656,customer_6656,GB,2022-11-21
6657,customer_6657,AU,2023-06-24
6658,customer_6658,JP,2024-06-26
6659,customer_6659,JP,2024-04-12
6660,customer_6660,US,2022-04-04
6661,customer_6661,NP,2021-01-17
6662,customer_6662,AU,2020-04-24
6663,customer_6663,DE,2019-08-11
6664,customer_6664,IN,2023-05-19
6665,customer_6665,BR,2025-07-27
6666,customer_6666,NP,2019-07-20
6667,customer_6667,NP,2023-10-23
6668,customer_6668,US,2023-01-01
6669,customer_6669,DE,2020-03-05
6670,customer_6670,IN,2020-06-15
6671,customer_6671,US,2020-12-12
6672,customer_6672,IN,2023-09-09
6673,customer_6673,IN,2021-01-16
6674,customer_6674,JP,2024-09-01
6675,customer_6675,JP,2021-07-13
6676,customer_6676,AU,2019-10-01
6677,customer_6677,GB,2019-08-27
6678,customer_6678,IN,2021-09-27
6679,customer_6679,AU,2021-10-16
6680,customer_6680,JP,2024-01-08
6681,customer_6681,US,2022-04-11
6682,customer_6682,IN,2020-02-14
6683,customer_6683,BR,2020-06-17
6684,customer_6684,GB,2022-11-17
6685,customer_6685,IN,2021-04-15
6686,customer_6686,US,2023-08-07
6687,customer_6687,US,2025-04-26
6688,customer_6688,NP,2021-06-05
6689,customer_6689,BR,2022-10-11
6690,customer_6690,JP,2024-09-10
6691,customer_6691,DE,2020-06-09
6692,customer_6692,BR,2022-06-30
6693,customer_6693,GB,2021-02-02
6694,customer_6694,GB,2023-04-17
6695,customer_6695,US,2024-02-01
6696,customer_6696,JP,2019-12-19
6697,customer_6697,AU,2020-04-13
6698,customer_6698,GB,2019-02-27
6699,customer_6699,IN,2019-01-31
6700,customer_6700,DE,2019-05-07
6701,customer_6701,AU,2023-11-03
6702,customer_6702,NP,2025-03-09
6703,customer_6703,JP,2021-10-21
6704,customer_6704,NP,2025-01-15
6705,customer_6705,AU,2023-12-30
6706,customer_6706,NP,2024-07-11
6707,customer_6707,NP,2024-01-24
6708,customer_6708,IN,2020-05-14
6709,customer_6709,US,2022-08-01
6710,customer_6710,DE,2022-08-06
6711,customer_6711,IN,2023-05-24
6712,customer_6712,IN,2024-06-13
6713,customer_6713,JP,2019-10-09
6714,customer_6714,JP,2023-08-14
6715,customer_6715,AU,2024-09-13
6716,customer_6716,DE,2019-10-16
6717,customer_6717,JP,2021-11-03
6718,customer_6718,BR,2025-02-16
6719,customer_6719,US,2019-03-02
6720,customer_6720,BR,2020-02-06
6721,customer_6721,GB,2024-07-02
6722,customer_6722,IN,2020-03-05
6723,customer_6723,US,2023-10-21
6724,customer_6724,IN,2025-03-02
6725,customer_6725,IN,2022-05-31
6726,customer_6726,JP,2022-04-26
6727,customer_6727,GB,2021-12-07
6728,customer_6728,JP,2021-07-21
6729,customer_6729,US,2021-08-08
6730,customer_6730,IN,2022-10-16
6731,customer_6731,BR,2025-02-16
6732,customer_6732,IN,2025-09-19
6733,customer_6733,JP,2024-12-04
6734,customer_6734,BR,2019-10-27
6735,customer_6735,IN,2021-02-05
6736,customer_6736,BR,2024-03-07
6737,customer_6737,DE,2022-09-25
6738,customer_6738,US,2021-04-15
6739,customer_6739,IN,2021-02-16
6740,customer_6740,DE,2019-10-20
6741,customer_6741,NP,2021-04-11
6742,customer_6742,AU,2021-11-20
6743,customer_6743,JP,2021-11-05
6744,customer_6744,NP,2022-10-03
6745,customer_6745,GB,2020-11-13
6746,customer_6746,GB,2020-05-29
6747,customer_6747,NP,2025-01-27
6748,customer_6748,US,2021-10-10
6749,customer_6749,IN,2020-09-28
6750,customer_6750,JP,2023-05-09
6751,customer_6751,BR,2022-09-17
6752,customer_6752,DE,2022-12-12
6753,customer_6753,JP,2020-07-07
6754,customer_6754,NP,2023-12-13
6755,customer_6755,BR,2020-04-25
6756,customer_6756,AU,2024-09-22
6757,customer_6757,JP,2021-11-26
6758,customer_6758,DE,2021-10-19
6759,customer_6759,IN,2021-08-29
6760,customer_6760,AU,2021-11-23
6761,customer_6761,NP,2023-07-22
6762,customer_6762,IN,2022-05-26
6763,customer_6763,US,2019-11-14
6764,customer_6764,GB,2022-11-16
6765,customer_6765,DE,2020-10-29
6766,customer_6766,AU,2019-09-28
6767,customer_6767,BR,2024-09-30
6768,customer_6768,JP,2021-02-20
6769,customer_6769,JP,2023-01-27
6770,customer_6770,US,2020-03-05
6771,customer_6771,JP,2021-04-28
6772,customer_6772,BR,2021-08-22
6773,customer_6773,AU,2019-12-01
6774,customer_6774,JP,2025-08-30
6775,customer_6775,AU,2021-02-18
6776,customer_6776,AU,2022-12-27
6777,customer_6777,JP,2022-11-14
6778,customer_6778,DE,2021-12-09
6779,customer_6779,US,2023-01-04
6780,customer_6780,IN,2022-11-15
6781,customer_6781,AU,2019-07-20
6782,customer_6782,US,2023-07-31
6783,customer_6783,DE,2019-10-13
6784,customer_6784,BR,2021-12-23
6785,customer_6785,US,2021-06-30
6786,customer_6786,AU,2022-01-24
6787,customer_6787,BR,2019-06-29
6788,customer_6788,NP,2023-10-20
6789,customer_6789,US,2021-11-12
6790,customer_6790,BR,2019-06-02
6791,customer_6791,GB,2019-01-09
6792,customer_6792,AU,2022-09-12
6793,customer_6793,GB,2023-07-24
6794,customer_6794,NP,2022-09-30
6795,customer_6795,BR,2023-12-07
6796,customer_6796,NP,2024-03-06
6797,customer_6797,NP,2024-12-19
6798,customer_6798,BR,2025-09-22
6799,customer_6799,DE,2025-01-20
6800,customer_6800,BR,2024-06-12
6801,customer_6801,GB,2021-12-13
6802,customer_6802,NP,2022-06-13
6803,customer_6803,JP,2023-03-21
6804,customer_6804,GB,2020-02-28
6805,customer_6805,DE,2023-08-22
6806,customer_6806,JP,2023-01-10
6807,customer_6807,DE,2022-07-24
6808,customer_6808,AU,2024-09-16
6809,customer_6809,NP,2023-09-14
6810,customer_6810,AU,2025-05-20
6811,customer_6811,GB,2025-09-07
6812,customer_6812,GB,2024-08-25
6813,customer_6813,DE,2021-01-14
6814,customer_6814,JP,2020-04-17
6815,customer_6815,IN,2021-01-18
6816,customer_6816,IN,2023-11-17
6817,customer_6817,AU,2024-11-30
6818,customer_6818,JP,2025-01-09
6819,customer_6819,BR,2023-09-06
6820,customer_6820,NP,2023-08-30
6821,customer_6821,GB,2025-07-07
6822,customer_6822,BR,2023-09-11
6823,customer_6823,AU,2019-12-19
6824,customer_6824,US,2022-06-04
6825,customer_6825,JP,2021-06-15
6826,customer_6826,JP,2023-05-12
6827,customer_6827,JP,2023-05-09
6828,customer_6828,NP,2021-01-05
6829,customer_6829,DE,2021-01-19
6830,customer_6830,IN,2019-08-11
6831,customer_6831,JP,2021-01-03
6832,customer_6832,US,2024-08-31
6833,customer_6833,DE,2023-06-26
6834,customer_6834,JP,2025-06-15
6835,customer_6835,NP,2025-05-04
6836,customer_6836,GB,2024-11-12
6837,customer_6837,BR,2020-03-25
6838,customer_6838,NP,2021-04-14
6839,customer_6839,NP,2019-05-24
6840,customer_6840,GB,2019-08-22
6841,customer_6841,IN,2020-07-31
6842,customer_6842,GB,2020-12-01
6843,customer_6843,DE,2019-02-08
6844,customer_6844,IN,2024-10-08
6845,customer_6845,IN,2022-08-10
6846,customer_6846,BR,2023-06-28
6847,customer_6847,NP,2023-06-22
6848,customer_6848,DE,2025-08-13
6849,customer_6849,IN,2020-01-04
6850,customer_6850,US,2021-05-06
6851,customer_6851,IN,2021-02-09
6852,customer_6852,JP,2022-10-10
6853,customer_6853,BR,2022-08-08
6854,customer_6854,NP,2024-05-29
6855,customer_6855,GB,2022-11-02
6856,customer_6856,AU,2020-08-07
6857,customer_6857,BR,2022-11-12
6858,customer_6858,AU,2025-08-07
6859,customer_6859,DE,2022-12-18
6860,customer_6860,GB,2023-01-20
6861,customer_6861,BR,2020-03-15
6862,customer_6862,JP,2019-01-20
6863,customer_6863,US,2020-06-07
6864,customer_6864,JP,2019-03-04
6865,customer_6865,AU,2022-02-04
6866,customer_6866,AU,2025-01-14
6867,customer_6867,DE,2022-01-21
6868,customer_6868,US,2023-06-02
6869,customer_6869,BR,2024-11-09
6870,customer_6870,NP,2024-03-22
6871,customer_6871,US,2023-06-15
6872,customer_6872,JP,2024-05-14
6873,customer_6873,AU,2020-12-02
6874,customer_6874,IN,2021-11-17
6875,customer_6875,DE,2021-09-24
6876,customer_6876,IN,2024-06-19
6877,customer_6877,DE,2021-10-18
6878,customer_6878,NP,2025-06-01
6879,customer_6879,JP,2020-04-11
6880,customer_6880,JP,2020-03-06
6881,customer_6881,IN,2023-11-26
6882,customer_6882,IN,2024-03-25
6883,customer_6883,GB,2023-08-25
6884,customer_6884,US,2021-02-08
6885,customer_6885,NP,2019-01-23
6886,customer_6886,NP,2021-03-14
6887,customer_6887,AU,2022-03-12
6888,customer_6888,IN,2021-10-28
6889,customer_6889,NP,2025-04-24
6890,customer_6890,AU,2024-11-29
6891,customer_6891,US,2024-04-21
6892,customer_6892,IN,2019-02-25
6893,customer_6893,NP,2019-11-15
6894,customer_6894,BR,2021-12-20
6895,customer_6895,BR,2023-04-04
6896,customer_6896,GB,2023-08-28
6897,customer_6897,IN,2021-01-10
6898,customer_6898,IN,2019-10-04
6899,customer_6899,AU,2021-03-31
6900,customer_6900,GB,2024-06-03
6901,customer_6901,NP,2025-10-02
6902,customer_6902,BR,2025-06-12
6903,customer_6903,GB,2023-01-23
6904,customer_6904,JP,2019-08-16
6905,customer_6905,BR,2025-08-16
6906,customer_6906,NP,2020-01-18
6907,customer_6907,NP,2020-11-01
6908,customer_6908,NP,2025-09-01
6909,customer_6909,US,2022-06-13
6910,customer_6910,AU,2020-05-09
6911,customer_6911,BR,2022-06-09
6912,customer_6912,GB,2019-07-17
6913,customer_6913,IN,2021-02-28
6914,customer_6914,AU,2025-07-08
6915,customer_6915,US,2021-01-16
6916,customer_6916,AU,2025-02-09
6917,customer_6917,NP,2022-09-19
6918,customer_6918,NP,2023-06-28
6919,customer_6919,NP,2023-10-24
6920,customer_6920,GB,2022-10-10
6921,customer_6921,IN,2019-03-27
6922,customer_6922,DE,2025-04-17
6923,customer_6923,DE,2022-04-02
6924,customer_6924,GB,2023-06-27
6925,customer_6925,IN,2022-10-16
6926,customer_6926,NP,2023-07-04
6927,customer_6927,DE,2021-06-05
6928,customer_6928,IN,2024-10-10
6929,customer_6929,BR,2020-07-14
6930,customer_6930,GB,2023-06-22
6931,customer_6931,NP,2022-12-15
6932,customer_6932,GB,2022-06-13
6933,customer_6933,NP,2019-02-24
6934,customer_6934,JP,2021-09-01
6935,customer_6935,DE,2019-04-29
6936,customer_6936,IN,2022-06-11
6937,customer_6937,DE,2023-09-16
6938,customer_6938,IN,2022-07-30
6939,customer_6939,GB,2024-03-07
6940,customer_6940,AU,2021-06-21
6941,customer_6941,GB,2021-02-04
6942,customer_6942,DE,2022-01-25
6943,customer_6943,JP,2020-07-26
6944,customer_6944,DE,2024-06-27
6945,customer_6945,GB,2024-07-17
6946,customer_6946,JP,2021-11-07
6947,customer_6947,DE,2024-06-04
6948,customer_6948,DE,2019-03-05
6949,customer_6949,DE,2020-01-22
6950,customer_6950,JP,2020-12-08
6951,customer_6951,BR,2021-08-27
6952,customer_6952,DE,2020-08-02
6953,customer_6953,GB,2022-07-04
6954,customer_6954,GB,2024-06-06
6955,customer_6955,DE,2022-02-14
6956,customer_6956,AU,2022-01-28
6957,customer_6957,US,2019-05-30
6958,customer_6958,AU,2020-12-01
6959,customer_6959,IN,2024-07-11
6960,customer_6960,JP,2024-07-19
6961,customer_6961,IN,2019-09-18
6962,customer_6962,DE,2019-02-18
6963,customer_6963,IN,2024-09-08
6964,customer_6964,BR,2020-03-11
6965,customer_6965,NP,2022-12-07
6966,customer_6966,GB,2024-08-29
6967,customer_6967,AU,2024-05-22
6968,customer_6968,JP,2022-10-08
6969,customer_6969,JP,2021-07-30
6970,customer_6970,BR,2024-04-18
6971,customer_6971,US,2023-10-03
6972,customer_6972,BR,2024-09-26
6973,customer_6973,US,2022-07-08
6974,customer_6974,BR,2025-06-12
6975,customer_6975,IN,2024-04-08
6976,customer_6976,BR,2019-06-08
6977,customer_6977,GB,2021-01-04
6978,customer_6978,US,2024-06-21
6979,customer_6979,JP,2019-10-18
6980,customer_6980,DE,2023-11-07
6981,customer_6981,IN,2021-05-01
6982,customer_6982,JP,2020-06-01
6983,customer_6983,AU,2022-09-11
6984,customer_6984,NP,2025-05-18
6985,customer_6985,AU,2025-02-22
6986,customer_6986,GB,2021-10-07
6987,customer_6987,JP,2019-01-10
6988,customer_6988,JP,2025-01-28
6989,customer_6989,IN,2025-02-21
6990,customer_6990,US,2023-02-21
6991,customer_6991,JP,2023-04-21
6992,customer_6992,GB,2022-08-09
6993,customer_6993,US,2019-02-01
6994,customer_6994,BR,2020-02-03
6995,customer_6995,BR,2019-12-25
6996,customer_6996,GB,2025-04-04
6997,customer_6997,IN,2019-05-05
6998,customer_6998,DE,2022-10-23
6999,customer_6999,DE,2021-06-26
7000,customer_7000,GB,2019-01-16
7001,customer_7001,AU,2025-04-17
7002,customer_7002,DE,2019-02-15
7003,customer_7003,AU,2024-11-09
7004,customer_7004,JP,2024-04-28
7005,customer_7005,DE,2024-06-07
7006,customer_7006,NP,2020-02-09
7007,customer_7007,JP,2025-01-11
7008,customer_7008,BR,2023-02-05
7009,customer_7009,AU,2021-10-01
7010,customer_7010,BR,2023-08-30
7011,customer_7011,NP,2021-05-03
7012,customer_7012,JP,2020-11-29
7013,customer_7013,BR,2020-12-21
7014,customer_7014,DE,2022-11-24
7015,customer_7015,DE,2023-02-11
7016,customer_7016,GB,2020-08-23
7017,customer_7017,JP,2020-09-06
7018,customer_7018,BR,2025-06-23
7019,customer_7019,DE,2022-07-11
7020,customer_7020,IN,2024-11-20
7021,customer_7021,JP,2021-04-05
7022,customer_7022,AU,2020-12-21
7023,customer_7023,JP,2020-12-07
7024,customer_7024,BR,2022-08-15
7025,customer_7025,NP,2024-05-01
7026,customer_7026,AU,2022-06-05
7027,customer_7027,US,2021-01-07
7028,customer_7028,AU,2025-07-28
7029,customer_7029,DE,2022-12-02
7030,customer_7030,AU,2021-09-12
7031,customer_7031,AU,2019-01-25
7032,customer_7032,GB,2022-11-06
7033,customer_7033,AU,2023-04-02
7034,customer_7034,JP,2025-05-10
7035,customer_7035,GB,2020-07-30
7036,customer_7036,US,2020-02-12
7037,customer_7037,NP,2025-11-03
7038,customer_7038,JP,2022-10-08
7039,customer_7039,GB,2019-03-09
7040,customer_7040,GB,2019-09-22
7041,customer_7041,JP,2022-04-03
7042,customer_7042,JP,2023-03-24
7043,customer_7043,JP,2020-09-01
7044,customer_7044,GB,2021-07-03
7045,customer_7045,GB,2024-01-15
7046,customer_7046,NP,2025-08-16
7047,customer_7047,JP,2022-05-12
7048,customer_7048,DE,2021-11-04
7049,customer_7049,GB,2021-06-21
7050,customer_7050,JP,2019-12-07
7051,customer_7051,AU,2019-05-12
7052,customer_7052,DE,2024-09-15
7053,customer_7053,BR,2019-04-03
7054,customer_7054,NP,2024-08-14
7055,customer_7055,AU,2020-09-10
7056,customer_7056,US,2023-10-04
7057,customer_7057,DE,2025-07-06
7058,customer_7058,GB,2024-02-16
7059,customer_7059,AU,2023-12-29
7060,customer_7060,DE,2020-10-23
7061,customer_7061,DE,2023-02-04
7062,customer_7062,NP,2023-05-25
7063,customer_7063,AU,2021-11-29
7064,customer_7064,NP,2019-04-06
7065,customer_7065,NP,2025-03-31
7066,customer_7066,DE,2020-05-07
7067,customer_7067,NP,2025-08-30
7068,customer_7068,US,2025-05-19
7069,customer_7069,BR,2019-02-17
7070,customer_7070,BR,2024-01-23
7071,customer_7071,IN,2023-05-05
7072,customer_7072,GB,2020-07-30
7073,customer_7073,JP,2024-07-24
7074,customer_7074,US,2019-10-06
7075,customer_7075,BR,2020-09-13
7076,customer_7076,JP,2025-06-30
7077,customer_7077,GB,2024-02-01
7078,customer_7078,US,2019-10-08
7079,customer_7079,US,2019-12-27
7080,customer_7080,IN,2020-10-04
7081,customer_7081,IN,2019-06-26
7082,customer_7082,AU,2020-04-01
7083,customer_7083,BR,2022-11-30
7084,customer_7084,JP,2019-01-19
7085,customer_7085,JP,2020-12-19
7086,customer_7086,AU,2021-02-24
7087,customer_7087,DE,2025-08-24
7088,customer_7088,US,2025-09-01
7089,customer_7089,US,2024-10-14
7090,customer_7090,IN,2021-05-04
7091,customer_7091,BR,2022-08-11
7092,customer_7092,DE,2022-06-14
7093,customer_7093,DE,2024-11-20
7094,customer_7094,DE,2024-02-08
7095,customer_7095,AU,2025-03-16
7096,customer_7096,AU,2022-10-09
7097,customer_7097,US,2025-04-16
7098,customer_7098,NP,2024-02-02
7099,customer_7099,US,2024-01-22
7100,customer_7100,GB,2023-07-13
7101,customer_7101,DE,2021-04-19
7102,customer_7102,GB,2023-03-02
7103,customer_7103,BR,2021-06-10
7104,customer_7104,JP,2023-06-13
7105,customer_7105,IN,2020-09-28
7106,customer_7106,IN,2024-06-20
7107,customer_7107,US,2022-11-29
7108,customer_7108,JP,2023-11-11
7109,customer_7109,IN,2020-07-08
7110,customer_7110,IN,2024-06-02
7111,customer_7111,NP,2024-06-29
7112,customer_7112,GB,2019-12-30
7113,customer_7113,AU,2021-05-25
7114,customer_7114,DE,2023-08-22
7115,customer_7115,JP,2024-12-23
7116,customer_7116,AU,2024-01-17
7117,customer_7117,JP,2022-03-25
7118,customer_7118,JP,2021-01-19
7119,customer_7119,DE,2025-03-24
7120,customer_7120,JP,2024-12-26
7121,customer_7121,JP,2025-02-20
7122,customer_7122,BR,2021-01-31
7123,customer_7123,JP,2021-12-27
7124,customer_7124,JP,2020-09-01
7125,customer_7125,NP,2025-07-14
7126,customer_7126,AU,2024-12-07
7127,customer_7127,AU,2020-03-09
7128,customer_7128,US,2020-09-09
7129,customer_7129,IN,2022-10-12
7130,customer_7130,AU,2021-11-04
7131,customer_7131,IN,2022-02-23
7132,customer_7132,GB,2021-07-08
7133,customer_7133,GB,2023-08-12
7134,customer_7134,GB,2025-02-23
7135,customer_7135,NP,2025-04-12
7136,customer_7136,DE,2022-02-12
7137,customer_7137,JP,2024-08-31
7138,customer_7138,GB,2023-10-02
7139,customer_7139,US,2020-05-07
7140,customer_7140,IN,2024-06-08
7141,customer_7141,US,2021-05-26
7142,customer_7142,GB,2023-04-19
7143,customer_7143,AU,2023-12-07
7144,customer_7144,US,2025-06-17
7145,customer_7145,US,2025-06-28
7146,customer_7146,IN,2024-06-29
7147,customer_7147,AU,2022-06-18
7148,customer_7148,DE,2021-09-27
7149,customer_7149,IN,2022-01-08
7150,customer_7150,IN,2025-07-05
7151,customer_7151,JP,2020-05-27
7152,customer_7152,DE,2022-08-04
7153,customer_7153,US,2023-08-26
7154,customer_7154,GB,2019-02-26
7155,customer_7155,DE,2023-05-07
7156,customer_7156,IN,2020-10-12
7157,customer_7157,BR,2020-12-02
7158,customer_7158,BR,2023-04-04
7159,customer_7159,US,2019-01-23
7160,customer_7160,NP,2020-01-28
7161,customer_7161,NP,2022-02-11
7162,customer_7162,GB,2022-12-31
7163,customer_7163,BR,2019-09-30
7164,customer_7164,GB,2021-06-22
7165,customer_7165,BR,2021-02-07
7166,customer_7166,DE,2022-08-28
7167,customer_7167,JP,2021-01-21
7168,customer_7168,BR,2019-01-05
7169,customer_7169,DE,2022-08-18
7170,customer_7170,AU,2024-10-22
7171,customer_7171,AU,2023-01-01
7172,customer_7172,GB,2021-06-23
7173,customer_7173,AU,2022-04-20
7174,customer_7174,DE,2019-12-17
7175,customer_7175,NP,2020-08-14
7176,customer_7176,DE,2021-12-30
7177,customer_7177,BR,2023-01-20
7178,customer_7178,GB,2022-04-30
7179,customer_7179,DE,2025-08-04
7180,customer_7180,IN,2023-05-13
7181,customer_7181,DE,2019-02-27
7182,customer_7182,GB,2022-08-04
7183,customer_7183,NP,2022-12-28
7184,customer_7184,IN,2019-04-19
7185,customer_7185,US,2021-08-20
7186,customer_7186,GB,2024-12-18
7187,customer_7187,DE,2021-06-11
7188,customer_7188,NP,2022-02-15
7189,customer_7189,IN,2020-07-06
7190,customer_7190,NP,2019-07-12
7191,customer_7191,DE,2021-03-06
7192,customer_7192,AU,2024-04-16
7193,customer_7193,JP,2025-09-23
7194,customer_7194,GB,2023-07-09
7195,customer_7195,BR,2024-09-08
7196,customer_7196,AU,2023-06-12
7197,customer_7197,IN,2023-07-05
7198,customer_7198,AU,2021-12-03
7199,customer_7199,US,2019-06-03
7200,customer_7200,DE,2021-10-23
7201,customer_7201,BR,2024-12-02
7202,customer_7202,IN,2022-09-02
7203,customer_7203,IN,2024-03-19
7204,customer_7204,US,2019-05-07
7205,customer_7205,NP,2020-05-18
7206,customer_7206,JP,2021-01-17
7207,customer_7207,AU,2021-06-17
7208,customer_7208,US,2025-10-05
7209,customer_7209,DE,2022-02-28
7210,customer_7210,AU,2023-07-14
7211,customer_7211,GB,2023-05-31
7212,customer_7212,NP,2021-11-13
7213,customer_7213,JP,2025-08-12
7214,customer_7214,US,2020-07-09
7215,customer_7215,US,2019-03-28
7216,customer_7216,US,2024-02-07
7217,customer_7217,JP,2023-06-23
7218,customer_7218,US,2020-10-12
7219,customer_7219,IN,2024-12-09
7220,customer_7220,US,2020-02-10
7221,customer_7221,IN,2020-09-19
7222,customer_7222,BR,2020-01-22
7223,customer_7223,DE,2020-04-10
7224,customer_7224,IN,2023-12-29
7225,customer_7225,JP,2023-10-25
7226,customer_7226,JP,2023-05-27
7227,customer_7227,NP,2024-11-21
7228,customer_7228,AU,2019-06-24
7229,customer_7229,AU,2023-04-01
7230,customer_7230,JP,2019-10-15
7231,customer_7231,JP,2025-07-17
7232,customer_7232,BR,2023-05-04
7233,customer_7233,DE,2024-03-14
7234,customer_7234,IN,2022-11-28
7235,customer_7235,IN,2021-08-17
7236,customer_7236,US,2023-09-11
7237,customer_7237,GB,2024-09-20
7238,customer_7238,IN,2020-03-21
7239,customer_7239,IN,2024-12-19
7240,customer_7240,AU,2023-12-22
7241,customer_7241,JP,2019-08-03
7242,customer_7242,JP,2025-05-29
7243,customer_7243,US,2020-03-26
7244,customer_7244,IN,2023-02-11
7245,customer_7245,BR,2019-11-20
7246,customer_7246,DE,2020-05-05
7247,customer_7247,US,2023-05-27
7248,customer_7248,GB,2023-08-26
7249,customer_7249,DE,2023-09-14
7250,customer_7250,BR,2021-05-07
7251,customer_7251,IN,2024-08-12
7252,customer_7252,JP,2019-05-04
7253,customer_7253,GB,2024-11-05
7254,customer_7254,AU,2021-01-25
7255,customer_7255,US,2023-04-01
7256,customer_7256,BR,2025-03-13
7257,customer_7257,AU,2020-09-30
7258,customer_7258,BR,2021-10-24
7259,customer_7259,US,2024-09-01
7260,customer_7260,US,2024-12-01
7261,customer_7261,US,2020-08-11
7262,customer_7262,NP,2022-06-25
7263,customer_7263,GB,2021-04-13
7264,customer_7264,AU,2022-07-16
7265,customer_7265,JP,2021-08-05
7266,customer_7266,JP,2019-01-14
7267,customer_7267,GB,2025-04-30
7268,customer_7268,DE,2023-05-12
7269,customer_7269,DE,2022-02-28
7270,customer_7270,JP,2019-09-27
7271,customer_7271,IN,2019-06-28
7272,customer_7272,NP,2022-04-11
7273,customer_7273,JP,2023-06-11
7274,customer_7274,GB,2020-10-12
7275,customer_7275,NP,2024-02-04
7276,customer_7276,US,2021-09-07
7277,customer_7277,IN,2019-01-28
7278,customer_7278,GB,2022-09-04
7279,customer_7279,JP,2020-03-28
7280,customer_7280,JP,2019-02-06
7281,customer_7281,BR,2019-11-22
7282,customer_7282,IN,2020-12-12
7283,customer_7283,BR,2022-07-11
7284,customer_7284,NP,2025-10-10
7285,customer_7285,NP,2020-06-29
7286,customer_7286,GB,2019-05-24
7287,customer_7287,BR,2020-04-23
7288,customer_7288,US,2021-03-09
7289,customer_7289,DE,2020-05-28
7290,customer_7290,NP,2021-03-14
7291,customer_7291,BR,2025-08-19
7292,customer_7292,GB,2021-08-06
7293,customer_7293,IN,2023-05-06
7294,customer_7294,IN,2023-09-08
7295,customer_7295,US,2019-11-22
7296,customer_7296,DE,2020-09-11
7297,customer_7297,IN,2021-11-05
7298,customer_7298,US,2022-02-24
7299,customer_7299,DE,2019-02-02
7300,customer_7300,GB,2023-06-01
7301,customer_7301,GB,2021-01-21
7302,customer_7302,IN,2021-03-16
7303,customer_7303,AU,2023-02-16
7304,customer_7304,US,2025-06-29
7305,customer_7305,AU,2024-12-02
7306,customer_7306,IN,2025-09-15
7307,customer_7307,JP,2021-10-30
7308,customer_7308,US,2019-10-27
7309,customer_7309,GB,2020-06-23
7310,customer_7310,IN,2021-05-09
7311,customer_7311,GB,2021-01-20
7312,customer_7312,NP,2020-06-03
7313,customer_7313,JP,2020-01-13
7314,customer_7314,US,2020-04-11
7315,customer_7315,AU,2023-07-04
7316,customer_7316,DE,2022-05-12
7317,customer_7317,BR,2019-04-04
7318,customer_7318,AU,2022-11-10
7319,customer_7319,JP,2024-10-06
7320,customer_7320,NP,2021-11-30
7321,customer_7321,US,2021-03-07
7322,customer_7322,US,2020-11-12
7323,customer_7323,AU,2021-08-06
7324,customer_7324,AU,2020-11-27
7325,customer_7325,DE,2025-04-29
7326,customer_7326,AU,2025-10-16
7327,customer_7327,US,2021-05-08
7328,customer_7328,BR,2025-04-28
7329,customer_7329,DE,2024-11-03
7330,customer_7330,US,2019-07-09
7331,customer_7331,IN,2022-05-12
7332,customer_7332,DE,2023-06-30
7333,customer_7333,IN,2021-11-21
7334,customer_7334,US,2022-02-16
7335,customer_7335,IN,2022-05-20
7336,customer_7336,US,2023-09-19
7337,customer_7337,AU,2021-01-04
7338,customer_7338,DE,2023-02-01
7339,customer_7339,NP,2020-08-31
7340,customer_7340,JP,2025-02-01
7341,customer_7341,AU,2019-07-31
7342,customer_7342,IN,2019-06-17
7343,customer_7343,GB,2019-04-05
7344,customer_7344,JP,2021-05-23
7345,customer_7345,BR,2023-02-24
7346,customer_7346,IN,2025-09-29
7347,customer_7347,NP,2022-02-10
7348,customer_7348,IN,2020-03-31
7349,customer_7349,AU,2021-07-09
7350,customer_7350,GB,2019-11-15
7351,customer_7351,GB,2022-03-25
7352,customer_7352,AU,2023-12-28
7353,customer_7353,IN,2019-03-30
7354,customer_7354,IN,2024-04-27
7355,customer_7355,AU,2020-07-25
7356,customer_7356,JP,2023-08-08
7357,customer_7357,IN,2024-07-31
7358,customer_7358,IN,2024-04-24
7359,customer_7359,AU,2023-08-02
7360,customer_7360,NP,2023-10-01
7361,customer_7361,NP,2020-04-14
7362,customer_7362,BR,2019-12-06
7363,customer_7363,NP,2021-08-11
7364,customer_7364,US,2023-03-01
7365,customer_7365,AU,2023-03-26
7366,customer_7366,DE,2024-04-26
7367,customer_7367,BR,2021-02-10
7368,customer_7368,DE,2024-12-03
7369,customer_7369,NP,2022-01-27
7370,customer_7370,US,2020-09-07
7371,customer_7371,GB,2024-01-13
7372,customer_7372,NP,2019-11-15
7373,customer_7373,JP,2021-10-10
7374,customer_7374,IN,2024-05-06
7375,customer_7375,IN,2024-04-11
7376,customer_7376,AU,2020-10-03
7377,customer_7377,JP,2020-02-21
7378,customer_7378,JP,2019-03-21
7379,customer_7379,IN,2019-08-12
7380,customer_7380,DE,2024-08-25
7381,customer_7381,BR,2024-05-13
7382,customer_7382,NP,2022-06-18
7383,customer_7383,US,2022-11-26
7384,customer_7384,JP,2021-03-27
7385,customer_7385,JP,2020-04-25
7386,customer_7386,NP,2019-01-29
7387,customer_7387,GB,2023-08-07
7388,customer_7388,JP,2019-03-30
7389,customer_7389,US,2019-09-20
7390,customer_7390,GB,2024-06-04
7391,customer_7391,AU,2022-12-28
7392,customer_7392,DE,2022-05-09
7393,customer_7393,IN,2020-06-29
7394,customer_7394,IN,2020-01-10
7395,customer_7395,JP,2022-03-12
7396,customer_7396,NP,2021-06-15
7397,customer_7397,DE,2022-08-28
7398,customer_7398,NP,2020-02-18
7399,customer_7399,NP,2020-08-01
7400,customer_7400,DE,2019-10-10
7401,customer_7401,BR,2021-11-27
7402,customer_7402,AU,2020-11-21
7403,customer_7403,NP,2020-07-12
7404,customer_7404,US,2022-10-05
7405,customer_7405,DE,2022-05-28
7406,customer_7406,JP,2020-06-09
7407,customer_7407,AU,2023-10-14
7408,customer_7408,BR,2021-05-09
7409,customer_7409,JP,2021-05-03
7410,customer_7410,NP,2022-04-09
7411,customer_7411,NP,2019-12-14
7412,customer_7412,US,2021-11-16
7413,customer_7413,BR,2022-12-26
7414,customer_7414,IN,2019-11-18
7415,customer_7415,US,2022-11-13
7416,customer_7416,BR,2019-04-08
7417,customer_7417,GB,2023-02-17
7418,customer_7418,DE,2019-03-30
7419,customer_7419,AU,2020-03-13
7420,customer_7420,BR,2021-05-25
7421,customer_7421,BR,2023-03-17
7422,customer_7422,GB,2023-12-03
7423,customer_7423,US,2022-03-18
7424,customer_7424,GB,2019-11-25
7425,customer_7425,AU,2021-08-26
7426,customer_7426,AU,2024-05-21
7427,customer_7427,JP,2019-08-14
7428,customer_7428,GB,2023-11-25
7429,customer_7429,AU,2021-08-22
7430,customer_7430,GB,2019-01-10
7431,customer_7431,AU,2023-10-03
7432,customer_7432,GB,2019-03-08
7433,customer_7433,DE,2021-07-13
7434,customer_7434,BR,2020-05-02
7435,customer_7435,DE,2022-12-30
7436,customer_7436,GB,2019-05-21
7437,customer_7437,GB,2019-08-16
7438,customer_7438,AU,2022-08-21
7439,customer_7439,JP,2025-10-20
7440,customer_7440,DE,2019-04-10
7441,customer_7441,US,2022-02-25
7442,customer_7442,BR,2024-06-29
7443,customer_7443,JP,2020-12-27
7444,customer_7444,JP,2022-05-17
7445,customer_7445,BR,2024-09-27
7446,customer_7446,GB,2023-12-25
7447,customer_7447,US,2021-01-03
7448,customer_7448,DE,2024-02-20
7449,customer_7449,BR,2023-08-17
7450,customer_7450,GB,2022-06-20
7451,customer_7451,GB,2022-01-07
7452,customer_7452,GB,2025-05-02
7453,customer_7453,GB,2024-12-25
7454,customer_7454,AU,2025-10-11
7455,customer_7455,JP,2023-08-16
7456,customer_7456,US,2021-06-17
7457,customer_7457,JP,2019-10-02
7458,customer_7458,BR,2019-11-11
7459,customer_7459,NP,2025-07-05
7460,customer_7460,GB,2021-06-27
7461,customer_7461,JP,2019-10-04
7462,customer_7462,AU,2020-07-12
7463,customer_7463,US,2019-02-22
7464,customer_7464,AU,2022-08-20
7465,customer_7465,DE,2023-01-17
7466,customer_7466,JP,2021-08-03
7467,customer_7467,BR,2024-02-04
7468,customer_7468,JP,2022-04-16
7469,customer_7469,AU,2025-07-27
7470,customer_7470,US,2024-03-22
7471,customer_7471,BR,2019-07-08
7472,customer_7472,AU,2020-11-16
7473,customer_7473,US,2024-02-29
7474,customer_7474,IN,2022-09-05
7475,customer_7475,DE,2024-02-27
7476,customer_7476,BR,2021-04-17
7477,customer_7477,AU,2019-04-06
7478,customer_7478,GB,2024-05-16
7479,customer_7479,GB,2024-05-16
7480,customer_7480,DE,2023-05-18
7481,customer_7481,BR,2021-10-07
7482,customer_7482,US,2019-01-22
7483,customer_7483,DE,2023-12-25
7484,customer_7484,US,2023-07-09
7485,customer_7485,NP,2023-07-28
7486,customer_7486,GB,2020-03-01
7487,customer_7487,GB,2024-01-03
7488,customer_7488,JP,2023-12-17
7489,customer_7489,NP,2024-11-13
7490,customer_7490,NP,2022-11-19
7491,customer_7491,NP,2024-01-03
7492,customer_7492,BR,2021-09-30
7493,customer_7493,US,2023-10-08
7494,customer_7494,IN,2023-10-02
7495,customer_7495,GB,2024-05-02
7496,customer_7496,AU,2024-11-11
7497,customer_7497,GB,2019-01-08
7498,customer_7498,IN,2024-04-30
7499,customer_7499,JP,2024-06-04
7500,customer_7500,US,2022-09-25
7501,customer_7501,GB,2022-07-23
7502,customer_7502,NP,2023-12-12
7503,customer_7503,BR,2022-02-12
7504,customer_7504,JP,2021-10-31
7505,customer_7505,GB,2024-07-01
7506,customer_7506,DE,2024-05-26
7507,customer_7507,US,2020-06-01
7508,customer_7508,GB,2024-09-03
7509,customer_7509,BR,2021-03-27
7510,customer_7510,DE,2019-12-10
7511,customer_7511,IN,2025-01-05
7512,customer_7512,IN,2020-08-18
7513,customer_7513,DE,2020-05-22
7514,customer_7514,IN,2020-11-05
7515,customer_7515,IN,2022-05-13
7516,customer_7516,IN,2020-02-20
7517,customer_7517,NP,2020-02-03
7518,customer_7518,AU,2021-09-08
7519,customer_7519,US,2020-06-28
7520,customer_7520,US,2020-04-27
7521,customer_7521,US,2025-03-30
7522,customer_7522,AU,2023-01-28
7523,customer_7523,DE,2019-02-04
7524,customer_7524,IN,2019-09-12
7525,customer_7525,DE,2024-07-27
7526,customer_7526,NP,2020-11-05
7527,customer_7527,IN,2020-01-16
7528,customer_7528,US,2023-07-22
7529,customer_7529,GB,2024-09-26
7530,customer_7530,NP,2021-09-23
7531,customer_7531,DE,2024-02-01
7532,customer_7532,GB,2021-11-19
7533,customer_7533,GB,2019-09-30
7534,customer_7534,JP,2024-06-17
7535,customer_7535,US,2025-04-16
7536,customer_7536,IN,2025-09-27
7537,customer_7537,US,2019-09-08
7538,customer_7538,BR,2022-11-13
7539,customer_7539,IN,2023-04-08
7540,customer_7540,BR,2019-07-17
7541,customer_7541,BR,2025-07-07
7542,customer_7542,AU,2019-09-15
7543,customer_7543,IN,2020-11-02
7544,customer_7544,AU,2025-08-18
7545,customer_7545,DE,2022-10-22
7546,customer_7546,BR,2023-08-26
7547,customer_7547,BR,2022-05-19
7548,customer_7548,GB,2024-02-25
7549,customer_7549,DE,2019-07-23
7550,customer_7550,GB,2023-08-17
7551,customer_7551,IN,2019-06-16
7552,customer_7552,DE,2020-03-25
7553,customer_7553,DE,2022-06-19
7554,customer_7554,BR,2022-01-25
7555,customer_7555,JP,2020-01-17
7556,customer_7556,NP,2024-06-18
7557,customer_7557,GB,2021-01-24
7558,customer_7558,GB,2024-12-05
7559,customer_7559,NP,2019-02-07
7560,customer_7560,AU,2020-08-16
7561,customer_7561,BR,2021-01-12
7562,customer_7562,NP,2023-01-29
7563,customer_7563,DE,2021-09-29
7564,customer_7564,GB,2020-01-28
7565,customer_7565,IN,2022-11-28
7566,customer_7566,AU,2025-07-23
7567,customer_7567,DE,2019-12-01
7568,customer_7568,US,2020-09-22
7569,customer_7569,IN,2022-04-11
7570,customer_7570,JP,2023-12-22
7571,customer_7571,BR,2019-12-08
7572,customer_7572,AU,2020-07-31
7573,customer_7573,US,2020-08-10
7574,customer_7574,AU,2023-03-21
7575,customer_7575,JP,2019-07-26
7576,customer_7576,US,2023-07-07
7577,customer_7577,AU,2021-11-29
7578,customer_7578,IN,2021-04-01
7579,customer_7579,JP,2024-11-25
7580,customer_7580,BR,2024-08-09
7581,customer_7581,NP,2024-06-30
7582,customer_7582,US,2025-01-22
7583,customer_7583,BR,2020-08-07
7584,customer_7584,IN,2024-11-07
7585,customer_7585,NP,2020-03-15
7586,customer_7586,NP,2021-04-06
7587,customer_7587,GB,2022-10-20
7588,customer_7588,US,2024-02-04
7589,customer_7589,NP,2022-12-15
7590,customer_7590,JP,2022-10-30
7591,customer_7591,NP,2021-07-30
7592,customer_7592,BR,2023-01-21
7593,customer_7593,JP,2022-04-02
7594,customer_7594,BR,2022-04-08
7595,customer_7595,DE,2023-01-04
7596,customer_7596,GB,2023-02-09
7597,customer_7597,BR,2021-04-04
7598,customer_7598,DE,2019-12-06
7599,customer_7599,NP,2021-01-18
7600,customer_7600,IN,2021-10-19
7601,customer_7601,US,2020-02-07
7602,customer_7602,NP,2020-03-20
7603,customer_7603,IN,2025-07-05
7604,customer_7604,US,2020-12-01
7605,customer_7605,NP,2024-01-22
7606,customer_7606,IN,2019-11-16
7607,customer_7607,JP,2025-08-27
7608,customer_7608,US,2020-06-15
7609,customer_7609,IN,2021-09-11
7610,customer_7610,NP,2024-05-08
7611,customer_7611,NP,2020-05-18
7612,customer_7612,US,2022-10-06
7613,customer_7613,DE,2024-05-17
7614,customer_7614,BR,2019-03-01
7615,customer_7615,GB,2019-03-05
7616,customer_7616,BR,2024-05-25
7617,customer_7617,JP,2020-10-18
7618,customer_7618,AU,2025-03-23
7619,customer_7619,IN,2025-05-07
7620,customer_7620,GB,2025-01-10
7621,customer_7621,AU,2025-10-27
7622,customer_7622,JP,2024-08-19
7623,customer_7623,GB,2021-08-16
7624,customer_7624,US,2025-10-16
7625,customer_7625,AU,2021-05-14
7626,customer_7626,JP,2023-01-06
7627,customer_7627,US,2019-01-15
7628,customer_7628,NP,2025-08-03
7629,customer_7629,BR,2023-01-19
7630,customer_7630,DE,2025-06-30
7631,customer_7631,IN,2021-06-01
7632,customer_7632,DE,2021-02-22
7633,customer_7633,AU,2022-07-30
7634,customer_7634,DE,2024-11-28
7635,customer_7635,NP,2022-10-04
7636,customer_7636,IN,2024-06-04
7637,customer_7637,US,2020-06-20
7638,customer_7638,BR,2024-04-23
7639,customer_7639,GB,2024-01-06
7640,customer_7640,GB,2025-02-18
7641,customer_7641,BR,2019-05-25
7642,customer_7642,GB,2021-08-18
7643,customer_7643,DE,2019-08-10
7644,customer_7644,BR,2021-09-27
7645,customer_7645,NP,2024-03-12
7646,customer_7646,JP,2023-05-20
7647,customer_7647,JP,2024-02-26
7648,customer_7648,NP,2024-01-19
7649,customer_7649,JP,2025-10-16
7650,customer_7650,BR,2025-01-08
7651,customer_7651,IN,2023-01-05
7652,customer_7652,JP,2024-12-29
7653,customer_7653,IN,2019-04-30
7654,customer_7654,IN,2023-12-09
7655,customer_7655,US,2022-07-29
7656,customer_7656,IN,2025-07-20
7657,customer_7657,GB,2022-06-13
7658,customer_7658,AU,2020-03-22
7659,customer_7659,BR,2023-12-16
7660,customer_7660,JP,2025-07-03
7661,customer_7661,JP,2019-02-10
7662,customer_7662,DE,2019-06-10
7663,customer_7663,DE,2023-07-12
7664,customer_7664,JP,2022-10-21
7665,customer_7665,GB,2022-10-03
7666,customer_7666,DE,2019-08-14
7667,customer_7667,JP,2022-12-01
7668,customer_7668,DE,2022-11-21
7669,customer_7669,IN,2024-10-24
7670,customer_7670,IN,2021-09-02
7671,customer_7671,NP,2021-05-19
7672,customer_7672,DE,2019-07-24
7673,customer_7673,BR,2022-11-18
7674,customer_7674,BR,2023-06-09
7675,customer_7675,AU,2020-12-02
7676,customer_7676,NP,2024-01-02
7677,customer_7677,GB,2025-06-03
7678,customer_7678,GB,2020-03-11
7679,customer_7679,DE,2022-12-02
7680,customer_7680,IN,2023-10-03
7681,customer_7681,IN,2019-02-16
7682,customer_7682,BR,2020-03-23
7683,customer_7683,GB,2021-09-16
7684,customer_7684,BR,2019-12-10
7685,customer_7685,JP,2021-06-07
7686,customer_7686,BR,2020-01-04
7687,customer_7687,NP,2025-02-19
7688,customer_7688,JP,2023-02-06
7689,customer_7689,NP,2021-04-02
7690,customer_7690,AU,2024-04-30
7691,customer_7691,AU,2019-02-16
7692,customer_7692,JP,2023-02-01
7693,customer_7693,IN,2023-09-05
7694,customer_7694,BR,2024-07-16
7695,customer_7695,BR,2020-07-09
7696,customer_7696,BR,2023-01-18
7697,customer_7697,JP,2024-04-03
7698,customer_7698,US,2024-06-16
7699,customer_7699,NP,2020-03-15
7700,customer_7700,IN,2025-09-07
7701,customer_7701,JP,2020-11-15
7702,customer_7702,DE,2021-09-04
7703,customer_7703,JP,2020-04-25
7704,customer_7704,IN,2020-01-10
7705,customer_7705,AU,2020-09-30
7706,customer_7706,IN,2019-12-05
7707,customer_7707,GB,2024-01-06
7708,customer_7708,DE,2023-02-02
7709,customer_7709,DE,2021-09-02
7710,customer_7710,JP,2022-09-29
7711,customer_7711,IN,2023-02-19
7712,customer_7712,US,2020-04-05
7713,customer_7713,DE,2021-01-12
7714,customer_7714,GB,2025-01-14
7715,customer_7715,US,2019-01-31
7716,customer_7716,DE,2025-07-19
7717,customer_7717,BR,2025-08-07
7718,customer_7718,BR,2020-09-25
7719,customer_7719,DE,2021-03-12
7720,customer_7720,NP,2020-06-01
7721,customer_7721,NP,2022-11-02
7722,customer_7722,DE,2020-06-18
7723,customer_7723,GB,2024-05-30
7724,customer_7724,NP,2021-08-26
7725,customer_7725,AU,2025-08-15
7726,customer_7726,BR,2024-11-03
7727,customer_7727,NP,2021-09-30
7728,customer_7728,IN,2023-01-29
7729,customer_7729,US,2019-03-02
7730,customer_7730,AU,2019-06-18
7731,customer_7731,JP,2022-06-19
7732,customer_7732,IN,2022-03-28
7733,customer_7733,IN,2021-09-22
7734,customer_7734,JP,2019-08-14
7735,customer_7735,NP,2024-09-30
7736,customer_7736,IN,2021-10-12
7737,customer_7737,US,2022-03-21
7738,customer_7738,JP,2021-10-05
7739,customer_7739,BR,2022-05-28
7740,customer_7740,DE,2023-06-09
7741,customer_7741,US,2024-03-24
7742,customer_7742,IN,2022-10-05
7743,customer_7743,GB,2020-02-19
7744,customer_7744,US,2024-12-26
7745,customer_7745,US,2020-12-12
7746,customer_7746,NP,2019-02-10
7747,customer_7747,GB,2019-04-08
7748,customer_7748,NP,2024-04-18
7749,customer_7749,JP,2021-08-25
7750,customer_7750,AU,2019-02-26
7751,customer_7751,BR,2024-07-21
7752,customer_7752,DE,2021-01-30
7753,customer_7753,US,2025-09-10
7754,customer_7754,NP,2025-01-08
7755,customer_7755,US,2019-05-01
7756,customer_7756,AU,2023-09-23
7757,customer_7757,US,2023-02-17
7758,customer_7758,NP,2020-03-05
7759,customer_7759,GB,2021-05-07
7760,customer_7760,DE,2022-05-11
7761,customer_7761,IN,2020-01-01
7762,customer_7762,BR,2023-12-10
7763,customer_7763,JP,2020-11-24
7764,customer_7764,AU,2025-06-01
7765,customer_7765,DE,2024-06-27
7766,customer_7766,BR,2023-05-05
7767,customer_7767,AU,2019-10-27
7768,customer_7768,DE,2019-03-03
7769,customer_7769,IN,2019-12-31
7770,customer_7770,AU,2022-06-03
7771,customer_7771,US,2024-05-07
7772,customer_7772,NP,2020-01-18
7773,customer_7773,JP,2023-11-04
7774,customer_7774,AU,2019-04-30
7775,customer_7775,NP,2020-10-26
7776,customer_7776,GB,2023-02-05
7777,customer_7777,GB,2024-09-01
7778,customer_7778,AU,2024-04-26
7779,customer_7779,DE,2022-08-24
7780,customer_7780,IN,2019-04-01
7781,customer_7781,JP,2021-01-03
7782,customer_7782,US,2024-05-12
7783,customer_7783,GB,2019-07-23
7784,customer_7784,BR,2023-11-01
7785,customer_7785,DE,2023-10-26
7786,customer_7786,JP,2024-02-23
7787,customer_7787,BR,2020-06-27
7788,customer_7788,JP,2020-09-03
7789,customer_7789,GB,2020-05-11
7790,customer_7790,AU,2021-09-10
7791,customer_7791,AU,2022-08-02
7792,customer_7792,JP,2019-10-27
7793,customer_7793,BR,2022-11-19
7794,customer_7794,IN,2020-08-20
7795,customer_7795,NP,2022-11-06
7796,customer_7796,DE,2021-01-26
7797,customer_7797,GB,2025-07-14
7798,customer_7798,US,2021-03-09
7799,customer_7799,JP,2024-12-18
7800,customer_7800,US,2020-03-13
7801,customer_7801,DE,2019-08-01
7802,customer_7802,US,2020-04-16
7803,customer_7803,BR,2021-11-14
7804,customer_7804,GB,2025-03-03
7805,customer_7805,GB,2020-03-16
7806,customer_7806,BR,2024-05-13
7807,customer_7807,US,2023-10-09
7808,customer_7808,JP,2021-05-11
7809,customer_7809,NP,2021-04-21
7810,customer_7810,IN,2025-06-27
7811,customer_7811,JP,2023-11-22
7812,customer_7812,BR,2020-08-20
7813,customer_7813,NP,2025-03-29
7814,customer_7814,GB,2021-10-14
7815,customer_7815,DE,2019-07-19
7816,customer_7816,AU,2024-07-26
7817,customer_7817,JP,2024-12-11
7818,customer_7818,JP,2022-01-12
7819,customer_7819,BR,2023-10-26
7820,customer_7820,GB,2020-08-09
7821,customer_7821,US,2024-10-26
7822,customer_7822,JP,2021-07-10
7823,customer_7823,NP,2020-10-30
7824,customer_7824,DE,2022-06-05
7825,customer_7825,GB,2020-10-30
7826,customer_7826,GB,2023-04-01
7827,customer_7827,IN,2024-02-13
7828,customer_7828,DE,2021-10-11
7829,customer_7829,JP,2024-05-12
7830,customer_7830,DE,2021-12-14
7831,customer_7831,US,2025-08-22
7832,customer_7832,IN,2020-10-21
7833,customer_7833,DE,2023-10-28
7834,customer_7834,JP,2022-08-31
7835,customer_7835,AU,2025-06-16
7836,customer_7836,JP,2020-07-02
7837,customer_7837,DE,2020-05-06
7838,customer_7838,BR,2024-12-08
7839,customer_7839,GB,2025-03-02
7840,customer_7840,DE,2024-02-12
7841,customer_7841,DE,2022-04-02
7842,customer_7842,US,2021-10-22
7843,customer_7843,GB,2023-07-25
7844,customer_7844,GB,2024-02-12
7845,customer_7845,US,2020-11-20
7846,customer_7846,IN,2019-01-18
7847,customer_7847,IN,2019-07-03
7848,customer_7848,AU,2021-05-11
7849,customer_7849,NP,2023-09-01
7850,customer_7850,US,2022-01-05
7851,customer_7851,IN,2023-03-26
7852,customer_7852,JP,2022-03-20
7853,customer_7853,US,2020-09-21
7854,customer_7854,JP,2024-02-15
7855,customer_7855,BR,2023-12-14
7856,customer_7856,GB,2025-08-04
7857,customer_7857,NP,2024-08-26
7858,customer_7858,US,2021-08-07
7859,customer_7859,NP,2023-10-28
7860,customer_7860,AU,2021-05-26
7861,customer_7861,BR,2024-12-22
7862,customer_7862,JP,2023-03-07
7863,customer_7863,GB,2024-09-17
7864,customer_7864,JP,2020-12-04
7865,customer_7865,US,2019-02-07
7866,customer_7866,JP,2019-12-20
7867,customer_7867,BR,2022-08-21
7868,customer_7868,NP,2025-07-31
7869,customer_7869,JP,2023-04-17
7870,customer_7870,DE,2024-07-16
7871,customer_7871,NP,2022-03-19
7872,customer_7872,IN,2025-07-24
7873,customer_7873,DE,2025-06-10
7874,customer_7874,IN,2020-06-28
7875,customer_7875,IN,2024-11-25
7876,customer_7876,BR,2019-02-14
7877,customer_7877,DE,2023-01-21
7878,customer_7878,DE,2021-12-29
7879,customer_7879,GB,2021-01-23
7880,customer_7880,NP,2025-05-23
7881,customer_7881,IN,2023-07-14
7882,customer_7882,NP,2019-12-12
7883,customer_7883,AU,2019-12-15
7884,customer_7884,US,2019-10-20
7885,customer_7885,GB,2021-01-30
7886,customer_7886,US,2019-06-22
7887,customer_7887,IN,2020-10-22
7888,customer_7888,JP,2024-03-27
7889,customer_7889,GB,2024-12-24
7890,customer_7890,US,2024-05-18
7891,customer_7891,US,2022-05-25
7892,customer_7892,AU,2023-10-05
7893,customer_7893,IN,2025-06-17
7894,customer_7894,US,2019-05-14
7895,customer_7895,BR,2025-03-11
7896,customer_7896,NP,2023-12-14
7897,customer_7897,GB,2021-08-23
7898,customer_7898,AU,2022-01-26
7899,customer_7899,GB,2022-01-01
7900,customer_7900,IN,2020-01-30
7901,customer_7901,NP,2020-07-29
7902,customer_7902,DE,2021-01-07
7903,customer_7903,IN,2019-01-15
7904,customer_7904,AU,2022-06-06
7905,customer_7905,BR,2022-04-06
7906,customer_7906,AU,2021-04-04
7907,customer_7907,GB,2020-03-17
7908,customer_7908,BR,2025-08-21
7909,customer_7909,NP,2023-08-24
7910,customer_7910,NP,2022-04-01
7911,customer_7911,NP,2023-12-12
7912,customer_7912,JP,2021-07-19
7913,customer_7913,US,2020-06-22
7914,customer_7914,AU,2023-08-10
7915,customer_7915,US,2024-04-10
7916,customer_7916,AU,2023-06-15
7917,customer_7917,BR,2022-11-16
7918,customer_7918,NP,2019-01-07
7919,customer_7919,NP,2023-05-14
7920,customer_7920,DE,2023-03-27
7921,customer_7921,IN,2021-10-28
7922,customer_7922,IN,2020-09-01
7923,customer_7923,JP,2025-09-13
7924,customer_7924,US,2021-07-27
7925,customer_7925,US,2020-11-11
7926,customer_7926,BR,2023-11-01
7927,customer_7927,AU,2022-04-19
7928,customer_7928,IN,2022-10-25
7929,customer_7929,AU,2023-06-09
7930,customer_7930,IN,2021-07-10
7931,customer_7931,IN,2020-01-16
7932,customer_7932,NP,2020-02-23
7933,customer_7933,DE,2025-06-07
7934,customer_7934,DE,2022-06-17
7935,customer_7935,BR,2021-11-08
7936,customer_7936,US,2021-03-09
7937,customer_7937,US,2023-12-10
7938,customer_7938,DE,2025-04-01
7939,customer_7939,NP,2024-04-06
7940,customer_7940,US,2022-08-28
7941,customer_7941,BR,2022-04-03
7942,customer_7942,AU,2024-12-04
7943,customer_7943,JP,2024-11-10
7944,customer_7944,US,2021-09-02
7945,customer_7945,AU,2025-08-07
7946,customer_7946,JP,2024-08-30
7947,customer_7947,BR,2024-10-16
7948,customer_7948,US,2019-05-22
7949,customer_7949,JP,2019-11-22
7950,customer_7950,NP,2021-01-15
7951,customer_7951,BR,2024-03-18
7952,customer_7952,US,2019-07-15
7953,customer_7953,AU,2019-07-27
7954,customer_7954,NP,2019-03-21
7955,customer_7955,BR,2020-04-24
7956,customer_7956,US,2025-04-16
7957,customer_7957,BR,2023-12-09
7958,customer_7958,DE,2023-11-28
7959,customer_7959,AU,2021-01-01
7960,customer_7960,BR,2023-04-12
7961,customer_7961,IN,2024-05-01
7962,customer_7962,NP,2022-08-24
7963,customer_7963,JP,2024-11-10
7964,customer_7964,DE,2022-11-24
7965,customer_7965,NP,2021-03-22
7966,customer_7966,JP,2023-05-16
7967,customer_7967,US,2025-06-15
7968,customer_7968,US,2024-08-28
7969,customer_7969,NP,2022-05-31
7970,customer_7970,IN,2023-02-01
7971,customer_7971,US,2025-09-05
7972,customer_7972,NP,2024-02-15
7973,customer_7973,DE,2022-06-10
7974,customer_7974,US,2020-12-03
7975,customer_7975,US,2025-03-14
7976,customer_7976,DE,2025-09-07
7977,customer_7977,NP,2019-06-26
7978,customer_7978,AU,2019-03-21
7979,customer_7979,DE,2019-10-15
7980,customer_7980,AU,2021-08-24
7981,customer_7981,AU,2020-02-04
7982,customer_7982,AU,2025-01-14
7983,customer_7983,JP,2025-04-04
7984,customer_7984,DE,2020-03-27
7985,customer_7985,BR,2024-09-03
7986,customer_7986,NP,2019-12-20
7987,customer_7987,GB,2024-05-22
7988,customer_7988,IN,2021-07-02
7989,customer_7989,NP,2019-04-11
7990,customer_7990,US,2021-12-06
7991,customer_7991,US,2024-08-18
7992,customer_7992,NP,2025-05-22
7993,customer_7993,BR,2019-10-30
7994,customer_7994,NP,2024-09-21
7995,customer_7995,GB,2021-01-03
7996,customer_7996,DE,2022-03-06
7997,customer_7997,BR,2019-09-29
7998,customer_7998,IN,2025-08-29
7999,customer_7999,US,2024-05-29
8000,customer_8000,US,2023-05-25
8001,customer_8001,BR,2023-12-23
8002,customer_8002,BR,2024-12-24
8003,customer_8003,IN,2019-12-25
8004,customer_8004,IN,2020-09-07
8005,customer_8005,AU,2019-04-04
8006,customer_8006,GB,2022-05-07
8007,customer_8007,DE,2022-05-20
8008,customer_8008,US,2019-03-16
8009,customer_8009,IN,2023-07-12
8010,customer_8010,JP,2019-01-23
8011,customer_8011,JP,2024-06-05
8012,customer_8012,US,2023-10-30
8013,customer_8013,NP,2024-07-30
8014,customer_8014,DE,2019-10-23
8015,customer_8015,GB,2024-12-15
8016,customer_8016,US,2022-10-01
8017,customer_8017,DE,2024-11-28
8018,customer_8018,US,2023-10-07
8019,customer_8019,US,2023-06-29
8020,customer_8020,JP,2019-03-22
8021,customer_8021,IN,2023-09-26
8022,customer_8022,IN,2022-01-26
8023,customer_8023,AU,2024-10-24
8024,customer_8024,US,2023-09-07
8025,customer_8025,US,2019-07-05
8026,customer_8026,AU,2025-02-02
8027,customer_8027,JP,2019-06-07
8028,customer_8028,NP,2021-01-18
8029,customer_8029,DE,2020-06-26
8030,customer_8030,JP,2025-09-01
8031,customer_8031,IN,2020-01-18
8032,customer_8032,JP,2024-10-12
8033,customer_8033,BR,2020-07-09
8034,customer_8034,IN,2023-06-15
8035,customer_8035,GB,2019-08-14
8036,customer_8036,DE,2021-09-06
8037,customer_8037,AU,2023-04-07
8038,customer_8038,NP,2023-11-13
8039,customer_8039,IN,2024-12-21
8040,customer_8040,BR,2024-08-02
8041,customer_8041,AU,2022-07-20
8042,customer_8042,US,2021-01-28
8043,customer_8043,AU,2020-10-15
8044,customer_8044,US,2025-10-18
8045,customer_8045,DE,2023-03-01
8046,customer_8046,IN,2025-03-21
8047,customer_8047,DE,2021-12-20
8048,customer_8048,AU,2022-04-28
8049,customer_8049,BR,2024-08-26
8050,customer_8050,GB,2023-12-13
8051,customer_8051,IN,2020-05-16
8052,customer_8052,AU,2022-08-03
8053,customer_8053,DE,2020-06-17
8054,customer_8054,BR,2024-03-17
8055,customer_8055,BR,2019-03-16
8056,customer_8056,BR,2024-08-29
8057,customer_8057,JP,2025-05-11
8058,customer_8058,DE,2019-02-28
8059,customer_8059,BR,2023-04-25
8060,customer_8060,AU,2019-07-17
8061,customer_8061,DE,2021-06-19
8062,customer_8062,JP,2021-04-21
8063,customer_8063,US,2022-07-23
8064,customer_8064,IN,2025-04-13
8065,customer_8065,GB,2022-02-27
8066,customer_8066,BR,2021-09-22
8067,customer_8067,US,2019-08-20
8068,customer_8068,JP,2025-01-27
8069,customer_8069,GB,2021-02-25
8070,customer_8070,NP,2022-03-02
8071,customer_8071,NP,2019-08-19
8072,customer_8072,DE,2020-12-23
8073,customer_8073,BR,2022-10-15
8074,customer_8074,IN,2025-03-01
8075,customer_8075,GB,2021-04-02
8076,customer_8076,GB,2022-11-02
8077,customer_8077,JP,2024-12-29
8078,customer_8078,DE,2021-06-20
8079,customer_8079,NP,2021-01-07
8080,customer_8080,GB,2019-04-22
8081,customer_8081,AU,2025-03-19
8082,customer_8082,DE,2019-10-05
8083,customer_8083,JP,2020-06-22
8084,customer_8084,GB,2019-12-15
8085,customer_8085,BR,2023-11-04
8086,customer_8086,US,2021-07-01
8087,customer_8087,BR,2023-10-29
8088,customer_8088,AU,2023-02-27
8089,customer_8089,GB,2019-02-07
8090,customer_8090,DE,2021-02-07
8091,customer_8091,JP,2019-01-11
8092,customer_8092,IN,2019-06-13
8093,customer_8093,BR,2022-03-28
8094,customer_8094,US,2020-10-24
8095,customer_8095,IN,2019-08-11
8096,customer_8096,IN,2021-10-18
8097,customer_8097,IN,2022-02-03
8098,customer_8098,IN,2025-10-16
8099,customer_8099,NP,2023-07-12
8100,customer_8100,BR,2021-09-09
8101,customer_8101,DE,2022-03-29
8102,customer_8102,AU,2019-08-11
8103,customer_8103,US,2021-08-24
8104,customer_8104,BR,2022-12-23
8105,customer_8105,US,2019-02-22
8106,customer_8106,JP,2025-04-18
8107,customer_8107,DE,2022-07-11
8108,customer_8108,DE,2024-05-20
8109,customer_8109,BR,2020-11-19
8110,customer_8110,GB,2024-09-21
8111,customer_8111,IN,2021-07-06
8112,customer_8112,GB,2025-05-09
8113,customer_8113,US,2022-07-29
8114,customer_8114,IN,2023-05-11
8115,customer_8115,IN,2020-05-24
8116,customer_8116,AU,2025-10-23
8117,customer_8117,NP,2020-04-26
8118,customer_8118,DE,2019-03-25
8119,customer_8119,DE,2022-01-04
8120,customer_8120,GB,2024-09-18
8121,customer_8121,DE,2025-04-21
8122,customer_8122,AU,2024-11-12
8123,customer_8123,BR,2022-10-14
8124,customer_8124,BR,2025-04-10
8125,customer_8125,GB,2022-05-15
8126,customer_8126,US,2022-04-10
8127,customer_8127,DE,2020-03-27
8128,customer_8128,JP,2024-05-23
8129,customer_8129,US,2021-03-01
8130,customer_8130,NP,2020-05-02
8131,customer_8131,US,2021-07-12
8132,customer_8132,GB,2023-02-16
8133,customer_8133,BR,2020-11-06
8134,customer_8134,IN,2021-06-15
8135,customer_8135,BR,2021-04-05
8136,customer_8136,BR,2023-01-30
8137,customer_8137,GB,2023-11-21
8138,customer_8138,AU,2023-08-16
8139,customer_8139,AU,2019-12-19
8140,customer_8140,US,2021-05-17
8141,customer_8141,GB,2023-06-10
8142,customer_8142,DE,2020-06-24
8143,customer_8143,DE,2019-06-23
8144,customer_8144,BR,2021-03-15
8145,customer_8145,JP,2023-08-24
8146,customer_8146,DE,2023-07-18
8147,customer_8147,AU,2019-11-21
8148,customer_8148,US,2023-08-20
8149,customer_8149,NP,2020-05-01
8150,customer_8150,NP,2024-01-28
8151,customer_8151,GB,2022-11-17
8152,customer_8152,DE,2019-11-13
8153,customer_8153,DE,2021-05-25
8154,customer_8154,BR,2024-08-08
8155,customer_8155,DE,2021-12-17
8156,customer_8156,JP,2023-09-17
8157,customer_8157,NP,2024-02-14
8158,customer_8158,US,2019-03-18
8159,customer_8159,AU,2025-05-17
8160,customer_8160,DE,2021-04-18
8161,customer_8161,US,2024-06-06
8162,customer_8162,IN,2022-03-12
8163,customer_8163,IN,2022-12-13
8164,customer_8164,IN,2021-06-20
8165,customer_8165,IN,2024-11-03
8166,customer_8166,BR,2019-10-21
8167,customer_8167,NP,2025-02-18
8168,customer_8168,IN,2020-06-02
8169,customer_8169,DE,2025-01-16
8170,customer_8170,JP,2019-03-03
8171,customer_8171,AU,2019-02-04
8172,customer_8172,AU,2019-08-21
8173,customer_8173,IN,2022-10-01
8174,customer_8174,JP,2020-10-27
8175,customer_8175,NP,2023-02-03
8176,customer_8176,JP,2024-08-11
8177,customer_8177,US,2019-03-09
8178,customer_8178,NP,2022-08-09
8179,customer_8179,BR,2024-01-23
8180,customer_8180,US,2021-11-27
8181,customer_8181,DE,2025-05-01
8182,customer_8182,NP,2023-07-14
8183,customer_8183,BR,2019-03-28
8184,customer_8184,GB,2022-09-15
8185,customer_8185,JP,2021-08-17
8186,customer_8186,GB,2019-11-25
8187,customer_8187,DE,2025-07-04
8188,customer_8188,US,2020-07-10
8189,customer_8189,US,2019-07-28
8190,customer_8190,US,2020-07-10
8191,customer_8191,US,2024-08-19
8192,customer_8192,IN,2023-02-08
8193,customer_8193,US,2024-08-11
8194,customer_8194,JP,2022-02-28
8195,customer_8195,US,2019-10-20
8196,customer_8196,JP,2021-08-26
8197,customer_8197,IN,2020-05-14
8198,customer_8198,BR,2022-10-23
8199,customer_8199,JP,2020-11-04
8200,customer_8200,AU,2025-08-22
8201,customer_8201,DE,2021-08-01
8202,customer_8202,IN,2021-02-24
8203,customer_8203,JP,2025-09-27
8204,customer_8204,BR,2022-07-24
8205,customer_8205,DE,2020-03-02
8206,customer_8206,JP,2022-04-15
8207,customer_8207,DE,2020-09-28
8208,customer_8208,IN,2023-11-27
8209,customer_8209,IN,2022-12-05
8210,customer_8210,AU,2023-12-31
8211,customer_8211,BR,2025-06-08
8212,customer_8212,NP,2023-12-28
8213,customer_8213,AU,2021-05-01
8214,customer_8214,BR,2020-05-18
8215,customer_8215,NP,2022-08-16
8216,customer_8216,BR,2022-01-27
8217,customer_8217,JP,2021-02-21
8218,customer_8218,AU,2024-07-20
8219,customer_8219,DE,2025-03-23
8220,customer_8220,JP,2021-08-11
8221,customer_8221,IN,2023-08-30
8222,customer_8222,IN,2025-09-26
8223,customer_8223,JP,2019-01-30
8224,customer_8224,GB,2021-06-30
8225,customer_8225,AU,2024-01-19
8226,customer_8226,GB,2022-05-29
8227,customer_8227,JP,2024-06-02
8228,customer_8228,JP,2022-04-01
8229,customer_8229,IN,2019-06-11
8230,customer_8230,GB,2021-12-20
8231,customer_8231,IN,2021-10-08
8232,customer_8232,IN,2024-10-15
8233,customer_8233,GB,2020-01-04
8234,customer_8234,JP,2020-01-24
8235,customer_8235,IN,2019-12-20
8236,customer_8236,GB,2022-11-20
8237,customer_8237,AU,2025-10-24
8238,customer_8238,IN,2023-03-27
8239,customer_8239,JP,2024-08-02
8240,customer_8240,DE,2024-10-29
8241,customer_8241,BR,2023-02-10
8242,customer_8242,AU,2023-03-04
8243,customer_8243,JP,2020-08-30
8244,customer_8244,GB,2025-07-28
8245,customer_8245,JP,2024-05-23
8246,customer_8246,AU,2024-12-20
8247,customer_8247,DE,2025-09-25
8248,customer_8248,DE,2021-05-21
8249,customer_8249,DE,2019-12-26
8250,customer_8250,AU,2024-11-19
8251,customer_8251,JP,2022-03-28
8252,customer_8252,US,2025-07-24
8253,customer_8253,NP,2023-10-03
8254,customer_8254,JP,2020-10-04
8255,customer_8255,GB,2021-06-06
8256,customer_8256,DE,2023-03-06
8257,customer_8257,JP,2021-09-12
8258,customer_8258,GB,2020-12-05
8259,customer_8259,JP,2020-06-08
8260,customer_8260,AU,2023-06-12
8261,customer_8261,BR,2019-03-29
8262,customer_8262,BR,2019-08-23
8263,customer_8263,GB,2019-04-17
8264,customer_8264,BR,2024-01-10
8265,customer_8265,NP,2019-03-15
8266,customer_8266,DE,2021-11-15
8267,customer_8267,US,2019-10-31
8268,customer_8268,JP,2023-01-08
8269,customer_8269,US,2019-03-28
8270,customer_8270,JP,2019-03-06
8271,customer_8271,IN,2021-10-24
8272,customer_8272,NP,2023-10-05
8273,customer_8273,NP,2019-10-02
8274,customer_8274,JP,2022-05-24
8275,customer_8275,NP,2024-07-18
8276,customer_8276,GB,2023-04-13
8277,customer_8277,GB,2024-02-19
8278,customer_8278,BR,2021-02-28
8279,customer_8279,US,2025-06-13
8280,customer_8280,GB,2019-12-31
8281,customer_8281,BR,2023-02-22
8282,customer_8282,DE,2021-12-24
8283,customer_8283,NP,2019-03-21
8284,customer_8284,JP,2025-06-17
8285,customer_8285,GB,2023-10-22
8286,customer_8286,NP,2020-07-23
8287,customer_8287,NP,2019-05-11
8288,customer_8288,DE,2023-08-17
8289,customer_8289,JP,2022-09-24
8290,customer_8290,DE,2019-05-05
8291,customer_8291,DE,2025-10-01
8292,customer_8292,IN,2023-12-01
8293,customer_8293,NP,2022-03-02
8294,customer_8294,NP,2020-08-19
8295,customer_8295,NP,2020-11-08
8296,customer_8296,BR,2022-02-02
8297,customer_8297,GB,2019-05-23
8298,customer_8298,DE,2021-07-08
8299,customer_8299,NP,2020-06-27
8300,customer_8300,DE,2019-10-10
8301,customer_8301,AU,2019-11-11
8302,customer_8302,US,2021-05-13
8303,customer_8303,DE,2021-08-14
8304,customer_8304,JP,2021-05-25
8305,customer_8305,IN,2023-09-21
8306,customer_8306,DE,2022-07-29
8307,customer_8307,DE,2020-04-26
8308,customer_8308,DE,2025-08-27
8309,customer_8309,BR,2023-12-31
8310,customer_8310,JP,2022-03-21
8311,customer_8311,NP,2019-05-03
8312,customer_8312,NP,2025-04-05
8313,customer_8313,DE,2024-02-05
8314,customer_8314,AU,2022-02-27
8315,customer_8315,NP,2020-02-09
8316,customer_8316,NP,2019-09-26
8317,customer_8317,BR,2020-12-25
8318,customer_8318,DE,2020-07-29
8319,customer_8319,US,2020-06-07
8320,customer_8320,US,2021-10-15
8321,customer_8321,BR,2019-04-27
8322,customer_8322,JP,2021-03-24
8323,customer_8323,BR,2024-12-17
8324,customer_8324,IN,2024-12-04
8325,customer_8325,JP,2019-01-22
8326,customer_8326,GB,2023-08-24
8327,customer_8327,IN,2025-10-13
8328,customer_8328,DE,2022-12-16
8329,customer_8329,US,2021-09-02
8330,customer_8330,BR,2022-05-13
8331,customer_8331,NP,2020-06-17
8332,customer_8332,US,2021-09-20
8333,customer_8333,BR,2025-05-31
8334,customer_8334,NP,2023-03-11
8335,customer_8335,AU,2021-12-13
8336,customer_8336,DE,2019-11-08
8337,customer_8337,DE,2025-03-15
8338,customer_8338,JP,2020-02-11
8339,customer_8339,BR,2023-12-10
8340,customer_8340,DE,2021-01-27
8341,customer_8341,AU,2020-11-27
8342,customer_8342,AU,2020-03-03
8343,customer_8343,US,2021-07-26
8344,customer_8344,BR,2023-08-20
8345,customer_8345,IN,2021-11-07
8346,customer_8346,AU,2019-03-03
8347,customer_8347,IN,2020-10-22
8348,customer_8348,IN,2020-02-05
8349,customer_8349,BR,2021-10-01
8350,customer_8350,GB,2025-03-06
8351,customer_8351,US,2025-08-03
8352,customer_8352,JP,2025-10-29
8353,customer_8353,IN,2019-10-09
8354,customer_8354,JP,2022-05-03
8355,customer_8355,JP,2019-04-24
8356,customer_8356,AU,2022-05-23
8357,customer_8357,AU,2022-12-12
8358,customer_8358,BR,2024-04-17
8359,customer_8359,BR,2021-04-21
8360,customer_8360,AU,2019-04-01
8361,customer_8361,US,2022-02-09
8362,customer_8362,BR,2021-12-03
8363,customer_8363,GB,2023-04-10
8364,customer_8364,US,2019-09-07
8365,customer_8365,AU,2023-03-13
8366,customer_8366,BR,2021-09-29
8367,customer_8367,IN,2024-01-22
8368,customer_8368,DE,2025-09-25
8369,customer_8369,DE,2020-07-23
8370,customer_8370,AU,2024-02-28
8371,customer_8371,AU,2019-11-16
8372,customer_8372,GB,2025-09-28
8373,customer_8373,BR,2022-04-17
8374,customer_8374,NP,2024-02-09
8375,customer_8375,AU,2024-04-27
8376,customer_8376,US,2023-03-01
8377,customer_8377,US,2021-08-18
8378,customer_8378,NP,2024-02-29
8379,customer_8379,AU,2022-04-05
8380,customer_8380,DE,2023-07-06
8381,customer_8381,US,2023-03-14
8382,customer_8382,NP,2022-03-06
8383,customer_8383,DE,2019-10-20
8384,customer_8384,BR,2021-01-01
8385,customer_8385,AU,2025-06-02
8386,customer_8386,JP,2022-07-24
8387,customer_8387,JP,2023-05-10
8388,customer_8388,GB,2020-10-08
8389,customer_8389,AU,2023-10-31
8390,customer_8390,IN,2022-05-01
8391,customer_8391,AU,2020-06-30
8392,customer_8392,JP,2020-01-01
8393,customer_8393,AU,2021-09-14
8394,customer_8394,NP,2022-11-14
8395,customer_8395,NP,2020-12-01
8396,customer_8396,AU,2020-09-05
8397,customer_8397,BR,2020-11-05
8398,customer_8398,US,2021-01-04
8399,customer_8399,AU,2024-01-22
8400,customer_8400,NP,2022-06-01
8401,customer_8401,BR,2022-03-18
8402,customer_8402,US,2020-02-11
8403,customer_8403,NP,2022-09-23
8404,customer_8404,GB,2025-08-02
8405,customer_8405,GB,2024-02-07
8406,customer_8406,NP,2022-01-22
8407,customer_8407,NP,2021-02-06
8408,customer_8408,JP,2021-05-30
8409,customer_8409,NP,2019-03-09
8410,customer_8410,BR,2019-03-14
8411,customer_8411,AU,2024-04-24
8412,customer_8412,GB,2024-10-09
8413,customer_8413,US,2025-08-18
8414,customer_8414,US,2023-04-14
8415,customer_8415,BR,2025-05-11
8416,customer_8416,NP,2021-11-07
8417,customer_8417,JP,2020-09-27
8418,customer_8418,DE,2020-09-05
8419,customer_8419,BR,2020-08-14
8420,customer_8420,US,2024-02-06
8421,customer_8421,GB,2019-01-25
8422,customer_8422,BR,2025-06-21
8423,customer_8423,US,2024-04-21
8424,customer_8424,IN,2021-08-10
8425,customer_8425,NP,2023-10-21
8426,customer_8426,DE,2019-12-04
8427,customer_8427,IN,2021-12-14
8428,customer_8428,NP,2019-09-30
8429,customer_8429,JP,2019-10-08
8430,customer_8430,JP,2019-01-16
8431,customer_8431,NP,2024-06-12
8432,customer_8432,US,2024-02-03
8433,customer_8433,NP,2025-02-10
8434,customer_8434,BR,2025-09-19
8435,customer_8435,IN,2025-08-08
8436,customer_8436,NP,2025-10-18
8437,customer_8437,US,2019-02-09
8438,customer_8438,AU,2024-05-14
8439,customer_8439,IN,2023-12-14
8440,customer_8440,BR,2020-02-10
8441,customer_8441,DE,2019-12-09
8442,customer_8442,US,2025-09-10
8443,customer_8443,IN,2025-01-15
8444,customer_8444,NP,2021-03-30
8445,customer_8445,BR,2019-07-06
8446,customer_8446,IN,2021-04-14
8447,customer_8447,DE,2019-01-14
8448,customer_8448,US,2023-09-15
8449,customer_8449,GB,2021-08-08
8450,customer_8450,US,2019-05-03
8451,customer_8451,JP,2025-09-15
8452,customer_8452,GB,2024-08-26
8453,customer_8453,BR,2025-03-11
8454,customer_8454,JP,2025-10-29
8455,customer_8455,AU,2019-02-05
8456,customer_8456,US,2024-04-21
8457,customer_8457,AU,2024-05-22
8458,customer_8458,JP,2024-05-08
8459,customer_8459,DE,2020-10-24
8460,customer_8460,IN,2021-09-02
8461,customer_8461,BR,2025-05-11
8462,customer_8462,AU,2019-06-14
8463,customer_8463,BR,2023-05-22
8464,customer_8464,NP,2024-06-04
8465,customer_8465,DE,2024-06-18
8466,customer_8466,BR,2023-02-01
8467,customer_8467,DE,2024-04-01
8468,customer_8468,GB,2025-03-23
8469,customer_8469,BR,2024-03-29
8470,customer_8470,NP,2019-10-17
8471,customer_8471,JP,2020-09-03
8472,customer_8472,US,2021-02-01
8473,customer_8473,DE,2021-05-07
8474,customer_8474,DE,2021-06-20
8475,customer_8475,GB,2020-07-03
8476,customer_8476,GB,2023-09-05
8477,customer_8477,DE,2019-10-03
8478,customer_8478,JP,2024-05-23
8479,customer_8479,BR,2023-07-05
8480,customer_8480,BR,2025-07-30
8481,customer_8481,BR,2019-01-17
8482,customer_8482,GB,2021-01-08
8483,customer_8483,AU,2025-02-23
8484,customer_8484,GB,2022-05-19
8485,customer_8485,US,2022-11-03
8486,customer_8486,DE,2019-03-14
8487,customer_8487,DE,2024-03-20
8488,customer_8488,JP,2020-09-24
8489,customer_8489,JP,2025-08-04
8490,customer_8490,BR,2021-07-24
8491,customer_8491,DE,2020-04-16
8492,customer_8492,IN,2023-01-24
8493,customer_8493,DE,2022-04-08
8494,customer_8494,GB,2022-03-23
8495,customer_8495,IN,2025-07-02
8496,customer_8496,NP,2021-06-30
8497,customer_8497,AU,2021-09-21
8498,customer_8498,US,2023-04-10
8499,customer_8499,JP,2020-03-02
8500,customer_8500,GB,2024-09-02
8501,customer_8501,IN,2020-07-28
8502,customer_8502,IN,2020-08-27
8503,customer_8503,IN,2019-01-27
8504,customer_8504,US,2021-05-07
8505,customer_8505,US,2022-12-27
8506,customer_8506,US,2023-10-29
8507,customer_8507,DE,2025-02-24
8508,customer_8508,JP,2024-04-28
8509,customer_8509,NP,2021-03-13
8510,customer_8510,GB,2024-08-25
8511,customer_8511,BR,2020-05-01
8512,customer_8512,NP,2020-06-07
8513,customer_8513,GB,2021-06-14
8514,customer_8514,NP,2022-09-10
8515,customer_8515,JP,2020-05-22
8516,customer_8516,DE,2025-02-28
8517,customer_8517,JP,2020-11-06
8518,customer_8518,AU,2021-09-06
8519,customer_8519,AU,2023-02-21
8520,customer_8520,IN,2021-12-10
8521,customer_8521,JP,2021-10-06
8522,customer_8522,AU,2025-09-28
8523,customer_8523,BR,2021-12-25
8524,customer_8524,AU,2019-10-10
8525,customer_8525,DE,2023-12-31
8526,customer_8526,IN,2023-10-31
8527,customer_8527,JP,2020-07-01
8528,customer_8528,GB,2024-10-26
8529,customer_8529,AU,2021-09-06
8530,customer_8530,BR,2020-01-12
8531,customer_8531,BR,2020-03-07
8532,customer_8532,JP,2023-11-22
8533,customer_8533,IN,2020-06-24
8534,customer_8534,DE,2022-03-20
8535,customer_8535,DE,2024-01-10
8536,customer_8536,GB,2024-11-02
8537,customer_8537,JP,2022-05-09
8538,customer_8538,GB,2025-03-18
8539,customer_8539,NP,2021-01-26
8540,customer_8540,GB,2024-12-21
8541,customer_8541,JP,2020-09-17
8542,customer_8542,AU,2019-06-10
8543,customer_8543,DE,2023-12-19
8544,customer_8544,DE,2024-03-07
8545,customer_8545,US,2025-05-04
8546,customer_8546,GB,2025-04-22
8547,customer_8547,BR,2019-09-13
8548,customer_8548,GB,2023-04-03
8549,customer_8549,NP,2023-10-28
8550,customer_8550,US,2023-02-11
8551,customer_8551,AU,2019-02-16
8552,customer_8552,NP,2019-04-23
8553,customer_8553,JP,2023-08-04
8554,customer_8554,DE,2024-11-10
8555,customer_8555,AU,2020-03-23
8556,customer_8556,GB,2019-04-27
8557,customer_8557,AU,2021-10-07
8558,customer_8558,IN,2021-02-22
8559,customer_8559,JP,2025-09-23
8560,customer_8560,BR,2025-05-03
8561,customer_8561,AU,2022-10-27
8562,customer_8562,NP,2025-07-02
8563,customer_8563,AU,2020-07-26
8564,customer_8564,IN,2025-10-15
8565,customer_8565,US,2022-01-22
8566,customer_8566,JP,2022-04-06
8567,customer_8567,GB,2019-05-07
8568,customer_8568,US,2020-03-19
8569,customer_8569,NP,2020-05-01
8570,customer_8570,AU,2022-05-04
8571,customer_8571,AU,2020-04-19
8572,customer_8572,US,2019-09-13
8573,customer_8573,AU,2023-02-21
8574,customer_8574,AU,2024-12-21
8575,customer_8575,AU,2019-06-24
8576,customer_8576,US,2022-11-02
8577,customer_8577,JP,2025-07-28
8578,customer_8578,AU,2021-10-08
8579,customer_8579,AU,2020-04-02
8580,customer_8580,JP,2019-07-18
8581,customer_8581,US,2025-05-29
8582,customer_8582,NP,2021-10-10
8583,customer_8583,IN,2019-09-20
8584,customer_8584,NP,2024-12-05
8585,customer_8585,US,2024-06-28
8586,customer_8586,NP,2023-10-25
8587,customer_8587,GB,2019-07-30
8588,customer_8588,JP,2019-07-26
8589,customer_8589,JP,2020-07-01
8590,customer_8590,GB,2020-02-04
8591,customer_8591,DE,2022-08-22
8592,customer_8592,DE,2021-09-07
8593,customer_8593,US,2024-03-28
8594,customer_8594,DE,2019-09-11
8595,customer_8595,US,2023-12-25
8596,customer_8596,JP,2025-05-24
8597,customer_8597,AU,2019-11-23
8598,customer_8598,JP,2023-06-19
8599,customer_8599,IN,2022-06-26
8600,customer_8600,BR,2019-08-26
8601,customer_8601,GB,2021-01-02
8602,customer_8602,DE,2024-05-24
8603,customer_8603,IN,2024-12-12
8604,customer_8604,BR,2021-07-10
8605,customer_8605,US,2019-09-24
8606,customer_8606,AU,2020-09-04
8607,customer_8607,IN,2024-10-09
8608,customer_8608,IN,2022-11-25
8609,customer_8609,BR,2021-12-12
8610,customer_8610,NP,2019-02-03
8611,customer_8611,US,2024-05-10
8612,customer_8612,US,2022-03-09
8613,customer_8613,DE,2022-09-25
8614,customer_8614,JP,2024-10-10
8615,customer_8615,US,2022-11-06
8616,customer_8616,IN,2025-05-09
8617,customer_8617,GB,2022-10-30
8618,customer_8618,AU,2021-05-06
8619,customer_8619,NP,2025-04-25
8620,customer_8620,BR,2023-05-26
8621,customer_8621,NP,2024-03-16
8622,customer_8622,JP,2020-07-21
8623,customer_8623,AU,2023-08-05
8624,customer_8624,GB,2022-11-01
8625,customer_8625,US,2019-09-20
8626,customer_8626,IN,2020-09-27
8627,customer_8627,GB,2025-03-29
8628,customer_8628,GB,2022-11-29
8629,customer_8629,IN,2024-04-19
8630,customer_8630,NP,2020-03-05
8631,customer_8631,DE,2020-06-28
8632,customer_8632,JP,2025-06-11
8633,customer_8633,DE,2021-11-16
8634,customer_8634,AU,2025-01-26
8635,customer_8635,GB,2024-07-13
8636,customer_8636,GB,2021-04-22
8637,customer_8637,NP,2025-07-01
8638,customer_8638,GB,2024-04-25
8639,customer_8639,GB,2019-11-16
8640,customer_8640,DE,2019-08-27
8641,customer_8641,JP,2019-11-13
8642,customer_8642,GB,2024-01-25
8643,customer_8643,AU,2019-12-24
8644,customer_8644,JP,2020-12-07
8645,customer_8645,NP,2021-12-22
8646,customer_8646,JP,2019-12-06
8647,customer_8647,BR,2021-04-06
8648,customer_8648,NP,2023-08-23
8649,customer_8649,GB,2025-08-27
8650,customer_8650,US,2022-03-20
8651,customer_8651,AU,2024-02-10
8652,customer_8652,JP,2022-08-18
8653,customer_8653,IN,2022-03-11
8654,customer_8654,NP,2022-07-25
8655,customer_8655,NP,2025-07-24
8656,customer_8656,BR,2019-05-29
8657,customer_8657,DE,2022-07-07
8658,customer_8658,GB,2019-05-09
8659,customer_8659,US,2024-12-27
8660,customer_8660,AU,2023-02-11
8661,customer_8661,AU,2019-04-29
8662,customer_8662,NP,2023-04-09
8663,customer_8663,BR,2021-12-25
8664,customer_8664,AU,2019-04-28
8665,customer_8665,IN,2025-09-11
8666,customer_8666,NP,2021-08-04
8667,customer_8667,AU,2019-03-01
8668,customer_8668,DE,2023-03-13
8669,customer_8669,NP,2021-07-27
8670,customer_8670,GB,2023-06-30
8671,customer_8671,BR,2020-02-10
8672,customer_8672,NP,2024-09-01
8673,customer_8673,IN,2021-11-16
8674,customer_8674,NP,2021-11-17
8675,customer_8675,AU,2024-07-02
8676,customer_8676,NP,2022-10-02
8677,customer_8677,GB,2019-01-04
8678,customer_8678,JP,2022-12-17
8679,customer_8679,JP,2023-06-03
8680,customer_8680,GB,2021-02-19
8681,customer_8681,AU,2020-03-27
8682,customer_8682,US,2019-05-15
8683,customer_8683,NP,2024-10-16
8684,customer_8684,NP,2019-01-11
8685,customer_8685,BR,2022-12-29
8686,customer_8686,JP,2024-09-21
8687,customer_8687,NP,2021-05-30
8688,customer_8688,US,2020-05-15
8689,customer_8689,JP,2023-11-23
8690,customer_8690,BR,2023-04-25
8691,customer_8691,IN,2019-02-07
8692,customer_8692,AU,2022-12-13
8693,customer_8693,AU,2019-01-01
8694,customer_8694,GB,2021-09-26
8695,customer_8695,DE,2021-01-30
8696,customer_8696,AU,2024-09-14
8697,customer_8697,BR,2025-09-09
8698,customer_8698,JP,2023-10-13
8699,customer_8699,DE,2024-01-11
8700,customer_8700,GB,2019-02-26
8701,customer_8701,JP,2019-06-09
8702,customer_8702,US,2024-04-25
8703,customer_8703,AU,2021-12-06
8704,customer_8704,NP,2022-06-21
8705,customer_8705,BR,2023-09-26
8706,customer_8706,BR,2021-05-17
8707,customer_8707,JP,2023-09-01
8708,customer_8708,NP,2023-12-23
8709,customer_8709,DE,2020-08-23
8710,customer_8710,AU,2023-09-12
8711,customer_8711,US,2020-02-28
8712,customer_8712,BR,2021-02-15
8713,customer_8713,GB,2024-05-04
8714,customer_8714,AU,2025-09-23
8715,customer_8715,JP,2019-06-11
8716,customer_8716,IN,2023-06-10
8717,customer_8717,BR,2022-11-25
8718,customer_8718,DE,2023-02-23
8719,customer_8719,BR,2024-05-21
8720,customer_8720,BR,2019-06-24
8721,customer_8721,BR,2024-01-23
8722,customer_8722,US,2020-11-29
8723,customer_8723,GB,2020-01-21
8724,customer_8724,JP,2022-01-22
8725,customer_8725,AU,2019-03-09
8726,customer_8726,BR,2023-04-26
8727,customer_8727,AU,2022-11-13
8728,customer_8728,AU,2022-07-05
8729,customer_8729,AU,2019-03-18
8730,customer_8730,BR,2024-03-22
8731,customer_8731,JP,2019-03-29
8732,customer_8732,NP,2020-10-18
8733,customer_8733,DE,2021-09-16
8734,customer_8734,DE,2023-10-22
8735,customer_8735,GB,2021-10-16
8736,customer_8736,JP,2024-08-03
8737,customer_8737,DE,2025-05-24
8738,customer_8738,US,2024-03-27
8739,customer_8739,BR,2019-04-08
8740,customer_8740,DE,2024-04-11
8741,customer_8741,NP,2020-05-30
8742,customer_8742,IN,2025-01-30
8743,customer_8743,AU,2025-09-12
8744,customer_8744,NP,2019-07-30
8745,customer_8745,DE,2019-09-04
8746,customer_8746,JP,2023-10-09
8747,customer_8747,NP,2019-12-25
8748,customer_8748,US,2025-08-18
8749,customer_8749,AU,2022-09-12
8750,customer_8750,JP,2022-12-05
8751,customer_8751,US,2024-11-20
8752,customer_8752,US,2020-06-27
8753,customer_8753,DE,2022-10-21
8754,customer_8754,BR,2025-11-01
8755,customer_8755,BR,2019-02-25
8756,customer_8756,US,2020-03-12
8757,customer_8757,BR,2020-01-01
8758,customer_8758,AU,2021-04-18
8759,customer_8759,US,2019-11-21
8760,customer_8760,NP,2020-03-06
8761,customer_8761,AU,2024-11-01
8762,customer_8762,JP,2022-03-07
8763,customer_8763,GB,2021-06-14
8764,customer_8764,IN,2021-11-13
8765,customer_8765,IN,2025-08-23
8766,customer_8766,US,2022-05-13
8767,customer_8767,US,2022-03-18
8768,customer_8768,DE,2025-05-08
8769,customer_8769,NP,2019-04-04
8770,customer_8770,GB,2022-04-10
8771,customer_8771,JP,2024-02-14
8772,customer_8772,AU,2022-07-10
8773,customer_8773,JP,2024-12-10
8774,customer_8774,IN,2025-01-25
8775,customer_8775,JP,2021-04-20
8776,customer_8776,US,2024-08-06
8777,customer_8777,GB,2020-09-01
8778,customer_8778,BR,2020-08-22
8779,customer_8779,US,2025-09-09
8780,customer_8780,JP,2019-02-02
8781,customer_8781,JP,2021-06-01
8782,customer_8782,US,2023-04-23
8783,customer_8783,NP,2021-10-30
8784,customer_8784,GB,2024-10-13
8785,customer_8785,IN,2020-09-20
8786,customer_8786,JP,2022-10-14
8787,customer_8787,US,2019-11-09
8788,customer_8788,BR,2020-06-11
8789,customer_8789,NP,2020-03-09
8790,customer_8790,IN,2024-01-28
8791,customer_8791,JP,2020-05-21
8792,customer_8792,DE,2023-08-01
8793,customer_8793,JP,2021-05-14
8794,customer_8794,US,2022-11-13
8795,customer_8795,DE,2024-12-24
8796,customer_8796,GB,2024-11-28
8797,customer_8797,IN,2019-01-29
8798,customer_8798,US,2024-05-14
8799,customer_8799,GB,2025-07-17
8800,customer_8800,GB,2023-07-28
8801,customer_8801,BR,2020-04-13
8802,customer_8802,GB,2023-07-20
8803,customer_8803,GB,2023-05-10
8804,customer_8804,BR,2023-07-14
8805,customer_8805,JP,2021-12-08
8806,customer_8806,NP,2022-08-05
8807,customer_8807,JP,2023-06-18
8808,customer_8808,IN,2022-03-05
8809,customer_8809,GB,2024-04-17
8810,customer_8810,DE,2023-11-10
8811,customer_8811,AU,2021-01-27
8812,customer_8812,JP,2023-03-07
8813,customer_8813,JP,2024-03-06
8814,customer_8814,AU,2022-05-09
8815,customer_8815,DE,2023-11-23
8816,customer_8816,DE,2019-11-13
8817,customer_8817,IN,2021-08-23
8818,customer_8818,AU,2023-10-21
8819,customer_8819,GB,2025-02-15
8820,customer_8820,US,2023-06-03
8821,customer_8821,DE,2023-07-18
8822,customer_8822,IN,2021-05-05
8823,customer_8823,BR,2023-10-19
8824,customer_8824,NP,2021-06-09
8825,customer_8825,BR,2019-05-11
8826,customer_8826,BR,2020-09-08
8827,customer_8827,US,2023-03-09
8828,customer_8828,US,2025-08-01
8829,customer_8829,BR,2022-05-24
8830,customer_8830,IN,2024-11-20
8831,customer_8831,AU,2024-04-29
8832,customer_8832,GB,2022-11-03
8833,customer_8833,AU,2024-07-03
8834,customer_8834,JP,2021-10-01
8835,customer_8835,AU,2022-01-11
8836,customer_8836,NP,2024-01-17
8837,customer_8837,IN,2023-05-17
8838,customer_8838,NP,2022-08-12
8839,customer_8839,BR,2021-12-19
8840,customer_8840,JP,2025-09-05
8841,customer_8841,IN,2019-06-14
8842,customer_8842,IN,2019-05-18
8843,customer_8843,BR,2022-04-12
8844,customer_8844,US,2019-03-27
8845,customer_8845,JP,2021-05-02
8846,customer_8846,JP,2022-11-22
8847,customer_8847,US,2021-10-09
8848,customer_8848,US,2020-05-23
8849,customer_8849,IN,2020-12-12
8850,customer_8850,JP,2023-02-19
8851,customer_8851,IN,2025-07-06
8852,customer_8852,DE,2024-05-07
8853,customer_8853,JP,2022-09-30
8854,customer_8854,US,2019-12-12
8855,customer_8855,JP,2020-08-29
8856,customer_8856,US,2022-01-06
8857,customer_8857,US,2020-09-08
8858,customer_8858,US,2023-09-18
8859,customer_8859,IN,2021-07-04
8860,customer_8860,NP,2024-09-15
8861,customer_8861,AU,2020-11-03
8862,customer_8862,IN,2022-05-25
8863,customer_8863,GB,2023-11-22
8864,customer_8864,AU,2020-05-30
8865,customer_8865,GB,2024-03-18
8866,customer_8866,GB,2023-01-04
8867,customer_8867,NP,2023-06-08
8868,customer_8868,IN,2022-02-10
8869,customer_8869,BR,2025-05-26
8870,customer_8870,JP,2024-04-13
8871,customer_8871,NP,2020-04-25
8872,customer_8872,JP,2022-10-20
8873,customer_8873,GB,2025-03-08
8874,customer_8874,GB,2020-11-29
8875,customer_8875,DE,2022-09-03
8876,customer_8876,US,2024-02-29
8877,customer_8877,IN,2020-11-14
8878,customer_8878,IN,2022-07-18
8879,customer_8879,IN,2022-10-14
8880,customer_8880,IN,2020-03-19
8881,customer_8881,DE,2020-03-20
8882,customer_8882,NP,2022-11-08
8883,customer_8883,IN,2020-03-22
8884,customer_8884,IN,2025-06-28
8885,customer_8885,US,2022-08-02
8886,customer_8886,AU,2023-10-30
8887,customer_8887,BR,2021-09-19
8888,customer_8888,AU,2021-01-17
8889,customer_8889,JP,2022-05-01
8890,customer_8890,NP,2023-11-13
8891,customer_8891,AU,2021-09-20
8892,customer_8892,DE,2020-12-07
8893,customer_8893,BR,2019-12-26
8894,customer_8894,DE,2022-09-18
8895,customer_8895,DE,2023-08-27
8896,customer_8896,DE,2022-08-09
8897,customer_8897,IN,2020-09-29
8898,customer_8898,JP,2020-09-10
8899,customer_8899,BR,2021-07-31
8900,customer_8900,NP,2021-05-19
8901,customer_8901,US,2020-05-24
8902,customer_8902,GB,2025-06-13
8903,customer_8903,JP,2021-04-04
8904,customer_8904,AU,2020-09-18
8905,customer_8905,JP,2023-02-25
8906,customer_8906,BR,2024-06-25
8907,customer_8907,AU,2022-03-07
8908,customer_8908,BR,2023-07-27
8909,customer_8909,IN,2019-08-26
8910,customer_8910,JP,2022-08-24
8911,customer_8911,US,2019-06-16
8912,customer_8912,IN,2019-12-10
8913,customer_8913,BR,2023-01-19
8914,customer_8914,US,2020-05-26
8915,customer_8915,BR,2019-04-02
8916,customer_8916,JP,2020-03-23
8917,customer_8917,IN,2024-04-16
8918,customer_8918,NP,2023-01-06
8919,customer_8919,BR,2021-08-12
8920,customer_8920,GB,2025-08-30
8921,customer_8921,BR,2021-08-22
8922,customer_8922,DE,2025-01-02
8923,customer_8923,BR,2021-05-12
8924,customer_8924,DE,2019-03-05
8925,customer_8925,IN,2019-10-03
8926,customer_8926,IN,2020-11-15
8927,customer_8927,US,2020-04-11
8928,customer_8928,AU,2020-01-29
8929,customer_8929,BR,2021-08-16
8930,customer_8930,US,2025-09-05
8931,customer_8931,GB,2020-05-16
8932,customer_8932,US,2020-08-12
8933,customer_8933,JP,2025-10-24
8934,customer_8934,US,2020-05-18
8935,customer_8935,IN,2024-09-06
8936,customer_8936,BR,2023-04-02
8937,customer_8937,AU,2025-05-08
8938,customer_8938,AU,2022-10-22
8939,customer_8939,AU,2023-01-23
8940,customer_8940,US,2020-07-18
8941,customer_8941,NP,2022-12-08
8942,customer_8942,AU,2023-08-03
8943,customer_8943,AU,2025-10-03
8944,customer_8944,IN,2019-08-31
8945,customer_8945,NP,2020-01-27
8946,customer_8946,BR,2019-02-18
8947,customer_8947,NP,2024-05-30
8948,customer_8948,NP,2019-07-26
8949,customer_8949,AU,2025-04-07
8950,customer_8950,DE,2021-07-01
8951,customer_8951,NP,2020-12-21
8952,customer_8952,BR,2025-09-03
8953,customer_8953,IN,2023-12-06
8954,customer_8954,JP,2022-09-30
8955,customer_8955,AU,2025-01-31
8956,customer_8956,US,2024-03-01
8957,customer_8957,BR,2023-05-13
8958,customer_8958,GB,2021-03-14
8959,customer_8959,DE,2025-10-01
8960,customer_8960,AU,2023-12-04
8961,customer_8961,DE,2025-06-22
8962,customer_8962,DE,2025-08-12
8963,customer_8963,AU,2022-10-05
8964,customer_8964,BR,2021-06-13
8965,customer_8965,GB,2025-06-25
8966,customer_8966,GB,2025-11-02
8967,customer_8967,BR,2019-11-01
8968,customer_8968,US,2023-05-16
8969,customer_8969,DE,2023-02-15
8970,customer_8970,GB,2024-02-15
8971,customer_8971,JP,2025-09-04
8972,customer_8972,IN,2020-09-22
8973,customer_8973,IN,2025-09-05
8974,customer_8974,GB,2023-05-27
8975,customer_8975,US,2019-07-26
8976,customer_8976,NP,2022-07-01
8977,customer_8977,GB,2019-11-30
8978,customer_8978,IN,2025-07-19
8979,customer_8979,GB,2024-03-23
8980,customer_8980,JP,2025-03-11
8981,customer_8981,AU,2023-02-15
8982,customer_8982,JP,2021-09-18
8983,customer_8983,GB,2021-12-06
8984,customer_8984,GB,2025-06-25
8985,customer_8985,US,2020-01-14
8986,customer_8986,AU,2025-01-21
8987,customer_8987,BR,2021-11-21
8988,customer_8988,NP,2023-01-15
8989,customer_8989,NP,2023-07-26
8990,customer_8990,IN,2019-07-25
8991,customer_8991,NP,2020-01-07
8992,customer_8992,IN,2020-02-06
8993,customer_8993,AU,2024-04-30
8994,customer_8994,DE,2019-07-12
8995,customer_8995,NP,2023-03-08
8996,customer_8996,DE,2019-09-27
8997,customer_8997,US,2024-04-03
8998,customer_8998,GB,2025-09-08
8999,customer_8999,NP,2021-11-01
9000,customer_9000,GB,2020-06-14
9001,customer_9001,DE,2022-01-17
9002,customer_9002,NP,2023-09-24
9003,customer_9003,BR,2023-12-24
9004,customer_9004,DE,2023-05-11
9005,customer_9005,GB,2022-12-25
9006,customer_9006,JP,2023-04-27
9007,customer_9007,GB,2020-06-27
9008,customer_9008,DE,2020-05-31
9009,customer_9009,NP,2025-05-16
9010,customer_9010,US,2022-12-19
9011,customer_9011,DE,2024-11-22
9012,customer_9012,DE,2023-04-13
9013,customer_9013,GB,2022-02-12
9014,customer_9014,DE,2022-11-27
9015,customer_9015,GB,2023-09-26
9016,customer_9016,US,2020-04-10
9017,customer_9017,DE,2022-03-01
9018,customer_9018,GB,2023-12-13
9019,customer_9019,NP,2019-08-06
9020,customer_9020,IN,2019-07-03
9021,customer_9021,GB,2020-02-05
9022,customer_9022,JP,2023-01-18
9023,customer_9023,GB,2020-08-19
9024,customer_9024,JP,2021-12-26
9025,customer_9025,GB,2019-12-01
9026,customer_9026,AU,2020-09-17
9027,customer_9027,AU,2019-02-14
9028,customer_9028,NP,2024-07-11
9029,customer_9029,JP,2022-03-12
9030,customer_9030,NP,2020-03-15
9031,customer_9031,US,2022-08-08
9032,customer_9032,IN,2025-05-21
9033,customer_9033,BR,2024-08-24
9034,customer_9034,DE,2025-01-20
9035,customer_9035,GB,2021-10-12
9036,customer_9036,IN,2021-06-20
9037,customer_9037,JP,2021-03-01
9038,customer_9038,GB,2021-02-01
9039,customer_9039,AU,2025-04-18
9040,customer_9040,US,2019-12-10
9041,customer_9041,BR,2024-10-29
9042,customer_9042,NP,2025-04-09
9043,customer_9043,JP,2024-10-11
9044,customer_9044,DE,2023-04-18
9045,customer_9045,AU,2024-11-09
9046,customer_9046,GB,2019-03-21
9047,customer_9047,AU,2024-08-05
9048,customer_9048,GB,2022-07-01
9049,customer_9049,DE,2025-07-24
9050,customer_9050,BR,2019-08-03
9051,customer_9051,NP,2025-05-14
9052,customer_9052,JP,2022-12-05
9053,customer_9053,NP,2019-09-17
9054,customer_9054,BR,2022-06-26
9055,customer_9055,AU,2019-04-03
9056,customer_9056,BR,2019-07-27
9057,customer_9057,GB,2022-08-22
9058,customer_9058,US,2024-08-01
9059,customer_9059,AU,2019-09-28
9060,customer_9060,JP,2020-10-17
9061,customer_9061,BR,2021-09-05
9062,customer_9062,GB,2022-09-15
9063,customer_9063,BR,2019-01-02
9064,customer_9064,IN,2023-05-17
9065,customer_9065,JP,2022-05-29
9066,customer_9066,BR,2025-08-02
9067,customer_9067,GB,2021-01-23
9068,customer_9068,DE,2022-05-19
9069,customer_9069,JP,2019-07-24
9070,customer_9070,JP,2025-04-12
9071,customer_9071,NP,2024-09-15
9072,customer_9072,NP,2021-06-06
9073,customer_9073,NP,2022-02-25
9074,customer_9074,BR,2024-11-13
9075,customer_9075,DE,2021-01-08
9076,customer_9076,GB,2020-08-12
9077,customer_9077,BR,2020-08-27
9078,customer_9078,US,2023-11-04
9079,customer_9079,NP,2020-06-11
9080,customer_9080,IN,2019-08-10
9081,customer_9081,AU,2020-02-18
9082,customer_9082,NP,2025-10-01
9083,customer_9083,US,2024-12-22
9084,customer_9084,NP,2025-07-12
9085,customer_9085,DE,2020-11-24
9086,customer_9086,AU,2022-01-10
9087,customer_9087,BR,2022-05-11
9088,customer_9088,DE,2022-08-02
9089,customer_9089,US,2019-03-09
9090,customer_9090,IN,2023-02-03
9091,customer_9091,JP,2019-04-07
9092,customer_9092,IN,2020-11-18
9093,customer_9093,BR,2020-12-31
9094,customer_9094,AU,2023-08-14
9095,customer_9095,US,2025-02-19
9096,customer_9096,IN,2023-10-13
9097,customer_9097,US,2021-12-24
9098,customer_9098,BR,2022-08-05
9099,customer_9099,DE,2022-07-05
9100,customer_9100,IN,2020-01-05
9101,customer_9101,US,2025-07-21
9102,customer_9102,NP,2025-04-16
9103,customer_9103,DE,2020-08-23
9104,customer_9104,BR,2019-10-15
9105,customer_9105,US,2020-02-17
9106,customer_9106,NP,2023-04-22
9107,customer_9107,DE,2019-03-15
9108,customer_9108,BR,2019-09-15
9109,customer_9109,IN,2023-06-09
9110,customer_9110,IN,2020-01-01
9111,customer_9111,US,2019-06-21
9112,customer_9112,BR,2019-02-21
9113,customer_9113,GB,2023-10-31
9114,customer_9114,GB,2021-06-27
9115,customer_9115,JP,2020-12-12
9116,customer_9116,BR,2023-05-18
9117,customer_9117,DE,2020-03-02
9118,customer_9118,NP,2022-07-27
9119,customer_9119,IN,2022-04-24
9120,customer_9120,BR,2023-08-14
9121,customer_9121,BR,2023-04-09
9122,customer_9122,AU,2023-08-15
9123,customer_9123,AU,2020-06-16
9124,customer_9124,US,2019-12-17
9125,customer_9125,NP,2022-08-27
9126,customer_9126,IN,2019-05-24
9127,customer_9127,AU,2022-02-09
9128,customer_9128,GB,2023-04-13
9129,customer_9129,NP,2024-08-14
9130,customer_9130,US,2023-06-22
9131,customer_9131,JP,2025-10-22
9132,customer_9132,BR,2022-10-23
9133,customer_9133,AU,2022-01-20
9134,customer_9134,GB,2020-09-06
9135,customer_9135,US,2023-08-10
9136,customer_9136,NP,2024-07-19
9137,customer_9137,BR,2021-03-13
9138,customer_9138,JP,2019-07-09
9139,customer_9139,AU,2019-01-27
9140,customer_9140,JP,2023-04-30
9141,customer_9141,JP,2023-07-16
9142,customer_9142,IN,2019-10-29
9143,customer_9143,NP,2019-02-26
9144,customer_9144,AU,2023-06-25
9145,customer_9145,GB,2021-09-21
9146,customer_9146,US,2021-11-10
9147,customer_9147,BR,2020-10-18
9148,customer_9148,IN,2023-12-01
9149,customer_9149,DE,2024-02-05
9150,customer_9150,GB,2019-05-11
9151,customer_9151,GB,2019-08-11
9152,customer_9152,US,2022-10-19
9153,customer_9153,IN,2023-02-16
9154,customer_9154,GB,2019-12-29
9155,customer_9155,AU,2020-01-31
9156,customer_9156,NP,2023-09-02
9157,customer_9157,GB,2022-02-10
9158,customer_9158,DE,2019-10-27
9159,customer_9159,JP,2023-03-04
9160,customer_9160,NP,2019-07-03
9161,customer_9161,BR,2020-07-30
9162,customer_9162,BR,2023-11-18
9163,customer_9163,BR,2020-07-09
9164,customer_9164,GB,2019-06-08
9165,customer_9165,AU,2025-07-27
9166,customer_9166,GB,2020-07-15
9167,customer_9167,BR,2022-07-11
9168,customer_9168,AU,2024-08-23
9169,customer_9169,BR,2025-10-10
9170,customer_9170,BR,2024-07-17
9171,customer_9171,JP,2021-04-29
9172,customer_9172,GB,2024-11-05
9173,customer_9173,NP,2019-02-01
9174,customer_9174,JP,2021-03-26
9175,customer_9175,DE,2020-05-13
9176,customer_9176,AU,2022-08-13
9177,customer_9177,NP,2025-02-07
9178,customer_9178,BR,2024-04-17
9179,customer_9179,US,2025-10-31
9180,customer_9180,AU,2019-12-09
9181,customer_9181,GB,2024-02-24
9182,customer_9182,US,2023-12-16
9183,customer_9183,GB,2022-02-15
9184,customer_9184,DE,2019-09-01
9185,customer_9185,AU,2019-09-19
9186,customer_9186,BR,2025-04-02
9187,customer_9187,NP,2021-01-08
9188,customer_9188,US,2023-05-13
9189,customer_9189,DE,2025-06-21
9190,customer_9190,US,2022-05-18
9191,customer_9191,US,2020-06-08
9192,customer_9192,AU,2022-04-26
9193,customer_9193,GB,2020-07-27
9194,customer_9194,DE,2020-03-29
9195,customer_9195,US,2024-07-20
9196,customer_9196,US,2021-05-14
9197,customer_9197,AU,2023-09-09
9198,customer_9198,IN,2023-12-23
9199,customer_9199,NP,2022-10-05
9200,customer_9200,DE,2022-09-14
9201,customer_9201,DE,2020-03-27
9202,customer_9202,JP,2022-08-16
9203,customer_9203,IN,2024-02-22
9204,customer_9204,AU,2020-05-03
9205,customer_9205,BR,2020-08-03
9206,customer_9206,AU,2023-09-22
9207,customer_9207,IN,2025-09-20
9208,customer_9208,BR,2021-09-07
9209,customer_9209,IN,2024-09-01
9210,customer_9210,BR,2020-04-01
9211,customer_9211,BR,2022-11-25
9212,customer_9212,IN,2025-06-17
9213,customer_9213,AU,2022-01-08
9214,customer_9214,GB,2022-06-20
9215,customer_9215,AU,2020-01-23
9216,customer_9216,US,2022-08-13
9217,customer_9217,BR,2023-01-04
9218,customer_9218,NP,2025-09-19
9219,customer_9219,NP,2020-05-17
9220,customer_9220,AU,2021-07-05
9221,customer_9221,US,2023-06-07
9222,customer_9222,GB,2025-06-15
9223,customer_9223,DE,2020-08-17
9224,customer_9224,IN,2023-10-04
9225,customer_9225,NP,2025-01-07
9226,customer_9226,BR,2023-05-02
9227,customer_9227,BR,2021-12-03
9228,customer_9228,DE,2020-08-09
9229,customer_9229,GB,2020-12-21
9230,customer_9230,IN,2019-05-10
9231,customer_9231,JP,2020-01-16
9232,customer_9232,IN,2021-12-30
9233,customer_9233,JP,2019-12-18
9234,customer_9234,US,2019-01-26
9235,customer_9235,DE,2023-09-28
9236,customer_9236,JP,2019-06-27
9237,customer_9237,JP,2019-12-19
9238,customer_9238,DE,2023-01-28
9239,customer_9239,BR,2025-04-23
9240,customer_9240,JP,2023-12-17
9241,customer_9241,IN,2019-03-23
9242,customer_9242,US,2020-02-24
9243,customer_9243,BR,2024-01-25
9244,customer_9244,AU,2024-01-06
9245,customer_9245,GB,2021-09-04
9246,customer_9246,BR,2025-07-02
9247,customer_9247,AU,2025-01-30
9248,customer_9248,AU,2024-02-01
9249,customer_9249,JP,2024-02-14
9250,customer_9250,NP,2024-05-15
9251,customer_9251,BR,2020-01-07
9252,customer_9252,JP,2023-10-18
9253,customer_9253,IN,2025-06-07
9254,customer_9254,GB,2020-07-15
9255,customer_9255,GB,2019-02-06
9256,customer_9256,IN,2021-06-21
9257,customer_9257,DE,2020-11-05
9258,customer_9258,US,2025-07-01
9259,customer_9259,US,2022-01-19
9260,customer_9260,IN,2023-07-12
9261,customer_9261,IN,2025-09-20
9262,customer_9262,IN,2024-05-26
9263,customer_9263,US,2024-02-16
9264,customer_9264,DE,2025-08-18
9265,customer_9265,JP,2023-09-19
9266,customer_9266,IN,2020-08-01
9267,customer_9267,JP,2023-12-22
9268,customer_9268,IN,2021-03-15
9269,customer_9269,BR,2021-04-07
9270,customer_9270,BR,2023-06-01
9271,customer_9271,AU,2021-02-27
9272,customer_9272,NP,2019-03-02
9273,customer_9273,GB,2025-11-03
9274,customer_9274,IN,2022-11-29
9275,customer_9275,NP,2023-08-03
9276,customer_9276,BR,2024-07-14
9277,customer_9277,US,2023-05-06
9278,customer_9278,US,2023-03-07
9279,customer_9279,AU,2024-06-02
9280,customer_9280,US,2021-01-08
9281,customer_9281,JP,2024-09-02
9282,customer_9282,US,2023-12-16
9283,customer_9283,NP,2020-03-31
9284,customer_9284,NP,2020-01-01
9285,customer_9285,NP,2025-01-08
9286,customer_9286,DE,2025-02-14
9287,customer_9287,DE,2025-10-19
9288,customer_9288,NP,2019-09-10
9289,customer_9289,IN,2025-02-17
9290,customer_9290,IN,2024-11-28
9291,customer_9291,JP,2024-04-02
9292,customer_9292,AU,2022-05-29
9293,customer_9293,BR,2022-06-25
9294,customer_9294,AU,2021-12-07
9295,customer_9295,US,2019-03-15
9296,customer_9296,US,2022-06-05
9297,customer_9297,GB,2020-08-15
9298,customer_9298,IN,2020-05-15
9299,customer_9299,GB,2019-05-20
9300,customer_9300,DE,2022-02-18
9301,customer_9301,US,2019-04-30
9302,customer_9302,GB,2024-10-25
9303,customer_9303,JP,2025-02-01
9304,customer_9304,GB,2024-06-25
9305,customer_9305,DE,2021-01-22
9306,customer_9306,US,2020-02-12
9307,customer_9307,BR,2022-06-15
9308,customer_9308,NP,2023-08-11
9309,customer_9309,BR,2019-02-21
9310,customer_9310,DE,2024-11-12
9311,customer_9311,GB,2022-01-01
9312,customer_9312,GB,2024-08-11
9313,customer_9313,DE,2019-07-14
9314,customer_9314,AU,2021-11-30
9315,customer_9315,NP,2022-02-19
9316,customer_9316,NP,2019-05-01
9317,customer_9317,AU,2023-11-04
9318,customer_9318,JP,2025-05-16
9319,customer_9319,DE,2022-09-13
9320,customer_9320,US,2021-09-16
9321,customer_9321,IN,2023-05-10
9322,customer_9322,BR,2021-06-21
9323,customer_9323,GB,2021-06-18
9324,customer_9324,AU,2024-03-13
9325,customer_9325,DE,2023-01-17
9326,customer_9326,DE,2020-10-21
9327,customer_9327,US,2021-10-15
9328,customer_9328,NP,2024-09-17
9329,customer_9329,DE,2022-08-14
9330,customer_9330,JP,2019-07-10
9331,customer_9331,NP,2024-11-12
9332,customer_9332,DE,2024-01-26
9333,customer_9333,BR,2020-10-29
9334,customer_9334,GB,2025-08-11
9335,customer_9335,AU,2025-07-07
9336,customer_9336,IN,2025-10-25
9337,customer_9337,DE,2021-08-02
9338,customer_9338,GB,2025-04-28
9339,customer_9339,BR,2024-07-08
9340,customer_9340,IN,2024-12-16
9341,customer_9341,BR,2022-09-29
9342,customer_9342,US,2020-11-28
9343,customer_9343,DE,2020-07-20
9344,customer_9344,IN,2025-08-13
9345,customer_9345,AU,2022-06-10
9346,customer_9346,NP,2025-05-08
9347,customer_9347,GB,2022-10-18
9348,customer_9348,IN,2022-08-28
9349,customer_9349,NP,2019-07-03
9350,customer_9350,BR,2021-10-02
9351,customer_9351,BR,2022-10-22
9352,customer_9352,US,2019-10-01
9353,customer_9353,NP,2020-02-10
9354,customer_9354,NP,2023-01-16
9355,customer_9355,DE,2020-09-12
9356,customer_9356,US,2023-10-18
9357,customer_9357,BR,2022-02-25
9358,customer_9358,NP,2021-10-06
9359,customer_9359,GB,2019-10-21
9360,customer_9360,GB,2021-10-12
9361,customer_9361,BR,2022-09-17
9362,customer_9362,AU,2022-12-04
9363,customer_9363,AU,2020-11-06
9364,customer_9364,NP,2019-03-11
9365,customer_9365,IN,2025-05-26
9366,customer_9366,GB,2025-07-22
9367,customer_9367,IN,2025-03-10
9368,customer_9368,BR,2020-12-25
9369,customer_9369,GB,2023-02-15
9370,customer_9370,AU,2019-12-19
9371,customer_9371,IN,2025-03-13
9372,customer_9372,IN,2019-01-14
9373,customer_9373,NP,2022-03-22
9374,customer_9374,IN,2024-11-12
9375,customer_9375,IN,2023-12-19
9376,customer_9376,DE,2024-11-28
9377,customer_9377,DE,2022-05-25
9378,customer_9378,GB,2019-08-27
9379,customer_9379,GB,2019-01-20
9380,customer_9380,BR,2020-01-16
9381,customer_9381,NP,2019-05-24
9382,customer_9382,DE,2022-01-24
9383,customer_9383,BR,2019-05-07
9384,customer_9384,US,2020-04-09
9385,customer_9385,DE,2021-11-14
9386,customer_9386,BR,2024-01-14
9387,customer_9387,GB,2023-08-13
9388,customer_9388,GB,2019-05-26
9389,customer_9389,DE,2025-03-08
9390,customer_9390,DE,2022-10-06
9391,customer_9391,DE,2021-05-22
9392,customer_9392,BR,2021-08-14
9393,customer_9393,DE,2024-10-22
9394,customer_9394,DE,2022-03-08
9395,customer_9395,US,2020-09-06
9396,customer_9396,DE,2021-11-27
9397,customer_9397,US,2019-06-21
9398,customer_9398,JP,2020-01-18
9399,customer_9399,AU,2021-02-25
9400,customer_9400,GB,2020-07-04
9401,customer_9401,DE,2021-05-23
9402,customer_9402,AU,2019-06-12
9403,customer_9403,AU,2023-03-06
9404,customer_9404,DE,2019-10-16
9405,customer_9405,GB,2020-06-26
9406,customer_9406,IN,2025-09-10
9407,customer_9407,AU,2019-01-15
9408,customer_9408,IN,2020-11-30
9409,customer_9409,IN,2022-06-04
9410,customer_9410,US,2021-02-06
9411,customer_9411,GB,2021-03-12
9412,customer_9412,IN,2019-11-14
9413,customer_9413,GB,2021-11-24
9414,customer_9414,NP,2024-03-02
9415,customer_9415,JP,2023-01-09
9416,customer_9416,DE,2025-04-29
9417,customer_9417,DE,2023-10-16
9418,customer_9418,US,2024-05-28
9419,customer_9419,NP,2021-12-15
9420,customer_9420,IN,2023-03-12
9421,customer_9421,DE,2022-12-16
9422,customer_9422,GB,2024-07-26
9423,customer_9423,DE,2022-06-06
9424,customer_9424,US,2021-10-07
9425,customer_9425,IN,2019-06-25
9426,customer_9426,JP,2024-11-18
9427,customer_9427,DE,2021-12-24
9428,customer_9428,AU,2024-06-19
9429,customer_9429,DE,2023-08-23
9430,customer_9430,JP,2019-01-05
9431,customer_9431,NP,2023-06-17
9432,customer_9432,US,2022-05-04
9433,customer_9433,GB,2020-08-22
9434,customer_9434,IN,2020-10-23
9435,customer_9435,DE,2023-05-14
9436,customer_9436,JP,2019-08-04
9437,customer_9437,NP,2023-02-24
9438,customer_9438,JP,2024-10-16
9439,customer_9439,IN,2019-08-06
9440,customer_9440,US,2019-01-20
9441,customer_9441,DE,2019-06-01
9442,customer_9442,DE,2023-12-31
9443,customer_9443,US,2024-10-20
9444,customer_9444,JP,2025-10-06
9445,customer_9445,BR,2019-03-14
9446,customer_9446,IN,2022-04-20
9447,customer_9447,AU,2019-05-01
9448,customer_9448,JP,2021-07-17
9449,customer_9449,GB,2021-02-08
9450,customer_9450,NP,2023-02-23
9451,customer_9451,GB,2025-03-22
9452,customer_9452,IN,2024-07-04
9453,customer_9453,BR,2019-06-09
9454,customer_9454,GB,2020-08-23
9455,customer_9455,IN,2020-11-18
9456,customer_9456,IN,2020-09-18
9457,customer_9457,NP,2021-06-02
9458,customer_9458,JP,2023-02-26
9459,customer_9459,GB,2024-01-23
9460,customer_9460,DE,2025-06-07
9461,customer_9461,US,2023-10-24
9462,customer_9462,IN,2021-01-16
9463,customer_9463,DE,2020-04-05
9464,customer_9464,AU,2021-07-30
9465,customer_9465,NP,2024-06-22
9466,customer_9466,IN,2025-10-19
9467,customer_9467,BR,2021-09-07
9468,customer_9468,US,2020-03-16
9469,customer_9469,AU,2019-01-13
9470,customer_9470,AU,2019-07-12
9471,customer_9471,DE,2023-05-12
9472,customer_9472,BR,2023-01-14
9473,customer_9473,GB,2023-05-28
9474,customer_9474,BR,2019-03-02
9475,customer_9475,US,2021-12-28
9476,customer_9476,NP,2020-03-27
9477,customer_9477,IN,2021-04-21
9478,customer_9478,US,2023-04-05
9479,customer_9479,IN,2020-11-20
9480,customer_9480,BR,2023-07-07
9481,customer_9481,JP,2020-12-23
9482,customer_9482,US,2022-06-30
9483,customer_9483,NP,2022-02-21
9484,customer_9484,US,2021-08-17
9485,customer_9485,DE,2019-11-12
9486,customer_9486,GB,2022-12-11
9487,customer_9487,IN,2025-10-11
9488,customer_9488,IN,2023-05-28
9489,customer_9489,JP,2024-02-08
9490,customer_9490,NP,2024-07-01
9491,customer_9491,US,2019-04-06
9492,customer_9492,NP,2024-06-04
9493,customer_9493,JP,2020-08-29
9494,customer_9494,DE,2023-07-21
9495,customer_9495,JP,2025-09-25
9496,customer_9496,JP,2025-02-13
9497,customer_9497,DE,2021-11-02
9498,customer_9498,GB,2024-09-26
9499,customer_9499,AU,2023-03-27
9500,customer_9500,NP,2019-11-30
9501,customer_9501,AU,2020-08-22
9502,customer_9502,US,2025-07-19
9503,customer_9503,US,2025-04-07
9504,customer_9504,JP,2025-02-07
9505,customer_9505,NP,2021-08-18
9506,customer_9506,IN,2021-03-13
9507,customer_9507,US,2024-07-08
9508,customer_9508,DE,2019-02-20
9509,customer_9509,GB,2025-02-21
9510,customer_9510,AU,2023-02-18
9511,customer_9511,US,2023-05-01
9512,customer_9512,JP,2022-01-01
9513,customer_9513,DE,2025-09-14
9514,customer_9514,DE,2024-02-17
9515,customer_9515,BR,2019-05-15
9516,customer_9516,AU,2022-08-04
9517,customer_9517,DE,2024-11-19
9518,customer_9518,NP,2019-07-11
9519,customer_9519,AU,2024-01-17
9520,customer_9520,AU,2020-09-03
9521,customer_9521,IN,2022-06-20
9522,customer_9522,JP,2025-01-15
9523,customer_9523,GB,2022-05-15
9524,customer_9524,JP,2019-04-05
9525,customer_9525,DE,2019-02-21
9526,customer_9526,AU,2024-01-16
9527,customer_9527,GB,2025-05-16
9528,customer_9528,JP,2020-12-30
9529,customer_9529,US,2025-05-27
9530,customer_9530,DE,2022-02-05
9531,customer_9531,BR,2019-05-27
9532,customer_9532,IN,2022-08-20
9533,customer_9533,JP,2025-08-31
9534,customer_9534,BR,2020-09-17
9535,customer_9535,NP,2025-07-29
9536,customer_9536,JP,2023-06-18
9537,customer_9537,BR,2021-09-17
9538,customer_9538,US,2023-09-30
9539,customer_9539,JP,2021-09-28
9540,customer_9540,BR,2019-08-01
9541,customer_9541,NP,2024-12-16
9542,customer_9542,BR,2021-07-23
9543,customer_9543,IN,2022-11-15
9544,customer_9544,DE,2024-02-04
9545,customer_9545,BR,2019-07-27
9546,customer_9546,NP,2023-12-10
9547,customer_9547,NP,2021-07-02
9548,customer_9548,DE,2022-09-23
9549,customer_9549,AU,2022-02-16
9550,customer_9550,NP,2024-04-28
9551,customer_9551,GB,2020-04-13
9552,customer_9552,NP,2019-09-27
9553,customer_9553,DE,2021-10-24
9554,customer_9554,DE,2019-10-23
9555,customer_9555,DE,2020-08-29
9556,customer_9556,NP,2023-07-02
9557,customer_9557,GB,2024-08-08
9558,customer_9558,IN,2023-09-30
9559,customer_9559,GB,2021-03-05
9560,customer_9560,BR,2024-07-29
9561,customer_9561,JP,2021-10-12
9562,customer_9562,IN,2020-03-28
9563,customer_9563,BR,2024-03-05
9564,customer_9564,AU,2022-07-15
9565,customer_9565,AU,2021-07-15
9566,customer_9566,AU,2023-07-11
9567,customer_9567,US,2023-12-17
9568,customer_9568,JP,2020-07-13
9569,customer_9569,DE,2019-10-21
9570,customer_9570,AU,2022-07-16
9571,customer_9571,AU,2019-05-09
9572,customer_9572,GB,2023-05-16
9573,customer_9573,US,2022-01-04
9574,customer_9574,IN,2020-06-20
9575,customer_9575,BR,2023-02-05
9576,customer_9576,BR,2021-07-27
9577,customer_9577,IN,2021-08-29
9578,customer_9578,US,2020-06-24
9579,customer_9579,US,2023-08-18
9580,customer_9580,BR,2025-03-07
9581,customer_9581,DE,2023-03-27
9582,customer_9582,DE,2020-08-14
9583,customer_9583,GB,2024-09-14
9584,customer_9584,NP,2019-10-30
9585,customer_9585,GB,2020-12-25
9586,customer_9586,IN,2019-03-29
9587,customer_9587,AU,2024-10-21
9588,customer_9588,AU,2019-04-23
9589,customer_9589,JP,2022-09-27
9590,customer_9590,IN,2020-04-23
9591,customer_9591,US,2020-06-14
9592,customer_9592,US,2023-03-01
9593,customer_9593,AU,2024-07-02
9594,customer_9594,US,2019-02-14
9595,customer_9595,DE,2020-02-01
9596,customer_9596,DE,2020-12-17
9597,customer_9597,BR,2025-06-16
9598,customer_9598,GB,2019-05-26
9599,customer_9599,JP,2020-03-22
9600,customer_9600,GB,2021-10-06
9601,customer_9601,JP,2021-03-25
9602,customer_9602,DE,2019-05-02
9603,customer_9603,US,2022-09-12
9604,customer_9604,US,2023-02-27
9605,customer_9605,DE,2020-03-18
9606,customer_9606,NP,2023-09-18
9607,customer_9607,IN,2019-05-22
9608,customer_9608,DE,2024-01-03
9609,customer_9609,DE,2020-10-09
9610,customer_9610,GB,2020-07-14
9611,customer_9611,AU,2020-05-05
9612,customer_9612,BR,2024-12-11
9613,customer_9613,NP,2022-06-09
9614,customer_9614,DE,2023-09-22
9615,customer_9615,BR,2020-05-24
9616,customer_9616,JP,2019-05-22
9617,customer_9617,DE,2019-04-06
9618,customer_9618,DE,2022-01-06
9619,customer_9619,DE,2021-03-27
9620,customer_9620,JP,2024-04-03
9621,customer_9621,US,2024-05-25
9622,customer_9622,JP,2021-02-16
9623,customer_9623,US,2021-12-19
9624,customer_9624,BR,2021-08-11
9625,customer_9625,GB,2023-08-15
9626,customer_9626,JP,2023-04-24
9627,customer_9627,DE,2023-06-16
9628,customer_9628,AU,2019-05-19
9629,customer_9629,BR,2021-04-24
9630,customer_9630,DE,2025-08-14
9631,customer_9631,NP,2021-05-04
9632,customer_9632,NP,2020-03-12
9633,customer_9633,US,2020-05-14
9634,customer_9634,US,2019-03-08
9635,customer_9635,BR,2024-05-06
9636,customer_9636,JP,2019-01-14
9637,customer_9637,AU,2023-01-30
9638,customer_9638,JP,2021-09-25
9639,customer_9639,AU,2019-08-25
9640,customer_9640,JP,2025-01-19
9641,customer_9641,IN,2024-01-29
9642,customer_9642,BR,2024-08-11
9643,customer_9643,DE,2025-05-30
9644,customer_9644,IN,2025-03-30
9645,customer_9645,DE,2023-10-18
9646,customer_9646,BR,2022-08-27
9647,customer_9647,DE,2023-10-09
9648,customer_9648,BR,2022-01-26
9649,customer_9649,AU,2020-03-29
9650,customer_9650,DE,2021-08-22
9651,customer_9651,IN,2022-03-13
9652,customer_9652,DE,2019-04-27
9653,customer_9653,GB,2024-10-19
9654,customer_9654,US,2025-03-23
9655,customer_9655,AU,2021-11-15
9656,customer_9656,DE,2022-05-25
9657,customer_9657,GB,2024-10-03
9658,customer_9658,GB,2022-02-11
9659,customer_9659,GB,2023-09-17
9660,customer_9660,AU,2022-07-11
9661,customer_9661,US,2020-11-08
9662,customer_9662,JP,2024-06-08
9663,customer_9663,NP,2020-04-26
9664,customer_9664,IN,2020-07-15
9665,customer_9665,NP,2023-09-25
9666,customer_9666,BR,2023-11-10
9667,customer_9667,JP,2025-07-14
9668,customer_9668,BR,2023-11-12
9669,customer_9669,US,2019-03-03
9670,customer_9670,IN,2024-10-24
9671,customer_9671,BR,2021-10-31
9672,customer_9672,GB,2019-01-22
9673,customer_9673,AU,2022-12-18
9674,customer_9674,NP,2020-03-01
9675,customer_9675,DE,2021-11-05
9676,customer_9676,NP,2022-03-23
9677,customer_9677,GB,2019-07-05
9678,customer_9678,NP,2024-10-27
9679,customer_9679,GB,2022-06-29
9680,customer_9680,US,2025-08-09
9681,customer_9681,NP,2022-03-08
9682,customer_9682,AU,2023-01-27
9683,customer_9683,DE,2024-07-23
9684,customer_9684,DE,2020-06-14
9685,customer_9685,BR,2025-03-22
9686,customer_9686,IN,2020-04-06
9687,customer_9687,BR,2025-10-25
9688,customer_9688,DE,2023-05-18
9689,customer_9689,IN,2022-07-20
9690,customer_9690,DE,2020-06-09
9691,customer_9691,NP,2022-11-23
9692,customer_9692,IN,2022-10-14
9693,customer_9693,JP,2025-09-25
9694,customer_9694,US,2024-09-18
9695,customer_9695,NP,2022-04-22
9696,customer_9696,BR,2021-09-01
9697,customer_9697,DE,2021-08-25
9698,customer_9698,US,2021-08-04
9699,customer_9699,BR,2019-02-03
9700,customer_9700,GB,2019-04-01
9701,customer_9701,NP,2024-02-22
9702,customer_9702,US,2020-09-27
9703,customer_9703,IN,2021-10-25
9704,customer_9704,BR,2023-10-12
9705,customer_9705,NP,2023-02-27
9706,customer_9706,GB,2021-06-19
9707,customer_9707,IN,2024-02-25
9708,customer_9708,US,2020-01-31
9709,customer_9709,GB,2022-03-27
9710,customer_9710,NP,2019-09-22
9711,customer_9711,US,2022-08-22
9712,customer_9712,AU,2019-08-26
9713,customer_9713,JP,2025-06-11
9714,customer_9714,DE,2023-07-06
9715,customer_9715,BR,2020-09-05
9716,customer_9716,BR,2023-03-12
9717,customer_9717,JP,2021-05-24
9718,customer_9718,NP,2022-07-20
9719,customer_9719,JP,2020-02-23
9720,customer_9720,IN,2022-06-04
9721,customer_9721,GB,2019-09-24
9722,customer_9722,JP,2020-01-18
9723,customer_9723,NP,2022-12-31
9724,customer_9724,AU,2022-06-05
9725,customer_9725,IN,2021-01-03
9726,customer_9726,IN,2019-05-30
9727,customer_9727,AU,2021-11-24
9728,customer_9728,GB,2025-05-03
9729,customer_9729,GB,2023-11-06
9730,customer_9730,BR,2019-05-26
9731,customer_9731,AU,2025-06-02
9732,customer_9732,NP,2021-11-24
9733,customer_9733,JP,2022-12-10
9734,customer_9734,IN,2019-01-02
9735,customer_9735,DE,2021-02-14
9736,customer_9736,US,2024-05-19
9737,customer_9737,US,2021-04-06
9738,customer_9738,DE,2020-02-20
9739,customer_9739,AU,2019-08-15
9740,customer_9740,BR,2025-05-01
9741,customer_9741,IN,2024-07-25
9742,customer_9742,DE,2019-04-20
9743,customer_9743,JP,2025-05-02
9744,customer_9744,US,2024-08-13
9745,customer_9745,JP,2021-06-18
9746,customer_9746,BR,2023-06-30
9747,customer_9747,US,2020-10-06
9748,customer_9748,JP,2020-09-16
9749,customer_9749,BR,2023-11-22
9750,customer_9750,JP,2020-05-21
9751,customer_9751,IN,2021-06-06
9752,customer_9752,JP,2021-06-13
9753,customer_9753,GB,2020-01-11
9754,customer_9754,US,2024-09-02
9755,customer_9755,JP,2023-08-12
9756,customer_9756,BR,2024-11-24
9757,customer_9757,IN,2022-08-02
9758,customer_9758,DE,2020-03-14
9759,customer_9759,AU,2020-11-29
9760,customer_9760,IN,2021-06-02
9761,customer_9761,JP,2025-06-12
9762,customer_9762,US,2020-08-16
9763,customer_9763,AU,2023-09-29
9764,customer_9764,JP,2019-11-03
9765,customer_9765,GB,2025-07-17
9766,customer_9766,JP,2023-06-05
9767,customer_9767,IN,2021-12-12
9768,customer_9768,IN,2021-05-14
9769,customer_9769,BR,2021-06-05
9770,customer_9770,GB,2020-07-17
9771,customer_9771,US,2023-02-08
9772,customer_9772,GB,2024-12-04
9773,customer_9773,GB,2020-08-26
9774,customer_9774,NP,2024-02-14
9775,customer_9775,NP,2022-11-16
9776,customer_9776,BR,2024-04-18
9777,customer_9777,GB,2024-04-08
9778,customer_9778,DE,2019-04-08
9779,customer_9779,BR,2019-02-23
9780,customer_9780,AU,2025-04-06
9781,customer_9781,IN,2020-01-24
9782,customer_9782,US,2022-12-07
9783,customer_9783,AU,2024-02-26
9784,customer_9784,IN,2022-06-13
9785,customer_9785,DE,2019-01-16
9786,customer_9786,DE,2019-01-27
9787,customer_9787,JP,2023-08-01
9788,customer_9788,IN,2025-02-22
9789,customer_9789,BR,2021-05-08
9790,customer_9790,BR,2022-09-21
9791,customer_9791,US,2025-05-23
9792,customer_9792,DE,2024-08-24
9793,customer_9793,NP,2022-09-13
9794,customer_9794,US,2023-06-27
9795,customer_9795,AU,2025-07-31
9796,customer_9796,JP,2024-06-14
9797,customer_9797,JP,2021-11-05
9798,customer_9798,AU,2023-09-29
9799,customer_9799,BR,2021-04-02
9800,customer_9800,GB,2025-04-21
9801,customer_9801,BR,2019-08-22
9802,customer_9802,DE,2020-07-17
9803,customer_9803,BR,2021-05-15
9804,customer_9804,IN,2020-05-20
9805,customer_9805,AU,2023-01-27
9806,customer_9806,US,2023-11-17
9807,customer_9807,AU,2025-02-04
9808,customer_9808,AU,2022-06-07
9809,customer_9809,US,2023-04-03
9810,customer_9810,BR,2023-02-06
9811,customer_9811,AU,2019-01-09
9812,customer_9812,JP,2023-11-07
9813,customer_9813,IN,2019-02-28
9814,customer_9814,AU,2022-09-30
9815,customer_9815,JP,2025-11-04
9816,customer_9816,NP,2024-05-23
9817,customer_9817,US,2022-06-20
9818,customer_9818,BR,2021-03-08
9819,customer_9819,DE,2024-09-24
9820,customer_9820,US,2024-11-17
9821,customer_9821,GB,2021-07-09
9822,customer_9822,NP,2019-09-27
9823,customer_9823,US,2022-12-26
9824,customer_9824,DE,2023-05-05
9825,customer_9825,NP,2025-05-24
9826,customer_9826,DE,2025-02-03
9827,customer_9827,AU,2020-07-26
9828,customer_9828,AU,2020-09-23
9829,customer_9829,GB,2025-10-28
9830,customer_9830,IN,2021-03-28
9831,customer_9831,NP,2022-02-19
9832,customer_9832,GB,2021-02-02
9833,customer_9833,IN,2021-09-10
9834,customer_9834,BR,2022-11-11
9835,customer_9835,NP,2021-01-01
9836,customer_9836,BR,2021-10-29
9837,customer_9837,JP,2021-05-31
9838,customer_9838,AU,2019-09-27
9839,customer_9839,NP,2024-05-20
9840,customer_9840,DE,2025-02-06
9841,customer_9841,AU,2022-05-15
9842,customer_9842,DE,2020-05-26
9843,customer_9843,BR,2023-05-27
9844,customer_9844,US,2022-08-28
9845,customer_9845,BR,2022-10-10
9846,customer_9846,IN,2023-01-27
9847,customer_9847,JP,2023-11-30
9848,customer_9848,AU,2019-04-12
9849,customer_9849,BR,2019-09-06
9850,customer_9850,DE,2019-08-28
9851,customer_9851,US,2020-01-22
9852,customer_9852,IN,2025-08-26
9853,customer_9853,GB,2023-12-31
9854,customer_9854,US,2023-07-20
9855,customer_9855,BR,2023-10-14
9856,customer_9856,DE,2019-03-25
9857,customer_9857,IN,2020-06-17
9858,customer_9858,BR,2024-06-08
9859,customer_9859,IN,2022-03-02
9860,customer_9860,IN,2022-06-25
9861,customer_9861,JP,2024-02-19
9862,customer_9862,GB,2019-07-07
9863,customer_9863,GB,2024-06-19
9864,customer_9864,BR,2023-08-29
9865,customer_9865,BR,2021-10-06
9866,customer_9866,GB,2022-06-02
9867,customer_9867,IN,2019-07-05
9868,customer_9868,IN,2020-05-27
9869,customer_9869,DE,2020-09-07
9870,customer_9870,BR,2025-01-03
9871,customer_9871,BR,2019-10-09
9872,customer_9872,US,2020-12-29
9873,customer_9873,GB,2019-11-26
9874,customer_9874,IN,2020-12-12
9875,customer_9875,AU,2019-01-27
9876,customer_9876,BR,2020-11-12
9877,customer_9877,AU,2023-12-15
9878,customer_9878,BR,2024-04-02
9879,customer_9879,JP,2021-08-06
9880,customer_9880,US,2023-11-01
9881,customer_9881,DE,2023-03-27
9882,customer_9882,GB,2025-03-07
9883,customer_9883,DE,2024-07-04
9884,customer_9884,NP,2020-07-27
9885,customer_9885,US,2023-01-11
9886,customer_9886,JP,2024-05-19
9887,customer_9887,BR,2021-02-03
9888,customer_9888,AU,2022-12-03
9889,customer_9889,AU,2021-09-27
9890,customer_9890,JP,2021-02-10
9891,customer_9891,JP,2020-05-13
9892,customer_9892,GB,2019-03-30
9893,customer_9893,NP,2024-02-18
9894,customer_9894,JP,2024-08-09
9895,customer_9895,DE,2023-06-18
9896,customer_9896,GB,2020-08-25
9897,customer_9897,GB,2019-02-17
9898,customer_9898,BR,2023-04-29
9899,customer_9899,BR,2020-05-14
9900,customer_9900,BR,2022-10-04
9901,customer_9901,JP,2025-08-22
9902,customer_9902,US,2019-01-12
9903,customer_9903,IN,2022-12-14
9904,customer_9904,BR,2025-10-21
9905,customer_9905,JP,2021-04-15
9906,customer_9906,US,2024-07-28
9907,customer_9907,AU,2024-09-01
9908,customer_9908,AU,2022-05-01
9909,customer_9909,BR,2021-02-06
9910,customer_9910,US,2023-08-28
9911,customer_9911,AU,2023-03-29
9912,customer_9912,US,2022-04-06
9913,customer_9913,DE,2020-04-26
9914,customer_9914,GB,2024-02-05
9915,customer_9915,JP,2020-06-12
9916,customer_9916,US,2019-12-02
9917,customer_9917,NP,2019-06-18
9918,customer_9918,IN,2022-01-20
9919,customer_9919,BR,2019-10-28
9920,customer_9920,BR,2021-04-18
9921,customer_9921,US,2020-08-27
9922,customer_9922,US,2022-02-23
9923,customer_9923,BR,2024-04-28
9924,customer_9924,US,2022-01-31
9925,customer_9925,NP,2022-10-24
9926,customer_9926,DE,2019-12-24
9927,customer_9927,JP,2019-10-10
9928,customer_9928,US,2025-09-07
9929,customer_9929,US,2023-03-30
9930,customer_9930,US,2019-02-08
9931,customer_9931,IN,2022-11-13
9932,customer_9932,NP,2019-01-26
9933,customer_9933,NP,2019-07-12
9934,customer_9934,IN,2021-07-22
9935,customer_9935,NP,2023-06-30
9936,customer_9936,IN,2023-03-31
9937,customer_9937,JP,2024-05-31
9938,customer_9938,NP,2020-03-25
9939,customer_9939,JP,2020-04-24
9940,customer_9940,JP,2022-08-25
9941,customer_9941,JP,2024-12-11
9942,customer_9942,BR,2023-12-12
9943,customer_9943,GB,2023-08-01
9944,customer_9944,NP,2019-08-24
9945,customer_9945,US,2025-01-04
9946,customer_9946,IN,2025-09-27
9947,customer_9947,BR,2022-12-26
9948,customer_9948,GB,2021-04-21
9949,customer_9949,AU,2023-07-15
9950,customer_9950,JP,2023-05-26
9951,customer_9951,DE,2025-05-11
9952,customer_9952,DE,2019-10-04
9953,customer_9953,NP,2022-07-12
9954,customer_9954,DE,2023-11-09
9955,customer_9955,JP,2021-05-22
9956,customer_9956,US,2024-10-02
9957,customer_9957,GB,2019-06-11
9958,customer_9958,GB,2019-09-21
9959,customer_9959,IN,2024-05-31
9960,customer_9960,AU,2019-11-11
9961,customer_9961,NP,2021-11-12
9962,customer_9962,AU,2020-12-03
9963,customer_9963,GB,2023-09-17
9964,customer_9964,US,2019-01-30
9965,customer_9965,BR,2021-06-11
9966,customer_9966,IN,2025-10-01
9967,customer_9967,GB,2021-07-11
9968,customer_9968,US,2023-02-04
9969,customer_9969,US,2025-10-06
9970,customer_9970,IN,2023-02-27
9971,customer_9971,US,2024-03-02
9972,customer_9972,IN,2025-07-25
9973,customer_9973,JP,2023-03-24
9974,customer_9974,BR,2024-09-11
9975,customer_9975,JP,2022-06-24
9976,customer_9976,US,2024-07-28
9977,customer_9977,US,2023-05-24
9978,customer_9978,AU,2021-04-28
9979,customer_9979,IN,2022-10-27
9980,customer_9980,NP,2021-04-17
9981,customer_9981,DE,2021-09-19
9982,customer_9982,NP,2020-12-30
9983,customer_9983,IN,2022-05-12
9984,customer_9984,GB,2021-05-16
9985,customer_9985,IN,2023-04-15
9986,customer_9986,BR,2021-07-12
9987,customer_9987,DE,2022-05-12
9988,customer_9988,IN,2019-12-17
9989,customer_9989,BR,2021-08-24
9990,customer_9990,JP,2021-06-08
9991,customer_9991,IN,2025-07-30
9992,customer_9992,US,2022-01-21
9993,customer_9993,AU,2019-02-23
9994,customer_9994,US,2021-02-12
9995,customer_9995,AU,2023-12-29
9996,customer_9996,DE,2020-02-18
9997,customer_9997,AU,2020-02-12
9998,customer_9998,IN,2021-07-22
9999,customer_9999,JP,2021-06-10
10000,customer_10000,JP,2022-04-17
